"Term","Overlap","P.value","Adjusted.P.value","Old.P.value","Old.Adjusted.P.value","Odds.Ratio","Combined.Score","Genes"
"I-SMAD Binding (GO:0070411)","10/13",0.000405570330175389,0.263348492155023,0,0,8.39199812272674,65.5433201820912,"SMAD2;SMAD4;SMAD3;SMURF1;SMAD9;CTNNB1;AXIN2;SMAD6;TGFBR1;SMAD7"
"Sialyltransferase Activity (GO:0008373)","13/20",0.000733288461518185,0.263348492155023,0,0,4.67670364500792,33.7563131465752,"ST6GAL1;ST6GALNAC1;ST6GAL2;ST8SIA3;ST3GAL4;ST3GAL5;ST8SIA5;ST3GAL6;ST8SIA6;ST6GALNAC3;ST3GAL1;ST6GALNAC5;ST3GAL3"
"Transmembrane Receptor Protein Tyrosine Kinase Activity (GO:0004714)","25/50",0.00103279783936183,0.263348492155023,0,0,2.52038115404976,17.3288398208424,"EPHB6;FGFRL1;EGFR;IGF1R;ERBB4;ERBB2;KDR;EPHB4;EPHB3;EPHA5;PDGFRA;NTRK2;MUSK;INSR;NTRK3;CRIM1;MERTK;IGF2R;KIT;ROR1;TEK;EPHA1;MET;EPHA3;DDR2"
"GTPase Regulator Activity (GO:0030695)","150/424",0.0010395982423721,0.263348492155023,0,0,1.38629496848222,9.52235054616928,"ERRFI1;TRIO;DENND5B;FAM13A;ARHGAP35;PREX2;DOCK10;RIMS1;ARHGAP42;RGS2;HERC2;RGS3;ARHGAP40;RGS8;TBC1D22A;SBF2;RGS6;RALGAPA1;RALGAPA2;SWAP70;TSC2;TBC1D2B;GAPVD1;BCR;TIAM1;ACAP2;RALGAPB;SPATA13;ELMO1;RIN3;RIN2;ARHGEF28;MYCBP2;AGAP1;AGAP4;ADRB1;HACD3;IQGAP2;ARHGAP15;IQGAP3;KALRN;ARHGAP20;RIC8B;RAP1A;TBC1D14;SLC38A9;STXBP5;SRGAP3;TBC1D16;TBC1D8B;RAP1GAP2;STARD13;RABGAP1L;ARHGEF37;TNK2;RAB3IP;HPS1;ARHGAP28;ARHGAP26;ARHGAP32;BMP1;GNAQ;CCDC88C;NF1;GNB5;AGAP7P;RGL1;CPEB2;DENND1B;DOCK5;DOCK4;ARHGAP8;DOCK3;DENND1A;RASGRF2;DOCK8;RASGRF1;WDR41;ETFA;WASL;SIPA1L2;ARHGAP6;SIPA1L3;AKAP13;FLCN;SIPA1L1;RASGEF1A;RASGEF1B;MCF2L;DNM1L;MCF2L2;RALGPS1;PLEKHG3;VAV3;ARHGEF10;PLEKHG1;PLEKHG6;ARHGEF16;TBC1D8;TBC1D9;ARFGAP3;TBC1D1;TBC1D2;AGAP6;TBC1D4;AGAP5;TBC1D5;ALDH1A1;RAPGEF1;ARHGEF3;RAPGEF2;RHOU;ITGB1BP1;PLCB1;RAPGEF5;SOS1;ARHGEF7;DOCK2;SOS2;DOCK1;RAPGEF4;RABGAP1;ASAP1;ASAP2;RGPD3;CYTH3;FGD4;RANBP3L;ALS2CL;WNT11;CHN2;CHN1;SH3BP4;BNIP2;SLIT2;CYTH1;FARP2;RANBP2;ARFGEF1;FARP1;GIT2;ARFGEF2;RIC1;GBF1;MYO9A;STXBP5L;RAB3GAP2;RGS12;NUCB2;RAB3GAP1"
"Cadherin Binding (GO:0045296)","116/319",0.00123290492581939,0.263348492155023,0,0,1.4454806312769,9.68238168153482,"CTNND2;CTNND1;PARK7;FNBP1L;CDH9;CDH7;CDH6;GOLGA3;CDH4;BAIAP2L1;MPRIP;CDH2;RUVBL1;KDR;MB21D2;CAST;SWAP70;TMOD3;MRTFB;ANK3;GAPVD1;SND1;ATXN2L;FSCN1;PKP2;PKP1;EZR;PHLDB2;VCL;MACF1;UBFD1;ZC3HAV1;PSEN1;NDRG1;GIGYF2;LARP1;KLC2;CALD1;COBLL1;CDH23;PACSIN2;STXBP6;PROM1;ARGLU1;S100A11;SPTBN2;NIBAN2;JUP;RDX;PARVA;PPFIBP1;DLG1;PTPRB;EHD4;DIAPH3;STK24;FASN;PICALM;ITGB1;PTPRO;OLA1;PTPRM;PTPRJ;CLINT1;CHAF1B;CAPZB;ERC1;NCK1;LYPLA2;ANXA1;ANXA2;CEMIP2;ARHGEF16;EPS15L1;CKAP5;YWHAZ;EPN2;TBC1D2;GPRC5A;CTTN;CDH11;CDH12;CDHR3;NUMB;CDH13;MYH9;ITGA6;CDH17;CDH18;RAB1A;AHNAK;ASAP1;CBL;EGFR;ADD1;CTNNA3;FLNB;FYN;CTNNA2;PDLIM5;PTPN1;STAT1;KTN1;MYO1B;KRT18;FMNL2;APC;VAPA;CAPZA1;CTNNB1;ESYT2;UBAP2;S100P;PFKP;RAN;CDK5R1"
"Metalloexopeptidase Activity (GO:0008235)","27/57",0.00186113482171902,0.331281998265985,0,0,2.26834951456311,14.2601354175394,"CPB2;CPQ;FOLH1B;NPEPPSP1;CXCR4;TRHDE;NPEPPS;CPA5;CPA1;AGTPBP1;ERAP2;LVRN;ERAP1;VASH2;LNPEP;AGBL4;CYP2A6;FOLH1;AGBL1;XPNPEP1;MEP1A;MMP15;AGBL3;XPNPEP3;AGBL2;CPE;METAP1"
"Sodium-Independent Organic Anion Transmembrane Transporter Activity (GO:0015347)","10/15",0.00235944259323218,0.35998352708171,0,0,5.03449489616332,30.4553203917205,"SLCO1C1;SLCO1B1;SLCO3A1;SLCO1A2;SLCO1B3;SLCO2A1;SLCO4C1;SLCO5A1;SLCO1B7;SLCO6A1"
"Transmembrane Receptor Protein Kinase Activity (GO:0019199)","19/37",0.00273627429013034,0.364229185805689,0,0,2.65889104334371,15.6905362366569,"ALK;PDGFRA;MUSK;NTRK3;MERTK;EGFR;ACVR2A;TGFBR2;ERBB4;ERBB2;KIT;KDR;ROR1;TEK;BMPR1B;EPHA1;EPHB4;BMPR1A;DDR2"
"Amino Acid:Monoatomic Cation Symporter Activity (GO:0005416)","7/9",0.00306934707139626,0.364229185805689,0,0,8.807563764292,50.9631218357653,"SLC36A1;SLC6A6;SLC36A3;SLC38A1;SLC36A2;SLC38A2;SLC38A4"
"GTPase Activator Activity (GO:0005096)","78/211",0.00439388062074752,0.469266450295835,0,0,1.48079050494066,8.03705336078764,"ERRFI1;ARHGAP8;FAM13A;SIPA1L2;ARHGAP6;SIPA1L3;ARHGAP35;PREX2;FLCN;ARHGAP42;RGS2;SIPA1L1;RGS3;ARHGAP40;RGS8;DNM1L;TBC1D22A;RGS6;VAV3;RALGAPA1;RALGAPA2;TBC1D8;TSC2;TBC1D9;TBC1D2B;ARFGAP3;BCR;TBC1D1;ACAP2;TBC1D2;RALGAPB;AGAP6;TBC1D4;AGAP5;TBC1D5;ALDH1A1;RAPGEF2;PLCB1;SOS1;DOCK1;RABGAP1;AGAP1;AGAP4;ASAP1;ASAP2;HACD3;IQGAP2;ARHGAP15;IQGAP3;RGPD3;RANBP3L;ARHGAP20;WNT11;CHN2;CHN1;TBC1D14;BNIP2;STXBP5;SRGAP3;TBC1D16;TBC1D8B;RANBP2;RAP1GAP2;ARFGEF1;GIT2;RABGAP1L;STARD13;ARHGAP28;ARHGAP26;MYO9A;STXBP5L;ARHGAP32;GNAQ;NF1;RGS12;GNB5;AGAP7P;RAB3GAP1"
"R-SMAD Binding (GO:0070412)","11/19",0.00683475656404529,0.528204163872346,0,0,3.46109839816934,17.2561174338909,"SMAD2;SMAD4;SMAD3;SMURF1;PMEPA1;PAX6;PPARG;FOS;LDLRAD4;SMAD6;TRIM33"
"Metalloaminopeptidase Activity (GO:0070006)","11/19",0.00683475656404529,0.528204163872346,0,0,3.46109839816934,17.2561174338909,"NPEPPS;ERAP2;XPNPEP1;LVRN;MMP15;XPNPEP3;ERAP1;NPEPPSP1;LNPEP;TRHDE;METAP1"
"Protein Tyrosine Kinase Activity (GO:0004713)","40/99",0.00693547240408367,0.528204163872346,0,0,1.70918948744707,8.49656230198365,"ALK;DYRK2;TXK;EGFR;IGF1R;CAMKK2;TTN;ERBB4;ERBB2;KDR;ABL1;ABL2;PTK2B;CSK;FYN;EPHB4;LYN;EPHA4;PDGFRA;EPHA7;YES1;MUSK;SYK;RIPK2;INSR;TNK2;NTRK3;STYK1;MERTK;HIPK2;BCR;HCK;FER;KIT;ROR1;TEK;EPHA1;MET;FRK;DDR2"
"Death Domain Binding (GO:0070513)","7/10",0.00771288502250045,0.528204163872346,0,0,5.87129873937262,28.5630638177946,"DAP;CRADD;DAPL1;BCL2;IRGM;BCL2L1;MCL1"
"Cyclic-Nucleotide Phosphodiesterase Activity (GO:0004112)","6/8",0.00851131370584717,0.528204163872346,0,0,7.54801266268027,35.9765379079623,"PDE11A;PDE10A;PDE4D;PDE3A;PDE5A;PDE9A"
"Adenylate Kinase Activity (GO:0004017)","5/6",0.00853667935797514,0.528204163872346,0,0,12.5786882363285,59.9171119809248,"AK2;AK4;AK5;AK8;AK9"
"Beta-Galactoside (CMP) Alpha-2,3-Sialyltransferase Activity (GO:0003836)","5/6",0.00853667935797514,0.528204163872346,0,0,12.5786882363285,59.9171119809248,"ST3GAL4;ST3GAL5;ST3GAL6;ST3GAL1;ST3GAL3"
"Cell-Cell Adhesion Mediator Activity (GO:0098632)","20/43",0.00890231736863504,0.528204163872346,0,0,2.19001042497087,10.3400108311405,"NTNG1;ROBO4;ANXA2;DSCAM;TMOD3;NFASC;BAIAP2L1;KRT18;PALLD;CNTN1;NRCAM;EMB;STXBP6;CD47;CNTN4;LRRC4C;PDLIM5;DSCAML1;S100A11;CD200"
"Ephrin Receptor Activity (GO:0005003)","9/15",0.0105607687623902,0.563945051911636,0,0,3.77494281189513,17.1782895039495,"EPHA5;EPHB6;EPHA4;EPHA7;EPHA6;EPHA1;EPHA3;EPHB4;EPHB3"
"Insulin-Like Growth Factor Binding (GO:0005520)","9/15",0.0105607687623902,0.563945051911636,0,0,3.77494281189513,17.1782895039495,"IGFBP1;IGFBP3;INSR;ITGB3;IGFBP2;ITGA6;ITGAV;IGF2R;IGF1R"
"Guanyl-Nucleotide Exchange Factor Activity (GO:0005085)","73/203",0.0118601857855293,0.603175162806919,0,0,1.41688775719742,6.2832854202969,"DENND1B;DOCK5;DOCK4;TRIO;DOCK3;DENND5B;DENND1A;DOCK8;RASGRF2;RASGRF1;WDR41;ETFA;PREX2;DOCK10;AKAP13;HERC2;RASGEF1A;RASGEF1B;MCF2L;MCF2L2;SBF2;RALGPS1;VAV3;PLEKHG3;ARHGEF10;PLEKHG1;SWAP70;ARHGEF16;PLEKHG6;GAPVD1;BCR;TIAM1;SPATA13;ARHGEF3;RAPGEF1;ELMO1;RAPGEF2;RIN3;RHOU;ARHGEF7;RAPGEF5;DOCK2;SOS1;RIN2;DOCK1;SOS2;RAPGEF4;ARHGEF28;MYCBP2;ADRB1;KALRN;CYTH3;FGD4;RIC8B;ALS2CL;RAP1A;SLC38A9;CYTH1;FARP2;ARFGEF1;FARP1;ARFGEF2;RIC1;ARHGEF37;RAB3IP;GBF1;HPS1;BMP1;CCDC88C;RAB3GAP2;RGL1;NUCB2;RAB3GAP1"
"Histone H3 Methyltransferase Activity (GO:0140938)","17/36",0.0128488126645259,0.606220557682585,0,0,2.25284488754927,9.81002178485251,"PRMT6;KMT2D;PRDM9;SETD3;PRMT2;KMT2C;SETD1B;SETD7;SETDB2;EHMT1;SETMAR;NSD3;MECOM;SETBP1;NSD2;PRDM16;JARID2"
"Histone H3K4 Methyltransferase Activity (GO:0042800)","8/13",0.0130553116354864,0.606220557682585,0,0,4.02617874736101,17.4678188961394,"NSD3;KMT2D;PRDM9;SETD3;SETBP1;KMT2C;SETD1B;SETMAR"
"Organic Acid:Sodium Symporter Activity (GO:0005343)","7/11",0.0160202884555182,0.682006403972965,0,0,4.40316622691293,18.2022459221019,"SLC23A2;SLC6A6;SLC38A1;SLC5A8;SLC5A12;SLC38A2;SLC38A4"
"Calcium Ion Binding (GO:0005509)","117/346",0.0162086548417018,0.682006403972965,0,0,1.29026024634304,5.31872359965176,"CLXN;CALML5;IHH;CALML3;CDH9;CLU;SLC8A1;CDH7;LOXL2;CDH6;COMP;SCGN;CDH4;HPGDS;CDH2;ENPP2;ENPP3;TGM3;TGM2;TPD52;ANXA13;HPCAL1;EML1;PCP4;STIM2;SPARCL1;MASP1;ASTN2;DSC1;PLA2G5;PGS1;CRACR2A;BCL2L10;SCUBE1;CDH23;MYL10;SYT4;FER1L5;SYT2;SYT1;BRAF;SYT9;ALOX15B;OTOL1;MEX3B;CABYR;CLEC6A;PAM;FBN1;ITGB1;PNLIPRP1;MCTP1;CETN3;DYSF;TCHH;ATP2A2;EFCAB11;PKD2;PPP3CA;PCLO;MB;DNER;NCS1;IDS;ANXA1;ADGRV1;ANXA2;CEMIP2;PLA2G4E;ANXA4;TESC;MYOF;PLA2G4A;F9;ASPH;PLSCR2;CDH11;CDH12;CDHR3;RAPGEF2;CDH13;MICU3;ITGA5;LCP1;MICU1;DSG4;MCTP2;SLC25A12;DNASE1L3;CDH17;CDH18;DDR2;SLC25A13;CANT1;NRXN1;THBS1;THBS4;CAMKK2;OC90;TTN;CLEC3B;SPOCK2;MAN1C1;BNIP2;SPOCK1;SLIT2;SLC25A24;SNCA;RCVRN;KCNIP1;SYT13;SMOC2;ESYT2;NUCB2;TPT1;ADGRL3;CDK5R1"
"Ephrin Receptor Binding (GO:0046875)","11/21",0.0177433358848264,0.682006403972965,0,0,2.76849146277064,11.1618523785143,"LYN;EFNA1;EFNB2;PTPN1;EFNB1;CHN1;FYN;CBL;EFNA5;ANKS1B;NCK1"
"Transmembrane Receptor Protein Phosphatase Activity (GO:0019198)","9/16",0.018106867256791,0.682006403972965,0,0,3.23543902868203,12.9788472078588,"PTPRU;PTPRE;PTPRR;PTPRB;PTPRN2;PTPRA;PTPRO;PTPRM;PTPRG"
"Transmembrane Receptor Protein Tyrosine Phosphatase Activity (GO:0005001)","9/16",0.018106867256791,0.682006403972965,0,0,3.23543902868203,12.9788472078588,"PTPRU;PTPRE;PTPRR;PTPRB;PTPRN2;PTPRA;PTPRO;PTPRM;PTPRG"
"Aminopeptidase Activity (GO:0004177)","14/29",0.018518900482412,0.682006403972965,0,0,2.34944229188681,9.3718393614449,"ERAP2;LVRN;KDM8;ERAP1;NPEPPSP1;CXCR4;LNPEP;TRHDE;NPEPPS;XPNPEP1;MMP15;XPNPEP3;CTSH;METAP1"
"co-SMAD Binding (GO:0070410)","6/9",0.0193952752553218,0.690471799089456,0,0,5.03165670066831,19.8384426206008,"SMAD2;SMAD3;USP9Y;GATA4;SMAD6;TRIM33"
"Transcription Coregulator Binding (GO:0001221)","38/99",0.0207460448859237,0.693341174711383,0,0,1.56971707249184,6.08328100648925,"HDAC5;ZBTB8A;THRB;SMARCD3;CTBP2;CTBP1;EPAS1;LEF1;GATA6;CHD6;EHMT1;AKR1B1;RORA;ETS1;RXRA;ELOC;CREBBP;SMAD4;SMAD3;STAT1;ZBTB16;HMGA1;MED9;TRAPPC2B;PAX6;FOS;RUNX3;ESR1;PBX1;CIT;PER2;PER1;NR5A2;BCL6;ZNF618;CTNNB1;ATF7;PPARG"
"Retinoic Acid Binding (GO:0001972)","10/19",0.0226123379183221,0.693341174711383,0,0,2.79615941178771,10.5953738832792,"UGT1A10;CYP26C1;RXRA;UGT1A4;NR2F2;UGT1A9;UGT1A8;UGT1A7;UGT2B7;UGT1A6"
"Alanine Transmembrane Transporter Activity (GO:0022858)","8/14",0.0229424545370697,0.693341174711383,0,0,3.35491437954492,12.664017319512,"SLC36A1;SLC6A6;SLC36A3;SLC38A1;SLC36A2;SLC36A4;SLC38A2;SLC38A4"
"Transmembrane-Ephrin Receptor Activity (GO:0005005)","8/14",0.0229424545370697,0.693341174711383,0,0,3.35491437954492,12.664017319512,"EPHA5;EPHB6;EPHA4;EPHA7;EPHA6;EPHA1;EPHA3;EPHB3"
"Neutral L-amino Acid Transmembrane Transporter Activity (GO:0015175)","18/41",0.0248026790030775,0.693341174711383,0,0,1.97031463119339,7.28386623616641,"SLC36A1;SLC36A3;SLC38A1;SLC36A2;SLC6A15;SLC1A1;SLC43A1;SLC1A2;SLC1A3;SLC6A6;SLC7A9;SLC38A9;SFXN2;SLC25A12;SLC36A4;SLC38A2;SLC38A4;SLC25A13"
"BH Domain Binding (GO:0051400)","4/5",0.025318638402382,0.693341174711383,0,0,10.0611814345992,36.9870606617737,"BCL2;IRGM;BCL2L1;MCL1"
"BH3 Domain Binding (GO:0051434)","4/5",0.025318638402382,0.693341174711383,0,0,10.0611814345992,36.9870606617737,"BCL2;IRGM;BCL2L1;MCL1"
"CoA Carboxylase Activity (GO:0016421)","4/5",0.025318638402382,0.693341174711383,0,0,10.0611814345992,36.9870606617737,"MCCC2;PCCA;PCCB;ACACB"
"arachidonate-CoA Ligase Activity (GO:0047676)","4/5",0.025318638402382,0.693341174711383,0,0,10.0611814345992,36.9870606617737,"ACSL1;ACSL5;ACSL4;ACSL3"
"Protein Kinase A Regulatory Subunit Binding (GO:0034237)","11/22",0.0265172472951279,0.708010502779914,0,0,2.51663439535293,9.13528197928854,"ARFGEF1;ARFGEF2;RYR2;PRRC1;AKAP7;AKAP6;SPATC1L;EZR;PJA2;WASF3;AKAP1"
"Insulin-Like Growth Factor I Binding (GO:0031994)","7/12",0.0290987074142789,0.715890745219618,0,0,3.52228671943712,12.4585448337352,"IGFBP1;IGFBP3;INSR;ITGB3;IGFBP2;ITGA6;ITGAV"
"Platelet-Derived Growth Factor Receptor Binding (GO:0005161)","7/12",0.0290987074142789,0.715890745219618,0,0,3.52228671943712,12.4585448337352,"PDGFRA;IL1R1;ITGB3;PDGFC;PTPRJ;ITGA5;VEGFA"
"Protein Kinase A Catalytic Subunit Binding (GO:0034236)","7/12",0.0290987074142789,0.715890745219618,0,0,3.52228671943712,12.4585448337352,"GSK3B;RYR2;PKIA;PRKAR2A;SOX9;EZR;PJA2"
"Protein Kinase C Binding (GO:0005080)","16/36",0.0294936262075498,0.715890745219618,0,0,2.0138125440451,7.09583181862042,"DSP;HDAC5;UGT1A10;AVPR1B;IRS1;CAVIN2;PRKCB;HDAC9;HINT1;GRK5;DACT2;PKP2;ADAM9;ITGAV;PDLIM5;UGT1A7"
"Cell Adhesion Mediator Activity (GO:0098631)","13/28",0.0326577975085161,0.770397672235541,0,0,2.18124082878441,7.46348986354374,"NTNG1;ROBO4;DSCAM;NFASC;PALLD;CNTN1;NRCAM;EMB;CD47;CNTN4;LRRC4C;DSCAML1;CD200"
"WW Domain Binding (GO:0050699)","10/20",0.0339032683474442,0.770397672235541,0,0,2.51636747624076,8.51600117547067,"ENAH;SCNN1G;NDFIP2;TRAF4;TNK2;SCNN1B;SCNN1A;PMEPA1;RAPGEF2;TP63"
"Lysophosphatidic Acid Acyltransferase Activity (GO:0042171)","10/20",0.0339032683474442,0.770397672235541,0,0,2.51636747624076,8.51600117547067,"AGPAT5;LPGAT1;GPAT4;MBOAT1;MBOAT2;GPAT3;ABHD5;LCLAT1;AGPAT3;AGPAT4"
"JUN Kinase Kinase Kinase Activity (GO:0004706)","6/10",0.0369188899821483,0.788587490018687,0,0,3.77347871966233,12.4488268032972,"RIPK2;MAP3K20;MAP3K21;MAP3K9;MAP3K13;MAP3K5"
"cGMP Binding (GO:0030553)","6/10",0.0369188899821483,0.788587490018687,0,0,3.77347871966233,12.4488268032972,"PDE11A;PDE10A;RAPGEF2;CNGA3;PDE5A;CNGB1"
"Transforming Growth Factor Beta Receptor Activity (GO:0005024)","6/10",0.0369188899821483,0.788587490018687,0,0,3.77347871966233,12.4488268032972,"TGFBR3;BMPR1B;LTBP1;TGFBR1;BMPR1A;TGFBR2"
"Phosphatidylinositol-3-Phosphate Binding (GO:0032266)","17/40",0.0398790289998824,0.835113783762244,0,0,1.86052480367746,5.99443357637717,"PLEKHF1;PLA2G4E;DENND1A;NCF4;SNX13;PLA2G4A;VPS13B;WIPI1;WIPI2;JPH2;SESTD1;PARD3;ZFYVE19;SH3PXD2B;LANCL2;RUBCNL;TECPR1"
"Transforming Growth Factor Beta Receptor Binding (GO:0005160)","9/18",0.043506072657003,0.88957672431753,0,0,2.51610065106458,7.88761007575805,"SMAD2;TGFBR3;SMAD3;TGFBRAP1;SMAD6;TGFBR1;FERMT2;SMAD7;TGFBR2"
"Metallocarboxypeptidase Activity (GO:0004181)","13/29",0.0441456614127613,0.88957672431753,0,0,2.04477020602219,6.38021596308435,"CPB2;CPA1;AGTPBP1;FOLH1B;VASH2;AGBL4;CYP2A6;FOLH1;AGBL1;AGBL3;AGBL2;CPE;CPA5"
"Actin Binding (GO:0003779)","63/183",0.0450537910307626,0.891063867052861,0,0,1.32327233966957,4.10200947350909,"ITGB1;LDB3;FMN2;LMOD3;SYNE2;SYNE1;EPS8;CAPZB;PHACTR3;PHACTR2;PHACTR1;TMOD1;PLEKHG3;PACRG;PRKCE;TPM1;VASH2;COBL;MYRIP;SPTB;MTSS1;SYNPO2L;TMSB15A;MAP1B;KCNMA1;FSCN1;MYH9;TLN2;LCP1;EZR;UTRN;VCL;PRKN;MACF1;CXCR4;IQGAP2;ADD1;ABLIM1;PDLIM3;CALD1;MICAL1;ABL1;ABL2;FLNB;PDLIM5;GBP1;SPTBN2;SNCA;RDX;MICAL2;MSN;PARVA;GCSAM;PARVB;FHDC1;SSH2;CORO2B;MLPH;PARVG;PIP;CAPZA1;MSRB2;FERMT2"
"Histone H3K14 Acetyltransferase Activity (GO:0036408)","5/8",0.0467727209228612,0.908241199011196,0,0,4.19230994666198,12.8387611122066,"ING4;MEAF6;KAT6B;KAT6A;JADE1"
"NADP Binding (GO:0050661)","15/35",0.0481123481981069,0.917571212063895,0,0,1.88761669896072,5.72743757419972,"DHFR2;KCNAB1;HMGCR;HSD11B1;DHFR;DUOX1;GRHPR;GMDS;NNT;DPYD;NOX5;NOS1;CRYM;LBR;CBR4"
"Phosphatidylinositol-5-Phosphate Binding (GO:0010314)","8/16",0.0560790944345802,0.949047477929967,0,0,2.51583391977481,7.24809785943795,"PLEKHF1;PLA2G4E;SESTD1;VEPH1;SH3PXD2B;LANCL2;RUBCNL;PLA2G4A"
"Retinoid Binding (GO:0005501)","13/30",0.0581699829834793,0.949047477929967,0,0,1.92435495064375,5.47360792192351,"KDM5A;UGT1A10;NR2F2;CYP26A1;RXRA;CYP26C1;ALDH1A2;UGT1A4;UGT1A9;UGT1A8;UGT1A7;UGT2B7;UGT1A6"
"P-type Potassium Transmembrane Transporter Activity (GO:0008556)","4/6",0.0588826098222734,0.949047477929967,0,0,5.03023909985935,14.2466908709052,"ATP4B;ATP1A4;ATP1A2;ATP1A1"
"acyl-CoA Oxidase Activity (GO:0003997)","4/6",0.0588826098222734,0.949047477929967,0,0,5.03023909985935,14.2466908709052,"ACOXL;ACADL;ACOX2;ACOX3"
"Carbohydrate:Proton Symporter Activity (GO:0005351)","4/6",0.0588826098222734,0.949047477929967,0,0,5.03023909985935,14.2466908709052,"SLC2A9;SLC45A3;SLC2A10;SLC45A1"
"Cell-Matrix Adhesion Mediator Activity (GO:0098634)","4/6",0.0588826098222734,0.949047477929967,0,0,5.03023909985935,14.2466908709052,"ITGB1;ITGA2;ITGA1;ITGA11"
"Fatty Acid Elongase Activity (GO:0009922)","4/6",0.0588826098222734,0.949047477929967,0,0,5.03023909985935,14.2466908709052,"ELOVL5;ELOVL2;ELOVL6;ELOVL7"
"fatty-acyl-CoA Synthase Activity (GO:0004321)","4/6",0.0588826098222734,0.949047477929967,0,0,5.03023909985935,14.2466908709052,"ACSM2A;ACSM5;ACSM4;ACSM2B"
"Symporter Activity (GO:0015293)","4/6",0.0588826098222734,0.949047477929967,0,0,5.03023909985935,14.2466908709052,"SLC2A10;SLC2A12;SLC5A12;SLC4A4"
"Phosphatidylinositol-3,4,5-Trisphosphate Binding (GO:0005547)","15/36",0.0614114436500089,0.949047477929967,0,0,1.79760436850449,5.01560215557975,"PLEKHB2;MYO10;PLA2G4E;MAPKAP1;GBF1;COMMD1;IQGAP2;CYTH3;JPH2;MYO1B;FCHSD2;ZFYVE16;PARD3;RAG2;FERMT2"
"Calcium-Activated Potassium Channel Activity (GO:0015269)","6/11",0.061997239126836,0.949047477929967,0,0,3.01857193105874,8.39363860199574,"KCNU1;KCNMB1;KCNMA1;KCNMB2;KCNN2;KCNN3"
"1-Acylglycerol-3-Phosphate O-acyltransferase Activity (GO:0003841)","9/19",0.0623104494577767,0.949047477929967,0,0,2.26433221889847,6.28493969460576,"AGPAT5;LPGAT1;GPAT4;MBOAT1;MBOAT2;GPAT3;LCLAT1;AGPAT3;AGPAT4"
"MAP Kinase Kinase Kinase Activity (GO:0004709)","9/19",0.0623104494577767,0.949047477929967,0,0,2.26433221889847,6.28493969460576,"RIPK2;MAP3K20;MAP3K21;MAP3K9;MAP3K13;MAP3K6;MAP3K7;MAP3K4;MAP3K5"
"L-amino Acid Transmembrane Transporter Activity (GO:0015179)","24/63",0.062448486864159,0.949047477929967,0,0,1.5492101406004,4.29659996546278,"SLC36A1;SLC36A3;SLC38A1;SLC36A2;SLC1A1;SLC43A1;SLC1A2;SLC7A13;SLC1A3;SLC38A10;SLC16A10;SLC7A11;SLC7A1;SLC7A2;SLC25A26;SLC7A9;UCP2;SLC38A9;SLC25A12;SLC36A4;SLC38A2;SERINC5;SLC25A13;SLC38A4"
"Transcription Corepressor Binding (GO:0001222)","17/42",0.0630921076151944,0.949047477929967,0,0,1.71144317180617,4.72899062091127,"HDAC5;CTBP2;CTBP1;STAT1;ZBTB16;LEF1;EHMT1;TRAPPC2B;RORA;ETS1;ESR1;RUNX3;PBX1;PER2;PER1;CTNNB1;ELOC"
"Protein Kinase Activator Activity (GO:0030295)","32/88",0.065591200047638,0.972936134039964,0,0,1.43886925795053,3.9199312861107,"CDKN1A;PRKAG2;ETFA;STK4;EGFR;STK3;RPTOR;WNT11;MAP3K20;RICTOR;CD36;NEK9;MAP2K1;AFAP1L2;SH2D1A;IRGM;MOB3B;MOB3A;PARP8;ETAA1;GPRC5B;DBF4;GPRC5A;WNK1;TRAF6;SPRY2;TAB2;FAM20A;IL6ST;MAP3K13;LTF;CDK5R1"
"Metal Ion Binding (GO:0046872)","164/521",0.0681147044410477,0.977605600171418,0,0,1.15934564853438,3.11465415538289,"CLXN;CALML5;IHH;CALML3;MT1X;CDH9;CLU;SLC8A1;NUDT3;CDH7;LOXL2;CDH6;COMP;SCGN;CDH4;HPGDS;CDH2;PAPOLG;ENPP2;ENPP3;MAP3K6;TGM3;MAP3K5;NUDT12;TGM2;CSGALNACT1;TPD52;GEN1;IGFBP3;ANXA13;HPCAL1;EML1;MSH6;ERN1;PCP4;STIM2;FSCN1;SIK3;SPARCL1;SIK2;MASP1;ASTN2;DSC1;PLA2G5;STK4;STK3;PGS1;CRACR2A;BCL2L10;SNN;SCUBE1;FIGNL1;DHX36;ABL1;MAP3K20;CDH23;MOV10L1;ABL2;MYL10;SRPK2;SYT4;FER1L5;SYT2;SYT1;BRAF;SYT9;ALOX15B;OTOL1;MEX3B;CABYR;ALPP;CLEC6A;STK26;ACER3;PAM;FBN1;ITGB1;PNLIPRP1;GPI;DYRK3;DYRK2;MCTP1;MAST2;CETN3;DYSF;TCHH;ATP2A2;EFCAB11;PKD2;PPP3CA;PCLO;MB;DNER;NCS1;IDS;PHACTR1;XXYLT1;DIS3L2;ANXA1;ADGRV1;ANXA2;CEMIP2;PLA2G4E;ANXA4;TESC;MYOF;PLA2G4A;REXO2;YDJC;F9;ASPH;PLSCR2;CDH11;CDH12;CDHR3;RAPGEF2;CDH13;MICU3;ITGA5;LCP1;DSG4;SLC25A12;MICU1;MCTP2;DNASE1L3;CDH17;FBP1;CDH18;SLC25A13;DDR2;CANT1;NRXN1;THBS1;GNAI1;THBS4;TTN;CAMKK2;OC90;CLEC3B;SPOCK2;MAN1C1;BNIP2;SPOCK1;SLIT2;EXTL3;SLC25A24;SNCA;DUT;RCVRN;KCNIP1;EYA2;CDC42BPB;SYT13;CDC42BPA;SMOC2;SNRK;NUDT7;ESYT2;S100P;NUCB2;TPT1;RAN;ADGRL3;CDK5R1"
"Potassium Channel Activity (GO:0005267)","29/79",0.0688427451788374,0.977605600171418,0,0,1.46029313084937,3.90764282667458,"KCNG1;KCNG2;KCNK9;KCNC2;LRRC38;KCNC4;GRIK4;GRIK2;KCNA6;PKD2;LRRC55;AQP1;KCNV1;KCNT2;KCNMB1;KCNMB2;KCNN2;KCNH2;KCND2;KCNJ11;KCND3;KCNH8;KCNK13;KCNU1;KCNS2;KCNMA1;KCNQ3;KCNQ5;KCNK1"
"Protein Tyrosine Phosphatase Activity (GO:0004725)","28/76",0.0698988205415328,0.977605600171418,0,0,1.46863229755179,3.90759950519408,"PTPRU;PTPRR;PTPRS;MTMR3;PTPRO;PTPN20;PTPN21;PTPRM;PTPRJ;CDC14B;PTPRG;TIMM50;DUSP10;DUSP4;DUSP5;PTPN1;DUSP2;PTPRN2;EYA1;EYA2;EYA3;PTPN12;PTP4A1;PTPRE;PTPRB;PTPRA;PTPN9;PTPN5"
"Voltage-Gated Monoatomic Cation Channel Activity (GO:0022843)","28/76",0.0698988205415328,0.977605600171418,0,0,1.46863229755179,3.90759950519408,"KCNG2;KCNC2;LRRC38;KCNC4;CACNA1D;CACNA1C;KCNA6;PKD2;LRRC55;KCNV1;NCS1;ITGAV;CACNG3;CACNG4;KCNH2;TMC1;KCND2;KCNJ11;KCND3;CACNA2D1;KCNH8;CACNA2D3;CACNA2D2;KCNS2;KCNMA1;KCNQ3;KCNQ5;KCNK1"
"poly(A) Binding (GO:0008143)","11/25",0.0704828007614225,0.977605600171418,0,0,1.97694067945784,5.243610887633,"KHDRBS2;RBPMS;PABPC5;ELAVL4;PABPC4L;PABPC3;PPIE;RBMS1;PABPC1;RBMS2;RBMS3"
"Monocarboxylic Acid Binding (GO:0033293)","12/28",0.0730514329154487,0.99427805267065,0,0,1.88714788732394,4.9378951692132,"UGT1A10;CYP26A1;RXRA;CYP26C1;NAPEPLD;UGT1A4;NR2F2;UGT1A9;UGT1A8;UGT1A7;UGT2B7;UGT1A6"
"Transcription Regulatory Region Nucleic Acid Binding (GO:0001067)","74/224",0.0747299311958729,0.99427805267065,0,0,1.24325620030853,3.224850656575,"FOXA1;KDM5A;CALCOCO1;PRDM9;THRA;AKR1B1;CHD3;ETS1;HHEX;CREB3L1;CREB3L2;SOX6;SOX7;SOX4;CDK5RAP2;NKX3-1;KCNH2;MEF2C;MSX2;ZNF281;TCF12;SOX13;TFEB;RFX3;ARID5B;SOX11;PAX6;FOS;KLF15;RUNX1;NCOR1;NR5A2;DUX4L3;TBL1XR1;ATF7;PPARG;ATF6;ATF3;YAP1;HDAC4;KMT2D;HDAC5;ZBTB8A;FOXC1;DLX5;GATA6;GATA5;GATA4;GATA3;FOXO3;RXRA;ERBB4;DHX36;PRDM16;TBL1X;BRD4;SNCA;SMAD4;SMAD3;XRCC5;STAT3;HMGA2;FOXJ1;SMAD6;KLF4;SMARCA2;PBX1;PER2;PER1;WT1;ZNF658;ZNF217;NANOG;FOXA2"
"Adenyl Nucleotide Binding (GO:0030554)","13/31",0.0748968814527539,0.99427805267065,0,0,1.81731916808515,4.70984254702187,"DHFR2;HPGD;CTBP1;SORD;HSD11B1;DHFR;DUOX1;NNT;ALDH1A1;DPYD;NOX5;NOS1;CRYM"
"Transcription Coactivator Binding (GO:0001223)","14/34",0.0761697572323566,0.99427805267065,0,0,1.76146530468475,4.53540462893533,"ZBTB8A;CREBBP;SMAD4;THRB;SMAD3;EPAS1;STAT1;GATA6;AKR1B1;MED9;RORA;ESR1;CIT;ATF7"
"Voltage-Gated Potassium Channel Activity (GO:0005249)","29/80",0.0795725405779589,0.99427805267065,0,0,1.43155952121269,3.62340056760309,"KCNG1;KCNG2;KCNG3;KCNC2;KCNE4;LRRC38;KCNC4;KCNA6;PKD2;LRRC55;KCNV1;KCNT2;KCNN2;KCNN3;KCNJ3;KCNH2;KCNJ5;KCND2;KCNJ11;KCND3;KCNB1;KCNH8;KCNJ15;KCNS1;KCNS2;KCNMA1;KCNQ3;KCNQ5;KCNK1"
"Chemokine Binding (GO:0019956)","8/17",0.0802319071311005,0.99427805267065,0,0,2.23614043318477,5.64141111070937,"CCR1;ITGB1;ITGB3;PDPN;CXCR4;ACKR3;ITGAV;CCR3"
"cAMP Response Element Binding (GO:0035497)","5/9",0.0809945604703619,0.99427805267065,0,0,3.14401266045367,7.90207741670089,"CREB3L1;CREB3L2;HMGA2;ATF7;CREB5"
"Histone H3K36 Demethylase Activity (GO:0051864)","5/9",0.0809945604703619,0.99427805267065,0,0,3.14401266045367,7.90207741670089,"KDM4A;KDM4B;KDM4C;KDM8;PHF8"
"Tumor Necrosis Factor Receptor Binding (GO:0005164)","5/9",0.0809945604703619,0.99427805267065,0,0,3.14401266045367,7.90207741670089,"TRAF4;STAT1;TRAF3;TNFSF11;TRAF1"
"Type I Transforming Growth Factor Beta Receptor Binding (GO:0034713)","5/9",0.0809945604703619,0.99427805267065,0,0,3.14401266045367,7.90207741670089,"SMAD2;SMAD6;FERMT2;SMAD7;TGFBR2"
"Actinin Binding (GO:0042805)","9/20",0.0855527025553647,0.999993719883922,0,0,2.05833986530802,5.06068109407102,"MAGI1;CSRP2;CACNA1D;KCNN2;PPARG;PKD2;PDLIM5;PROM1;TTN"
"Carboxylic Acid Transmembrane Transporter Activity (GO:0046943)","22/59",0.0891030457380959,0.999993719883922,0,0,1.4965536965537,3.61860961262985,"SLC36A1;SLC22A4;SLC23A2;ABCC1;SLC38A1;SLC36A2;SLC6A15;SLC43A1;SLC6A11;SLC16A10;SLC7A1;SLC7A2;SLC6A6;SLC5A8;PDPN;SLC16A6;SLC16A7;SLC38A9;SLC16A9;SLC38A2;SLC19A2;SLC38A4"
"Alpha-Actinin Binding (GO:0051393)","10/23",0.0892707122867042,0.999993719883922,0,0,1.93526114856632,4.67574926795419,"MAGI1;PDLIM3;PALLD;CACNA1D;LDB3;KCNN2;PPARG;PKD2;PDLIM5;TTN"
"Amino Acid Transmembrane Transporter Activity (GO:0015171)","21/56",0.0903091008250327,0.999993719883922,0,0,1.51010403808852,3.63107089071049,"SLC36A1;SLC22A4;SLC38A1;SLC36A2;SLC6A15;SLC43A1;SLC1A2;SLC7A13;SLC1A3;SLC38A10;SLC16A10;SLC7A11;SLC7A1;SLC7A2;SLC6A6;SLC7A9;SLC38A9;SLC25A12;SLC38A2;SLC25A13;SLC38A4"
"L-glutamate Transmembrane Transporter Activity (GO:0005313)","6/12",0.0948957935580929,0.999993719883922,0,0,2.51530073865635,5.92347261913381,"SLC1A1;SLC1A2;SLC1A3;SLC7A11;SLC25A12;SLC25A13"
"Histone H3K36 Methyltransferase Activity (GO:0046975)","6/12",0.0948957935580929,0.999993719883922,0,0,2.51530073865635,5.92347261913381,"NSD3;PRDM9;SETD3;NSD2;SETMAR;SMYD3"
"Transmembrane Receptor Protein Tyrosine Kinase Activator Activity (GO:0030297)","6/12",0.0948957935580929,0.999993719883922,0,0,2.51530073865635,5.92347261913381,"GREM1;ANGPT4;NRG3;ALKAL2;EFNA5;AREG"
"Acidic Amino Acid Transmembrane Transporter Activity (GO:0015172)","7/15",0.103836698941034,0.999993719883922,0,0,2.20096745822339,4.98505002684065,"SLC1A1;UCP2;SLC1A2;SLC1A3;SLC25A12;SLC38A2;SLC25A13"
"Transmembrane Receptor Protein Serine/Threonine Kinase Activity (GO:0004675)","7/15",0.103836698941034,0.999993719883922,0,0,2.20096745822339,4.98505002684065,"TGFBR3;BMPR1B;LTBP1;ACVR2A;TGFBR1;TGFBR2;BMPR1A"
"C-C Chemokine Binding (GO:0019957)","4/7",0.106913691577622,0.999993719883922,0,0,3.35325832161275,7.49699159755292,"CCR1;CXCR4;CCR7;CCR3"
"L-proline Transmembrane Transporter Activity (GO:0015193)","4/7",0.106913691577622,0.999993719883922,0,0,3.35325832161275,7.49699159755292,"SLC36A1;SLC36A3;SLC36A2;SLC36A4"
"Dehydroascorbic Acid Transmembrane Transporter Activity (GO:0033300)","4/7",0.106913691577622,0.999993719883922,0,0,3.35325832161275,7.49699159755292,"SLC2A14;SLC2A10;SLC2A1;SLC2A3"
"Protein-Glutamine Gamma-Glutamyltransferase Activity (GO:0003810)","4/7",0.106913691577622,0.999993719883922,0,0,3.35325832161275,7.49699159755292,"F13A1;TGM4;TGM3;TGM2"
"Amino Acid:Sodium Symporter Activity (GO:0005283)","8/18",0.109612588646878,0.999993719883922,0,0,2.01238564391274,4.4489883216474,"SLC6A6;SLC38A1;SLC6A15;SLC1A2;SLC1A3;SLC6A11;SLC38A2;SLC38A4"
"Nucleoside Monophosphate Kinase Activity (GO:0050145)","8/18",0.109612588646878,0.999993719883922,0,0,2.01238564391274,4.4489883216474,"LRGUK;DLG1;DLG2;AK2;AK4;AK5;AK8;AK9"
"Protein Serine/Threonine Kinase Activity (GO:0004674)","108/342",0.110282471393601,0.999993719883922,0,0,1.16326867974432,2.56467042001615,"MYLK3;MYLK;MYLK4;RPS6KA6;TBK1;AKT2;RPS6KA2;PIM1;NEK2;MAP3K9;MAP3K6;MAP3K7;MAP3K4;MAP3K5;CDKL3;CSNK1G3;MAP2K1;PRKCH;DAPK1;PRKCB;PRKCE;LMTK2;PRKCA;VRK1;NRBP1;ERN1;SIK3;ULK2;PRKD1;SIK2;TNIK;RAF1;CDKL1;STK39;STK4;TTBK2;STK3;NUAK1;GRK3;GRK5;IRAK2;MAP3K20;MARK3;MAP2K6;SRPK2;NEK9;CDK19;PLK2;BRAF;CDC7;CLK3;CDK6;STK24;WNK1;STK25;STK26;ATM;BMPR1B;MAP3K13;CDK14;ATR;BMPR1A;GPI;GSK3B;DYRK3;DYRK2;MAST4;MAST2;TLK1;RIOK1;CAMK1D;SYK;RIPK2;HUNK;TGFBR1;CIT;TGFBR2;LATS2;MYO3B;FAM20C;SGK3;FAM20A;TOP1;CAMK1G;CAMK2D;ROCK1;ATP23;TTK;EGFR;CAMKK2;TTN;MAPK1;PTK2B;FYN;MAPK6;MAPK4;BRD4;MAP4K4;CDC42BPB;CDC42BPA;ACVR2A;MTOR;HIPK2;SNRK;TAOK3;STK17B;NEK10;CAMK1"
"Cyclic Nucleotide Binding (GO:0030551)","9/21",0.113271643633033,0.999993719883922,0,0,1.8866795706493,4.10912474851664,"PDE11A;PDE10A;PDE4D;PDE4B;RAPGEF2;CNGA3;PDE5A;CNGB1;RAPGEF4"
"Transforming Growth Factor Beta Binding (GO:0050431)","9/21",0.113271643633033,0.999993719883922,0,0,1.8866795706493,4.10912474851664,"TGFBR3;CD109;ITGAV;CD36;LTBP1;THBS1;TGFBR1;TSKU;TGFBR2"
"Phosphatidylinositol-3,5-Bisphosphate Binding (GO:0080025)","10/24",0.115461758068249,0.999993719883922,0,0,1.79690249912003,3.87918169092066,"JPH2;PLA2G4E;SESTD1;MAPKAP1;GBF1;SH3PXD2B;WIPI1;COMMD1;WIPI2;RAG2"
"Tumor Necrosis Factor Receptor Superfamily Binding (GO:0032813)","11/27",0.116603124453171,0.999993719883922,0,0,1.72958105967259,3.71683373766428,"EDA;TRAF4;FEM1B;STAT1;TRAF3;TNFSF4;TRAF6;TMBIM1;TNFSF11;ETFA;TRAF1"
"Phosphatidylinositol Phosphate Binding (GO:1901981)","37/109",0.122696878300658,0.999993719883922,0,0,1.29367324884566,2.71417611342986,"DENND1B;PLEKHF1;PLEKHB2;MAPKAP1;DENND1A;NCF4;SNX13;SNX10;IQGAP2;RCSD1;CYTH3;LAPTM4B;JPH2;SH3PXD2B;ANKFY1;RAG2;OSBPL8;MYO10;PLA2G4E;GBF1;PLA2G4A;VPS13B;WIPI1;COMMD1;WIPI2;GOLPH3;MYO1B;ZFYVE16;FCHSD2;SESTD1;PARD3;ZFYVE19;VEPH1;RUBCNL;LANCL2;FERMT2;TECPR1"
"N6-methyladenosine-containing RNA Binding (GO:1990247)","5/10",0.125070254208854,0.999993719883922,0,0,2.51503428872868,5.22845364185611,"YTHDF1;YTHDC2;IGF2BP1;IGF2BP3;IGF2BP2"
"Estrogen Response Element Binding (GO:0034056)","5/10",0.125070254208854,0.999993719883922,0,0,2.51503428872868,5.22845364185611,"ESRRG;NR3C1;ESR1;ESR2;NR3C2"
"Fatty Acid Synthase Activity (GO:0004312)","5/10",0.125070254208854,0.999993719883922,0,0,2.51503428872868,5.22845364185611,"ELOVL5;ELOVL2;FASN;ELOVL6;ELOVL7"
"Histone H4K5 Acetyltransferase Activity (GO:0043995)","5/10",0.125070254208854,0.999993719883922,0,0,2.51503428872868,5.22845364185611,"ING4;MEAF6;KAT6A;JADE1;KAT8"
"Histone H4K8 Acetyltransferase Activity (GO:0043996)","5/10",0.125070254208854,0.999993719883922,0,0,2.51503428872868,5.22845364185611,"ING4;MEAF6;KAT6A;JADE1;KAT8"
"Ligand-Gated Monoatomic Ion Channel Activity Involved In Regulation Of Presynaptic Membrane Potential (GO:0099507)","5/10",0.125070254208854,0.999993719883922,0,0,2.51503428872868,5.22845364185611,"GRIA1;GABRA5;GRIK4;GRIN2B;GRIA3"
"Exopeptidase Activity (GO:0008238)","19/52",0.128404739063119,0.999993719883922,0,0,1.44878184275329,2.97372322017438,"DPP10;MME;ERAP2;KDM8;ERAP1;CXCR4;LNPEP;TRHDE;CNDP1;CNDP2;DPP4;NPEPPS;FOLH1;XPNPEP1;XPNPEP3;CTSH;CPE;RCE1;METAP1"
"Pyrophosphatase Activity (GO:0016462)","18/49",0.130867578407381,0.999993719883922,0,0,1.46102766438878,2.97110103234811,"ENTPD4;ENTPD6;ACYP2;FITM2;NTPCR;CLU;FHIT;NUDT3;NUDT11;NUDT9;PLPP6;PLPP5;NUDT7;PLPP4;ENPP3;NUDT15;ADPRM;NUDT12"
"Calcium Ion Transmembrane Transporter Activity (GO:0015085)","24/68",0.132879673125749,0.999993719883922,0,0,1.37268236350805,2.77050028934121,"RYR2;SLC24A4;SLC24A3;TRPC3;CHRNA7;ITPR1;ATP2A2;ITPR2;PKD1L1;CACNA1D;ATP2C2;PSEN1;PKD2;ATP2C1;CLU;TRPM1;SEC61A1;TRPV6;UCP3;ORAI1;TRPM7;TRPM8;SLC24A5;TRPM3"
"NADPH Binding (GO:0070402)","6/13",0.135249897023129,0.999993719883922,0,0,2.15582131551178,4.3130032186582,"DHFR;GRHPR;KCNAB1;HMGCR;LBR;CBR4"
"Heparan Sulfate Sulfotransferase Activity (GO:0034483)","6/13",0.135249897023129,0.999993719883922,0,0,2.15582131551178,4.3130032186582,"HS3ST3A1;HS3ST4;HS6ST1;HS3ST1;HS6ST2;HS6ST3"
"Histone H3 Acetyltransferase Activity (GO:0010484)","6/13",0.135249897023129,0.999993719883922,0,0,2.15582131551178,4.3130032186582,"ING4;KAT2B;MEAF6;KAT6B;KAT6A;JADE1"
"Metalloendopeptidase Inhibitor Activity (GO:0008191)","6/13",0.135249897023129,0.999993719883922,0,0,2.15582131551178,4.3130032186582,"LXN;SPOCK2;RARRES1;SPOCK1;NGF;RECK"
"Peptide Hormone Receptor Binding (GO:0051428)","6/13",0.135249897023129,0.999993719883922,0,0,2.15582131551178,4.3130032186582,"PTH;LEP;GNRH2;GNRH1;CCK;PTHLH"
"3',5'-Cyclic-Nucleotide Phosphodiesterase Activity (GO:0004114)","7/16",0.140981515064933,0.999993719883922,0,0,1.95627870614678,3.83259744682838,"PDE11A;PDE4D;PDE3A;PDE4B;PDE5A;PDE8B;PDE9A"
"5'-Flap Endonuclease Activity (GO:0017108)","3/5",0.143285354865982,0.999993719883922,0,0,3.77201617155915,7.32871490410972,"GEN1;FSCN1;SLX1A"
"LBD Domain Binding (GO:0050693)","3/5",0.143285354865982,0.999993719883922,0,0,3.77201617155915,7.32871490410972,"RXRA;CITED2;PPARG"
"N-acylsphingosine Amidohydrolase Activity (GO:0017040)","3/5",0.143285354865982,0.999993719883922,0,0,3.77201617155915,7.32871490410972,"ASAH1;ACER3;NAAA"
"P-type Sodium Transporter Activity (GO:0008554)","3/5",0.143285354865982,0.999993719883922,0,0,3.77201617155915,7.32871490410972,"ATP1A4;ATP1A2;ATP1A1"
"P-type Sodium:Potassium-Exchanging Transporter Activity (GO:0005391)","3/5",0.143285354865982,0.999993719883922,0,0,3.77201617155915,7.32871490410972,"ATP1A4;ATP1A2;ATP1A1"
"alpha-N-acetylneuraminate Alpha-2,8-Sialyltransferase Activity (GO:0003828)","3/5",0.143285354865982,0.999993719883922,0,0,3.77201617155915,7.32871490410972,"ST8SIA3;ST8SIA5;ST8SIA6"
"Amino Acid:Proton Symporter Activity (GO:0005280)","3/5",0.143285354865982,0.999993719883922,0,0,3.77201617155915,7.32871490410972,"SLC36A1;SLC36A3;SLC36A2"
"Chondroitin Sulfotransferase Activity (GO:0034481)","3/5",0.143285354865982,0.999993719883922,0,0,3.77201617155915,7.32871490410972,"CHST9;CHST7;CHST3"
"Ciliary Neurotrophic Factor Receptor Binding (GO:0005127)","3/5",0.143285354865982,0.999993719883922,0,0,3.77201617155915,7.32871490410972,"LIFR;IL6ST;OSMR"
"Coreceptor Activity Involved In Wnt Signaling Pathway, Planar Cell Polarity Pathway (GO:1904929)","3/5",0.143285354865982,0.999993719883922,0,0,3.77201617155915,7.32871490410972,"PTK7;ROR1;GPC6"
"Cytochrome-B5 Reductase Activity, Acting On NAD(P)H (GO:0004128)","3/5",0.143285354865982,0.999993719883922,0,0,3.77201617155915,7.32871490410972,"CYB5R2;CYB5R4;CYB5R3"
"Gap Junction Hemi-Channel Activity (GO:0055077)","3/5",0.143285354865982,0.999993719883922,0,0,3.77201617155915,7.32871490410972,"PANX2;GJA3;PANX3"
"Myosin Light Chain Binding (GO:0032027)","3/5",0.143285354865982,0.999993719883922,0,0,3.77201617155915,7.32871490410972,"MYOC;IQGAP3;SPATA6"
"Secondary Active Monocarboxylate Transmembrane Transporter Activity (GO:0015355)","3/5",0.143285354865982,0.999993719883922,0,0,3.77201617155915,7.32871490410972,"SLC5A8;SLC16A7;SLC5A12"
"Uridylyltransferase Activity (GO:0070569)","3/5",0.143285354865982,0.999993719883922,0,0,3.77201617155915,7.32871490410972,"TUT7;TUT1;UAP1"
"Poly-Purine Tract Binding (GO:0070717)","12/31",0.143557534325591,0.999993719883922,0,0,1.58884358784285,3.0839762086121,"KHDRBS2;PNPT1;RBPMS;PABPC5;ELAVL4;PABPC4L;PABPC3;PPIE;RBMS1;PABPC1;RBMS2;RBMS3"
"poly(U) RNA Binding (GO:0008266)","9/22",0.145311720190392,0.999993719883922,0,0,1.74142855209193,3.35899634344373,"PNPT1;PABPC5;PABPC4L;PABPC3;RBMS1;PABPC1;RBMS2;DIS3L2;RBMS3"
"Ubiquitin-Like Protein Transferase Activity (GO:0019787)","76/240",0.150303494042244,0.999993719883922,0,0,1.16711833785005,2.21180448608991,"LRSAM1;FBXO25;UBE2D1;TNFAIP3;UBE3A;PRPF19;MARCHF11;UBE2L3;CDC23;TRIM2;FBXO4;ARIH2;FBXO7;RNF152;SHPRH;FBXW11;NSMCE2;ATG10;UBE2E1;UBE2E2;LMO7;FBXW2;PJA2;KLHL42;PIAS1;RBX1;RNF41;RNF144B;RNF169;UBE2R2;TRAF3;TRAF6;BIRC6;CBLL1;PDZRN3;BIRC3;PRKN;HDAC4;UHRF2;MGRN1;CUL3;NEDD4L;RNF6;CBL;RNF4;HDAC9;FBXL21P;RNF2;ZNRF1;COP1;RMND5A;RNF217;MARCHF3;RNF130;MARCHF6;RANBP2;UBE2H;SMURF1;SIAH2;WWP1;UBE2G1;WWP2;UBE2G2;FBXL14;PML;MIB1;KLHL20;RNF103;ATG16L1;UBE2N;LNX1;TRIM36;FBXL5;TRIM33;RNF187;LNX2"
"Calcium-Dependent Phospholipid Binding (GO:0005544)","17/47",0.155918228715787,0.999993719883922,0,0,1.4257033773862,2.64956078040721,"SYT4;MCTP1;SYT2;CPNE5;ANXA2;SYT1;CPNE4;PLA2G4E;ANXA4;ANXA13;DYSF;PLA2G4A;SYT13;SYT9;PCLO;ESYT2;MCTP2"
"Secondary Active Transmembrane Transporter Activity (GO:0015291)","21/60",0.162943415872336,0.999993719883922,0,0,1.35484177258115,2.45816025956972,"SLC22A4;SLC20A2;SLC2A10;SLC2A12;SLC5A12;SLCO5A1;SLC16A10;SLCO6A1;SLCO1B7;SLC4A4;TMEM241;SLCO1C1;SLCO1B1;SLCO3A1;SLC7A9;SLCO2A1;SLCO1B3;UCP2;SLCO1A2;SLCO4C1;SLC16A7"
"Carboxypeptidase Activity (GO:0004180)","14/38",0.166332961643542,0.999993719883922,0,0,1.46747681108371,2.63230664386581,"CPB2;CPA1;AGTPBP1;FOLH1B;VASH2;AGBL4;CYP2A6;FOLH1;AGBL1;AGBL3;AGBL2;CPE;CPVL;CPA5"
"L-alanine Transmembrane Transporter Activity (GO:0015180)","4/8",0.167054682705478,0.999993719883922,0,0,2.51476793248945,4.5000114387013,"SLC36A1;SLC36A3;SLC36A2;SLC36A4"
"Histone H4K16 Acetyltransferase Activity (GO:0046972)","4/8",0.167054682705478,0.999993719883922,0,0,2.51476793248945,4.5000114387013,"ING4;KAT6A;JADE1;KAT8"
"Vascular Endothelial Growth Factor Receptor 2 Binding (GO:0043184)","4/8",0.167054682705478,0.999993719883922,0,0,2.51476793248945,4.5000114387013,"GREM1;ITGB3;ITGA5;VEGFA"
"Acylglycerol O-acyltransferase Activity (GO:0016411)","11/29",0.176150827318676,0.999993719883922,0,0,1.53719024428407,2.66919970233765,"AGPAT5;LPGAT1;MOGAT2;GPAT4;MBOAT1;MBOAT2;PNPLA4;GPAT3;LCLAT1;AGPAT3;AGPAT4"
"Protein Tyrosine Kinase Activator Activity (GO:0030296)","11/29",0.176150827318676,0.999993719883922,0,0,1.53719024428407,2.66919970233765,"ALK;GREM1;ANGPT4;AFAP1L2;NRG3;ALKAL2;CD36;EFNA5;IL6ST;AREG;EGFR"
"C-acyltransferase Activity (GO:0016408)","5/11",0.177631112886046,0.999993719883922,0,0,2.09571537424535,3.62149315346535,"ACSM1;ACSM2A;ACSM5;ACSM4;ACSM2B"
"D-glucose Transmembrane Transporter Activity (GO:0055056)","5/11",0.177631112886046,0.999993719883922,0,0,2.09571537424535,3.62149315346535,"SLC2A14;SLC2A10;SLC2A12;SLC2A3;SLC2A7"
"cAMP Binding (GO:0030552)","5/11",0.177631112886046,0.999993719883922,0,0,2.09571537424535,3.62149315346535,"PDE10A;PDE4D;PDE4B;RAPGEF2;RAPGEF4"
"Mechanosensitive Monoatomic Ion Channel Activity (GO:0008381)","5/11",0.177631112886046,0.999993719883922,0,0,2.09571537424535,3.62149315346535,"TMC1;PIEZO2;TMC6;TMC5;TMC3"
"MAP Kinase Kinase Activity (GO:0004708)","6/14",0.182170116229403,0.999993719883922,0,0,1.88621174815336,3.21186838268752,"MAPK10;MAP2K4;MAP2K1;MAP3K9;MAP2K5;MAP2K6"
"MAP Kinase Phosphatase Activity (GO:0033549)","6/14",0.182170116229403,0.999993719883922,0,0,1.88621174815336,3.21186838268752,"DUSP4;DUSP5;DUSP2;DUSP10;DUSP29;STYXL2"
"Aldehyde Dehydrogenase (NAD+) Activity (GO:0004029)","6/14",0.182170116229403,0.999993719883922,0,0,1.88621174815336,3.21186838268752,"ALDH3A2;ALDH1A3;ALDH1L1;ALDH1A2;ALDH1A1;ALDH7A1"
"Aldehyde Dehydrogenase [NAD(P)+] Activity (GO:0004030)","6/14",0.182170116229403,0.999993719883922,0,0,1.88621174815336,3.21186838268752,"ALDH3A2;ALDH1A3;ALDH1L1;ALDH1A2;ALDH1A1;ALDH7A1"
"Fibroblast Growth Factor Binding (GO:0017134)","8/20",0.182988462178009,0.999993719883922,0,0,1.67675346000469,2.84768435290858,"KL;ITGB3;ITGAV;CXCL13;FGFBP3;THBS1;FGFRL1;GLG1"
"Phosphatidic Acid Binding (GO:0070300)","8/20",0.182988462178009,0.999993719883922,0,0,1.67675346000469,2.84768435290858,"SMPD3;JPH2;SESTD1;MAPKAP1;PACSIN2;RAPGEF2;COMMD1;CIDEC"
"Cadherin Binding Involved In Cell-Cell Adhesion (GO:0098641)","7/17",0.183506247824001,0.999993719883922,0,0,1.76052770448549,2.98498627902367,"BAIAP2L1;KRT18;ANXA2;TMOD3;STXBP6;PDLIM5;S100A11"
"Flavin Adenine Dinucleotide Binding (GO:0050660)","19/55",0.195479987551827,0.999993719883922,0,0,1.32777092269424,2.16731685264471,"STEAP4;TXNRD1;GSR;SQOR;SORD;MICAL2;ETFA;DDO;CYB5R2;ACOXL;CYB5R3;ACOX2;MICAL1;DPYD;LDHD;NOX5;NOS1;ACOX3;DLD"
"Metallopeptidase Activity (GO:0008237)","40/124",0.199175533667454,0.999993719883922,0,0,1.19839584807738,1.93369410775987,"ADAMDEC1;ADAM22;CXCR4;ECE1;ADAMTS12;MYSM1;MMP20;ADAMTS16;ADAMTS5;ADAM28;ADAMTS3;MMP24;PITRM1;ADAMTS1;CLCA2;RCE1;ADAMTS8;ADAMTS9;MMP7;MME;ERAP2;NRDC;ERAP1;ADAM32;LNPEP;MMEL1;ADAM2;DEPDC1B;BMP1;MEP1A;MMP15;ADAM12;ADAM9;EIF3H;TLL2;TLL1;ADAM7;TRABD2B;METAP1;PAPPA2"
"Calcium Channel Activity (GO:0005262)","30/91",0.199470210112869,0.999993719883922,0,0,1.23749934854741,1.99496079077334,"RYR2;SLC24A4;SLC24A3;CHRNA7;PKD1L1;CACNA1D;CACNA1C;PSEN1;PKD2;CLU;NALF1;TRPM1;SEC61A1;NCS1;ITGAV;TRPM7;TRPM8;CACNG3;CACNG4;TRPM3;TMC1;TRPC3;CACNA2D1;CACNA2D3;CACNA2D2;TRPV6;STIM2;CACHD1;ORAI1;SLC24A5"
"Neuropeptide Receptor Activity (GO:0008188)","13/36",0.20001652391254,0.999993719883922,0,0,1.42175214558595,2.28810434550218,"GPR37;NPY2R;TACR2;SORCS1;GRPR;MCHR1;SORCS2;SSTR4;GAL;GALR1;GPR171;PRLHR;NMUR1"
"RNA Polymerase II-specific DNA-binding Transcription Factor Binding (GO:0061629)","71/228",0.202834142110149,0.999993719883922,0,0,1.13849792123939,1.81632163494436,"TCERG1;GSK3B;AKR1B1;RBPJ;ETS1;ETS2;SIN3A;HEY2;KAT8;CD34;CDK5RAP3;BBS4;NCOA1;HES6;BCAS3;MEF2C;PARP1;ANXA4;NCOA3;FOS;ARID1A;ISL1;COMMD7;SIRT1;RBX1;BBS10;NCOR1;PPARG;FBP1;HDAC4;HDAC5;ZBTB8A;FOXC1;CTDP1;SMARCD3;UHRF2;EPAS1;NR1I2;GATA6;GATA4;BCL10;GATA3;STK4;HDAC9;TBXT;ADD1;MTDH;RXRA;NRIP1;TP53BP2;RBBP8;PPARGC1A;MEF2D;ARNT2;CREBBP;SMAD3;STAT1;STAT3;HMGA2;NFATC1;NR0B1;WWP2;SMARCA1;KLF4;TBX3;HIPK2;NFKBIA;MLXIPL;TTC8;CTNNB1;TACC2"
"Frizzled Binding (GO:0005109)","12/33",0.205177974137137,0.999993719883922,0,0,1.43732394366197,2.27654506889276,"FZD1;SFRP1;WNT2B;WNT11;MYOC;WNT5B;WNT7B;WNT5A;CCDC88C;DVL2;WNT9B;WNT2"
"PDZ Domain Binding (GO:0030165)","21/62",0.208460913889456,0.999993719883922,0,0,1.28857129340117,2.02048457983303,"GRIA1;PRKN;SLC22A4;FZD1;DOCK4;NLGN1;CADM1;PLEKHA2;ARHGEF16;CRIM1;FZD8;ADRB1;PSEN1;GNG12;CIT;TGFBR3;SNTG2;CCDC88C;RAPGEF2;ERC1;CFTR"
"Glucuronosyltransferase Activity (GO:0015020)","11/30",0.210408079445502,0.999993719883922,0,0,1.45618358517311,2.26976267152642,"CSGALNACT1;EXT1;UGT1A10;UGT2B28;UGT1A4;LARGE1;UGT1A9;UGT1A8;UGT1A7;UGT2B7;UGT1A6"
"Chemorepellent Activity (GO:0045499)","9/24",0.220863887176779,0.999993719883922,0,0,1.50902692240014,2.278945529903,"SEMA5A;DPP4;EPHA7;SEMA6A;SEMA3C;NRG3;SEMA3D;SEMA6D;SEMA3E"
"Glucose Transmembrane Transporter Activity (GO:0005355)","9/24",0.220863887176779,0.999993719883922,0,0,1.50902692240014,2.278945529903,"SLC2A9;SLC2A14;SLC5A9;SLC2A10;SLC45A1;SLC2A12;SLC2A1;SLC2A3;SLC2A7"
"Hydrolase Activity, Acting On Carbon-Nitrogen (But Not Peptide) Bonds, In Linear Amides (GO:0016811)","19/56",0.221039522186961,0.999993719883922,0,0,1.29179470321723,1.94985270016739,"HDAC4;HDAC5;FAAH;ASAH1;KLK3;HDAC8;SIRT1;UPB1;FHIT;HDAC9;ASRGL1;DARS1;GLS;HINT1;MIER3;ASPG;NAAA;ACER3;SUDS3"
"3-hydroxyacyl-CoA Dehydratase Activity (GO:0018812)","3/6",0.227688108708881,0.999993719883922,0,0,2.51450166988926,3.72090558670474,"HACD1;HSD17B4;HACD3"
"ABC-type Glutathione S-conjugate Transporter Activity (GO:0015431)","3/6",0.227688108708881,0.999993719883922,0,0,2.51450166988926,3.72090558670474,"ABCC4;ABCC2;ABCC6"
"CDP-alcohol Phosphatidyltransferase Activity (GO:0017169)","3/6",0.227688108708881,0.999993719883922,0,0,2.51450166988926,3.72090558670474,"CDS1;PGS1;CEPT1"
"NAD(P)H Oxidase H2O2-forming Activity (GO:0016174)","3/6",0.227688108708881,0.999993719883922,0,0,2.51450166988926,3.72090558670474,"DUOX1;CYB5R4;MICAL1"
"RNA Polymerase III Type 3 Promoter Sequence-Specific DNA Binding (GO:0001006)","3/6",0.227688108708881,0.999993719883922,0,0,2.51450166988926,3.72090558670474,"RPTOR;MTOR;ZFP36L1"
"Aminophospholipid Flippase Activity (GO:0015247)","3/6",0.227688108708881,0.999993719883922,0,0,2.51450166988926,3.72090558670474,"ATP8A2;TMEM30B;ATP8B1"
"Flap Endonuclease Activity (GO:0048256)","3/6",0.227688108708881,0.999993719883922,0,0,2.51450166988926,3.72090558670474,"GEN1;FSCN1;SLX1A"
"Guanylate Cyclase Activator Activity (GO:0030250)","3/6",0.227688108708881,0.999993719883922,0,0,2.51450166988926,3.72090558670474,"RCVRN;NCS1;GUCA2A"
"Insulin-Like Growth Factor II Binding (GO:0031995)","3/6",0.227688108708881,0.999993719883922,0,0,2.51450166988926,3.72090558670474,"IGFBP3;INSR;IGFBP2"
"Interleukin-6 Receptor Binding (GO:0005138)","3/6",0.227688108708881,0.999993719883922,0,0,2.51450166988926,3.72090558670474,"ERAP1;IL6ST;IL6R"
"Mannosyl-Oligosaccharide 1,2-Alpha-Mannosidase Activity (GO:0004571)","3/6",0.227688108708881,0.999993719883922,0,0,2.51450166988926,3.72090558670474,"EDEM3;EDEM2;MAN1C1"
"Mannosyl-Oligosaccharide Mannosidase Activity (GO:0015924)","3/6",0.227688108708881,0.999993719883922,0,0,2.51450166988926,3.72090558670474,"EDEM3;EDEM2;MAN1C1"
"Minor Groove Of Adenine-Thymine-Rich DNA Binding (GO:0003680)","3/6",0.227688108708881,0.999993719883922,0,0,2.51450166988926,3.72090558670474,"MEF2C;HMGA1;HMGA2"
"Peroxisome Proliferator Activated Receptor Binding (GO:0042975)","3/6",0.227688108708881,0.999993719883922,0,0,2.51450166988926,3.72090558670474,"PRMT2;ASXL3;HMGA1"
"Phosphatidic Acid Transfer Activity (GO:1990050)","3/6",0.227688108708881,0.999993719883922,0,0,2.51450166988926,3.72090558670474,"PRELID2;PRELID3A;PRELID3B"
"Pyrimidine Nucleobase Transmembrane Transporter Activity (GO:0005350)","3/6",0.227688108708881,0.999993719883922,0,0,2.51450166988926,3.72090558670474,"SLC28A1;SLC29A3;SLC28A3"
"Sphingosine-1-Phosphate Phosphatase Activity (GO:0042392)","3/6",0.227688108708881,0.999993719883922,0,0,2.51450166988926,3.72090558670474,"PLPP6;PLPP3;SGPP2"
"Histone Deacetylase Activity (GO:0004407)","7/18",0.230529487010307,0.999993719883922,0,0,1.60036779403534,2.3483420898202,"HDAC4;HDAC5;MIER3;SUDS3;HDAC8;HDAC9;SIRT1"
"Adrenergic Receptor Binding (GO:0031690)","6/15",0.234392396109772,0.999993719883922,0,0,1.6765154179857,2.43221926396577,"PDE4D;NEDD4;ARRDC3;MAGI2;RAPGEF2;ADRB1"
"Death Receptor Binding (GO:0005123)","6/15",0.234392396109772,0.999993719883922,0,0,1.6765154179857,2.43221926396577,"EDA;FEM1B;NTF3;TMBIM1;ETFA;NGF"
"Phospholipase Binding (GO:0043274)","6/15",0.234392396109772,0.999993719883922,0,0,1.6765154179857,2.43221926396577,"PRKN;SYK;CLEC6A;BLNK;FYN;ARHGAP6"
"MAP Kinase Tyrosine Phosphatase Activity (GO:0033550)","4/9",0.235902784484015,0.999993719883922,0,0,2.01167369901547,2.90553171572674,"DUSP4;DUSP5;DUSP2;DUSP10"
"MAP Kinase Tyrosine/Serine/Threonine Phosphatase Activity (GO:0017017)","4/9",0.235902784484015,0.999993719883922,0,0,2.01167369901547,2.90553171572674,"DUSP4;DUSP5;DUSP2;DUSP10"
"Calcium:Sodium Antiporter Activity (GO:0005432)","4/9",0.235902784484015,0.999993719883922,0,0,2.01167369901547,2.90553171572674,"SLC24A4;SLC24A3;SLC24A5;SLC8A1"
"Glycine Binding (GO:0016594)","4/9",0.235902784484015,0.999993719883922,0,0,2.01167369901547,2.90553171572674,"GRIN3A;GLRB;GRIN2B;GNMT"
"Glycine Transmembrane Transporter Activity (GO:0015187)","4/9",0.235902784484015,0.999993719883922,0,0,2.01167369901547,2.90553171572674,"SLC36A1;SLC36A3;SLC38A1;SLC36A2"
"Histone H3K9 Methyltransferase Activity (GO:0046974)","4/9",0.235902784484015,0.999993719883922,0,0,2.01167369901547,2.90553171572674,"MECOM;PRDM16;SETDB2;EHMT1"
"Phosphatidylinositol-3,5-Bisphosphate 3-Phosphatase Activity (GO:0052629)","4/9",0.235902784484015,0.999993719883922,0,0,2.01167369901547,2.90553171572674,"MTMR1;MTMR2;MTMR3;SYNJ1"
"Phospholipase Inhibitor Activity (GO:0004859)","4/9",0.235902784484015,0.999993719883922,0,0,2.01167369901547,2.90553171572674,"ANXA1;ANXA2;ANXA4;SNCA"
"Potassium Ion Binding (GO:0030955)","4/9",0.235902784484015,0.999993719883922,0,0,2.01167369901547,2.90553171572674,"HDAC4;KCNJ11;ATP1A2;ATP1A1"
"Prostaglandin Receptor Activity (GO:0004955)","4/9",0.235902784484015,0.999993719883922,0,0,2.01167369901547,2.90553171572674,"PTGER4;PTGFR;PTGER2;PPARG"
"Protein Binding Involved In Heterotypic Cell-Cell Adhesion (GO:0086080)","4/9",0.235902784484015,0.999993719883922,0,0,2.01167369901547,2.90553171572674,"DSP;JUP;PKP2;CD47"
"Protein Serine Kinase Activity (GO:0106310)","4/9",0.235902784484015,0.999993719883922,0,0,2.01167369901547,2.90553171572674,"GSK3B;PRKG2;PIK3CB;SIK2"
"Protein Tyrosine/Threonine Phosphatase Activity (GO:0008330)","4/9",0.235902784484015,0.999993719883922,0,0,2.01167369901547,2.90553171572674,"DUSP4;DUSP5;DUSP2;DUSP10"
"Purine Nucleobase Transmembrane Transporter Activity (GO:0005345)","4/9",0.235902784484015,0.999993719883922,0,0,2.01167369901547,2.90553171572674,"SLC25A4;SLC28A1;SLC29A3;SLC28A3"
"Ubiquitin-Like Protein Ligase Activity (GO:0061659)","97/319",0.236144888181476,0.999993719883922,0,0,1.10003461906947,1.5876906683401,"TRAF3IP2;UBE3C;LTN1;UBE2D1;UBE3A;HERC4;HERC3;HERC2;ZMIZ2;RNF19A;KCMF1;NHLRC3;NSMCE2;PIAS1;RBX1;RNF41;HECW2;HECW1;TRIM14;CBLL1;TRIM64C;TRIM64B;CUL3;RNF180;MYCBP2;NEDD4L;DTX2;FBXO44;COP1;RFPL4B;RNF217;TRIM49B;LONRF1;SMURF1;SIAH2;BFAR;MEX3C;RNF103;MKRN2;MKRN3;LRSAM1;PRPF19;SH3RF1;IRF2BPL;RNF157;TRIM8;TRIM2;ARIH2;RNF150;TRIM64;RNF152;TRIM61;SHPRH;TRIM63;PEX2;PJA2;RNF144A;RNF144B;TRAF3;TRAF6;PDZRN3;TRIM55;BIRC3;PRKN;UHRF2;MGRN1;HERC2P3;PELI2;RNF38;RNF6;DCST1;CBL;NT5C2;RNF4;RNF2;C10ORF90;ZNRF1;RNF138;TRIM48;RFFL;RNF130;TRIM43;MARCHF6;TRIM44;RANBP2;ANKIB1;WWP1;PEX10;WWP2;PML;MIB1;SH3RF3;SH3RF2;GID4;NEDD4;TRIM35;TRIP12"
"CoA-ligase Activity (GO:0016405)","5/12",0.236727771820582,0.999993719883922,0,0,1.79620186390012,2.58804746898613,"ACSL1;ACSM1;ACSM2A;ACSS1;ACSM2B"
"Acid-Thiol Ligase Activity (GO:0016878)","5/12",0.236727771820582,0.999993719883922,0,0,1.79620186390012,2.58804746898613,"ACSL1;ACSM1;ACSM2A;ACSS1;ACSM2B"
"Microtubule Minus-End Binding (GO:0051011)","5/12",0.236727771820582,0.999993719883922,0,0,1.79620186390012,2.58804746898613,"MACF1;TUBGCP2;TUBGCP5;CEP290;CAMSAP2"
"Monocarboxylate:Sodium Symporter Activity (GO:0140161)","5/12",0.236727771820582,0.999993719883922,0,0,1.79620186390012,2.58804746898613,"SLC6A6;SLC10A6;SLC5A8;SLC5A12;SLC6A11"
"Oxidoreductase Activity, Acting On NAD(P)H, Oxygen As Acceptor (GO:0050664)","5/12",0.236727771820582,0.999993719883922,0,0,1.79620186390012,2.58804746898613,"DUOX1;CYB5R4;MICAL1;NOX3;NOX5"
"Ubiquitin-Like Protein Conjugating Enzyme Binding (GO:0044390)","12/34",0.239675830047981,0.999993719883922,0,0,1.37189500640205,1.95970808417995,"PRKN;RNF144A;TCERG1;RNF144B;RNF180;RNF19A;SIAH2;TRAF6;RNF217;ARIH2;PARK7;MARCHF6"
"DNA-binding Transcription Factor Binding (GO:0140297)","86/282",0.241483974245913,0.999993719883922,0,0,1.10453085979308,1.56948551909652,"RB1;TCERG1;GPI;GSK3B;CRTC3;CRTC1;ZMYND8;AKR1B1;NUCKS1;PARK7;RBPJ;ETS1;ETS2;HHEX;SIN3A;HEY2;KAT8;SOST;CD34;BBS4;NKX3-1;HES6;MEF2C;TLE1;PARP1;TCF12;FOS;ISL1;SIRT1;YWHAZ;RBX1;KAT2B;BBS10;NCOR1;KAT6A;NAAA;PPARG;FBP1;YAP1;HDAC4;HDAC5;ZBTB8A;FOXC1;SMARCD3;CTBP2;UHRF2;CTBP1;EPAS1;MAX;SRF;GATA6;GATA4;GATA3;STK4;CXXC5;HDAC8;HDAC9;TBXT;MTDH;PRDM16;RBBP8;PPARGC1A;MEF2D;EIF4E;STAT5A;SMAD2;CREBBP;SMAD3;JUP;STAT3;HMGA2;NFATC1;NR0B1;WWP2;SMARCA1;KLF4;TBX3;HIPK2;SKI;MLXIPL;CENPF;TTC8;NFIA;BCL6;BCL2;CTNNB1"
"Delayed Rectifier Potassium Channel Activity (GO:0005251)","10/28",0.25503810098959,0.999993719883922,0,0,1.39719973405295,1.90905313917868,"KCNG1;KCNH2;KCNG2;KCNG3;KCNS1;KCNC2;KCNE4;KCNB1;KCNC4;KCNA6"
"Neuropeptide Binding (GO:0042923)","10/28",0.25503810098959,0.999993719883922,0,0,1.39719973405295,1.90905313917868,"GPR37;NPY4R;GPR171;GPR149;PRLHR;OPRK1;NMUR1;MCHR1;SORL1;SSTR4"
"Ubiquitin Conjugating Enzyme Binding (GO:0031624)","10/28",0.25503810098959,0.999993719883922,0,0,1.39719973405295,1.90905313917868,"PRKN;RNF144A;RNF144B;RNF180;RNF19A;SIAH2;TRAF6;RNF217;ARIH2;MARCHF6"
"Myosin Binding (GO:0017022)","18/54",0.255921716356977,0.999993719883922,0,0,1.25766654917166,1.71405321065817,"RAB3B;ARFGEF1;RAB3C;MYBPC1;MYOC;LMTK2;CXCR4;MYRIP;GCSAM;TRAK1;SPATA6;USH2A;STXBP5L;ACTC1;MLPH;CALD1;STXBP5;RAB6B"
"Phosphatidylinositol-4-Phosphate Binding (GO:0070273)","9/25",0.26328546932223,0.999993719883922,0,0,1.41461376033785,1.88782526393623,"OSBPL8;JPH2;GOLPH3;PLEKHF1;PLA2G4E;SESTD1;LANCL2;RUBCNL;PLA2G4A"
"Poly-Pyrimidine Tract Binding (GO:0008187)","9/25",0.26328546932223,0.999993719883922,0,0,1.41461376033785,1.88782526393623,"PNPT1;PABPC5;PABPC4L;PABPC3;RBMS1;PABPC1;RBMS2;DIS3L2;RBMS3"
"Alpha-Tubulin Binding (GO:0043014)","13/38",0.26692846111846,0.999993719883922,0,0,1.30782884310618,1.72734710714203,"TBCEL;PACRG;WIPF3;DLEC1;FAM110C;TBCE;TRIM36;FYN;DIP2B;BBS4;DNAL1;SNCA;CDK5R1"
"UDP-glycosyltransferase Activity (GO:0008194)","20/61",0.267499366375882,0.999993719883922,0,0,1.22699439265197,1.61796153173806,"CSGALNACT1;UGT1A10;B4GALT1;HEXB;CSGALNACT2;GXYLT1;UGT2B28;EXT1;MGAT4C;GCNT2;GCNT3;UGT1A4;LARGE1;XXYLT1;B4GALNT3;UGT1A9;UGT1A8;UGT2B7;UGT1A7;UGT1A6"
"Metalloendopeptidase Activity (GO:0004222)","32/101",0.26802476909934,0.999993719883922,0,0,1.16671275669586,1.53618254648082,"ADAMDEC1;ADAM22;ECE1;ADAMTS12;MMP20;ADAMTS16;ADAMTS5;ADAM28;ADAMTS3;MMP24;PITRM1;ADAMTS1;CLCA2;RCE1;ADAMTS8;ADAMTS9;MMP7;MME;NRDC;ADAM32;MMEL1;ADAM2;BMP1;MEP1A;MMP15;ADAM12;ADAM9;TLL2;TLL1;ADAM7;TRABD2B;PAPPA2"
"Ubiquitin-Protein Transferase Activity (GO:0004842)","123/412",0.279735615060284,0.999993719883922,0,0,1.07138876168806,1.3648532364682,"TRAF3IP2;UBE3C;FBXO25;LTN1;UBE2D1;UBE3A;MARCHF11;UBE2L3;HERC4;HERC3;CDC23;HERC2;RNF19A;FBXO4;FBXO7;KCMF1;NHLRC3;FBXW11;UBE2E1;UBE2E2;LMO7;FBXW2;RBX1;RNF41;KLHL42;HECW2;HECW1;TRIM14;CBLL1;TRIM64C;TRIM64B;CUL3;RNF180;MYCBP2;NEDD4L;DTX2;FBXO44;COP1;RFPL4B;RNF217;TRIM49B;LONRF1;UBE2H;SMURF1;SIAH2;BFAR;MEX3C;KLHL20;RNF103;MKRN2;UBE2N;MKRN3;FBXL5;RNF187;LRSAM1;TNFAIP3;PRPF19;SH3RF1;IRF2BPL;RNF157;TRIM8;TRIM2;ARIH2;RNF150;TRIM64;RNF152;TRIM61;SHPRH;TRIM63;PEX2;PJA2;RNF144A;RNF144B;RNF169;UBE2R2;TRAF3;TRAF6;BIRC6;PDZRN3;TRIM55;BIRC3;PRKN;UHRF2;MGRN1;HERC2P3;PELI2;RNF38;RNF6;DCST1;CBL;NT5C2;RNF4;FBXL21P;RNF2;C10ORF90;ZNRF1;RMND5A;RNF138;TRIM48;RFFL;RNF130;TRIM43;MARCHF3;TRIM44;MARCHF6;ANKIB1;WWP1;WWP2;PEX10;UBE2G1;UBE2G2;FBXL14;MIB1;SH3RF3;SH3RF2;GID4;NEDD4;TRIM35;LNX1;TRIM36;TRIP12;TRIM33;LNX2"
"Chemokine Receptor Activity (GO:0004950)","7/19",0.280996760019888,0.999993719883922,0,0,1.46690120199355,1.86210219383454,"CCR1;GPR17;CXCR4;ACKR3;CCR7;CCR3;CCR2"
"Histone Methyltransferase Activity (GO:0042054)","7/19",0.280996760019888,0.999993719883922,0,0,1.46690120199355,1.86210219383454,"PRMT6;PRMT8;PRMT2;KMT2C;SETD7;KMT5A;SMYD3"
"Microtubule Plus-End Binding (GO:0051010)","7/19",0.280996760019888,0.999993719883922,0,0,1.46690120199355,1.86210219383454,"DST;FBXW11;KNSTRN;MAPRE2;CLASP1;TTBK2;CLASP2"
"Protein Serine/Threonine Kinase Inhibitor Activity (GO:0030291)","11/32",0.286011048759693,0.999993719883922,0,0,1.31731502669718,1.64891593691418,"RPTOR;KAT2B;CDKN1A;SPRED1;CDKN2B;PRKAR2A;PKIA;PRKAG2;SPRY2;INKA2;CIT"
"Hexose Transmembrane Transporter Activity (GO:0015149)","6/16",0.29043891913367,0.999993719883922,0,0,1.50875835385157,1.86537147469549,"SLC2A9;SLC2A14;SLC2A12;SLC2A1;SLC2A3;SLC2A7"
"Ionotropic Glutamate Receptor Activity (GO:0004970)","6/16",0.29043891913367,0.999993719883922,0,0,1.50875835385157,1.86537147469549,"GRIN3A;GRIK4;PTK2B;GRIK2;GRIN2B;GRIA3"
"Syntaxin-1 Binding (GO:0017075)","6/16",0.29043891913367,0.999993719883922,0,0,1.50875835385157,1.86537147469549,"UNC13B;SNAP25;UNC13C;SYT1;STXBP5;VAMP3"
"Chloride Channel Regulator Activity (GO:0017081)","5/13",0.300151435996397,0.999993719883922,0,0,1.5715667311412,1.89133049872239,"WNK1;CHRNA7;STX7;SGK3;CFTR"
"Insulin-Like Growth Factor Receptor Binding (GO:0005159)","5/13",0.300151435996397,0.999993719883922,0,0,1.5715667311412,1.89133049872239,"SOCS2;IRS1;INSR;IGF1;PIK3R1"
"Oxidoreductase Activity, Acting On The CH-NH Group Of Donors, NAD Or NADP As Acceptor (GO:0016646)","5/13",0.300151435996397,0.999993719883922,0,0,1.5715667311412,1.89133049872239,"DHFR;ALDH1L1;DHFR2;BLVRB;CRYM"
"Phosphatidate Phosphatase Activity (GO:0008195)","5/13",0.300151435996397,0.999993719883922,0,0,1.5715667311412,1.89133049872239,"PLPP6;PLPP5;PLPP4;PLPP3;LPIN2"
"Phosphatidylinositol-3,5-Bisphosphate Phosphatase Activity (GO:0106018)","5/13",0.300151435996397,0.999993719883922,0,0,1.5715667311412,1.89133049872239,"MTMR1;MTMR2;MTMR3;SYNJ1;MTM1"
"Ubiquitin-Ubiquitin Ligase Activity (GO:0034450)","5/13",0.300151435996397,0.999993719883922,0,0,1.5715667311412,1.89133049872239,"TRAF6;PELI2;UBE4B;PRPF19;RBX1"
"Phosphatidylinositol Binding (GO:0035091)","33/106",0.303420385901304,0.999993719883922,0,0,1.13712670083054,1.35617826592583,"PLEKHF2;DENND1B;PLEKHF1;DENND1A;PITPNA;ITPR1;ITPR2;SNX13;SNX10;RCSD1;MTM1;EEA1;MCF2L;SNX25;FCHO2;RAG2;ANKS1B;BCAS3;GRAMD2A;PHF12;PARD3B;MYO1E;SNX18;ZFYVE16;SNX19;SNX16;SESTD1;PARD3;RUBCNL;PIGK;WDFY3;ESYT2;PICALM"
"Ubiquitin Protein Ligase Activity (GO:0061630)","93/311",0.304410263386792,0.999993719883922,0,0,1.07356162879675,1.27687158863298,"LRSAM1;TRAF3IP2;UBE3C;LTN1;UBE2D1;UBE3A;PRPF19;SH3RF1;IRF2BPL;RNF157;TRIM8;HERC4;HERC3;HERC2;TRIM2;RNF19A;ARIH2;RNF150;TRIM64;RNF152;KCMF1;TRIM61;SHPRH;TRIM63;NHLRC3;UBE4B;PEX2;PJA2;RBX1;RNF41;RNF144A;RNF144B;TRAF3;HECW2;TRAF6;HECW1;TRIM14;CBLL1;PDZRN3;TRIM55;BIRC3;PRKN;TRIM64C;TRIM64B;UHRF2;MGRN1;CUL3;RNF180;HERC2P3;MYCBP2;PELI2;RNF38;NEDD4L;DTX2;RNF6;DCST1;CBL;NT5C2;RNF4;FBXO44;RNF2;C10ORF90;ZNRF1;COP1;RFPL4B;RNF138;RNF217;TRIM49B;TRIM48;LONRF1;RFFL;RNF130;TRIM43;MARCHF6;TRIM44;ANKIB1;SMURF1;SIAH2;WWP1;PEX10;WWP2;BFAR;MEX3C;MIB1;SH3RF3;SH3RF2;RNF103;GID4;NEDD4;MKRN2;TRIM35;MKRN3;TRIP12"
"Sterol Binding (GO:0032934)","19/59",0.305422660868848,0.999993719883922,0,0,1.1946589106293,1.41693558054509,"SCARB2;OSBPL9;CETP;OSBPL8;STARD3NL;INSIG2;CAV1;PTCH1;APOA1;RORA;SULT2B1;NPC1;PMP2;VDAC1;APOD;SLC38A9;PROM1;OSBPL1A;ABCG1"
"Protein Serine/Threonine/Tyrosine Kinase Activity (GO:0004712)","9/26",0.307921361827264,0.999993719883922,0,0,1.33130802910642,1.56816216864938,"MAPK10;MAP2K1;RPS6KA2;TNK2;TTK;BRAF;MAP3K9;MAP2K5;MAP2K6"
"ATP Transmembrane Transporter Activity (GO:0005347)","4/10",0.309791127666109,0.999993719883922,0,0,1.67627754336615,1.96435755690686,"SLC25A42;SLC25A4;SLC25A25;SLC25A24"
"BMP Receptor Binding (GO:0070700)","4/10",0.309791127666109,0.999993719883922,0,0,1.67627754336615,1.96435755690686,"BMP3;SCUBE3;BMP6;ELAPOR2"
"Carbohydrate:Monoatomic Cation Symporter Activity (GO:0005402)","4/10",0.309791127666109,0.999993719883922,0,0,1.67627754336615,1.96435755690686,"SLC2A9;SLC23A2;SLC5A9;SLC2A10"
"Diacylglycerol Kinase Activity (GO:0004143)","4/10",0.309791127666109,0.999993719883922,0,0,1.67627754336615,1.96435755690686,"DGKG;DGKB;DGKK;DGKI"
"Dipeptidase Activity (GO:0016805)","4/10",0.309791127666109,0.999993719883922,0,0,1.67627754336615,1.96435755690686,"CPQ;MEP1A;CNDP1;CNDP2"
"Glycerophospholipid Flippase Activity (GO:0140333)","4/10",0.309791127666109,0.999993719883922,0,0,1.67627754336615,1.96435755690686,"ATP8A2;ATP8B2;ATP8B1;ATP11A"
"Histone H4K12 Acetyltransferase Activity (GO:0043997)","4/10",0.309791127666109,0.999993719883922,0,0,1.67627754336615,1.96435755690686,"ING4;MEAF6;KAT6A;JADE1"
"Nuclear Retinoid X Receptor Binding (GO:0046965)","4/10",0.309791127666109,0.999993719883922,0,0,1.67627754336615,1.96435755690686,"NRIP1;HMGA1;MED9;PPARG"
"Outward Rectifier Potassium Channel Activity (GO:0015271)","4/10",0.309791127666109,0.999993719883922,0,0,1.67627754336615,1.96435755690686,"KCND2;KCNT2;KCND3;PKD2"
"Semaphorin Receptor Activity (GO:0017154)","4/10",0.309791127666109,0.999993719883922,0,0,1.67627754336615,1.96435755690686,"PLXNA2;PLXNA1;PLXNC1;PLXNA4"
"Transmembrane Receptor Protein Serine/Threonine Kinase Binding (GO:0070696)","4/10",0.309791127666109,0.999993719883922,0,0,1.67627754336615,1.96435755690686,"BMP3;SCUBE3;BMP6;ELAPOR2"
"Non-Membrane Spanning Protein Tyrosine Kinase Activity (GO:0004715)","12/36",0.314239086636943,0.999993719883922,0,0,1.25739436619718,1.45556117738804,"LYN;HCK;FER;YES1;SYK;RIPK2;TXK;ABL2;PTK2B;CSK;FYN;FRK"
"Protein Serine/Threonine Kinase Activator Activity (GO:0043539)","18/56",0.315777187631958,0.999993719883922,0,0,1.19130660631134,1.3732410648258,"MAP2K1;SH2D1A;STK4;IRGM;PARP8;STK3;ETAA1;CCND3;DBF4;CCNY;TRAF6;SPRY2;RICTOR;TAB2;FAM20A;MAP3K13;LTF;CDK5R1"
"Transcription Cis-Regulatory Region Binding (GO:0000976)","140/474",0.31587565868587,0.999993719883922,0,0,1.05500094911042,1.21579008630339,"ATF1;RB1;FOXA1;PRDM9;RORA;PARK7;NR3C1;ETS1;FERD3L;CREB3L1;CREB3L2;SOX9;SOX6;SOX7;SOX4;CDK5RAP2;KCNH2;MEF2C;MSX2;ZNF281;SOX13;RFX3;ARID5B;SOX11;ISL1;RUNX3;FOXP1;RUNX1;ISL2;LMX1A;TBL1XR1;XRN2;ATF7;HOXB1;ADNP;ATF6;ATF3;KMT2D;ZBTB8A;CASZ1;DLX5;MAX;EPAS1;GATA6;GATA5;GATA4;GATA3;FOXO3;ZBTB5;NPAS1;NPAS3;SCRT2;PRDM16;DHX36;RREB1;SMAD2;TFAP2B;SMAD4;TFAP2C;SMAD3;TIPARP;XRCC5;ZBTB10;HMGA1;HMGA2;FOXN3;FOXN2;SMAD6;ELL2;SMARCA2;PBX1;PHOX2B;ISX;TFCP2;LHX2;ZNF658;CREBRF;SNAI2;NANOG;SIM2;KDM5A;HMX3;CALCOCO1;THRA;TCF24;AKR1B1;HIF3A;CHD3;GLI3;HHEX;TRPS1;NKX3-1;TCF12;TFEB;PAX6;FOS;KLF15;ETV6;RBL2;NCOR1;NR5A2;DUX4L3;ZNF516;PPARG;HDAC4;YAP1;HDAC5;FOXC1;ASCL4;ZNF518B;NR1I2;LEF1;BARX2;CUX2;RXRA;GBX2;CUX1;ERBB4;HSF2;ZNF589;TBL1X;MEF2D;E2F6;E2F7;STOX1;BRD4;SNCA;MLXIP;CDX2;STAT1;STAT3;FOXJ1;KLF4;USF3;GRHL2;PER2;PER1;WT1;ZNF217;FOXA2"
"2-Acylglycerol-3-Phosphate O-acyltransferase Activity (GO:0047144)","3/7",0.318268906500502,0.999993719883922,0,0,1.88574441905432,2.1589107827063,"LPGAT1;MBOAT1;MBOAT2"
"3',5'-cyclic-GMP Phosphodiesterase Activity (GO:0047555)","3/7",0.318268906500502,0.999993719883922,0,0,1.88574441905432,2.1589107827063,"PDE3A;PDE5A;PDE9A"
"NMDA Glutamate Receptor Activity (GO:0004972)","3/7",0.318268906500502,0.999993719883922,0,0,1.88574441905432,2.1589107827063,"GRIN3A;PTK2B;GRIN2B"
"RNA Polymerase III Cis-Regulatory Region Sequence-Specific DNA Binding (GO:0000992)","3/7",0.318268906500502,0.999993719883922,0,0,1.88574441905432,2.1589107827063,"RPTOR;MTOR;ZFP36L1"
"U1 snRNA Binding (GO:0030619)","3/7",0.318268906500502,0.999993719883922,0,0,1.88574441905432,2.1589107827063,"ISG20;GEMIN5;SNRPB2"
"Armadillo Repeat Domain Binding (GO:0070016)","3/7",0.318268906500502,0.999993719883922,0,0,1.88574441905432,2.1589107827063,"LEF1;STRN;STRN3"
"Calcium-Independent Phospholipase A2 Activity (GO:0047499)","3/7",0.318268906500502,0.999993719883922,0,0,1.88574441905432,2.1589107827063,"PLA2G4A;PLA2G5;PLA2G6"
"Coreceptor Activity Involved In Wnt Signaling Pathway (GO:0071936)","3/7",0.318268906500502,0.999993719883922,0,0,1.88574441905432,2.1589107827063,"PTK7;ROR1;GPC6"
"Cyclic Nucleotide-Dependent Protein Kinase Activity (GO:0004690)","3/7",0.318268906500502,0.999993719883922,0,0,1.88574441905432,2.1589107827063,"PRKG2;PRKX;PRKG1"
"Fructose Transmembrane Transporter Activity (GO:0005353)","3/7",0.318268906500502,0.999993719883922,0,0,1.88574441905432,2.1589107827063,"SLC2A9;SLC2A3;SLC2A7"
"Inorganic Phosphate Transmembrane Transporter Activity (GO:0005315)","3/7",0.318268906500502,0.999993719883922,0,0,1.88574441905432,2.1589107827063,"SLC20A2;SLC25A25;SLC25A24"
"Mitochondrial Ribosome Binding (GO:0097177)","3/7",0.318268906500502,0.999993719883922,0,0,1.88574441905432,2.1589107827063,"MRPS27;UQCC5;MALSU1"
"Neutral L-amino Acid:Sodium Symporter Activity (GO:0005295)","3/7",0.318268906500502,0.999993719883922,0,0,1.88574441905432,2.1589107827063,"SLC6A15;SLC38A2;SLC38A4"
"Nucleotide Transmembrane Transporter Activity (GO:0015215)","3/7",0.318268906500502,0.999993719883922,0,0,1.88574441905432,2.1589107827063,"ABCC4;ABCC5;SLC25A33"
"Oxidoreductase Activity, Acting On Paired Donors, With Oxidation Of A Pair Of Donors Resulting In The Reduction Of Molecular Oxygen To Two Molecules Of Water (GO:0016717)","3/7",0.318268906500502,0.999993719883922,0,0,1.88574441905432,2.1589107827063,"SC5D;DEGS2;FADS1"
"Oxidoreductase Activity, Acting On The Aldehyde Or Oxo Group Of Donors, Disulfide As Acceptor (GO:0016624)","3/7",0.318268906500502,0.999993719883922,0,0,1.88574441905432,2.1589107827063,"PDHA1;OGDH;OGDHL"
"Phosphatidylethanolamine Binding (GO:0008429)","3/7",0.318268906500502,0.999993719883922,0,0,1.88574441905432,2.1589107827063,"NF1;PEBP1;ESYT2"
"Purine Nucleotide Transmembrane Transporter Activity (GO:0015216)","3/7",0.318268906500502,0.999993719883922,0,0,1.88574441905432,2.1589107827063,"ABCC4;ABCC5;SLC25A24"
"Pyrimidine Nucleoside Transmembrane Transporter Activity (GO:0015214)","3/7",0.318268906500502,0.999993719883922,0,0,1.88574441905432,2.1589107827063,"SLC28A1;SLC29A3;SLC28A3"
"Retinal Dehydrogenase Activity (GO:0001758)","3/7",0.318268906500502,0.999993719883922,0,0,1.88574441905432,2.1589107827063,"ALDH1A3;ALDH1A2;ALDH1A1"
"Sodium Channel Inhibitor Activity (GO:0019871)","3/7",0.318268906500502,0.999993719883922,0,0,1.88574441905432,2.1589107827063,"NEDD4;NEDD4L;COMMD1"
"tRNA-specific Adenosine Deaminase Activity (GO:0008251)","3/7",0.318268906500502,0.999993719883922,0,0,1.88574441905432,2.1589107827063,"ADARB1;ADARB2;ADAT2"
"Calmodulin-Dependent Protein Kinase Activity (GO:0004683)","8/23",0.320255630674345,0.999993719883922,0,0,1.34112127609665,1.52704863841593,"CAMK2D;CAMK1D;EEF2K;DAPK1;PTK2B;PHKA1;MYLK3;CAMK1G"
"Mitogen-Activated Protein Kinase Binding (GO:0051019)","8/23",0.320255630674345,0.999993719883922,0,0,1.34112127609665,1.52704863841593,"DUSP10;MICAL2;PRKG2;NFATC1;PTPRJ;ATF7;SIRT1;CDK5RAP3"
"Phospholipase C Activity (GO:0004629)","8/23",0.320255630674345,0.999993719883922,0,0,1.34112127609665,1.52704863841593,"CCR1;CHRM3;CHRM1;PLCB4;PLCL1;PLCH1;PLCB1;F2RL2"
"Protein Tyrosine/Serine/Threonine Phosphatase Activity (GO:0008138)","8/23",0.320255630674345,0.999993719883922,0,0,1.34112127609665,1.52704863841593,"DUSP4;DUSP5;DUSP2;MTMR2;MTMR3;DUSP10;DUSP29;STYXL2"
"Small GTPase Binding (GO:0031267)","60/199",0.322403675610443,0.999993719883922,0,0,1.0859579381949,1.22925103035792,"DOCK5;DOCK4;DOCK3;DENND5B;GCC1;BICD1;EPS8;AKAP13;RIMS1;GOLGA4;AP1G1;ANKFY1;ERC1;DNM1L;RNF152;UNC13B;PLEKHG3;PLEKHG1;ARHGEF16;TSC2;GAPVD1;RNF41;CDC42EP4;CDC42EP3;RIN3;RAF1;DOCK2;RIN2;DOCK1;RAPGEF4;RABGAP1;GARRE1;MAPKAP1;MYCBP2;RHOBTB3;IQGAP2;NDRG1;STRN3;FGD4;ALS2CL;KIF3B;SH3BP4;CHML;SRGAP3;RAB11FIP3;EXPH5;RANBP2;GIT2;RABGAP1L;RIC1;CAV1;BRAF;CYRIB;SORL1;PEX5L;MLPH;RAB3GAP2;RAB3GAP1;MEGF9;PICALM"
"Phosphatidylinositol Phospholipase C Activity (GO:0004435)","7/20",0.333770449171649,0.999993719883922,0,0,1.35396793180434,1.48571144900686,"CCR1;CHRM3;CHRM1;PLCB4;PLCH1;PLCB1;F2RL2"
"Cholesterol Binding (GO:0015485)","16/50",0.338358721966712,0.999993719883922,0,0,1.18343489615719,1.28242761420377,"SCARB2;CETP;OSBPL8;STARD3NL;CAV1;PTCH1;APOA1;SULT2B1;NPC1;PMP2;VDAC1;APOD;SLC38A9;PROM1;OSBPL1A;ABCG1"
"Protein Heterodimerization Activity (GO:0046982)","57/190",0.34405841996366,0.999993719883922,0,0,1.07808340727595,1.15025441865156,"ROPN1B;ITGB1;PHB1;TENM2;TENM3;TENM4;ADRA1B;IKZF3;IL12A;FBXO7;BOK;MEF2C;ZHX2;MIGA1;RALGAPA1;RALGAPA2;KRT1;TPM1;ATP1B1;ADRA2A;QTRT2;RALGAPB;SLC7A9;MICU1;ATF6;ABCG1;ATF3;PAFAH1B2;EPAS1;ZBTB1;ADRB1;ATP1A2;ATP1A1;NPAS1;ADD1;NPAS3;FXR1;BCL2L10;IRAK2;ERBB2;MCL1;TFAP2B;ARNT2;GABBR2;GADD45A;KCNB1;SUPT5H;BMP6;EXT1;MLXIPL;LSM6;VAPA;BCL2;CFHR5;TCF4;RAN;BCL2L1"
"DNA Binding, Bending (GO:0008301)","6/17",0.348765818301533,0.999993719883922,0,0,1.37150257410546,1.44467853127168,"FOXD4;HHEX;LEF1;HMGA1;HMGA2;TOP1"
"RNA Polymerase Binding (GO:0070063)","6/17",0.348765818301533,0.999993719883922,0,0,1.37150257410546,1.44467853127168,"TCERG1;TCERG1L;BIN1;YTHDC2;NEDD4;PHRF1"
"Neuropeptide Receptor Binding (GO:0071855)","6/17",0.348765818301533,0.999993719883922,0,0,1.37150257410546,1.44467853127168,"KISS1;GAL;NPY;ASIP;QRFP;APLN"
"Nuclear Retinoic Acid Receptor Binding (GO:0042974)","6/17",0.348765818301533,0.999993719883922,0,0,1.37150257410546,1.44467853127168,"ASXL1;PRMT2;NRIP1;HMGA1;MED9;PPARG"
"Quaternary Ammonium Group Transmembrane Transporter Activity (GO:0015651)","6/17",0.348765818301533,0.999993719883922,0,0,1.37150257410546,1.44467853127168,"SLC22A4;SLC22A3;SLC44A3;SLC22A16;SLC22A1;SLC25A20"
"Solute:Potassium Antiporter Activity (GO:0022821)","6/17",0.348765818301533,0.999993719883922,0,0,1.37150257410546,1.44467853127168,"SLC24A4;SLC24A3;SLC9A7;SLC9A9;SLC24A5;SLC9C2"
"Histone Acetyltransferase Activity (GO:0004402)","9/27",0.354051279057898,0.999993719883922,0,0,1.25725849023403,1.30542848885059,"KAT2B;CREBBP;TADA2A;KAT6B;NCOA3;USP22;KAT6A;BAZ1A;CLOCK"
"Voltage-Gated Monoatomic Ion Channel Activity (GO:0005244)","9/27",0.354051279057898,0.999993719883922,0,0,1.25725849023403,1.30542848885059,"GRIN3A;KCND2;KCNJ11;VDAC3;PTK2B;VDAC1;PKD2;GRIN2B;SCN1A"
"Protein-Lysine N-methyltransferase Activity (GO:0016279)","17/54",0.359268682115706,0.999993719883922,0,0,1.1554089772592,1.1827745526555,"KMT2D;PRDM9;SETD3;KMT2C;SETD1B;SETD7;SETDB2;EHMT1;SETMAR;ATPSCKMT;NSD3;MECOM;SETBP1;NSD2;PRDM16;KMT5A;JARID2"
"Kinase Activator Activity (GO:0019209)","14/44",0.363949838802079,0.999993719883922,0,0,1.17348831748268,1.18609067412002,"NEK9;MAP2K1;PRKAG2;ETFA;BCL10;MOB3B;MOB3A;RPTOR;GPRC5B;WNT11;GPRC5A;WNK1;MAP3K20;CDK5R1"
"1-Phosphatidylinositol Binding (GO:0005545)","5/14",0.365696597294202,0.999993719883922,0,0,1.39685051677315,1.40516353529441,"ZFYVE16;SESTD1;SNX10;WDFY3;PICALM"
"Acylglycerol Lipase Activity (GO:0047372)","5/14",0.365696597294202,0.999993719883922,0,0,1.39685051677315,1.40516353529441,"ABHD12;FAAH;DAGLA;ABHD2;DAGLB"
"Alkali Metal Ion Binding (GO:0031420)","5/14",0.365696597294202,0.999993719883922,0,0,1.39685051677315,1.40516353529441,"HDAC4;SLC34A2;KCNJ11;ATP1A2;ATP1A1"
"Calcium-Dependent Cysteine-Type Endopeptidase Activity (GO:0004198)","5/14",0.365696597294202,0.999993719883922,0,0,1.39685051677315,1.40516353529441,"CAPN13;CAPN14;CAPN9;CAPN5;CAPN2"
"Hyaluronic Acid Binding (GO:0005540)","5/14",0.365696597294202,0.999993719883922,0,0,1.39685051677315,1.40516353529441,"CHODL;CEMIP;CD44;IMPG1;IMPG2"
"Muscle Alpha-Actinin Binding (GO:0051371)","5/14",0.365696597294202,0.999993719883922,0,0,1.39685051677315,1.40516353529441,"PDLIM3;PALLD;PKD2;PDLIM5;TTN"
"Nucleoside Diphosphate Phosphatase Activity (GO:0017110)","5/14",0.365696597294202,0.999993719883922,0,0,1.39685051677315,1.40516353529441,"ENTPD4;ENTPD6;SLC25A42;NUDT15;GBP1"
"Nucleotidase Activity (GO:0008252)","5/14",0.365696597294202,0.999993719883922,0,0,1.39685051677315,1.40516353529441,"NT5DC1;NT5C1B;NT5DC3;BPNT2;NT5C2"
"Protein Kinase C Activity (GO:0004697)","5/14",0.365696597294202,0.999993719883922,0,0,1.39685051677315,1.40516353529441,"PRKCH;PRKCB;PRKCE;PRKCA;PRKD1"
"Transaminase Activity (GO:0008483)","5/14",0.365696597294202,0.999993719883922,0,0,1.39685051677315,1.40516353529441,"OAT;GOT1;PSAT1;GOT2;ABAT"
"Voltage-Gated Potassium Channel Activity Involved In Cardiac Muscle Cell Action Potential Repolarization (GO:0086008)","5/14",0.365696597294202,0.999993719883922,0,0,1.39685051677315,1.40516353529441,"KCNH2;KCNJ5;KCND3;KCNE4;KCNJ3"
"Nuclear Estrogen Receptor Binding (GO:0030331)","11/34",0.367917537303563,0.999993719883922,0,0,1.20259752186924,1.20247299209958,"DCAF1;NCOA1;PRMT2;LEF1;NRIP1;CTNNB1;WIPI1;STRN;ESR1;ISL1;NKX3-1"
"Sodium Channel Regulator Activity (GO:0017080)","11/34",0.367917537303563,0.999993719883922,0,0,1.20259752186924,1.20247299209958,"CAMK2D;NEDD4;TMPRSS4;FXYD1;PKP2;NEDD4L;SGK3;NOS1;COMMD1;GPD1L;FGF12"
"SUMO Transferase Activity (GO:0019789)","8/24",0.369951490460194,0.999993719883922,0,0,1.25721323011963,1.25015195221491,"HDAC4;RANBP2;UHRF2;ZMIZ2;NSMCE2;HDAC9;PML;PIAS1"
"DNA-(apurinic Or Apyrimidinic Site) Endonuclease Activity (GO:0003906)","4/11",0.385311113933724,0.999993719883922,0,0,1.43670886075949,1.37019525009031,"NEIL3;NEIL2;NTHL1;HMGA2"
"MAP Kinase Activity (GO:0004707)","4/11",0.385311113933724,0.999993719883922,0,0,1.43670886075949,1.37019525009031,"MAPK10;MAPK1;MAPK6;MAP3K7"
"P-type Ion Transporter Activity (GO:0015662)","4/11",0.385311113933724,0.999993719883922,0,0,1.43670886075949,1.37019525009031,"ATP2A2;ATP2C2;ATP2C1;ATP7A"
"Death Receptor Activity (GO:0005035)","4/11",0.385311113933724,0.999993719883922,0,0,1.43670886075949,1.37019525009031,"TNFRSF19;TNFRSF10B;TNFRSF10A;TNFRSF1B"
"Dynactin Binding (GO:0034452)","4/11",0.385311113933724,0.999993719883922,0,0,1.43670886075949,1.37019525009031,"GSK3B;HTT;HOOK3;BICD1"
"Hexosaminidase Activity (GO:0015929)","4/11",0.385311113933724,0.999993719883922,0,0,1.43670886075949,1.37019525009031,"NAGLU;CEMIP2;HEXB;HYAL4"
"Ligand-Gated Sodium Channel Activity (GO:0015280)","4/11",0.385311113933724,0.999993719883922,0,0,1.43670886075949,1.37019525009031,"SCNN1G;SCNN1B;SCNN1A;ASIC2"
"Monoamine Transmembrane Transporter Activity (GO:0008504)","4/11",0.385311113933724,0.999993719883922,0,0,1.43670886075949,1.37019525009031,"SLC22A3;SLC22A1;SLC29A3;SLC6A3"
"Phosphatidylinositol-3-Phosphate Phosphatase Activity (GO:0004438)","4/11",0.385311113933724,0.999993719883922,0,0,1.43670886075949,1.37019525009031,"MTMR1;MTMR2;MTMR3;SYNJ1"
"poly(A) RNA Polymerase Activity (GO:1990817)","4/11",0.385311113933724,0.999993719883922,0,0,1.43670886075949,1.37019525009031,"PAPOLG;TUT1;TENT4B;TENT5C"
"Prostaglandin Transmembrane Transporter Activity (GO:0015132)","4/11",0.385311113933724,0.999993719883922,0,0,1.43670886075949,1.37019525009031,"SLCO1B1;SLCO3A1;SLC22A1;SLCO2A1"
"Voltage-Gated Potassium Channel Activity Involved In Ventricular Cardiac Muscle Cell Action Potential Repolarization (GO:1902282)","4/11",0.385311113933724,0.999993719883922,0,0,1.43670886075949,1.37019525009031,"KCNH2;KCNJ5;KCNE4;KCNJ3"
"Manganese Ion Binding (GO:0030145)","15/48",0.386023613998449,0.999993719883922,0,0,1.14296923791375,1.08794296726514,"B4GALT1;DYRK2;ARG1;GALNT2;GALNT1;XPNPEP1;MGAT5;XPNPEP3;PIM1;ABL2;FAM20C;LARGE1;XXYLT1;ADPRM;GYG1"
"Lysophospholipase Activity (GO:0004622)","7/21",0.387710098278304,0.999993719883922,0,0,1.25716798592788,1.19116338296254,"LYPLA2;ASPG;ENPP2;PLA2G4A;PLA2G6;PLB1;LYPLAL1"
"Telomerase RNA Binding (GO:0070034)","7/21",0.387710098278304,0.999993719883922,0,0,1.25716798592788,1.19116338296254,"XRN1;PINX1;DHX36;PARN;TENT4B;DCP2;SMG6"
"Triglyceride Lipase Activity (GO:0004806)","7/21",0.387710098278304,0.999993719883922,0,0,1.25716798592788,1.19116338296254,"PNLIPRP1;DAGLA;PNPLA4;ABHD5;LCP1;DAGLB;PNLIP"
"Protein Kinase Regulator Activity (GO:0019887)","31/103",0.392025085553275,0.999993719883922,0,0,1.08273960234745,1.01390924759184,"CDKN1A;ITPRIP;CCNH;CCNF;PRKAG2;ETFA;CCNB3;RPTOR;CCND3;WNT11;PRKAR2A;MAP3K20;MBIP;NCK1;SNCA;NEK9;MAP2K1;SPRY4;PARVA;ELP3;MOB3B;MOB3A;GPRC5B;GPRC5A;CCNY;APC;TAOK3;WNK1;CCNP;CCNO;CDK5R1"
"Sulfotransferase Activity (GO:0008146)","12/38",0.393407880464836,0.999993719883922,0,0,1.16050920910076,1.08264872160747,"SULT1C3;SULT2B1;CHST9;HS3ST3A1;CHST7;CHST11;SULT1E1;WSCD1;UST;HS6ST1;HS3ST1;CHST3"
"mRNA 3'-UTR Binding (GO:0003730)","28/93",0.400109109382224,0.999993719883922,0,0,1.08323554976097,0.992263257070428,"RBM47;ELAVL4;PARN;DAZ2;ZFP36L1;FXR1;LARP1;AUH;DHX36;PABPC4L;IGF2BP1;IGF2BP3;IGF2BP2;DDX17;SECISBP2L;PABPC5;LARP4B;ZAR1;PUM2;GEMIN5;PABPC3;RBMS1;TUT1;PABPC1;CPEB3;CPEB2;RBMS2;RBMS3"
"Potassium Channel Regulator Activity (GO:0015459)","14/45",0.400766322711598,0.999993719883922,0,0,1.13555431830835,1.03832447600829,"DPP10;KCNIP1;KCNE4;LRRC38;NEDD4L;KCNAB1;ADRB2;LRRC55;KCNV1;DLG1;KCNS1;KCNMB1;KCNMB2;SGK3"
"Protein Kinase Inhibitor Activity (GO:0004860)","14/45",0.400766322711598,0.999993719883922,0,0,1.13555431830835,1.03832447600829,"CDKN1A;ITPRIP;SPRY4;PARVA;CIT;RPTOR;SPRED1;IBTK;TAOK3;MBIP;SPRY2;INKA2;NCK1;SNCA"
"Cytokine Receptor Activity (GO:0004896)","23/76",0.405636739231185,0.999993719883922,0,0,1.09122103994914,0.984605744414413,"CCR1;IL15RA;GPR17;IL1R1;IL10RB;IL1R2;IL31RA;IL5RA;GFRA1;LIFR;OSMR;IL22RA2;GHR;IL22RA1;IL1RL1;IL17REL;IL6ST;IL7R;IL6R;CCR3;CD44;IL18R1;CCR2"
"Intracellular Chloride Channel Activity (GO:0061778)","6/18",0.407883965302151,0.999993719883922,0,0,1.25712275765037,1.12735317324223,"OCA2;CLCA2;ANO4;ANO2;ANO3;BEST1"
"Nucleobase-Containing Compound Kinase Activity (GO:0019205)","6/18",0.407883965302151,0.999993719883922,0,0,1.25712275765037,1.12735317324223,"AK4;AK5;TK1;NT5C2;AK8;AK9"
"L-aspartate Transmembrane Transporter Activity (GO:0015183)","3/8",0.408997408530306,0.999993719883922,0,0,1.50849006855335,1.34866020433409,"UCP2;SLC25A12;SLC25A13"
"L-glutamine Transmembrane Transporter Activity (GO:0015186)","3/8",0.408997408530306,0.999993719883922,0,0,1.50849006855335,1.34866020433409,"SLC38A1;SLC38A9;SLC38A2"
"P-type Calcium Transporter Activity (GO:0005388)","3/8",0.408997408530306,0.999993719883922,0,0,1.50849006855335,1.34866020433409,"ATP2A2;ATP2C2;ATP2C1"
"Activin Receptor Activity (GO:0017002)","3/8",0.408997408530306,0.999993719883922,0,0,1.50849006855335,1.34866020433409,"ACVR2A;TGFBR1;TGFBR2"
"Adenylate Cyclase Inhibiting G Protein-Coupled Glutamate Receptor Activity (GO:0001640)","3/8",0.408997408530306,0.999993719883922,0,0,1.50849006855335,1.34866020433409,"GRM3;GRM7;GRM1"
"Carbon-Nitrogen Ligase Activity, With Glutamine As amido-N-donor (GO:0016884)","3/8",0.408997408530306,0.999993719883922,0,0,1.50849006855335,1.34866020433409,"GMPS;GATB;QRSL1"
"Cuprous Ion Binding (GO:1903136)","3/8",0.408997408530306,0.999993719883922,0,0,1.50849006855335,1.34866020433409,"PARK7;ATP7A;SNCA"
"Endodeoxyribonuclease Activity, Producing 5'-Phosphomonoesters (GO:0016888)","3/8",0.408997408530306,0.999993719883922,0,0,1.50849006855335,1.34866020433409,"GEN1;FSCN1;SLX1A"
"Glucosyltransferase Activity (GO:0046527)","3/8",0.408997408530306,0.999993719883922,0,0,1.50849006855335,1.34866020433409,"ALG8;ALG6;ALG10B"
"Guanylate Kinase Activity (GO:0004385)","3/8",0.408997408530306,0.999993719883922,0,0,1.50849006855335,1.34866020433409,"DLG1;LRGUK;DLG2"
"Lysophospholipid Acyltransferase Activity (GO:0071617)","3/8",0.408997408530306,0.999993719883922,0,0,1.50849006855335,1.34866020433409,"LPGAT1;MBOAT2;ABHD5"
"Metal-Dependent Deubiquitinase Activity (GO:0140492)","3/8",0.408997408530306,0.999993719883922,0,0,1.50849006855335,1.34866020433409,"DEPDC1B;EIF3H;MYSM1"
"Nucleoside Transmembrane Transporter Activity (GO:0005337)","3/8",0.408997408530306,0.999993719883922,0,0,1.50849006855335,1.34866020433409,"SLC28A1;SLC29A3;SLC28A3"
"Retinal Binding (GO:0016918)","3/8",0.408997408530306,0.999993719883922,0,0,1.50849006855335,1.34866020433409,"OPN4;OPN3;ALDH1A2"
"Serine Transmembrane Transporter Activity (GO:0022889)","3/8",0.408997408530306,0.999993719883922,0,0,1.50849006855335,1.34866020433409,"SFXN2;SLC38A2;SERINC5"
"Single-Stranded DNA Endodeoxyribonuclease Activity (GO:0000014)","3/8",0.408997408530306,0.999993719883922,0,0,1.50849006855335,1.34866020433409,"ERCC4;RBBP8;SETMAR"
"Superoxide-Generating NAD(P)H Oxidase Activity (GO:0016175)","3/8",0.408997408530306,0.999993719883922,0,0,1.50849006855335,1.34866020433409,"DUOX1;NOX3;NOX5"
"Threonine-Type Peptidase Activity (GO:0070003)","3/8",0.408997408530306,0.999993719883922,0,0,1.50849006855335,1.34866020433409,"TASP1;GGT3P;GGT1"
"Urea Transmembrane Transporter Activity (GO:0015204)","3/8",0.408997408530306,0.999993719883922,0,0,1.50849006855335,1.34866020433409,"SLC14A1;SLC14A2;AQP7P3"
"Inorganic Cation Transmembrane Transporter Activity (GO:0022890)","11/35",0.409970816162673,0.999993719883922,0,0,1.15240861350701,1.02756738391885,"GRIA1;DMAC2L;GRIN3A;UCP3;UCP2;SLC41A1;PTK2B;SLC4A11;RHAG;GRIN2B;GRIA3"
"Ion Channel Inhibitor Activity (GO:0008200)","11/35",0.409970816162673,0.999993719883922,0,0,1.15240861350701,1.02756738391885,"KCNV1;CAMK2D;WNK1;NEDD4;KCNMB2;STX7;ITPR1;NEDD4L;SLC30A1;COMMD1;CFTR"
"GTPase Binding (GO:0051020)","66/225",0.409999747285416,0.999993719883922,0,0,1.04393348939224,0.930769779256306,"DOCK5;DOCK4;DOCK3;DENND5B;GCC1;FNBP1L;BICD1;EPS8;AKAP13;RIMS1;GOLGA4;AP1G1;ANKFY1;ERC1;DNM1L;RNF152;UNC13B;PLEKHG3;PLEKHG1;ARHGEF16;TSC2;ATG14;GAPVD1;RNF41;CDC42EP4;CDC42EP3;RIN3;LCP1;RAF1;DOCK2;RIN2;DOCK1;RAPGEF4;RABGAP1;GARRE1;MAPKAP1;MYCBP2;RHOBTB3;AMBRA1;IQGAP2;NDRG1;STRN3;FGD4;ALS2CL;KIF3B;SH3BP4;CHML;SRGAP3;RAB11FIP3;EXPH5;RANBP2;GIT2;RABGAP1L;RIC1;CAV1;BNIP3;BRAF;CYRIB;SORL1;PEX5L;MLPH;ATG16L1;RAB3GAP2;RAB3GAP1;MEGF9;PICALM"
"Lipase Activity (GO:0016298)","13/42",0.416581807274067,0.999993719883922,0,0,1.12712291503482,0.986990451365294,"PNLIPRP1;FAAH;DAGLA;ABHD2;ABHD5;ABHD12;SMPD3;NCEH1;PNPLA4;LCP1;DAGLB;LDAH;PNLIP"
"FAD Binding (GO:0071949)","8/25",0.420147249057507,0.999993719883922,0,0,1.18317671896345,1.02599173462575,"CYB5R2;STEAP4;CYB5R3;MICAL1;TXNRD1;SQOR;MICAL2;DDO"
"Ferrous Iron Binding (GO:0008198)","8/25",0.420147249057507,0.999993719883922,0,0,1.18317671896345,1.02599173462575,"EGLN3;FECH;FTMT;HAAO;ALKBH1;CDO1;F3;SNCA"
"Protein Homodimerization Activity (GO:0042803)","191/662",0.424984017272383,0.999993719883922,0,0,1.02002955648674,0.872843083122006,"SCARB2;UGT1A10;PRDM9;CSF1;PARK7;IKZF3;YARS2;TMEM266;HPGDS;SMCHD1;FBXO4;PIP4K2A;MAP3K9;SOX6;GYG1;B2M;TBC1D22A;IL6R;MAP3K5;KCNH2;TPD52;GEN1;BNIP3L;PDGFRA;ST6GAL1;SLC30A8;MIGA1;TPM1;SETMAR;TSC2;KNSTRN;UPB1;FOXP2;NRBP1;MSH6;ALDH3A2;ERN1;MSH3;MASP1;HPD;ATF3;ABCG1;MTMR1;FECH;CHRNA7;NPR3;ZBTB1;ADRB2;PLD6;STK4;HSD11B1;FXR1;DPP4;BCL2L10;FLRT3;IRAK2;PDGFC;SYNDIG1;MAP3K21;KCNN2;SRGAP3;RAB11FIP2;ATG7;RAB11FIP3;S100A11;MCL1;TFAP2B;SMAD4;SMAD3;CADM1;CHKA;JUP;AMBP;RBPMS;GADD45A;CAV2;ZBTB16;DEFA5;NR0B1;NR2F2;GGCT;EXT1;MLXIPL;GRHPR;TADA2A;GDNF;STK25;STK26;BCL2;KYAT1;MAP3K13;BCL2L1;SLC26A5;BMPR1A;MYOM1;TENM2;TENM3;ABCD3;TENM4;CPQ;MTCL1;PTPRO;DPY30;ECE1;PKD2;MYOM3;SYNE1;EEA1;TRIM8;GHR;HHEX;PAXX;IMPA2;GLIPR2;KYNU;MFSD1;DNM1L;BOK;IZUMO3;PRMT8;ZHX2;CDADC1;PDCD6IP;CRPPA;MME;PARP1;PRMT2;STARD3NL;RIPK2;TESC;SORD;APOA1;DUSP29;COMMD1;NUDT16L1;TERF2;DCK;ADRA2A;GREM1;QTRT2;TOX3;ALDH1A3;COL2A1;ACOX2;DPYD;KIT;MYH9;LCP1;DSCAML1;PAFAH1B2;DDR2;CAMK2D;CANT1;TIMM9;SRF;ODC1;TYRP1;HSD17B4;NOD1;THBS1;ADD1;PAPSS1;MTHFD1L;ERBB4;UCP2;UGT1A4;FYN;SLIT2;UGT1A9;CRYM;UGT1A8;GBP1;UGT1A7;MAPK4;UGT1A6;NTRK2;STAT1;GDF15;BNIP3;STAT3;TPD52L1;PML;VEGFA;MKLN1;CENPF;LYRM4;XPNPEP1;XPNPEP3;S100P;NEUROG1;NECTIN1"
"Sequence-Specific Double-Stranded DNA Binding (GO:1990837)","206/715",0.43046529383277,0.999993719883922,0,0,1.01798469689232,0.858047672203664,"BACH2;FERD3L;ELK4;CREB3L1;CREB3L2;DPF1;SOX9;SOX6;SOX7;SOX4;CDK5RAP2;PKNOX2;TSPYL2;HES6;MEF2C;ZNF281;RFX2;SOX13;RFX3;SOX11;BHLHA15;ISL1;RUNX3;RUNX1;ISL2;ATF7;HOXB1;ATF6;CLOCK;ATF3;ZBTB8A;EPAS1;FOXG1;GATA6;GATA5;GATA4;GATA3;ZNF23;ZNF704;PRDM16;DHX36;HIVEP1;HOXC4;BCL11B;XRCC5;NFATC3;NFATC2;NFATC1;NR1D2;SMARCA2;PBX1;ISX;POU6F1;SNAI2;NANOG;MESP2;AKR1B1;TFCP2L1;MEOX2;GLI3;GLI2;HEY2;TEAD1;TCF12;EN2;TFEB;EN1;PAX6;FOS;NCOR1;NR5A2;TGIF2LX;TFEC;RARB;PPARG;YAP1;FOXC1;NFIX;NR1I2;CUX2;RXRA;GBX2;CUX1;HSF2;TBL1X;MEF2D;BRD4;SPDEF;ARNT2;FOXB1;CDX2;GSX2;STAT3;POU4F1;BATF;PER2;PER1;NFIB;WT1;NFIC;ZNF217;NEUROG1;FOXA2;FOXA1;PRDM9;UBP1;PRDM1;NR3C1;ETS1;ETS2;NR3C2;FOXQ1;HOXA10;KCNH2;MSX2;ARID5B;POU3F2;HIC1;FOXP1;POU3F4;MAF;MYCN;LMX1A;TBL1XR1;GCM2;DLX1;KMT2D;GCM1;DLX2;DLX5;MAX;FOXO3;NPAS2;ORC5;SCRT2;ASIC2;TFAP2B;SMAD4;TFAP2C;SMAD3;HMGA2;ESRRG;FOXN2;SMAD6;ESR1;PHOX2B;TFCP2;BCL6;SP2;ZNF658;MYF6;TCF4;KDM5A;CALCOCO1;THRB;THRA;MCM10;CHD3;NR2E1;HHEX;SIX6;ZIC3;ZNF385D;NKX3-1;PROP1;KLF13;OLIG3;ETV1;ETV3;KLF15;ADRA2A;ELF2;DUX4L3;DMRTA1;IRF7;IRF6;CREB5;HDAC4;HDAC5;NFAT5;CEBPD;SRF;LEF1;BARX2;TBXT;ERBB4;HES2;E2F7;ZNF740;ATOH1;SNCA;IRX1;SKOR1;TCF7L1;SKOR2;IRX3;FOXJ3;FOXJ2;FOXJ1;KLF4;KLF3;KLF2;TBX3;TBX2;TBX15;KLF6"
"Nuclear Receptor Binding (GO:0016922)","34/115",0.430909037131457,0.999993719883922,0,0,1.05546609411344,0.888552851476075,"SMARCD3;LEF1;NR1I2;RNF6;PARK7;DCAF1;RXRA;NRIP1;PPARGC1A;NKX3-1;NCOA1;BCAS3;SMAD3;KDM4C;PRMT2;PRKCB;STAT1;NCOA3;HMGA1;MED9;NR0B1;WIPI1;ARID1A;ISL1;ESR1;SIRT1;FOXP1;ASXL1;NCOR1;THRAP3;CTNNB1;STRN;TRIP12;TACC2"
"BMP Binding (GO:0036122)","5/15",0.431348673991752,0.999993719883922,0,0,1.25707754527871,1.05699923219231,"GREM1;GREM2;SCUBE3;SOST;CHRDL1"
"Protein Phosphatase Activator Activity (GO:0072542)","5/15",0.431348673991752,0.999993719883922,0,0,1.25707754527871,1.05699923219231,"IGFBP3;PPP2R5A;PPP4R3A;PPP2R5C;PPP4R3B"
"Phosphotransferase Activity, Alcohol Group As Acceptor (GO:0016773)","23/77",0.434159013083535,0.999993719883922,0,0,1.07093811045125,0.893531239182683,"DGKG;CHKA;ADPGK;DGKB;AGK;IPMK;NT5C2;DCK;HK2;PGM2L1;HK1;PAPSS1;FGGY;ETNK2;RFK;ETNK1;IDNK;PIK3C3;FAM20A;DGKK;DGKI;IP6K3;GNE"
"11-Cis Retinal Binding (GO:0005502)","2/5",0.439881898483167,0.999993719883922,0,0,1.67603983596954,1.37644604031808,"OPN4;OPN3"
"DNA-methyltransferase Activity (GO:0009008)","2/5",0.439881898483167,0.999993719883922,0,0,1.67603983596954,1.37644604031808,"MGMT;METTL4"
"G Protein-Coupled Receptor Kinase Activity (GO:0004703)","2/5",0.439881898483167,0.999993719883922,0,0,1.67603983596954,1.37644604031808,"GRK3;GRK7"
"RNA Endonuclease Activity, Producing 3'-Phosphomonoesters (GO:0016892)","2/5",0.439881898483167,0.999993719883922,0,0,1.67603983596954,1.37644604031808,"RIDA;TSEN2"
"[Heparan Sulfate]-Glucosamine 3-Sulfotransferase 1 Activity (GO:0008467)","2/5",0.439881898483167,0.999993719883922,0,0,1.67603983596954,1.37644604031808,"HS3ST3A1;HS3ST4"
"alpha-N-acetylgalactosaminide Alpha-2,6-Sialyltransferase Activity (GO:0001665)","2/5",0.439881898483167,0.999993719883922,0,0,1.67603983596954,1.37644604031808,"ST6GALNAC3;ST6GALNAC5"
"Axon Guidance Receptor Activity (GO:0008046)","2/5",0.439881898483167,0.999993719883922,0,0,1.67603983596954,1.37644604031808,"ROBO2;PTK7"
"Beta-Glucosidase Activity (GO:0008422)","2/5",0.439881898483167,0.999993719883922,0,0,1.67603983596954,1.37644604031808,"KL;LCTL"
"Chromo Shadow Domain Binding (GO:0070087)","2/5",0.439881898483167,0.999993719883922,0,0,1.67603983596954,1.37644604031808,"NIPBL;LBR"
"Dihydropyrimidinase Activity (GO:0004157)","2/5",0.439881898483167,0.999993719883922,0,0,1.67603983596954,1.37644604031808,"DPYSL5;DPYSL2"
"glucuronosyl-N-acetylgalactosaminyl-proteoglycan 4-beta-N-acetylgalactosaminyltransferase Activity (GO:0047238)","2/5",0.439881898483167,0.999993719883922,0,0,1.67603983596954,1.37644604031808,"CSGALNACT1;CSGALNACT2"
"Histone Deubiquitinase Activity (GO:0140934)","2/5",0.439881898483167,0.999993719883922,0,0,1.67603983596954,1.37644604031808,"USP22;RNF2"
"Keratin Filament Binding (GO:1990254)","2/5",0.439881898483167,0.999993719883922,0,0,1.67603983596954,1.37644604031808,"VIM;SIRT1"
"Lysophosphatidic Acid Phosphatase Activity (GO:0052642)","2/5",0.439881898483167,0.999993719883922,0,0,1.67603983596954,1.37644604031808,"PLPP6;ACP6"
"Malate Dehydrogenase Activity (GO:0016615)","2/5",0.439881898483167,0.999993719883922,0,0,1.67603983596954,1.37644604031808,"MDH2;MDH1B"
"Mismatched DNA Binding (GO:0030983)","2/5",0.439881898483167,0.999993719883922,0,0,1.67603983596954,1.37644604031808,"MSH6;MSH3"
"Neuropeptide Y Receptor Activity (GO:0004983)","2/5",0.439881898483167,0.999993719883922,0,0,1.67603983596954,1.37644604031808,"NPY4R;NPY2R"
"Neurotrophin TRK Receptor Binding (GO:0005167)","2/5",0.439881898483167,0.999993719883922,0,0,1.67603983596954,1.37644604031808,"FRS2;PIK3R1"
"Neurotrophin TRKA Receptor Binding (GO:0005168)","2/5",0.439881898483167,0.999993719883922,0,0,1.67603983596954,1.37644604031808,"FRS2;PIK3R1"
"Olfactory Receptor Binding (GO:0031849)","2/5",0.439881898483167,0.999993719883922,0,0,1.67603983596954,1.37644604031808,"RTP4;RTP1"
"Oxidoreductase Activity, Acting On Paired Donors, With Incorporation Or Reduction Of Molecular Oxygen, Another Compound As One Donor, And Incorporation Of One Atom Of Oxygen (GO:0016716)","2/5",0.439881898483167,0.999993719883922,0,0,1.67603983596954,1.37644604031808,"FAXDC2;TYRP1"
"rDNA Binding (GO:0000182)","2/5",0.439881898483167,0.999993719883922,0,0,1.67603983596954,1.37644604031808,"TSPYL2;ASIC2"
"Retinyl-Palmitate Esterase Activity (GO:0050253)","2/5",0.439881898483167,0.999993719883922,0,0,1.67603983596954,1.37644604031808,"PNPLA4;PLB1"
"Sterol Esterase Activity (GO:0004771)","2/5",0.439881898483167,0.999993719883922,0,0,1.67603983596954,1.37644604031808,"NCEH1;LDAH"
"Sulfur Amino Acid Transmembrane Transporter Activity (GO:0000099)","2/5",0.439881898483167,0.999993719883922,0,0,1.67603983596954,1.37644604031808,"SLC7A9;SLC1A1"
"Testosterone Dehydrogenase [NAD(P)] Activity (GO:0030283)","2/5",0.439881898483167,0.999993719883922,0,0,1.67603983596954,1.37644604031808,"SRD5A2;HSD17B2"
"Uridine Transmembrane Transporter Activity (GO:0015213)","2/5",0.439881898483167,0.999993719883922,0,0,1.67603983596954,1.37644604031808,"SLC29A3;SLC28A3"
"Vasopressin Receptor Activity (GO:0005000)","2/5",0.439881898483167,0.999993719883922,0,0,1.67603983596954,1.37644604031808,"OXTR;AVPR1B"
"Monoatomic Cation Channel Activity (GO:0005261)","31/105",0.440825528677082,0.999993719883922,0,0,1.05332836811374,0.862787700471616,"KCNG1;RYR2;SLC24A4;SLC24A3;KCNK9;CHRNA7;KCNC4;PKD1L1;CACNA1D;PSEN1;PKD2;CLU;AQP1;TRPM1;SEC61A1;PIEZO2;PIEZO1;TRPM7;TRPM8;TRPM3;ANXA2;TRPC3;SLC4A11;CALHM6;SCNN1G;KCNU1;TRPV6;ORAI1;NOX5;KCNK1;SLC24A5"
"Semaphorin Receptor Binding (GO:0030215)","7/22",0.441737762454281,0.999993719883922,0,0,1.17327469950161,0.958611035372457,"SEMA5A;SEMA6A;RIT2;SEMA3C;SEMA3D;SEMA6D;SEMA3E"
"5'-Nucleotidase Activity (GO:0008253)","4/12",0.459602753242194,0.999993719883922,0,0,1.2570323488045,0.977207825057419,"NT5DC1;NT5C1B;NT5DC3;NT5C2"
"GTPase Inhibitor Activity (GO:0005095)","4/12",0.459602753242194,0.999993719883922,0,0,1.2570323488045,0.977207825057419,"TNK2;SLIT2;IQGAP2;CPEB2"
"RNA 7-Methylguanosine Cap Binding (GO:0000340)","4/12",0.459602753242194,0.999993719883922,0,0,1.2570323488045,0.977207825057419,"CYFIP2;LARP1;GEMIN5;EIF4E"
"Phosphatidylinositol Monophosphate Phosphatase Activity (GO:0052744)","4/12",0.459602753242194,0.999993719883922,0,0,1.2570323488045,0.977207825057419,"MTMR1;MTMR2;MTMR3;SYNJ1"
"Vascular Endothelial Growth Factor Receptor Binding (GO:0005172)","4/12",0.459602753242194,0.999993719883922,0,0,1.2570323488045,0.977207825057419,"GREM1;ITGB3;ITGA5;VEGFA"
"NF-kappaB Binding (GO:0051059)","8/26",0.470025401326049,0.999993719883922,0,0,1.11736648682461,0.843576545609474,"NFKBIA;GSK3B;ANXA4;TP53BP2;BCL10;COMMD7;CDK5RAP3;MTDH"
"Inward Rectifier Potassium Channel Activity (GO:0005242)","8/26",0.470025401326049,0.999993719883922,0,0,1.11736648682461,0.843576545609474,"KCNH2;KCNJ5;KCNJ11;KCNJ15;KCNN2;KCNN3;KCNK1;KCNJ3"
"DNA Secondary Structure Binding (GO:0000217)","10/33",0.472226649430815,0.999993719883922,0,0,1.09307806498018,0.820132339421676,"GEN1;MSH6;RAD51B;MEF2C;NEIL3;HMGA1;HMGA2;NR0B1;SMC6;RAD18"
"E-box Binding (GO:0070888)","15/51",0.492854054180371,0.999993719883922,0,0,1.0475016147026,0.74115158116562,"OLIG3;MAX;MITF;BHLHA15;GATA3;SCRT2;PER1;MYF6;SNAI2;PPARG;BMAL2;TCF4;CLOCK;NEUROG1;ATOH1"
"Phosphoric Diester Hydrolase Activity (GO:0008081)","13/44",0.493322970544302,0.999993719883922,0,0,1.05425762145766,0.744929164988181,"PLCL1;PLD6;GDPD5;PLD1;PLCXD2;SMPD3;PDE11A;PLCXD3;PLCB4;ENPP2;NAPEPLD;ENPP3;PLCB1"
"Signaling Receptor Complex Adaptor Activity (GO:0030159)","13/44",0.493322970544302,0.999993719883922,0,0,1.05425762145766,0.744929164988181,"ROPN1B;IRS1;MAGI2;SPATA2;FRS2;PIK3R1;DLG5;BLNK;G3BP2;GNB4;GNB5;SHANK2;NCK1"
"Calcium Channel Regulator Activity (GO:0005246)","11/37",0.493819021895662,0.999993719883922,0,0,1.06361285255846,0.750470531077456,"S100G;STIM2;NRXN1;NPY;NPY2R;ITPR1;STIMATE;SLC30A1;SGK3;CACNG4;PRKG1"
"Sodium Channel Activity (GO:0005272)","11/37",0.493819021895662,0.999993719883922,0,0,1.06361285255846,0.750470531077456,"SCNN1G;SCN8A;SCNN1B;SCNN1A;GRIK4;SLC4A11;GRIK2;PKD2;ASIC2;KCNK1;SCN1A"
"Actin Monomer Binding (GO:0003785)","7/23",0.494886171285634,0.999993719883922,0,0,1.09986807387863,0.773677449380241,"TMSB15A;PRKCE;ABL1;COBL;ABL2;LMOD3;MTSS1"
"Ligand-Gated Monoatomic Ion Channel Activity (GO:0015276)","7/23",0.494886171285634,0.999993719883922,0,0,1.09986807387863,0.773677449380241,"GRIA1;GABRA5;GRIK4;CNGA3;GRIN2B;GRIA3;CNGB1"
"mRNA 3'-UTR AU-rich Region Binding (GO:0035925)","7/23",0.494886171285634,0.999993719883922,0,0,1.09986807387863,0.773677449380241,"FXR1;DHX36;ELAVL4;CPEB3;CPEB2;ZFP36L1;RBMS3"
"ADP Transmembrane Transporter Activity (GO:0015217)","3/9",0.495544676019698,0.999993719883922,0,0,1.25698716821937,0.882527882402829,"SLC25A42;SLC25A4;SLC25A24"
"ATPase Activity, Coupled To Transmembrane Movement Of Ions, Rotational Mechanism (GO:0044769)","3/9",0.495544676019698,0.999993719883922,0,0,1.25698716821937,0.882527882402829,"ATP6V0E1;ATP6V1C1;ATP6V1C2"
"DNA N-glycosylase Activity (GO:0019104)","3/9",0.495544676019698,0.999993719883922,0,0,1.25698716821937,0.882527882402829,"NEIL3;NEIL2;NTHL1"
"G-quadruplex DNA Binding (GO:0051880)","3/9",0.495544676019698,0.999993719883922,0,0,1.25698716821937,0.882527882402829,"XRN1;DHX36;POT1"
"GDP Phosphatase Activity (GO:0004382)","3/9",0.495544676019698,0.999993719883922,0,0,1.25698716821937,0.882527882402829,"ENTPD4;ENTPD6;GBP1"
"Adenosine Deaminase Activity (GO:0004000)","3/9",0.495544676019698,0.999993719883922,0,0,1.25698716821937,0.882527882402829,"TADA2A;ADARB1;ADARB2"
"Aromatic Amino Acid Transmembrane Transporter Activity (GO:0015173)","3/9",0.495544676019698,0.999993719883922,0,0,1.25698716821937,0.882527882402829,"SLC16A10;SLC36A4;SLC7A1"
"Branched-Chain Amino Acid Transmembrane Transporter Activity (GO:0015658)","3/9",0.495544676019698,0.999993719883922,0,0,1.25698716821937,0.882527882402829,"SLC6A15;SLC43A1;SLC38A9"
"Clathrin Heavy Chain Binding (GO:0032050)","3/9",0.495544676019698,0.999993719883922,0,0,1.25698716821937,0.882527882402829,"LMBRD1;GPR107;PICALM"
"Cytidylyltransferase Activity (GO:0070567)","3/9",0.495544676019698,0.999993719883922,0,0,1.25698716821937,0.882527882402829,"CRPPA;TAMM41;NANS"
"Estradiol 17-Beta-Dehydrogenase [NAD(P)] Activity (GO:0004303)","3/9",0.495544676019698,0.999993719883922,0,0,1.25698716821937,0.882527882402829,"HSD17B2;HSD17B4;HSD17B7"
"Eukaryotic Initiation Factor 4E Binding (GO:0008190)","3/9",0.495544676019698,0.999993719883922,0,0,1.25698716821937,0.882527882402829,"HHEX;LARP1;C8ORF88"
"Histone H3 Kinase Activity (GO:0140996)","3/9",0.495544676019698,0.999993719883922,0,0,1.25698716821937,0.882527882402829,"PRKCB;PRKCA;VRK1"
"Interleukin-1 Binding (GO:0019966)","3/9",0.495544676019698,0.999993719883922,0,0,1.25698716821937,0.882527882402829,"IL1R1;IL1R2;PXDN"
"Non-Membrane Spanning Protein Tyrosine Phosphatase Activity (GO:0004726)","3/9",0.495544676019698,0.999993719883922,0,0,1.25698716821937,0.882527882402829,"PTPN1;PTPN9;PTPN12"
"Nucleoside Triphosphate Diphosphatase Activity (GO:0047429)","3/9",0.495544676019698,0.999993719883922,0,0,1.25698716821937,0.882527882402829,"DUT;ENPP3;NUDT15"
"Omega Peptidase Activity (GO:0008242)","3/9",0.495544676019698,0.999993719883922,0,0,1.25698716821937,0.882527882402829,"GGT3P;GGT1;ASRGL1"
"Oxalate Transmembrane Transporter Activity (GO:0019531)","3/9",0.495544676019698,0.999993719883922,0,0,1.25698716821937,0.882527882402829,"SLC26A4;SLC26A3;SLC26A5"
"Oxidized Purine DNA Binding (GO:0032357)","3/9",0.495544676019698,0.999993719883922,0,0,1.25698716821937,0.882527882402829,"MSH6;MSH3;POT1"
"Oxidoreductase Activity, Acting On NAD(P)H, Heme Protein As Acceptor (GO:0016653)","3/9",0.495544676019698,0.999993719883922,0,0,1.25698716821937,0.882527882402829,"CYB5R2;CYB5R4;CYB5R3"
"Proton-Transporting ATPase Activity, Rotational Mechanism (GO:0046961)","3/9",0.495544676019698,0.999993719883922,0,0,1.25698716821937,0.882527882402829,"ATP6V0E1;ATP6V1C1;ATP6V1C2"
"Pyrophosphate Hydrolysis-Driven Proton Transmembrane Transporter Activity (GO:0009678)","3/9",0.495544676019698,0.999993719883922,0,0,1.25698716821937,0.882527882402829,"ATP6V0E1;ATP6V1C1;ATP6V1C2"
"Thioesterase Binding (GO:0031996)","3/9",0.495544676019698,0.999993719883922,0,0,1.25698716821937,0.882527882402829,"TRAF4;TRAF3;TRAF1"
"Protease Binding (GO:0002020)","36/125",0.500293664610781,0.999993719883922,0,0,1.0168857174642,0.704254396636708,"ITGB1;PRKN;GSK3B;SERPINA1;ITGB3;CLTC;DERL1;SPATA2;TNFAIP3;PARK7;BCL10;THBS1;TTN;COMP;DPP4;CST3;BCL2L10;ITGAV;RFFL;MARCHF6;CCBE1;NTRK2;CRADD;ANXA2;VWF;RIPK2;FN1;BFAR;TNFRSF10A;SERPINB6;BIN1;BCL2;CNTN1;FAM20C;F2RL1;F2RL3"
"2-Oxoglutarate-Dependent Dioxygenase Activity (GO:0016706)","12/41",0.513252900685581,0.999993719883922,0,0,1.04023797960175,0.693824763553871,"KDM5A;KDM4A;EGLN3;KDM4B;KDM4C;KDM8;BBOX1;TET1;JARID2;HSPBAP1;PHF8;KDM6A"
"Sodium Ion Transmembrane Transporter Activity (GO:0015081)","10/34",0.515688759816684,0.999993719883922,0,0,1.04745981461927,0.693682225313584,"SLC23A2;SCNN1G;SLC9A7;SLC41A3;SLC9A9;SLC41A1;SLC4A11;KCNK1;SLC8A1;SLC9C2"
"Transmitter-Gated Monoatomic Ion Channel Activity Involved In Regulation Of Postsynaptic Membrane Potential (GO:1904315)","10/34",0.515688759816684,0.999993719883922,0,0,1.04745981461927,0.693682225313584,"CHRNA1;GRIA1;CHRNA2;GRIN3A;CHRNA7;GRIK4;CHRNA10;GRIK2;GRIN2B;GRIA3"
"N-methyltransferase Activity (GO:0008170)","8/27",0.518856587393541,0.999993719883922,0,0,1.0584836475425,0.694500503461478,"NNMT;SETD3;KMT5A;TRMT11;HNMT;METTL15;METTL9;GNMT"
"Carboxy-Lyase Activity (GO:0016831)","8/27",0.518856587393541,0.999993719883922,0,0,1.0584836475425,0.694500503461478,"DDC;GGCX;HDC;AMD1;ODC1;CSAD;SFI1;AZIN1"
"Acetylcholine Receptor Activity (GO:0015464)","6/20",0.523308730904887,0.999993719883922,0,0,1.07738304607809,0.697695679281666,"CHRNA1;CHRM3;CHRM1;CHRNA2;HRH3;CHRNA7"
"Gap Junction Channel Activity (GO:0005243)","6/20",0.523308730904887,0.999993719883922,0,0,1.07738304607809,0.697695679281666,"PANX2;GJC3;GJD4;GJA3;GJB5;PANX3"
"Histone H4 Acetyltransferase Activity (GO:0010485)","6/20",0.523308730904887,0.999993719883922,0,0,1.07738304607809,0.697695679281666,"ING4;MEAF6;USP22;KAT6A;JADE1;KAT8"
"Oxidoreductase Activity, Acting On The Aldehyde Or Oxo Group Of Donors, NAD Or NADP As Acceptor (GO:0016620)","6/20",0.523308730904887,0.999993719883922,0,0,1.07738304607809,0.697695679281666,"ALDH3A2;ALDH1A3;ALDH1A2;ALDH1A1;AKR1B1;FAR1"
"Phosphotransferase Activity, Phosphate Group As Acceptor (GO:0016776)","6/20",0.523308730904887,0.999993719883922,0,0,1.07738304607809,0.697695679281666,"PPIP5K1;AK4;AK5;AK8;IP6K3;AK9"
"Solute:Proton Symporter Activity (GO:0015295)","6/20",0.523308730904887,0.999993719883922,0,0,1.07738304607809,0.697695679281666,"SLC36A1;SLC2A9;SLC36A3;SLC15A2;SLC36A2;SLC2A10"
"Tau-Protein Kinase Activity (GO:0050321)","6/20",0.523308730904887,0.999993719883922,0,0,1.07738304607809,0.697695679281666,"GSK3B;ROCK1;SIK3;FYN;MARK3;TTBK2"
"Ubiquitin-Specific Protease Binding (GO:1990381)","6/20",0.523308730904887,0.999993719883922,0,0,1.07738304607809,0.697695679281666,"PRKN;CLTC;DERL1;SPATA2;PARK7;MARCHF6"
"SH3 Domain Binding (GO:0017124)","17/59",0.525261924104234,0.999993719883922,0,0,1.01750367107195,0.655128120556048,"PRKN;AFAP1L2;AFAP1L1;SGIP1;LANCL1;PTPN12;CBL;DNM2;ENAH;CABYR;MICAL1;ADAM12;ELMO1;ABL1;ADAM9;EVL;SKAP1"
"Receptor Tyrosine Kinase Binding (GO:0030971)","17/59",0.525261924104234,0.999993719883922,0,0,1.01750367107195,0.655128120556048,"ANGPT4;PTPN1;DOCK4;ANGPT2;IRS1;ARHGEF16;FRS2;PIK3R1;CBL;TOB1;RNF41;NRG3;BLNK;ELMO2;ALKAL2;MAP3K7;NCK1"
"Phosphatase Binding (GO:0019902)","32/112",0.525442559155228,0.999993719883922,0,0,1.00551236749117,0.64706168953841,"MTMR3;SH2D4A;MAST2;MTMR9;PIK3R1;EGFR;SPRED1;TBK1;MAPK1;NEK2;CEP192;KIFAP3;CD33;MAP3K5;SMAD2;SMAD3;JUP;MAGI2;ITGA1;STAT3;TSC2;NFATC2;AP3B1;MYO16;SH3RF2;DLG1;WNK1;TRAF3;CTNNB1;MET;SFI1;SKAP1"
"3',5'-cyclic-AMP Phosphodiesterase Activity (GO:0004115)","4/13",0.530469965874606,0.999993719883922,0,0,1.11728395061728,0.708349016345663,"PDE4D;PDE3A;PDE4B;PDE8B"
"5'-3' Exonuclease Activity (GO:0008409)","4/13",0.530469965874606,0.999993719883922,0,0,1.11728395061728,0.708349016345663,"XRN1;XRN2;FSCN1;DCP2"
"G Protein-Coupled Chemoattractant Receptor Activity (GO:0001637)","4/13",0.530469965874606,0.999993719883922,0,0,1.11728395061728,0.708349016345663,"CCR1;GPR17;CCR3;CCR2"
"SUMO Ligase Activity (GO:0061665)","4/13",0.530469965874606,0.999993719883922,0,0,1.11728395061728,0.708349016345663,"RANBP2;ZMIZ2;NSMCE2;PIAS1"
"Histone H3K9 Demethylase Activity (GO:0032454)","4/13",0.530469965874606,0.999993719883922,0,0,1.11728395061728,0.708349016345663,"KDM4A;KDM4B;KDM4C;PHF8"
"Histone H4 Methyltransferase Activity (GO:0140939)","4/13",0.530469965874606,0.999993719883922,0,0,1.11728395061728,0.708349016345663,"PRMT6;PRMT8;NSD2;SMYD3"
"Ribosomal Large Subunit Binding (GO:0043023)","4/13",0.530469965874606,0.999993719883922,0,0,1.11728395061728,0.708349016345663,"NEMF;LTN1;NMD3;MALSU1"
"Sodium:Chloride Symporter Activity (GO:0015378)","4/13",0.530469965874606,0.999993719883922,0,0,1.11728395061728,0.708349016345663,"SLC6A6;SLC6A11;SLC18A1;SLC6A3"
"Sulfate Transmembrane Transporter Activity (GO:0015116)","4/13",0.530469965874606,0.999993719883922,0,0,1.11728395061728,0.708349016345663,"UCP2;SLC26A4;SLC26A3;SLC26A5"
"Proton Transmembrane Transporter Activity (GO:0015078)","13/45",0.53092409178914,0.999993719883922,0,0,1.02124053530551,0.646584373536311,"DMAC2L;CYB5A;COX4I2;CTNS;SLC4A11;UQCRHL;NNT;UCP3;UCP2;NOX5;SLC25A12;SLC18A1;SLC25A13"
"Magnesium Ion Binding (GO:0000287)","44/155",0.538611474491243,0.999993719883922,0,0,0.996395120332797,0.616530236333266,"ITGB1;GPI;DYRK3;DYRK2;MAST2;STK4;NUDT3;GNAI1;STK3;HPGDS;FIGNL1;DHX36;ABL1;MAP3K20;ABL2;MOV10L1;MAP3K6;XXYLT1;EXTL3;MAP3K5;NUDT12;DIS3L2;SNCA;GEN1;SRPK2;DUT;EYA2;TESC;CDC42BPB;REXO2;CDC42BPA;YDJC;ERN1;MSH6;NUDT7;SNRK;ALPP;STK26;FSCN1;SIK3;S100P;SIK2;RAN;DDR2"
"O-acyltransferase Activity (GO:0008374)","9/31",0.539622387768223,0.999993719883922,0,0,1.02837809735575,0.634391707431739,"LPGAT1;GPAM;GPAT4;MBOAT1;MBOAT2;PLA2G4A;PNPLA4;GPAT3;LCLAT1"
"Kinesin Binding (GO:0019894)","9/31",0.539622387768223,0.999993719883922,0,0,1.02837809735575,0.634391707431739,"ARHGEF10;KLC2;AP1G1;CLSTN1;AP1AR;KLC1;KIFAP3;TTBK2;SNCA"
"Phospholipase A2 Activity (GO:0004623)","9/31",0.539622387768223,0.999993719883922,0,0,1.02837809735575,0.634391707431739,"PLA2G12A;PLA2G4E;PLA2G4A;PNPLA4;PLAAT3;PLA2G5;PLA2G6;PLB1;OC90"
"snoRNA Binding (GO:0030515)","9/31",0.539622387768223,0.999993719883922,0,0,1.02837809735575,0.634391707431739,"ISG20;UTP6;NUDT7;NUFIP1;XRCC5;SDE2;IGF2BP3;NUDT16L1;CNGB1"
"1-Alkyl-2-Acetylglycerophosphocholine Esterase Activity (GO:0003847)","2/6",0.545978723388461,0.999993719883922,0,0,1.25694200351494,0.760670219053305,"PLA2G6;PAFAH1B2"
"1-Phosphatidylinositol-4-Phosphate 5-Kinase Activity (GO:0016308)","2/6",0.545978723388461,0.999993719883922,0,0,1.25694200351494,0.760670219053305,"PIP4K2A;PIP5K1A"
"5'-(N(7)-methylguanosine 5'-triphospho)-[mRNA] Hydrolase Activity (GO:0140933)","2/6",0.545978723388461,0.999993719883922,0,0,1.25694200351494,0.760670219053305,"NUDT7;NUDT16L1"
"DEAD/H-box RNA Helicase Binding (GO:0017151)","2/6",0.545978723388461,0.999993719883922,0,0,1.25694200351494,0.760670219053305,"SMAD3;POT1"
"G Protein-Coupled Acetylcholine Receptor Activity (GO:0016907)","2/6",0.545978723388461,0.999993719883922,0,0,1.25694200351494,0.760670219053305,"CHRM3;HRH3"
"G Protein-Coupled Neurotransmitter Receptor Activity (GO:0099528)","2/6",0.545978723388461,0.999993719883922,0,0,1.25694200351494,0.760670219053305,"CHRM3;HRH3"
"G-quadruplex RNA Binding (GO:0002151)","2/6",0.545978723388461,0.999993719883922,0,0,1.25694200351494,0.760670219053305,"XRN1;DHX36"
"L-serine Transmembrane Transporter Activity (GO:0015194)","2/6",0.545978723388461,0.999993719883922,0,0,1.25694200351494,0.760670219053305,"SLC38A2;SERINC5"
"MHC Class II Protein Binding (GO:0042289)","2/6",0.545978723388461,0.999993719883922,0,0,1.25694200351494,0.760670219053305,"COL2A1;MFAP3"
"N-acetylglucosamine 6-O-sulfotransferase Activity (GO:0001517)","2/6",0.545978723388461,0.999993719883922,0,0,1.25694200351494,0.760670219053305,"CHST7;CHST3"
"Roundabout Binding (GO:0048495)","2/6",0.545978723388461,0.999993719883922,0,0,1.25694200351494,0.760670219053305,"LRTM1;SLIT2"
"Alcohol Dehydrogenase Activity, Zinc-Dependent (GO:0004024)","2/6",0.545978723388461,0.999993719883922,0,0,1.25694200351494,0.760670219053305,"ADH1C;ADH1B"
"Alpha-Glucosidase Activity (GO:0090599)","2/6",0.545978723388461,0.999993719883922,0,0,1.25694200351494,0.760670219053305,"MGAM2;SI"
"Arginine N-methyltransferase Activity (GO:0016273)","2/6",0.545978723388461,0.999993719883922,0,0,1.25694200351494,0.760670219053305,"PRMT6;PRMT2"
"Aspartic-Type Endopeptidase Inhibitor Activity (GO:0019828)","2/6",0.545978723388461,0.999993719883922,0,0,1.25694200351494,0.760670219053305,"CRB2;ROCK1"
"Gamma-Aminobutyric Acid Transmembrane Transporter Activity (GO:0015185)","2/6",0.545978723388461,0.999993719883922,0,0,1.25694200351494,0.760670219053305,"SLC6A6;SLC6A11"
"Hyalurononglucosaminidase Activity (GO:0004415)","2/6",0.545978723388461,0.999993719883922,0,0,1.25694200351494,0.760670219053305,"CEMIP2;HYAL4"
"Intracellular cGMP-activated Cation Channel Activity (GO:0005223)","2/6",0.545978723388461,0.999993719883922,0,0,1.25694200351494,0.760670219053305,"CNGA3;CNGB1"
"mRNA 5'-Phosphatase Activity (GO:0140818)","2/6",0.545978723388461,0.999993719883922,0,0,1.25694200351494,0.760670219053305,"NUDT7;NUDT16L1"
"Monosaccharide Transmembrane Transporter Activity (GO:0015145)","2/6",0.545978723388461,0.999993719883922,0,0,1.25694200351494,0.760670219053305,"SLC2A9;SLC2A7"
"Nitric-Oxide Synthase Binding (GO:0050998)","2/6",0.545978723388461,0.999993719883922,0,0,1.25694200351494,0.760670219053305,"CAV1;NOS1AP"
"Nucleoside Kinase Activity (GO:0019206)","2/6",0.545978723388461,0.999993719883922,0,0,1.25694200351494,0.760670219053305,"TK1;DCK"
"Oxysterol Binding (GO:0008142)","2/6",0.545978723388461,0.999993719883922,0,0,1.25694200351494,0.760670219053305,"INSIG2;RORA"
"Patched Binding (GO:0005113)","2/6",0.545978723388461,0.999993719883922,0,0,1.25694200351494,0.760670219053305,"CAV1;IHH"
"Phosphatidylinositol 3-Kinase Regulatory Subunit Binding (GO:0036312)","2/6",0.545978723388461,0.999993719883922,0,0,1.25694200351494,0.760670219053305,"NLRC3;PIK3AP1"
"Primary miRNA Binding (GO:0070878)","2/6",0.545978723388461,0.999993719883922,0,0,1.25694200351494,0.760670219053305,"SRF;STAT3"
"Proton Channel Activity (GO:0015252)","2/6",0.545978723388461,0.999993719883922,0,0,1.25694200351494,0.760670219053305,"SLC4A11;NOX5"
"Pyrimidine Nucleotide-Sugar Transmembrane Transporter Activity (GO:0015165)","2/6",0.545978723388461,0.999993719883922,0,0,1.25694200351494,0.760670219053305,"SLC35A3;SLC35B4"
"Sodium Ion Binding (GO:0031402)","2/6",0.545978723388461,0.999993719883922,0,0,1.25694200351494,0.760670219053305,"SLC34A2;ATP1A2"
"Sphingosine N-acyltransferase Activity (GO:0050291)","2/6",0.545978723388461,0.999993719883922,0,0,1.25694200351494,0.760670219053305,"CERS3;CERS4"
"Vascular Endothelial Growth Factor Receptor Activity (GO:0005021)","2/6",0.545978723388461,0.999993719883922,0,0,1.25694200351494,0.760670219053305,"PDGFRA;KDR"
"Notch Binding (GO:0005112)","7/24",0.546329835751979,0.999993719883922,0,0,1.03509752185835,0.625749979646959,"NCOR2;SNED1;JAG1;MEGF10;CUL3;DNER;NOTCH2NLA"
"Histone Deacetylase Binding (GO:0042826)","28/99",0.553709006889415,0.999993719883922,0,0,0.991276756584706,0.585959539898861,"HDAC4;PRKN;GCM1;HDAC5;PHB1;LEF1;IKZF3;HDAC9;GLI3;HOXA10;NIPBL;MIER3;KCTD21;DHX36;HEY2;SUDS3;MEF2D;NKX3-1;MEF2C;HIC1;NCOR2;KAT2B;NCOR1;SP2;TRAF6;BRMS1L;INSM1;ANKRA2"
"Calcium-Release Channel Activity (GO:0015278)","5/17",0.556495460278546,0.999993719883922,0,0,1.04741808803704,0.613887830266529,"RYR2;ITPR1;ITPR2;PKD2;CLU"
"Histone Acetyltransferase Binding (GO:0035035)","5/17",0.556495460278546,0.999993719883922,0,0,1.04741808803704,0.613887830266529,"CITED2;STAT1;PAX6;KANSL1L;GLI3"
"Intracellular Calcium Activated Chloride Channel Activity (GO:0005229)","5/17",0.556495460278546,0.999993719883922,0,0,1.04741808803704,0.613887830266529,"CLCA2;ANO4;ANO2;ANO3;BEST1"
"Phosphatase Activator Activity (GO:0019211)","5/17",0.556495460278546,0.999993719883922,0,0,1.04741808803704,0.613887830266529,"PPP2R5A;FRS2;PPP4R3A;PPP2R5C;PPP4R3B"
"Phosphatidylcholine Transporter Activity (GO:0008525)","5/17",0.556495460278546,0.999993719883922,0,0,1.04741808803704,0.613887830266529,"ATP8B2;ATP8B1;ABCB4;PITPNA;ABCG1"
"RNA Endonuclease Activity, Producing 5'-Phosphomonoesters (GO:0016891)","8/28",0.56601829801517,0.999993719883922,0,0,1.0054890921886,0.572252873501989,"PRORP;RPP30;ELAC2;ELAC1;PLD6;NUDT16L1;NUDT12;MRPL44"
"Pentosyltransferase Activity (GO:0016763)","11/39",0.574445552221546,0.999993719883922,0,0,0.987502200316846,0.547421805626384,"PARP11;QTRT2;PARP1;TIPARP;NAMPT;ZC3HAV1;UPP1;LARGE1;PARP14;SIRT1;PARP8"
"Tau Protein Binding (GO:0048156)","11/39",0.574445552221546,0.999993719883922,0,0,0.987502200316846,0.547421805626384,"SMAD2;GSK3B;ROCK1;BIN1;FYN;CLU;MARK3;TTBK2;SNCA;LGMN;PICALM"
"ABC-type Xenobiotic Transporter Activity (GO:0008559)","3/10",0.575153286053496,0.999993719883922,0,0,1.07734223940939,0.595898127358665,"ABCC1;ABCC2;ABCC5"
"AMP Binding (GO:0016208)","3/10",0.575153286053496,0.999993719883922,0,0,1.07734223940939,0.595898127358665,"FBP1;AK8;PFKP"
"cAMP-dependent Protein Kinase Regulator Activity (GO:0008603)","3/10",0.575153286053496,0.999993719883922,0,0,1.07734223940939,0.595898127358665,"PKIA;PRKAR2A;PRKAG2"
"Filamin Binding (GO:0031005)","3/10",0.575153286053496,0.999993719883922,0,0,1.07734223940939,0.595898127358665,"NEBL;TMEM67;RFLNB"
"Inositol 1,4,5 Trisphosphate Binding (GO:0070679)","3/10",0.575153286053496,0.999993719883922,0,0,1.07734223940939,0.595898127358665,"TRPC3;ITPR1;ITPR2"
"Protein-Arginine N-methyltransferase Activity (GO:0016274)","3/10",0.575153286053496,0.999993719883922,0,0,1.07734223940939,0.595898127358665,"PRMT6;PRMT8;PRMT2"
"Purine Ribonucleotide Transmembrane Transporter Activity (GO:0005346)","3/10",0.575153286053496,0.999993719883922,0,0,1.07734223940939,0.595898127358665,"SLC25A42;SLC25A25;SLC25A24"
"Lipid Kinase Activity (GO:0001727)","6/21",0.577548150738235,0.999993719883922,0,0,1.00548716144917,0.551975713306798,"DGKG;DGKB;PIK3C3;PIK3CB;DGKK;DGKI"
"Neurotransmitter Receptor Activity Involved In Regulation Of Postsynaptic Membrane Potential (GO:0099529)","6/21",0.577548150738235,0.999993719883922,0,0,1.00548716144917,0.551975713306798,"GRIA1;GRIN3A;GRIK4;GRIK2;GRIN2B;GRIA3"
"Oxidoreductase Activity, Acting On Single Donors With Incorporation Of Molecular Oxygen, Incorporation Of Two Atoms Of Oxygen (GO:0016702)","6/21",0.577548150738235,0.999993719883922,0,0,1.00548716144917,0.551975713306798,"HGD;HAAO;BCO1;CDO1;ALOX15B;HPD"
"Ubiquitin Conjugating Enzyme Activity (GO:0061631)","9/32",0.583283030510315,0.999993719883922,0,0,0.983597150923043,0.530240245072748,"UBE2H;UBE2R2;UBE2E1;UBE2N;UBE2D1;UBE2E2;UBE2G1;UBE2G2;UBE2L3"
"Amyloid-Beta Binding (GO:0001540)","22/79",0.590375971747248,0.999993719883922,0,0,0.970085708097404,0.511231001439825,"GRIA1;EPHA4;BCHE;NLGN1;FZD5;ITGA2;CHRNA7;INSR;CLSTN1;APOA1;ADRB2;CLU;GRIN2B;SORL1;CST3;GSAP;IAPP;APBB2;APBA1;CD36;GRIA3;PICALM"
"Nuclear Androgen Receptor Binding (GO:0050681)","7/25",0.595400810657274,0.999993719883922,0,0,0.977523697840321,0.50686604613326,"KDM4C;PRMT2;PRKCB;RNF6;WIPI1;PARK7;FOXP1"
"Phosphatidylinositol-3,4-Bisphosphate Binding (GO:0043325)","7/25",0.595400810657274,0.999993719883922,0,0,0.977523697840321,0.50686604613326,"FCHSD2;PLA2G4E;PLEKHA2;SESTD1;MAPKAP1;COMMD1;RAG2"
"Wide Pore Channel Activity (GO:0022829)","7/25",0.595400810657274,0.999993719883922,0,0,0.977523697840321,0.50686604613326,"PANX2;GJA1;GJC3;GJD4;GJA3;GJB5;PANX3"
"1-Phosphatidylinositol-3-Kinase Regulator Activity (GO:0046935)","4/14",0.596379267630694,0.999993719883922,0,0,1.00548523206751,0.519713657519289,"SOCS2;PIK3R1;SLA2;SOCS6"
"C4-dicarboxylate Transmembrane Transporter Activity (GO:0015556)","4/14",0.596379267630694,0.999993719883922,0,0,1.00548523206751,0.519713657519289,"SLC1A1;UCP2;SLC25A12;SLC25A13"
"G Protein-Coupled Photoreceptor Activity (GO:0008020)","4/14",0.596379267630694,0.999993719883922,0,0,1.00548523206751,0.519713657519289,"OPN4;OPN3;GPR88;GPR52"
"Acetylgalactosaminyltransferase Activity (GO:0008376)","4/14",0.596379267630694,0.999993719883922,0,0,1.00548523206751,0.519713657519289,"CSGALNACT1;B3GALNT1;CSGALNACT2;B4GALNT3"
"Adenine Nucleotide Transmembrane Transporter Activity (GO:0000295)","4/14",0.596379267630694,0.999993719883922,0,0,1.00548523206751,0.519713657519289,"SLC25A51;SLC25A42;SLC25A25;SLC25A24"
"Nucleoside Diphosphate Kinase Activity (GO:0004550)","4/14",0.596379267630694,0.999993719883922,0,0,1.00548523206751,0.519713657519289,"AK4;AK5;AK8;AK9"
"Nucleotidyltransferase Activity (GO:0016779)","4/14",0.596379267630694,0.999993719883922,0,0,1.00548523206751,0.519713657519289,"PNPT1;TUT7;TENT4B;PAPSS1"
"Kinase Binding (GO:0019900)","129/460",0.597078525574357,0.999993719883922,0,0,0.979189215756023,0.504974380982932,"RB1;ERRFI1;WWC1;WWC2;PEBP1;PARK7;NR3C1;PPP1CB;LAPTM4B;CCND3;POTEI;POTEJ;WWC3;POTEE;POTEF;FBXO7;CDK5RAP3;CDK5RAP2;IL15RA;AP1B1;VRK1;ANK2;ACSL3;TICAM1;TOM1L1;EEF1A1;TIAM1;FRMD5;MYCN;VDAC1;UTRN;ANKRA2;EPHA1;SKAP1;CTBP2;MAPKAP1;GATA6;FOXO3;PIP5K1A;TBC1D14;CEP192;RAB11FIP2;BCL2L14;MAP2K6;CNTLN;NEK9;SMAD3;FZD5;GADD45A;CAV2;LRBA;CAV1;SH2D1A;IL31RA;MSN;GCSAM;ESR1;IBTK;DLG2;NBEA;WNK1;MAP3K13;FERMT2;INKA2;BCL2L1;BCAR3;MYOM1;GSK3B;CDKN1A;PTPRR;CLTC;PRKAG2;PTPRJ;LYST;BICD1;MYOM2;RPTOR;GHR;SPRED1;SUFU;RB1CC1;BLNK;SPG11;PPP1R12A;PARP1;PPP2R5A;EMP2;PAX6;TEX14;AXIN2;YWHAZ;ADRA2A;CIT;PARP8;KAT2B;GPRC5B;TAX1BP1;ARHGEF7;CACUL1;PRKN;ATP1A4;PARN;HTT;PTN;HDAC9;EGFR;TTN;RNF138;RICTOR;RFFL;MAPK4;SASH1;PTPN1;CDKN2B;ERCC6L2;STAT3;CADPS;TPRKB;IRGM;SKI;PER1;APC;TNIP2;CTNNB1;SPRY2;PTPN5;BCAR1;LIMS1;CDK5R1"
"Voltage-Gated Calcium Channel Activity (GO:0005245)","13/47",0.603110344317078,0.999993719883922,0,0,0.961032907616295,0.48595119750254,"TMC1;CACNA2D1;CACNA2D3;CACNA2D2;CACNA1D;CACNA1C;PKD2;SCN8A;NCS1;ITGAV;CACNG3;CACNG4;SCN1A"
"Histone Demethylase Activity (GO:0032452)","8/29",0.611004375858192,0.999993719883922,0,0,0.957541637344593,0.4717339965082,"KDM5A;KDM4A;KDM4B;KDM4C;KDM8;JARID2;PHF8;KDM6A"
"TBP-class Protein Binding (GO:0017025)","5/18",0.613653687070029,0.999993719883922,0,0,0.966779835251789,0.47210231594423,"HHEX;THRA;YEATS2;RUVBL1;ESR1"
"Ankyrin Binding (GO:0030506)","5/18",0.613653687070029,0.999993719883922,0,0,0.966779835251789,0.47210231594423,"KCNJ11;NRCAM;RHAG;SPTB;SLC8A1"
"Glutamate Receptor Binding (GO:0035254)","5/18",0.613653687070029,0.999993719883922,0,0,0.966779835251789,0.47210231594423,"HOMER1;NETO1;HOMER2;SYNDIG1;SHANK2"
"Hormone Receptor Binding (GO:0051427)","5/18",0.613653687070029,0.999993719883922,0,0,0.966779835251789,0.47210231594423,"SOCS2;PTH;LEP;CCK;PTHLH"
"Hydrolase Activity, Hydrolyzing N-glycosyl Compounds (GO:0016799)","5/18",0.613653687070029,0.999993719883922,0,0,0.966779835251789,0.47210231594423,"NEIL3;NEIL2;NTHL1;CD38;MACROD2"
"Oxidoreductase Activity, Acting On The CH-CH Group Of Donors, NAD Or NADP As Acceptor (GO:0016628)","5/18",0.613653687070029,0.999993719883922,0,0,0.966779835251789,0.47210231594423,"DPYD;TBXAS1;BLVRB;DHCR24;LBR"
"G Protein-Coupled Peptide Receptor Activity (GO:0008528)","21/77",0.633660165518606,0.999993719883922,0,0,0.942426379827191,0.429974953259568,"GLP1R;OXTR;VIPR2;GPR37;AVPR1B;MLNR;NPR3;OPRK1;PTH2R;SORCS1;GRPR;SORCS2;MCHR1;BRS3;GHRHR;CYSLTR2;GALR1;GPR171;MC5R;PRLHR;NMUR1"
"Ubiquitin Protein Ligase Binding (GO:0031625)","75/271",0.635933027476764,0.999993719883922,0,0,0.961367277906356,0.435174457724695,"RB1;GPI;GSK3B;CDKN1A;UBE2D1;SMC6;CLU;HAPSTR1;UBE2L3;LAPTM4B;HERC2;MAP1LC3A;MAP1LC3C;DNM1L;FBXO7;KCNH2;PACRG;SHPRH;GPR37;DIO2;AXIN2;TRAF1;TNFRSF1B;YWHAZ;RBX1;TUBB2A;TRAF4;TRAF3;TMBIM6;ANKRA2;ZNF675;VCL;PRKN;USP13;CUL3;DERL1;RHOBTB3;CXCR4;PRR5L;BCL10;AMBRA1;TANK;FHIT;EGFR;FOXO1;PRKAR2A;PCBP2;RFFL;PPARGC1A;HSPA9;SMAD2;KDM4A;SMAD3;FZD5;XRCC5;TNK2;MAP1LC3B2;FZD8;UBE2G1;SNCAIP;SMAD6;PML;SMAD7;SPART;SKI;NFKBIA;PER1;MFHAS1;NPLOC4;APC;BCL2;UBE2N;CTNNB1;LTBR;RAD18"
"G Protein-Coupled Glutamate Receptor Binding (GO:0035256)","2/7",0.637062571787438,0.999993719883922,0,0,1.00548330404218,0.453359752067957,"HOMER1;HOMER2"
"Acetylcholine Receptor Binding (GO:0033130)","2/7",0.637062571787438,0.999993719883922,0,0,1.00548330404218,0.453359752067957,"PSCA;NRXN1"
"Arginine Binding (GO:0034618)","2/7",0.637062571787438,0.999993719883922,0,0,1.00548330404218,0.453359752067957,"SLC38A9;NOS1"
"Crossover Junction DNA Endonuclease Activity (GO:0008821)","2/7",0.637062571787438,0.999993719883922,0,0,1.00548330404218,0.453359752067957,"GEN1;SLX1A"
"Glucosidase Activity (GO:0015926)","2/7",0.637062571787438,0.999993719883922,0,0,1.00548330404218,0.453359752067957,"KL;LCTL"
"Histone H4K20 Methyltransferase Activity (GO:0042799)","2/7",0.637062571787438,0.999993719883922,0,0,1.00548330404218,0.453359752067957,"NSD2;TTLL12"
"Interleukin-17 Receptor Activity (GO:0030368)","2/7",0.637062571787438,0.999993719883922,0,0,1.00548330404218,0.453359752067957,"IL17REL;IL6ST"
"Manganese Ion Transmembrane Transporter Activity (GO:0005384)","2/7",0.637062571787438,0.999993719883922,0,0,1.00548330404218,0.453359752067957,"ATP2C2;ATP2C1"
"Neurotrophin Binding (GO:0043121)","2/7",0.637062571787438,0.999993719883922,0,0,1.00548330404218,0.453359752067957,"NTRK2;NTRK3"
"Oxidized DNA Binding (GO:0032356)","2/7",0.637062571787438,0.999993719883922,0,0,1.00548330404218,0.453359752067957,"MSH6;MSH3"
"Peptide Transmembrane Transporter Activity (GO:1904680)","2/7",0.637062571787438,0.999993719883922,0,0,1.00548330404218,0.453359752067957,"SLC15A2;DISP1"
"Phosphatidylinositol Phosphate 4-Phosphatase Activity (GO:0034596)","2/7",0.637062571787438,0.999993719883922,0,0,1.00548330404218,0.453359752067957,"INPP4B;SYNJ1"
"Protein Kinase B Binding (GO:0043422)","2/7",0.637062571787438,0.999993719883922,0,0,1.00548330404218,0.453359752067957,"TRAF6;BCL10"
"tRNA (Cytosine) Methyltransferase Activity (GO:0016427)","2/7",0.637062571787438,0.999993719883922,0,0,1.00548330404218,0.453359752067957,"NSUN6;METTL8"
"Thyroid Hormone Transmembrane Transporter Activity (GO:0015349)","2/7",0.637062571787438,0.999993719883922,0,0,1.00548330404218,0.453359752067957,"SLCO1C1;SLCO1B1"
"Voltage-Gated Channel Activity (GO:0022832)","2/7",0.637062571787438,0.999993719883922,0,0,1.00548330404218,0.453359752067957,"TMEM266;PKD2"
"Xylosyltransferase Activity (GO:0042285)","2/7",0.637062571787438,0.999993719883922,0,0,1.00548330404218,0.453359752067957,"LARGE1;XXYLT1"
"Monoatomic Cation Transmembrane Transporter Activity (GO:0008324)","10/37",0.637545027674775,0.999993719883922,0,0,0.930879841474702,0.419017290072357,"DMAC2L;UCP3;UCP2;PIEZO2;PIEZO1;SLC4A11;PKD2;CLU;TRPM3;CALHM6"
"NAD Binding (GO:0051287)","7/26",0.641591717043538,0.999993719883922,0,0,0.926010276350507,0.410966261240075,"HPGD;CTBP1;NNT;ALDH1A1;SORD;ZC3HAV1;SIRT1"
"NAD+ ADP-ribosyltransferase Activity (GO:0003950)","7/26",0.641591717043538,0.999993719883922,0,0,0.926010276350507,0.410966261240075,"PARP11;PARP1;TIPARP;ZC3HAV1;PARP14;SIRT1;PARP8"
"3'-5'-DNA Exonuclease Activity (GO:0008296)","3/11",0.646344040553945,0.999993719883922,0,0,0.942608542801898,0.41137637464002,"ISG20;TATDN1;REXO2"
"C2H2 Zinc Finger Domain Binding (GO:0070742)","3/11",0.646344040553945,0.999993719883922,0,0,0.942608542801898,0.41137637464002,"WT1;LEF1;HMGA2"
"GABA Receptor Binding (GO:0050811)","3/11",0.646344040553945,0.999993719883922,0,0,0.942608542801898,0.41137637464002,"ARFGEF2;JAKMIP1;TRAK1"
"Carbohydrate Kinase Activity (GO:0019200)","3/11",0.646344040553945,0.999993719883922,0,0,0.942608542801898,0.41137637464002,"HK2;GNE;HK1"
"enoyl-CoA Hydratase Activity (GO:0004300)","3/11",0.646344040553945,0.999993719883922,0,0,0.942608542801898,0.41137637464002,"HACD1;HSD17B4;HACD3"
"Neurexin Family Protein Binding (GO:0042043)","3/11",0.646344040553945,0.999993719883922,0,0,0.942608542801898,0.41137637464002,"NLGN1;CPE;SYTL3"
"Phosphatidylinositol 3-Kinase Activity (GO:0035004)","3/11",0.646344040553945,0.999993719883922,0,0,0.942608542801898,0.41137637464002,"IPMK;PIK3C3;PIK3CB"
"Phospholipid Scramblase Activity (GO:0017128)","3/11",0.646344040553945,0.999993719883922,0,0,0.942608542801898,0.41137637464002,"VMP1;PLSCR2;CLPTM1L"
"Sequence-Specific DNA Binding (GO:0043565)","200/717",0.647789913222127,0.999993719883922,0,0,0.971414725269462,0.421777435819739,"RBPJ;IKZF3;BACH2;FERD3L;ELK4;CREB3L1;DPF1;SOX9;SOX7;SOX4;PKNOX2;HES6;MEF2C;ZNF281;RFX2;SOX13;RFX3;BHLHA15;ISL1;RUNX3;ISL2;ATF7;NOBOX;HOXB1;ATF6;CLOCK;ATF3;EPAS1;FOXG1;GATA6;GATA5;GATA4;GATA3;ZNF23;PGBD2;ZNF704;PRDM16;HIVEP1;HOXC4;PPARGC1A;BCL11B;XRCC5;NFATC3;NFATC2;NFATC1;NR1D2;NR2F2;PBX1;ISX;POU6F1;HNRNPD;SNAI2;NANOG;MESP2;CSRNP1;TFCP2L1;MEOX2;GLI3;GLI2;SMG6;HEY2;TEAD1;FOXD4;TCF12;EN2;TFEB;EN1;TET1;PAX6;FOS;TERF2;NR5A2;TGIF2LX;TFEC;POT1;RARB;PPARG;FOXC1;NFIX;NR1I2;CUX2;RXRA;GBX2;CUX1;HSF2;MEF2D;SPDEF;ARNT2;FOXB1;CDX2;GSX2;GRHL3;POU4F1;GRHL2;BATF;NFIB;WT1;NFIC;NEUROG1;FOXA2;FOXA1;ZBTB21;UBP1;RORA;PRDM1;NR3C1;ETS2;NR3C2;FOXQ1;HOXA10;RAG2;MSX2;POU3F2;FOXP2;HIC1;FOXP1;POU3F4;MAF;MYCN;LMX1A;ZNF438;ERH;GCM2;DLX1;GCM1;DLX2;DLX5;MAX;FOXO3;FOXO1;NPAS2;SCRT2;SAFB2;ZNF423;TFAP2B;SMAD4;TFAP2C;POU2F1;SMAD3;ZBTB10;ESRRG;FOXN2;ESR1;PHOX2B;MAFB;TFCP2;BCL6;SP2;BCL2;MYF6;TCF4;CALCOCO1;THRB;NR2E1;NR2E3;HHEX;SIX6;ZIC3;ZNF385D;NKX3-1;PROP1;KLF13;OLIG3;ETV1;ETV3;KLF15;ADRA2A;ELF2;DMRTA1;IRF7;IRF6;CREB5;HDAC4;NFAT5;CEBPD;SRF;LEF1;CXXC5;BARX2;TBXT;HES2;E2F7;ZNF740;ATOH1;IRX1;IRX2;SKOR1;TCF7L1;SKOR2;IRX3;FOXJ3;FOXJ2;KLF4;KLF3;KLF2;TBX3;TBX2;TBX15;KLF6;POU2AF2"
"Tubulin Binding (GO:0015631)","89/322",0.64938227416638,0.999993719883922,0,0,0.959537311020537,0.414264608347241,"MAP10;MTCL1;MAST2;WIPF3;CETN3;STMN2;STMN4;FMN1;KIF12;WASL;FTCD;GJA1;MAP1LC3A;KIF5C;FAM110C;KIF13A;KIF21A;DIP2B;DNM1L;BBS4;CDK5RAP2;BCAS3;PACRG;AGTPBP1;DST;SGIP1;CEP295;MTUS1;VASH2;DLEC1;EML1;CKAP5;DNM2;ARL4C;DNM3;KIF2A;NAV3;MAP1B;TTLL12;EZR;ARHGEF7;SAXO1;MAPRE2;SPACA9;PRKN;TBCEL;RABGAP1;TUBGCP2;HTT;STMND1;NDRG1;C10ORF90;KIF3B;CCDC181;MAP6;FYN;MAP4;MAP9;DYNC1I1;CLASP1;MAP4K4;CLASP2;SNCA;MX2;MX1;MAP1LC3B2;HOOK3;FHDC1;PEX14;DCDC1;AGBL4;NEDD1;TTLL6;TTLL5;AGBL1;APC;VAPA;REEP4;REEP3;CCDC88C;JMY;TBCE;TUBGCP5;CCSER2;MAP6D1;TRIM36;CEP44;DNAL1;CDK5R1"
"Protein Kinase Binding (GO:0019901)","142/511",0.649715174377345,0.999993719883922,0,0,0.966497228936253,0.416774100070694,"UGT1A10;ERRFI1;IRS1;PEBP1;NR3C1;PPP1CB;CCND3;POTEI;POTEJ;POTEE;POTEF;SOX9;FBXO7;CDK5RAP3;CDK5RAP2;EPHA4;IL15RA;PRKCB;AP1B1;VRK1;ANK2;ACSL3;TICAM1;TOM1L1;EEF1A1;FRMD5;PKP2;ADAM9;ATF7;VDAC1;UTRN;ANKRA2;EPHA1;EZR;PPEF2;SKAP1;CTBP2;MAPKAP1;GATA6;BCL10;FOXO3;GRK5;PRKAR2A;TBC1D14;CEP192;RAB11FIP2;BCL2L14;MAP2K6;CNTLN;NEK9;SMAD3;FZD5;CAV2;LRBA;CAV1;SH2D1A;IL31RA;MICAL2;MSN;GCSAM;GP6;ESR1;IBTK;NBEA;WNK1;PKIA;MAP3K13;FERMT2;INKA2;BCL2L1;ITGB1;RYR2;GSK3B;CDKN1A;PTPRR;CLTC;PRKAG2;PTPRJ;LYST;BICD1;RPTOR;GHR;HINT1;SPRED1;DUSP10;SUFU;RB1CC1;BLNK;DACT2;PRKG2;ITGAV;SPG11;DSP;PPP1R12A;AVPR1B;PARP1;EMP2;PAX6;TEX14;AXIN2;SIRT1;YWHAZ;ADRA2A;PJA2;CIT;KAT2B;GPRC5B;TRAF6;ARHGEF7;CACUL1;PRKN;HDAC5;PARN;NEDD9;PTN;HDAC9;TTN;RNF138;RICTOR;CSK;RFFL;PDLIM5;UGT1A7;MAPK4;SASH1;PTPN1;CDKN2B;CAVIN2;ERCC6L2;STAT3;CADPS;TPRKB;IRGM;SKI;APC;TNIP2;MFAP3;SPRY2;PTPN5;BCAR1;LIMS1;CDK5R1"
"Double-Stranded DNA Binding (GO:0003690)","181/650",0.652372637791943,0.999993719883922,0,0,0.969125521006833,0.413951645073489,"FOXA1;UBP1;NUCKS1;PARK7;PRDM1;NR3C1;BACH2;ETS2;FERD3L;NR3C2;ELK4;FOXQ1;HOXA10;CREB3L1;DPF1;MTERF1;SOX9;SOX7;SOX4;PKNOX2;HES6;MEF2C;MSX2;ZNF281;RFX2;RFX3;SETMAR;BHLHA15;ISL1;RUNX3;POU3F2;HIC1;FOXP1;POU3F4;MSH6;ISL2;NEIL3;MAF;MYCN;LMX1A;MSH3;ATF7;HOXB1;ATF6;CLOCK;ATF3;GCM2;DLX1;GCM1;DLX2;DLX5;MAX;EPAS1;FOXG1;GATA6;GATA5;GATA4;GATA3;ZNF23;FOXO3;DDX60;NPAS2;SCRT2;NTHL1;ZNF704;HIVEP1;HOXC4;CAMTA1;SMAD2;TFAP2B;TFAP2C;BCL11B;XRCC5;NFATC3;NFATC2;NFATC1;NR1D2;ESRRG;FOXN2;ESR1;PBX1;PHOX2B;ISX;POU6F1;TFCP2;BCL6;SP2;TDP1;MYF6;SNAI2;NANOG;TCF4;MESP2;THRB;FBH1;TFCP2L1;NR2E1;MEOX2;GLI3;GLI2;SIX6;ZIC3;HEY2;ZNF385D;TEAD1;NKX3-1;PROP1;KLF13;OLIG3;TCF12;EN2;TFEB;EN1;PAX6;ETV1;FOS;ETV3;TERF2;KLF15;ADRA2A;RAD51B;NR5A2;ELF2;TGIF2LX;DMRTA1;DMC1;TFEC;IRF7;RARB;RBMS1;PPARG;TOP1;IRF6;CREB5;NFAT5;NFIX;CEBPD;SRF;NR1I2;LEF1;BARX2;TBXT;EGFR;CUX2;RXRA;GBX2;CUX1;HSF2;IGF2BP1;MEF2D;HES2;E2F7;ZNF740;ATOH1;SPDEF;IRX1;ARNT2;FOXB1;SKOR1;TCF7L1;SKOR2;CDX2;STAT1;IRX3;GSX2;FOXJ3;FOXJ2;KLF4;POU4F1;KLF3;KLF2;TBX3;TBX2;BATF;TBX15;KLF6;NFIB;WT1;NFIC;NEUROG1;FOXA2"
"RNA Exonuclease Activity, Producing 5'-Phosphomonoesters (GO:0016896)","8/30",0.653426716629539,0.999993719883922,0,0,0.91395304203186,0.388909769524771,"ISG20;PNPT1;XRN1;NOCT;XRN2;REXO2;DCP2;DIS3L2"
"Hexosyltransferase Activity (GO:0016758)","26/96",0.655116093386308,0.999993719883922,0,0,0.93335686551359,0.394756582191736,"UGT1A10;B4GALT1;GBE1;HEXB;PIGZ;TMTC2;UGT2B28;TMTC1;PIGV;GCNT2;GCNT3;UGT1A4;LARGE1;B4GALNT3;UGT1A9;GYG1;UGT1A8;UGT1A7;UGT1A6;CSGALNACT1;ALG6;CSGALNACT2;EXT1;MGAT4C;DPY19L2;UGT2B7"
"Single-Stranded DNA Binding (GO:0003697)","26/96",0.655116093386308,0.999993719883922,0,0,0.93335686551359,0.394756582191736,"MCM7;FBH1;MCM10;NUCKS1;PARK7;SMC6;RNF138;DHX36;PCBP2;RADX;TOP3A;SETMAR;POU4F1;RAD51B;FAM111A;NEIL3;MSH3;ERCC4;RPA3;TDP1;DMC1;RPA4;POT1;RBMS1;NABP1;TOP1"
"Arachidonic Acid Epoxygenase Activity (GO:0008392)","4/15",0.65639034217,0.999993719883922,0,0,0.91401355325406,0.38479937066411,"CYP2J2;CYP2A7;CYP4Z1;CYP2A6"
"tRNA-specific Ribonuclease Activity (GO:0004549)","4/15",0.65639034217,0.999993719883922,0,0,0.91401355325406,0.38479937066411,"ELAC2;PRORP;RPP30;TSEN2"
"Iron Ion Binding (GO:0005506)","15/56",0.658411173111445,0.999993719883922,0,0,0.919435290882766,0.384255600463212,"EGLN3;FECH;HAAO;TET1;F3;ALOX15B;PHF8;FTMT;SCD;ALKBH1;ACP5;CDO1;FBXL5;LTF;SNCA"
"Hsp70 Protein Binding (GO:0030544)","9/34",0.664255654977479,0.999993719883922,0,0,0.904782685201478,0.370135902935895,"PRKN;ERN1;PACRG;GPR37;DNAJB12;HDAC8;PPEF2;SNCA;DNAJC18"
"UDP-galactosyltransferase Activity (GO:0035250)","5/19",0.666227364368227,0.999993719883922,0,0,0.897661332864428,0.364562061381268,"B3GALNT1;UGT8;B4GALT1;B3GALT2;B3GALT1"
"Postsynaptic Neurotransmitter Receptor Activity (GO:0098960)","5/19",0.666227364368227,0.999993719883922,0,0,0.897661332864428,0.364562061381268,"CHRNA1;GRIA1;CHRNA2;CHRNA7;GRM1"
"K63-linked Polyubiquitin Modification-Dependent Protein Binding (GO:0070530)","6/23",0.675626677329736,0.999993719883922,0,0,0.887070410295669,0.34783326616382,"RNF169;OTUD7A;ZBTB1;TNFAIP3;TAB2;OPTN"
"N-acetyltransferase Activity (GO:0008080)","6/23",0.675626677329736,0.999993719883922,0,0,0.887070410295669,0.34783326616382,"KAT2B;CREBBP;NAT1;NAT2;GNPNAT1;SLC38A2"
"Lipoprotein Particle Binding (GO:0071813)","6/23",0.675626677329736,0.999993719883922,0,0,0.887070410295669,0.34783326616382,"COLEC12;CDH13;CD36;LCP1;SORL1;THBS1"
"Mannosyltransferase Activity (GO:0000030)","6/23",0.675626677329736,0.999993719883922,0,0,0.887070410295669,0.34783326616382,"ALG8;DPY19L2;PIGZ;TMTC2;TMTC1;PIGV"
"Phospholipid Transfer Activity (GO:0120014)","6/23",0.675626677329736,0.999993719883922,0,0,0.887070410295669,0.34783326616382,"PRELID2;PITPNA;CERT1;BLTP1;PRELID3A;PRELID3B"
"Protein Phosphatase 2A Binding (GO:0051721)","6/23",0.675626677329736,0.999993719883922,0,0,0.887070410295669,0.34783326616382,"MFHAS1;GRIN3A;GNA12;STRN;FOXO1;STRN3"
"Protein-Cysteine S-palmitoyltransferase Activity (GO:0019706)","6/23",0.675626677329736,0.999993719883922,0,0,0.887070410295669,0.34783326616382,"ZDHHC9;ZDHHC21;ZDHHC7;ZDHHC11;ZDHHC1;ZDHHC14"
"Ligand-Gated Monoatomic Cation Channel Activity (GO:0099094)","20/75",0.676594900593384,0.999993719883922,0,0,0.913770996281575,0.356994391601639,"KCNH2;CHRNA1;KCNJ5;CHRNA2;CHRNA7;HTR3C;KCNJ15;GRIK4;GRIK2;CLU;SCNN1G;SCNN1B;SCNN1A;CHRNA10;KCNN2;KCNN3;TRPM8;ASIC2;KCNK1;KCNJ3"
"Acyltransferase Activity, Transferring Groups Other Than Amino-Acyl Groups (GO:0016747)","17/64",0.677096890171195,0.999993719883922,0,0,0.908939919392633,0.354432849637584,"CREBBP;LPGAT1;PLA2G4E;PLA2G4A;MBOAT2;ZDHHC7;PLAAT3;ZDHHC21;ELP3;ZDHHC1;BAAT;LCLAT1;ZDHHC14;KAT2B;ZDHHC9;KAT6A;FASN"
"Lipoprotein Particle Receptor Binding (GO:0070325)","7/27",0.684548975954301,0.999993719883922,0,0,0.879648197009675,0.333382344817366,"RELN;SYT1;CLTC;LANCL1;APOA1;CLU;PICALM"
"Ubiquitin-Like Protein Ligase Binding (GO:0044389)","79/289",0.686257151931875,0.999993719883922,0,0,0.944866084684364,0.355744787409146,"RB1;GPI;GSK3B;CDKN1A;UBE2D1;SUMO4;SMC6;CLU;HAPSTR1;UBE2L3;LAPTM4B;HERC2;MAP1LC3A;MAP1LC3C;DNM1L;FBXO7;CDK5RAP3;KCNH2;PACRG;SHPRH;GPR37;DIO2;AXIN2;TRAF1;TNFRSF1B;YWHAZ;RBX1;TUBB2A;TRAF4;TRAF3;TMBIM6;ANKRA2;ZNF675;VCL;PRKN;USP13;CUL3;DERL1;RHOBTB3;CXCR4;PRR5L;BCL10;AMBRA1;TANK;FHIT;EGFR;FOXO1;PRKAR2A;PCBP2;RFFL;SUMO1P1;PPARGC1A;HSPA9;SMAD2;KDM4A;SMAD3;FZD5;XRCC5;STAT1;TNK2;MAP1LC3B2;FZD8;UBE2G1;SNCAIP;SMAD6;PML;SMAD7;SPART;SKI;NFKBIA;PER1;MFHAS1;NPLOC4;APC;BCL2;UBE2N;CTNNB1;LTBR;RAD18"
"Microtubule Binding (GO:0008017)","65/239",0.691417181999059,0.999993719883922,0,0,0.938322823660144,0.346252288702072,"MAP10;MTCL1;MAST2;CETN3;FMN1;KIF12;WASL;FTCD;MAP1LC3A;KIF5C;KIF13A;KIF21A;DNM1L;CEP290;CDK5RAP2;DST;FBXW11;SGIP1;CEP295;MTUS1;VASH2;EML1;KNSTRN;CKAP5;DNM2;DNM3;KIF2A;NAV3;MAP1B;EZR;SAXO1;MAPRE2;SPACA9;MACF1;TUBGCP2;NDRG1;TTBK2;CAMSAP2;C10ORF90;KIF3B;CCDC181;MAP6;MAP4;MAP9;DYNC1I1;CLASP1;MAP4K4;CLASP2;MX2;MX1;MAP1LC3B2;HOOK3;FHDC1;PEX14;DCDC1;APC;VAPA;REEP4;REEP3;CCDC88C;JMY;TUBGCP5;CCSER2;MAP6D1;CEP44"
"Hydro-Lyase Activity (GO:0016836)","12/46",0.692333331958176,0.999993719883922,0,0,0.886951118475559,0.326121057351944,"CA12;CA1;AUH;GMDS;CA5A;IREB2;TBXAS1;APIP;HSD17B4;PARK7;CDYL;CA13"
"Phosphatase Activity (GO:0016791)","22/83",0.692842929137683,0.999993719883922,0,0,0.906219099661723,0.332538873870548,"DUSP4;DUSP5;PTPRO;PTPRM;PTPRJ;ATP1A2;SGPP2;PPP1CB;PLPP6;PLPP5;DUSP10;PLPP4;PUDP;ALPP;ACP6;NOCT;ACP5;PXYLP1;BPNT2;PLPP3;ENOPH1;LPIN2"
"S-adenosylmethionine-dependent Methyltransferase Activity (GO:0008757)","13/50",0.70056951693601,0.999993719883922,0,0,0.882925714938393,0.314199427443288,"PRMT8;SETD3;NNMT;HNMT;GNMT;TARBP1;NTMT2;METTL4;DPH5;KMT5A;METTL8;METTL9;PCMTD1"
"Nuclear Receptor Coactivator Activity (GO:0030374)","13/50",0.70056951693601,0.999993719883922,0,0,0.882925714938393,0.314199427443288,"NCOA1;SS18;CALCOCO1;PRKCB;NCOA3;USP22;HMGA1;RNF4;ETS1;THRAP3;ZMIZ2;SOX9;PPARGC1A"
"Hsp90 Protein Binding (GO:0051879)","9/35",0.7010447641591,0.999993719883922,0,0,0.869922440747709,0.308982128909579,"ERN1;PACRG;KDR;TSC2;HDAC8;NR3C1;GBP1;PPEF2;NPAS2"
"Ubiquitin-Like Protein Conjugating Enzyme Activity (GO:0061650)","9/35",0.7010447641591,0.999993719883922,0,0,0.869922440747709,0.308982128909579,"UBE2H;UBE2R2;UBE2E1;UBE2N;UBE2D1;UBE2E2;UBE2G1;UBE2G2;UBE2L3"
"DNA Exonuclease Activity, Producing 5'-Phosphomonoesters (GO:0016895)","3/12",0.708591071537229,0.999993719883922,0,0,0.837815667662741,0.288607965324798,"MGME1;TATDN1;REXO2"
"GABA-gated Chloride Ion Channel Activity (GO:0022851)","3/12",0.708591071537229,0.999993719883922,0,0,0.837815667662741,0.288607965324798,"GABRB3;GABRA5;GABRG3"
"GDP-dissociation Inhibitor Activity (GO:0005092)","3/12",0.708591071537229,0.999993719883922,0,0,0.837815667662741,0.288607965324798,"GDI2;SH3BP4;ITGB1BP1"
"NAD+ Binding (GO:0070403)","3/12",0.708591071537229,0.999993719883922,0,0,0.837815667662741,0.288607965324798,"HPGD;ZC3HAV1;SIRT1"
"RNA Polymerase II Core Promoter Sequence-Specific DNA Binding (GO:0000979)","3/12",0.708591071537229,0.999993719883922,0,0,0.837815667662741,0.288607965324798,"POU2F1;STAT1;TBPL1"
"Potassium:Proton Antiporter Activity (GO:0015386)","3/12",0.708591071537229,0.999993719883922,0,0,0.837815667662741,0.288607965324798,"SLC9A7;SLC9A9;SLC9C2"
"Titin Binding (GO:0031432)","3/12",0.708591071537229,0.999993719883922,0,0,0.837815667662741,0.288607965324798,"CAMK2D;MYBPC1;TRIM63"
"Wnt Receptor Activity (GO:0042813)","4/16",0.71005422457763,0.999993719883922,0,0,0.83778715424285,0.286869999710925,"FZD5;FZD8;ROR1;TSPAN12"
"Acetylcholine-Gated Monoatomic Cation-Selective Channel Activity (GO:0022848)","4/16",0.71005422457763,0.999993719883922,0,0,0.83778715424285,0.286869999710925,"CHRNA1;CHRNA2;CHRNA7;CHRNA10"
"Calcium-Dependent Phospholipase A2 Activity (GO:0047498)","4/16",0.71005422457763,0.999993719883922,0,0,0.83778715424285,0.286869999710925,"PLA2G12A;PLA2G4E;PLA2G4A;PLA2G5"
"Glutamate Receptor Activity (GO:0008066)","4/16",0.71005422457763,0.999993719883922,0,0,0.83778715424285,0.286869999710925,"GRM3;GRIN3A;GRM7;GRM1"
"Low-Density Lipoprotein Particle Binding (GO:0030169)","4/16",0.71005422457763,0.999993719883922,0,0,0.83778715424285,0.286869999710925,"COLEC12;CDH13;SORL1;THBS1"
"Ribosomal Small Subunit Binding (GO:0043024)","4/16",0.71005422457763,0.999993719883922,0,0,0.83778715424285,0.286869999710925,"LARP1;PIM1;CPEB2;EIF1B"
"Ubiquitin-Protein Transferase Activator Activity (GO:0097027)","4/16",0.71005422457763,0.999993719883922,0,0,0.83778715424285,0.286869999710925,"EFNB1;ENTREP1;TICAM1;UBE2L3"
"L-lysine Transmembrane Transporter Activity (GO:0015189)","2/8",0.713084209242036,0.999993719883922,0,0,0.83784417106034,0.283321832437327,"SLC7A1;SLC7A2"
"UDP Phosphatase Activity (GO:0045134)","2/8",0.713084209242036,0.999993719883922,0,0,0.83784417106034,0.283321832437327,"ENTPD4;ENTPD6"
"UDP-xylosyltransferase Activity (GO:0035252)","2/8",0.713084209242036,0.999993719883922,0,0,0.83784417106034,0.283321832437327,"LARGE1;XXYLT1"
"Adenylate Cyclase Binding (GO:0008179)","2/8",0.713084209242036,0.999993719883922,0,0,0.83784417106034,0.283321832437327,"AKAP12;AKAP6"
"Alcohol Dehydrogenase (NAD+) Activity (GO:0004022)","2/8",0.713084209242036,0.999993719883922,0,0,0.83784417106034,0.283321832437327,"ADH1C;ADH1B"
"cAMP Response Element Binding Protein Binding (GO:0008140)","2/8",0.713084209242036,0.999993719883922,0,0,0.83784417106034,0.283321832437327,"CRTC3;CRTC1"
"cAMP-dependent Protein Kinase Inhibitor Activity (GO:0004862)","2/8",0.713084209242036,0.999993719883922,0,0,0.83784417106034,0.283321832437327,"PRKAR2A;PRKAG2"
"Chloride Channel Inhibitor Activity (GO:0019869)","2/8",0.713084209242036,0.999993719883922,0,0,0.83784417106034,0.283321832437327,"WNK1;STX7"
"Disulfide Oxidoreductase Activity (GO:0015036)","2/8",0.713084209242036,0.999993719883922,0,0,0.83784417106034,0.283321832437327,"TMX4;GLRX2"
"Double-Stranded Telomeric DNA Binding (GO:0003691)","2/8",0.713084209242036,0.999993719883922,0,0,0.83784417106034,0.283321832437327,"XRCC5;TERF2"
"Histone Reader Activity (GO:0140566)","2/8",0.713084209242036,0.999993719883922,0,0,0.83784417106034,0.283321832437327,"PHF14;BRD4"
"Intracellular cAMP-activated Cation Channel Activity (GO:0005222)","2/8",0.713084209242036,0.999993719883922,0,0,0.83784417106034,0.283321832437327,"CNGA3;CNGB1"
"Nuclear Glucocorticoid Receptor Binding (GO:0035259)","2/8",0.713084209242036,0.999993719883922,0,0,0.83784417106034,0.283321832437327,"SMAD3;NRIP1"
"Phosphatidylinositol Bisphosphate Kinase Activity (GO:0052813)","2/8",0.713084209242036,0.999993719883922,0,0,0.83784417106034,0.283321832437327,"PIP5K1A;PIK3CB"
"Phosphoserine Residue Binding (GO:0050815)","2/8",0.713084209242036,0.999993719883922,0,0,0.83784417106034,0.283321832437327,"NEDD4;YWHAZ"
"pre-miRNA Binding (GO:0070883)","2/8",0.713084209242036,0.999993719883922,0,0,0.83784417106034,0.283321832437327,"DHX36;RAN"
"Prenyltransferase Activity (GO:0004659)","2/8",0.713084209242036,0.999993719883922,0,0,0.83784417106034,0.283321832437327,"PDSS2;COX10"
"Single-Stranded DNA Exodeoxyribonuclease Activity (GO:0008297)","2/8",0.713084209242036,0.999993719883922,0,0,0.83784417106034,0.283321832437327,"ISG20;MGME1"
"Tropomyosin Binding (GO:0005523)","2/8",0.713084209242036,0.999993719883922,0,0,0.83784417106034,0.283321832437327,"NEBL;LMOD3"
"Tubulin-Glutamic Acid Ligase Activity (GO:0070740)","2/8",0.713084209242036,0.999993719883922,0,0,0.83784417106034,0.283321832437327,"TTLL6;TTLL5"
"Tumor Necrosis Factor Receptor Activity (GO:0005031)","2/8",0.713084209242036,0.999993719883922,0,0,0.83784417106034,0.283321832437327,"TNFRSF19;TNFRSF1B"
"Type II Transforming Growth Factor Beta Receptor Binding (GO:0005114)","2/8",0.713084209242036,0.999993719883922,0,0,0.83784417106034,0.283321832437327,"TGFBR3;TGFBR1"
"Cysteine-Type Endopeptidase Activator Activity Involved In Apoptotic Process (GO:0008656)","5/20",0.713866861519371,0.999993719883922,0,0,0.837758630795381,0.282373920871739,"BCL2L13;CTSH;ST20;NOD1;NKX3-1"
"Deaminase Activity (GO:0019239)","5/20",0.713866861519371,0.999993719883922,0,0,0.837758630795381,0.282373920871739,"RIDA;CDADC1;TADA2A;GNPDA2;ADARB2"
"ATPase Binding (GO:0051117)","19/73",0.718603283493316,0.999993719883922,0,0,0.884064215811087,0.292135338005915,"NUFIP1;PDE4D;CAV1;RDX;DERL1;AKR1B1;SNX10;ANK2;PSEN1;PKD2;ATP1B1;ESR1;EGFR;PPP3CA;SLN;CLPP;TUNAR;ALDOB;EZR"
"Dicarboxylic Acid Transmembrane Transporter Activity (GO:0005310)","7/28",0.724059163409543,0.999993719883922,0,0,0.837701553796541,0.270478897612044,"SLC1A1;UCP2;SLC25A12;SLC26A4;SLC26A3;SLC25A13;SLC26A5"
"Monocarboxylic Acid Transmembrane Transporter Activity (GO:0008028)","8/32",0.729586684010991,0.999993719883922,0,0,0.837673000234577,0.264099107116902,"SLC6A6;SLC5A8;SLC16A6;SLC5A12;SLC16A7;SLC16A10;SLC6A11;SLC16A9"
"G Protein-Coupled Receptor Binding (GO:0001664)","37/140",0.732435240958781,0.999993719883922,0,0,0.902346063711983,0.280972833362235,"FCN1;RTP4;PRKN;PHB1;WNT2B;RTP1;PTH;BICD1;MLN;GNAI1;GRK3;WNT11;GNAT3;CCRL2;PENK;DVL2;FLNB;WNT2;FZD1;PACRG;PDCD6IP;WNT5B;HOMER1;MYOC;HOMER2;PTCH1;WNT7B;WNT5A;WNT9B;GNAO1;POMC;SFRP1;GPRC5B;GNAL;TADA2A;GNAQ;CCDC88C"
"Monoatomic Ion Gated Channel Activity (GO:0022839)","10/40",0.740695783893914,0.999993719883922,0,0,0.837615862959052,0.25142320509287,"TMC1;KCNT2;PIEZO2;PIEZO1;CNGA3;TMC6;PKD2;TMC5;TMC3;CNGB1"
"Transmitter-Gated Monoatomic Ion Channel Activity (GO:0022824)","10/40",0.740695783893914,0.999993719883922,0,0,0.837615862959052,0.25142320509287,"GABRB3;GRIA1;GRIN3A;GABRA5;HTR3C;GRIK4;GRIK2;GABRG3;GRIN2B;GRIA3"
"Hormone Activity (GO:0005179)","19/74",0.742125608913815,0.999993719883922,0,0,0.867929426469881,0.258848465172263,"EDN3;PTH;ASIP;CCK;IGF1;INHBA;QRFP;PTHLH;AGT;GUCA2A;APLN;POMC;GAL;SST;NPY;LEP;PENK;GNRH1;FLNB"
"Ubiquitin Ligase-Substrate Adaptor Activity (GO:1990756)","11/44",0.746148903527223,0.999993719883922,0,0,0.837587279234877,0.245270763481302,"DCAF1;ARRDC4;KLHL25;APPBP2;KLHL15;FEM1B;FBXO4;FEM1C;FBXO7;KLHDC10;PCMTD1"
"Carboxylic Ester Hydrolase Activity (GO:0052689)","27/104",0.747384897477921,0.999993719883922,0,0,0.880863355532376,0.256485360135616,"PNLIPRP1;FAAH;DAGLA;ABHD2;ABHD5;PLA2G6;BPHL;PLB1;ABHD12;CA1;ESD;ENPP2;LYPLA2;BCHE;PLA2G12A;PLA2G4E;PLA2G4A;PLAAT3;NCEH1;ASPG;PNPLA4;LCP1;DAGLB;LDAH;PNLIP;LYPLAL1;PAFAH1B2"
"G Protein-Coupled Serotonin Receptor Activity (GO:0004993)","5/21",0.756466408897626,0.999993719883922,0,0,0.785343766484966,0.219187207033455,"CHRM3;HTR7;HRH3;HRH2;HTR1A"
"Metal Cation:Proton Antiporter Activity (GO:0051139)","5/21",0.756466408897626,0.999993719883922,0,0,0.785343766484966,0.219187207033455,"SLC30A8;SLC9A7;SLC9A9;SLC30A1;SLC9C2"
"Phosphoric Ester Hydrolase Activity (GO:0042578)","13/52",0.756713384229887,0.999993719883922,0,0,0.837530081587134,0.233478862029615,"DUSP4;DUSP5;PTPRO;PTPRM;PTPRJ;ATP1A2;PLCXD2;PPP1CB;SMPD3;PLCXD3;DUSP10;PUDP;PXYLP1"
"Phosphatidylinositol 3-Kinase Regulator Activity (GO:0035014)","4/17",0.757303017981936,0.999993719883922,0,0,0.773287893541058,0.214967707118153,"SOCS2;PIK3R1;SLA2;SOCS6"
"CARD Domain Binding (GO:0050700)","3/13",0.762027335054617,0.999993719883922,0,0,0.753981367551415,0.204911665983841,"RIPK2;NOD1;IRGM"
"U6 snRNA Binding (GO:0017070)","3/13",0.762027335054617,0.999993719883922,0,0,0.753981367551415,0.204911665983841,"LSM8;TUT1;LSM3"
"Carbonate Dehydratase Activity (GO:0004089)","3/13",0.762027335054617,0.999993719883922,0,0,0.753981367551415,0.204911665983841,"CA12;CA5A;CA13"
"Inhibitory Extracellular Ligand-Gated Monoatomic Ion Channel Activity (GO:0005237)","3/13",0.762027335054617,0.999993719883922,0,0,0.753981367551415,0.204911665983841,"GLRB;GABRA5;GABRG3"
"Lipid Phosphatase Activity (GO:0042577)","3/13",0.762027335054617,0.999993719883922,0,0,0.753981367551415,0.204911665983841,"PLPP6;PLPP3;SGPP2"
"Phosphatidylglycerol Binding (GO:1901611)","3/13",0.762027335054617,0.999993719883922,0,0,0.753981367551415,0.204911665983841,"MME;PITPNA;UCP1"
"Phosphatidylinositol Phosphate Kinase Activity (GO:0016307)","3/13",0.762027335054617,0.999993719883922,0,0,0.753981367551415,0.204911665983841,"PIP4K2A;PIP5K1A;PIK3CB"
"tRNA Methyltransferase Activity (GO:0008175)","3/13",0.762027335054617,0.999993719883922,0,0,0.753981367551415,0.204911665983841,"TRMT9B;TRMT44;TARBP1"
"Transmembrane Receptor Protein Tyrosine Kinase Adaptor Activity (GO:0005068)","3/13",0.762027335054617,0.999993719883922,0,0,0.753981367551415,0.204911665983841,"IRS1;FRS2;PIK3R1"
"N-acyltransferase Activity (GO:0016410)","9/37",0.766535668082015,0.999993719883922,0,0,0.807672004223122,0.214739025260805,"CERS3;CERS4;GLYATL1;PLA2G4E;NMT2;PLAAT3;SLC38A2;SIRT1;TGM2"
"Monoatomic Ion Channel Activity (GO:0005216)","9/37",0.766535668082015,0.999993719883922,0,0,0.807672004223122,0.214739025260805,"CHRNA1;SCNN1G;CHRNA7;PIEZO2;PIEZO1;PKD2;CLU;TRPM3;CALHM6"
"Protein Phosphorylated Amino Acid Binding (GO:0045309)","11/45",0.774086630643283,0.999993719883922,0,0,0.812895409880199,0.208159335375451,"BCAR3;HCK;YES1;SYK;IRS1;NEDD4;SLA;ABL2;PIK3R1;YWHAZ;PTPN5"
"1-Phosphatidylinositol-3-Kinase Activity (GO:0016303)","2/9",0.77523827464122,0.999993719883922,0,0,0.718101933216169,0.182817869887868,"PIK3C3;PIK3CB"
"DNA Endonuclease Activity, Producing 3'-Phosphomonoesters (GO:0016889)","2/9",0.77523827464122,0.999993719883922,0,0,0.718101933216169,0.182817869887868,"GEN1;SLX1A"
"G Protein-Coupled Purinergic Nucleotide Receptor Activity (GO:0045028)","2/9",0.77523827464122,0.999993719883922,0,0,0.718101933216169,0.182817869887868,"P2RY1;PTAFR"
"G-rich Strand Telomeric DNA Binding (GO:0098505)","2/9",0.77523827464122,0.999993719883922,0,0,0.718101933216169,0.182817869887868,"POT1;TERF2"
"NADP-retinol Dehydrogenase Activity (GO:0052650)","2/9",0.77523827464122,0.999993719883922,0,0,0.718101933216169,0.182817869887868,"RDH11;RDH14"
"RNA Polymerase II General Transcription Initiation Factor Binding (GO:0001091)","2/9",0.77523827464122,0.999993719883922,0,0,0.718101933216169,0.182817869887868,"TCF4;ESR1"
"U3 snoRNA Binding (GO:0034511)","2/9",0.77523827464122,0.999993719883922,0,0,0.718101933216169,0.182817869887868,"ISG20;XRCC5"
"Benzodiazepine Receptor Activity (GO:0008503)","2/9",0.77523827464122,0.999993719883922,0,0,0.718101933216169,0.182817869887868,"GABRA5;GABRG3"
"Cardiolipin Binding (GO:1901612)","2/9",0.77523827464122,0.999993719883922,0,0,0.718101933216169,0.182817869887868,"MME;UCP1"
"Cyclin-Dependent Protein Serine/Threonine Kinase Inhibitor Activity (GO:0004861)","2/9",0.77523827464122,0.999993719883922,0,0,0.718101933216169,0.182817869887868,"KAT2B;CDKN2B"
"Hydrolase Activity, Acting On Carbon-Nitrogen (But Not Peptide) Bonds, In Linear Amidines (GO:0016813)","2/9",0.77523827464122,0.999993719883922,0,0,0.718101933216169,0.182817869887868,"DDAH1;ARG1"
"Intramolecular Transferase Activity, Phosphotransferases (GO:0016868)","2/9",0.77523827464122,0.999993719883922,0,0,0.718101933216169,0.182817869887868,"PGAM4;PGM5"
"Mitogen-Activated Protein Kinase Kinase Kinase Binding (GO:0031435)","2/9",0.77523827464122,0.999993719883922,0,0,0.718101933216169,0.182817869887868,"PPEF2;SASH1"
"Phosphate Ion Binding (GO:0042301)","2/9",0.77523827464122,0.999993719883922,0,0,0.718101933216169,0.182817869887868,"SLC34A2;ADSS2"
"Small Ribosomal Subunit rRNA Binding (GO:0070181)","2/9",0.77523827464122,0.999993719883922,0,0,0.718101933216169,0.182817869887868,"MAP3K20;MRPS18A"
"Store-Operated Calcium Channel Activity (GO:0015279)","2/9",0.77523827464122,0.999993719883922,0,0,0.718101933216169,0.182817869887868,"TRPC3;STIM2"
"Superoxide-Generating NADPH Oxidase Activator Activity (GO:0016176)","2/9",0.77523827464122,0.999993719883922,0,0,0.718101933216169,0.182817869887868,"NCF4;SH3PXD2B"
"Serine-Type Endopeptidase Inhibitor Activity (GO:0004867)","13/53",0.781946568946499,0.999993719883922,0,0,0.816534601162176,0.200842090654172,"APP;SERPINA3;SERPINA1;SERPINE2;ANXA2;AMBP;SERPINE3;TFPI;SERPINA13P;SERPINA4;SERPINB5;SERPINB6;SPOCK1"
"Syntaxin Binding (GO:0019905)","13/53",0.781946568946499,0.999993719883922,0,0,0.816534601162176,0.200842090654172,"UNC13B;SNAP25;UNC13C;SYT2;SYT1;DAPK1;STX7;SYT13;NAPG;STXBP5L;ABL1;STXBP5;VAMP3"
"Kinase Activity (GO:0016301)","27/106",0.783955746556777,0.999993719883922,0,0,0.85844235646374,0.20894719245957,"GSK3B;TRRAP;ADPGK;STK39;PIK3CB;PAPSS1;PPIP5K1;RFK;SEPHS1;IP6K3;MAP4K4;LYN;EPHA4;CHKA;SYK;AGK;IPMK;CDC7;PGM2L1;ACVR2A;MTOR;ETNK2;ETNK1;IDNK;PIK3C3;PRKD1;CDK5R1"
"Protein Phosphatase Regulator Activity (GO:0019888)","15/61",0.78978997910681,0.999993719883922,0,0,0.819209472241156,0.193323783602478,"PPP1R15B;LMTK2;PPP2R5A;PPP2R2A;PPP4R3A;PPP2R5C;PPP4R3B;PTN;PPP2R3A;PPP2R1B;PPP2R2C;PPP6R2;MGAT5;PPP6R3;GNA12"
"General Transcription Initiation Factor Binding (GO:0140296)","7/30",0.792475872001628,0.999993719883922,0,0,0.764750869947612,0.177875866664396,"HHEX;THRA;YEATS2;RUVBL1;AKR1B1;BCL10;ESR1"
"Excitatory Extracellular Ligand-Gated Monoatomic Ion Channel Activity (GO:0005231)","6/26",0.792493702259653,0.999993719883922,0,0,0.753851565247977,0.175323801255955,"CHRNA1;CHRNA2;GLRB;CHRNA7;CHRNA10;GRIK2"
"Neuropeptide Activity (GO:0160041)","6/26",0.792493702259653,0.999993719883922,0,0,0.753851565247977,0.175323801255955,"GAL;NPY;ASIP;PENK;CCK;QRFP"
"Neuropeptide Hormone Activity (GO:0005184)","6/26",0.792493702259653,0.999993719883922,0,0,0.753851565247977,0.175323801255955,"GAL;NPY;ASIP;PENK;CCK;QRFP"
"Serotonin Receptor Activity (GO:0099589)","6/26",0.792493702259653,0.999993719883922,0,0,0.753851565247977,0.175323801255955,"CHRM3;HTR7;HRH3;HRH2;HTR1A;HTR3C"
"Kinase Inhibitor Activity (GO:0019210)","8/34",0.793483606944091,0.999993719883922,0,0,0.773128349483029,0.178841904077132,"CDKN1A;ITPRIP;TAOK3;SPRY4;MBIP;PARVA;NCK1;SNCA"
"Solute:Sodium Symporter Activity (GO:0015370)","8/34",0.793483606944091,0.999993719883922,0,0,0.773128349483029,0.178841904077132,"SLC34A2;SLC5A8;SLC5A9;SLC20A2;SLC5A12;SLC4A4;SLC28A1;SLC28A3"
"bHLH Transcription Factor Binding (GO:0043425)","5/22",0.794110298370088,0.999993719883922,0,0,0.739095356799305,0.170385805261765,"CREBBP;SMAD3;TCF12;ISL1;SIRT1"
"Bicarbonate Transmembrane Transporter Activity (GO:0015106)","5/22",0.794110298370088,0.999993719883922,0,0,0.739095356799305,0.170385805261765,"SLC4A11;SLC26A4;SLC26A3;CFTR;SLC26A5"
"Low-Density Lipoprotein Particle Receptor Binding (GO:0050750)","5/22",0.794110298370088,0.999993719883922,0,0,0.739095356799305,0.170385805261765,"SYT1;CLTC;LANCL1;CLU;PICALM"
"Peptidase Activator Activity Involved In Apoptotic Process (GO:0016505)","5/22",0.794110298370088,0.999993719883922,0,0,0.739095356799305,0.170385805261765,"BCL2L13;CTSH;ST20;NOD1;NKX3-1"
"Phosphatase Inhibitor Activity (GO:0019212)","5/22",0.794110298370088,0.999993719883922,0,0,0.739095356799305,0.170385805261765,"TESC;MGAT5;LMTK2;PTN;SIRT1"
"Steroid Dehydrogenase Activity, Acting On The CH-OH Group Of Donors, NAD Or NADP As Acceptor (GO:0033764)","5/22",0.794110298370088,0.999993719883922,0,0,0.739095356799305,0.170385805261765,"SRD5A2;HSD17B2;HSD17B4;HSD17B6;HSD17B7"
"Promoter-Specific Chromatin Binding (GO:1990841)","10/42",0.797318664489096,0.999993719883922,0,0,0.785154875043999,0.17783824668028,"RBL2;FOXC1;NIPBL;STAT1;PRDM1;NUP98;KLF4;IKZF3;ISL1;GLI2"
"Calcium Activated Cation Channel Activity (GO:0005227)","4/18",0.798345624782842,0.999993719883922,0,0,0.718002812939522,0.161704042495301,"KCNMB1;KCNMA1;KCNMB2;KCNN2"
"Ligand-Gated Calcium Channel Activity (GO:0099604)","4/18",0.798345624782842,0.999993719883922,0,0,0.718002812939522,0.161704042495301,"RYR2;ITPR1;TRPM8;GRIN2B"
"Ligand-Gated Monoatomic Anion Channel Activity (GO:0099095)","4/18",0.798345624782842,0.999993719883922,0,0,0.718002812939522,0.161704042495301,"GABRB3;GLRB;GABRA5;GABRG3"
"Cyclin-Dependent Protein Serine/Threonine Kinase Regulator Activity (GO:0016538)","11/46",0.799780493442912,0.999993719883922,0,0,0.789614504488646,0.176414071381392,"CCNB3;KAT2B;CDKN1A;CCND3;CDKN2B;CCNY;CCNH;CCNF;CCNP;CCNO;CDK5R1"
"Phospholipase Activity (GO:0004620)","19/77",0.804896909809936,0.999993719883922,0,0,0.822863290723755,0.178595130820425,"LYPLA2;PLA2G12A;PLA2G4E;PLCL1;PLA2G4A;PLAAT3;PLD6;PLA2G6;PLD1;PLB1;SMPD3;PLCB4;ASPG;ENPP2;NAPEPLD;PNPLA4;LCP1;PLCB1;LYPLAL1"
"Growth Factor Receptor Binding (GO:0070851)","24/96",0.805760298703454,0.999993719883922,0,0,0.837214772994589,0.180812417932431,"PDGFRA;KL;IL1R1;ITGB3;TNK2;ERAP1;SLA;PTPRJ;FRS2;PSEN1;TIMM50;VEGFA;ERN1;ATXN2;FER;ERBB4;PDGFC;AGR2;IL12A;FYN;ITGA5;IL6ST;IL6R;FGF10"
"SUMO Binding (GO:0032183)","3/14",0.807204010262577,0.999993719883922,0,0,0.68538966746033,0.146795965185684,"HERC2;RNF4;PML"
"Aspartic-Type Peptidase Activity (GO:0070001)","3/14",0.807204010262577,0.999993719883922,0,0,0.68538966746033,0.146795965185684,"PIP;PSEN1;PGC"
"Clathrin Adaptor Activity (GO:0035615)","3/14",0.807204010262577,0.999993719883922,0,0,0.68538966746033,0.146795965185684,"DAB2;AP2B1;STON2"
"Cyclin-Dependent Protein Serine/Threonine Kinase Activator Activity (GO:0061575)","3/14",0.807204010262577,0.999993719883922,0,0,0.68538966746033,0.146795965185684,"CCND3;CCNY;CDK5R1"
"Myosin V Binding (GO:0031489)","3/14",0.807204010262577,0.999993719883922,0,0,0.68538966746033,0.146795965185684,"RAB3B;RAB3C;RAB6B"
"Phospholipase A1 Activity (GO:0008970)","3/14",0.807204010262577,0.999993719883922,0,0,0.68538966746033,0.146795965185684,"PLA2G4E;PLAAT3;LCP1"
"Sodium:Proton Antiporter Activity (GO:0015385)","3/14",0.807204010262577,0.999993719883922,0,0,0.68538966746033,0.146795965185684,"SLC9A7;SLC9A9;SLC9C2"
"Solute:Inorganic Anion Antiporter Activity (GO:0005452)","3/14",0.807204010262577,0.999993719883922,0,0,0.68538966746033,0.146795965185684,"SLC26A4;SLC26A3;SLC26A5"
"Translation Elongation Factor Activity (GO:0003746)","3/14",0.807204010262577,0.999993719883922,0,0,0.68538966746033,0.146795965185684,"EEFSEC;GFM1;GFM2"
"Ribosome Binding (GO:0043022)","21/85",0.812056334883312,0.999993719883922,0,0,0.824160201022747,0.171578255692672,"SRP19;YTHDF1;MRPS27;LTN1;PYM1;NMD3;UQCC5;MALSU1;EFNA1;SEC61A1;LARP1;NEMF;SEC61G;PIM1;MAP3K20;GEMIN5;CPEB3;PELO;EIF1B;CPEB2;NOMO2"
"1-Acylglycerophosphocholine O-acyltransferase Activity (GO:0047184)","1/5",0.812647192348983,0.999993719883922,0,0,0.628360569319979,0.13035856609115,"MBOAT2"
"3'-5' RNA Helicase Activity (GO:0034458)","1/5",0.812647192348983,0.999993719883922,0,0,0.628360569319979,0.13035856609115,"YTHDC2"
"3-hydroxyacyl-CoA Dehydrogenase Activity (GO:0003857)","1/5",0.812647192348983,0.999993719883922,0,0,0.628360569319979,0.13035856609115,"HSD17B4"
"ATP-activated Inward Rectifier Potassium Channel Activity (GO:0015272)","1/5",0.812647192348983,0.999993719883922,0,0,0.628360569319979,0.13035856609115,"KCNJ11"
"BMP Receptor Activity (GO:0098821)","1/5",0.812647192348983,0.999993719883922,0,0,0.628360569319979,0.13035856609115,"BMPR1A"
"C3HC4-type RING Finger Domain Binding (GO:0055131)","1/5",0.812647192348983,0.999993719883922,0,0,0.628360569319979,0.13035856609115,"KCNH2"
"G Protein-Coupled Opioid Receptor Activity (GO:0004985)","1/5",0.812647192348983,0.999993719883922,0,0,0.628360569319979,0.13035856609115,"OPRK1"
"L-leucine Transmembrane Transporter Activity (GO:0015190)","1/5",0.812647192348983,0.999993719883922,0,0,0.628360569319979,0.13035856609115,"SLC43A1"
"RNA-directed DNA Polymerase Activity (GO:0003964)","1/5",0.812647192348983,0.999993719883922,0,0,0.628360569319979,0.13035856609115,"TERF2"
"U4 snRNA Binding (GO:0030621)","1/5",0.812647192348983,0.999993719883922,0,0,0.628360569319979,0.13035856609115,"GEMIN5"
"Acetylcholine Receptor Inhibitor Activity (GO:0030550)","1/5",0.812647192348983,0.999993719883922,0,0,0.628360569319979,0.13035856609115,"LYPD6"
"Adenylate Cyclase Regulator Activity (GO:0010854)","1/5",0.812647192348983,0.999993719883922,0,0,0.628360569319979,0.13035856609115,"GRM7"
"Alkaline Phosphatase Activity (GO:0004035)","1/5",0.812647192348983,0.999993719883922,0,0,0.628360569319979,0.13035856609115,"ALPP"
"Annealing Activity (GO:0140666)","1/5",0.812647192348983,0.999993719883922,0,0,0.628360569319979,0.13035856609115,"FXR1"
"Apolipoprotein Receptor Binding (GO:0034190)","1/5",0.812647192348983,0.999993719883922,0,0,0.628360569319979,0.13035856609115,"APOA1"
"Arylesterase Activity (GO:0004064)","1/5",0.812647192348983,0.999993719883922,0,0,0.628360569319979,0.13035856609115,"CA1"
"Aspartic Endopeptidase Activity, Intramembrane Cleaving (GO:0042500)","1/5",0.812647192348983,0.999993719883922,0,0,0.628360569319979,0.13035856609115,"PSEN1"
"Bile Acid:Sodium Symporter Activity (GO:0008508)","1/5",0.812647192348983,0.999993719883922,0,0,0.628360569319979,0.13035856609115,"SLC10A6"
"cAMP-dependent Protein Kinase Activity (GO:0004691)","1/5",0.812647192348983,0.999993719883922,0,0,0.628360569319979,0.13035856609115,"PRKX"
"Carnitine O-acyltransferase Activity (GO:0016406)","1/5",0.812647192348983,0.999993719883922,0,0,0.628360569319979,0.13035856609115,"CPT2"
"Ceramide 1-Phosphate Binding (GO:1902387)","1/5",0.812647192348983,0.999993719883922,0,0,0.628360569319979,0.13035856609115,"PLA2G4A"
"Chitinase Activity (GO:0004568)","1/5",0.812647192348983,0.999993719883922,0,0,0.628360569319979,0.13035856609115,"CHIT1"
"Cyclase Activator Activity (GO:0010853)","1/5",0.812647192348983,0.999993719883922,0,0,0.628360569319979,0.13035856609115,"GUCA2A"
"Diacylglycerol O-acyltransferase Activity (GO:0004144)","1/5",0.812647192348983,0.999993719883922,0,0,0.628360569319979,0.13035856609115,"MOGAT2"
"Diphosphotransferase Activity (GO:0016778)","1/5",0.812647192348983,0.999993719883922,0,0,0.628360569319979,0.13035856609115,"TPK1"
"Double-Stranded Methylated DNA Binding (GO:0010385)","1/5",0.812647192348983,0.999993719883922,0,0,0.628360569319979,0.13035856609115,"WT1"
"Ferroxidase Activity (GO:0004322)","1/5",0.812647192348983,0.999993719883922,0,0,0.628360569319979,0.13035856609115,"FTMT"
"Fructose Binding (GO:0070061)","1/5",0.812647192348983,0.999993719883922,0,0,0.628360569319979,0.13035856609115,"ALDOB"
"Guanylyltransferase Activity (GO:0070568)","1/5",0.812647192348983,0.999993719883922,0,0,0.628360569319979,0.13035856609115,"TENT4B"
"Lactate Dehydrogenase Activity (GO:0004457)","1/5",0.812647192348983,0.999993719883922,0,0,0.628360569319979,0.13035856609115,"LDHD"
"Melanocortin Receptor Activity (GO:0004977)","1/5",0.812647192348983,0.999993719883922,0,0,0.628360569319979,0.13035856609115,"MC5R"
"Oligosaccharyl Transferase Activity (GO:0004576)","1/5",0.812647192348983,0.999993719883922,0,0,0.628360569319979,0.13035856609115,"STT3B"
"Oxidoreductase Activity, Acting On Metal Ions, Oxygen As Acceptor (GO:0016724)","1/5",0.812647192348983,0.999993719883922,0,0,0.628360569319979,0.13035856609115,"FTMT"
"Phosphatidylinositol-4,5-Bisphosphate 3-Kinase Activity (GO:0046934)","1/5",0.812647192348983,0.999993719883922,0,0,0.628360569319979,0.13035856609115,"PIK3CB"
"Phospholipase D Activity (GO:0004630)","1/5",0.812647192348983,0.999993719883922,0,0,0.628360569319979,0.13035856609115,"PLD1"
"Protein Carboxyl O-methyltransferase Activity (GO:0051998)","1/5",0.812647192348983,0.999993719883922,0,0,0.628360569319979,0.13035856609115,"PCMTD1"
"Pyruvate Transmembrane Transporter Activity (GO:0050833)","1/5",0.812647192348983,0.999993719883922,0,0,0.628360569319979,0.13035856609115,"SLC16A7"
"Sulfatide Binding (GO:0120146)","1/5",0.812647192348983,0.999993719883922,0,0,0.628360569319979,0.13035856609115,"MANF"
"Supercoiled DNA Binding (GO:0097100)","1/5",0.812647192348983,0.999993719883922,0,0,0.628360569319979,0.13035856609115,"TOP1"
"Telomerase Activity (GO:0003720)","1/5",0.812647192348983,0.999993719883922,0,0,0.628360569319979,0.13035856609115,"TERF2"
"DNA-binding Transcription Activator Activity, RNA Polymerase II-specific (GO:0001228)","92/348",0.816531225447746,0.999993719883922,0,0,0.901774553571429,0.182780796314312,"ATF1;FOXA1;EHF;HNF4G;UBP1;TFCP2L1;RBPJ;MEOX2;NR3C1;IKZF3;ETS1;NR2E3;ELK4;HOXA10;HHEX;MECOM;ZIC3;CREB3L1;MYB;SOX9;MYBL1;SOX4;MEF2C;TCF12;SOX11;MITF;ETV1;FOS;KLF15;RUNX1;MYCN;TFEC;HOXB1;ATF6;CLOCK;ATF3;GCM1;NFAT5;CASZ1;FOXC1;EPAS1;DLX5;SRF;NR1I2;LEF1;GLIS3;GATA4;GATA3;FOXO3;BARX2;CDKN2AIP;FOXO1;HSF2;PRDM16;HOXC4;RREB1;SMAD2;MLXIP;ZNF143;TFAP2B;SMAD4;TFAP2C;POU2F1;SMAD3;ZNF658B;ZBTB16;IRX3;STAT3;FOXJ3;NFATC3;FOXJ2;FOXJ1;NFATC1;GRHL3;KLF4;USF3;GRHL2;POU4F1;ESR1;PHOX2B;TBX3;KLF7;KLF6;TFCP2;NFIA;NFIB;WT1;ZFP62;NFIC;CREBRF;ZNF658;TCF4"
"Endopeptidase Inhibitor Activity (GO:0004866)","28/112",0.820301385332147,0.999993719883922,0,0,0.837099811676083,0.165815629710119,"CRB2;APP;SERPINA3;ITIH3;LXN;SERPINA1;SERPINE2;ROCK1;SERPINE3;TFPI;SERPINA13P;THBS1;SERPINA4;CST3;SPOCK2;SPOCK1;SPP2;CAST;AMBP;ANXA2;RARRES1;NGF;SERPINB5;SERPINB6;BIN1;BIRC6;RECK;LTF"
"Core Promoter Sequence-Specific DNA Binding (GO:0001046)","8/35",0.820872854596828,0.999993719883922,0,0,0.744441838037897,0.146943176840992,"UBTFL1;POU2F1;STAT1;TBPL1;PARK7;FOS;NR3C1;FOXP1"
"Catalytic Activity, Acting On A tRNA (GO:0140101)","9/39",0.821116574018312,0.999993719883922,0,0,0.753721625901812,0.148551137952072,"DTWD2;TRMT9B;QTRT2;ALKBH1;ELAC2;ELAC1;GATB;QRSL1;TRIT1"
"Phosphotyrosine Residue Binding (GO:0001784)","9/39",0.821116574018312,0.999993719883922,0,0,0.753721625901812,0.148551137952072,"BCAR3;HCK;YES1;SYK;IRS1;SLA;ABL2;PIK3R1;PTPN5"
"RNA Polymerase II Complex Binding (GO:0000993)","7/31",0.821486476177181,0.999993719883922,0,0,0.732834945763706,0.144104520094278,"PCF11;NCOA3;RPRD1B;PEX2;RPRD1A;BRD4;RTRAF"
"SH2 Domain Binding (GO:0042169)","7/31",0.821486476177181,0.999993719883922,0,0,0.732834945763706,0.144104520094278,"GPI;AFAP1L2;IRS1;SH3PXD2B;BLNK;PAG1;SKAP1"
"Potassium Ion Transmembrane Transporter Activity (GO:0015079)","7/31",0.821486476177181,0.999993719883922,0,0,0.732834945763706,0.144104520094278,"KCNG1;KCNU1;KCNK9;KCNC4;PKD2;KCNK1;AQP1"
"ADP Binding (GO:0043531)","6/27",0.823335005560687,0.999993719883922,0,0,0.717903622933521,0.139554797874153,"ERN1;MSH6;MYO18A;PRKAG2;MYH9;ABCG1"
"Acetyltransferase Activity (GO:0016407)","6/27",0.823335005560687,0.999993719883922,0,0,0.717903622933521,0.139554797874153,"KAT2B;CREBBP;KAT6A;ELP3;SLC38A2;PAFAH1B2"
"Oxidoreductase Activity, Acting On Paired Donors, With Incorporation Or Reduction Of Molecular Oxygen, NAD(P)H As One Donor, And Incorporation Of One Atom Of Oxygen (GO:0016709)","6/27",0.823335005560687,0.999993719883922,0,0,0.717903622933521,0.139554797874153,"CYP26A1;MICAL1;AKR1D1;FMO1;MICAL2;NOS1"
"Palmitoyltransferase Activity (GO:0016409)","6/27",0.823335005560687,0.999993719883922,0,0,0.717903622933521,0.139554797874153,"ZDHHC9;ZDHHC21;ZDHHC7;ZDHHC11;ZDHHC1;ZDHHC14"
"tRNA Binding (GO:0000049)","12/51",0.824881312512841,0.999993719883922,0,0,0.77296858071506,0.148808638887692,"EEF1A1;TRMT9B;MRPS27;NEMF;XPOT;ALKBH1;ELP1;NSUN6;C6ORF52;ELP5;YARS2;GTSF1"
"FMN Binding (GO:0010181)","2/10",0.82525943300284,0.999993719883922,0,0,0.62829525483304,0.120668801979,"IYD;NOS1"
"L-arginine Transmembrane Transporter Activity (GO:0061459)","2/10",0.82525943300284,0.999993719883922,0,0,0.62829525483304,0.120668801979,"SLC38A9;SLC7A1"
"MAP-kinase Scaffold Activity (GO:0005078)","2/10",0.82525943300284,0.999993719883922,0,0,0.62829525483304,0.120668801979,"MAP2K1;SH3RF1"
"acyl-CoA Dehydrogenase Activity (GO:0003995)","2/10",0.82525943300284,0.999993719883922,0,0,0.62829525483304,0.120668801979,"ACADL;ACADSB"
"alditol:NADP+ 1-Oxidoreductase Activity (GO:0004032)","2/10",0.82525943300284,0.999993719883922,0,0,0.62829525483304,0.120668801979,"AKR1D1;AKR1B1"
"Calcium Channel Inhibitor Activity (GO:0019855)","2/10",0.82525943300284,0.999993719883922,0,0,0.62829525483304,0.120668801979,"ITPR1;SLC30A1"
"Complement Component C3b Binding (GO:0001851)","2/10",0.82525943300284,0.999993719883922,0,0,0.62829525483304,0.120668801979,"PHB1;CFHR5"
"Dipeptidyl-Peptidase Activity (GO:0008239)","2/10",0.82525943300284,0.999993719883922,0,0,0.62829525483304,0.120668801979,"DPP10;DPP4"
"Extracellular Ligand-Gated Monoatomic Ion Channel Activity (GO:0005230)","2/10",0.82525943300284,0.999993719883922,0,0,0.62829525483304,0.120668801979,"GABRA5;GABRG3"
"Inositol Trisphosphate Phosphatase Activity (GO:0046030)","2/10",0.82525943300284,0.999993719883922,0,0,0.62829525483304,0.120668801979,"INPP4B;SYNJ1"
"Intracellular Cyclic Nucleotide Activated Monoatomic Cation Channel Activity (GO:0005221)","2/10",0.82525943300284,0.999993719883922,0,0,0.62829525483304,0.120668801979,"CNGA3;CNGB1"
"Magnesium Ion Transmembrane Transporter Activity (GO:0015095)","2/10",0.82525943300284,0.999993719883922,0,0,0.62829525483304,0.120668801979,"TUSC3;SLC41A1"
"Myosin II Binding (GO:0045159)","2/10",0.82525943300284,0.999993719883922,0,0,0.62829525483304,0.120668801979,"STXBP5;STXBP5L"
"Phospholipase Activator Activity (GO:0016004)","2/10",0.82525943300284,0.999993719883922,0,0,0.62829525483304,0.120668801979,"FYN;ARHGAP6"
"Platelet-Derived Growth Factor Binding (GO:0048407)","2/10",0.82525943300284,0.999993719883922,0,0,0.62829525483304,0.120668801979,"PDGFRA;COL2A1"
"Racemase And Epimerase Activity, Acting On Carbohydrates And Derivatives (GO:0016857)","2/10",0.82525943300284,0.999993719883922,0,0,0.62829525483304,0.120668801979,"PHACTR1;GNE"
"Ribonuclease P Activity (GO:0004526)","2/10",0.82525943300284,0.999993719883922,0,0,0.62829525483304,0.120668801979,"PRORP;RPP30"
"Transferrin Receptor Binding (GO:1990459)","2/10",0.82525943300284,0.999993719883922,0,0,0.62829525483304,0.120668801979,"F3;RGMA"
"Vinculin Binding (GO:0017166)","2/10",0.82525943300284,0.999993719883922,0,0,0.62829525483304,0.120668801979,"UTRN;CORO2B"
"Protein Serine/Threonine Phosphatase Activity (GO:0004722)","13/55",0.826735520001011,0.999993719883922,0,0,0.777542994658684,0.147943448984578,"DUSP4;CTDP1;MTMR3;PPTC7;CTDSPL;CDC14C;CDC14A;CDC14B;TIMM50;PPP1CB;PDP1;PPP3CA;PPEF2"
"Cyclin-Dependent Protein Kinase Activity (GO:0097472)","5/23",0.82702236261019,0.999993719883922,0,0,0.69798565930094,0.132563909854305,"CDKL3;CDK19;CDK6;CDK14;CDKL1"
"Cyclin-Dependent Protein Serine/Threonine Kinase Activity (GO:0004693)","5/23",0.82702236261019,0.999993719883922,0,0,0.69798565930094,0.132563909854305,"CDKL3;CDK19;CDK6;CDK14;CDKL1"
"Cyclosporin A Binding (GO:0016018)","5/23",0.82702236261019,0.999993719883922,0,0,0.69798565930094,0.132563909854305,"RANBP2;PPP3CA;PPIF;PPIE;PPIAL4F"
"Disordered Domain Specific Binding (GO:0097718)","5/23",0.82702236261019,0.999993719883922,0,0,0.69798565930094,0.132563909854305,"RB1;SMAD2;NCOA3;CLTC;FYN"
"GDP Binding (GO:0019003)","16/67",0.833169853915035,0.999993719883922,0,0,0.788016968591524,0.143827085125723,"RAB3B;RAB4A;DIRAS2;RASEF;RRAS2;RAB27A;GNAI1;RAB21;RAP1B;RAB31;RAP1A;RIT2;RAB12;RAB28;GBP1;RAN"
"DNA Polymerase Binding (GO:0070182)","4/19",0.833577100451536,0.999993719883922,0,0,0.67008907641819,0.121975697447061,"PAXX;CDK2AP1;NHEJ1;SMG6"
"NAD-retinol Dehydrogenase Activity (GO:0004745)","4/19",0.833577100451536,0.999993719883922,0,0,0.67008907641819,0.121975697447061,"ADH1C;ADH1B;RDH11;HSD17B6"
"RNA Cap Binding (GO:0000339)","4/19",0.833577100451536,0.999993719883922,0,0,0.67008907641819,0.121975697447061,"CYFIP2;LARP1;GEMIN5;EIF4E"
"Alcohol Dehydrogenase (NADP+) Activity (GO:0008106)","4/19",0.833577100451536,0.999993719883922,0,0,0.67008907641819,0.121975697447061,"RDH11;AKR1D1;AKR1B1;RDH14"
"Cysteine-Type Endopeptidase Inhibitor Activity Involved In Apoptotic Process (GO:0043027)","4/19",0.833577100451536,0.999993719883922,0,0,0.67008907641819,0.121975697447061,"TNFAIP8;CD27;BIRC3;SNCA"
"CoA Hydrolase Activity (GO:0016289)","3/15",0.844907355771055,0.999993719883922,0,0,0.628229917384426,0.105874517332563,"ABCD3;BAAT;HIBCH"
"K48-linked Deubiquitinase Activity (GO:1990380)","3/15",0.844907355771055,0.999993719883922,0,0,0.628229917384426,0.105874517332563,"USP13;USP7;MINDY4"
"Sulfuric Ester Hydrolase Activity (GO:0008484)","3/15",0.844907355771055,0.999993719883922,0,0,0.628229917384426,0.105874517332563,"STS;IDS;ARSG"
"Amino Acid Binding (GO:0016597)","8/36",0.845362318372012,0.999993719883922,0,0,0.71780436312456,0.120583929397406,"GRIN3A;GRM7;DDAH1;GLRB;SLC38A9;NOS1;GRIN2B;GNMT"
"Beta-Tubulin Binding (GO:0048487)","7/32",0.847218374626013,0.999993719883922,0,0,0.703472295514512,0.1166334528667,"BCAS3;PACRG;HTT;DLEC1;BBS4;PEX14;CDK5R1"
"Glutathione Transferase Activity (GO:0004364)","6/28",0.850410187510539,0.999993719883922,0,0,0.685223675374924,0.111031227133339,"GSTK1;HPGDS;GSTO2;MGST3;LANCL1;MGST1"
"mRNA 5'-UTR Binding (GO:0048027)","5/24",0.855521461894203,0.999993719883922,0,0,0.66120329838135,0.103176872954821,"LARP1;DHX36;IGF2BP1;IGF2BP3;IGF2BP2"
"Monoatomic Anion Transmembrane Transporter Activity (GO:0008509)","5/24",0.855521461894203,0.999993719883922,0,0,0.66120329838135,0.103176872954821,"SLC1A1;SLC26A4;SLC26A3;CFTR;SLC26A5"
"Protein Phosphatase Binding (GO:0019903)","28/115",0.861456168902308,0.999993719883922,0,0,0.808063835313981,0.120507450215237,"MTMR3;MTMR9;PPP1R3A;PIK3R1;AMBRA1;FOXO1;EGFR;STRN3;TBK1;AKAP11;GNA12;NEK2;KIFAP3;CD33;MAP3K5;JUP;ITGA1;STAT3;AP3B1;MYO16;MFHAS1;SH3RF2;GRIN3A;TRAF3;CTNNB1;STRN;MET;SKAP1"
"Damaged DNA Binding (GO:0003684)","10/45",0.864322692944994,0.999993719883922,0,0,0.71770503343893,0.104647919753541,"CREBBP;NEIL3;PARP1;NTHL1;ERCC4;RPA3;RBBP8;SDE2;SMC6;RAD18"
"UDP-galactose:beta-N-acetylglucosamine Beta-1,3-Galactosyltransferase Activity (GO:0008499)","2/11",0.865018319884354,0.999993719883922,0,0,0.558445616090607,0.0809771793953001,"B3GALT2;B3GALT1"
"Histone Methyltransferase Binding (GO:1990226)","2/11",0.865018319884354,0.999993719883922,0,0,0.558445616090607,0.0809771793953001,"CTNNB1;LCORL"
"Ionotropic Glutamate Receptor Binding (GO:0035255)","2/11",0.865018319884354,0.999993719883922,0,0,0.558445616090607,0.0809771793953001,"NETO1;SHANK2"
"mRNA Methyltransferase Activity (GO:0008174)","2/11",0.865018319884354,0.999993719883922,0,0,0.558445616090607,0.0809771793953001,"METTL14;METTL8"
"Single-Stranded Telomeric DNA Binding (GO:0043047)","2/11",0.865018319884354,0.999993719883922,0,0,0.558445616090607,0.0809771793953001,"POT1;TERF2"
"Sodium:Phosphate Symporter Activity (GO:0005436)","2/11",0.865018319884354,0.999993719883922,0,0,0.558445616090607,0.0809771793953001,"SLC34A2;SLC20A2"
"tRNA (Guanine) Methyltransferase Activity (GO:0016423)","2/11",0.865018319884354,0.999993719883922,0,0,0.558445616090607,0.0809771793953001,"TRMT11;TARBP1"
"1-Phosphatidylinositol-4-Phosphate 3-Kinase Activity (GO:0035005)","1/6",0.865980760189355,0.999993719883922,0,0,0.502653312247408,0.0723280857337833,"PIK3CB"
"MutLalpha Complex Binding (GO:0032405)","1/6",0.865980760189355,0.999993719883922,0,0,0.502653312247408,0.0723280857337833,"MSH6"
"NEDD8 Transferase Activity (GO:0019788)","1/6",0.865980760189355,0.999993719883922,0,0,0.502653312247408,0.0723280857337833,"RBX1"
"RNA Polymerase II C-terminal Domain Binding (GO:0099122)","1/6",0.865980760189355,0.999993719883922,0,0,0.502653312247408,0.0723280857337833,"LEO1"
"RNA Polymerase II CTD Heptapeptide Repeat Phosphatase Activity (GO:0008420)","1/6",0.865980760189355,0.999993719883922,0,0,0.502653312247408,0.0723280857337833,"CTDSPL"
"acetyl-CoA C-acyltransferase Activity (GO:0003988)","1/6",0.865980760189355,0.999993719883922,0,0,0.502653312247408,0.0723280857337833,"ACAT2"
"Acid Phosphatase Activity (GO:0003993)","1/6",0.865980760189355,0.999993719883922,0,0,0.502653312247408,0.0723280857337833,"ACP5"
"Acid-Amino Acid Ligase Activity (GO:0016881)","1/6",0.865980760189355,0.999993719883922,0,0,0.502653312247408,0.0723280857337833,"GCLM"
"Aldehyde-Lyase Activity (GO:0016832)","1/6",0.865980760189355,0.999993719883922,0,0,0.502653312247408,0.0723280857337833,"ALDOB"
"Arachidonic Acid Binding (GO:0050544)","1/6",0.865980760189355,0.999993719883922,0,0,0.502653312247408,0.0723280857337833,"PPARG"
"Aryl Hydrocarbon Receptor Binding (GO:0017162)","1/6",0.865980760189355,0.999993719883922,0,0,0.502653312247408,0.0723280857337833,"ARNT2"
"Aryl Sulfotransferase Activity (GO:0004062)","1/6",0.865980760189355,0.999993719883922,0,0,0.502653312247408,0.0723280857337833,"SULT1C3"
"Calcium-Dependent Protein Serine/Threonine Phosphatase Activity (GO:0004723)","1/6",0.865980760189355,0.999993719883922,0,0,0.502653312247408,0.0723280857337833,"PPP3CA"
"Choline Transmembrane Transporter Activity (GO:0015220)","1/6",0.865980760189355,0.999993719883922,0,0,0.502653312247408,0.0723280857337833,"SLC44A3"
"Clathrin Light Chain Binding (GO:0032051)","1/6",0.865980760189355,0.999993719883922,0,0,0.502653312247408,0.0723280857337833,"CLTC"
"Dopamine Receptor Binding (GO:0050780)","1/6",0.865980760189355,0.999993719883922,0,0,0.502653312247408,0.0723280857337833,"GNA12"
"Ether Hydrolase Activity (GO:0016803)","1/6",0.865980760189355,0.999993719883922,0,0,0.502653312247408,0.0723280857337833,"EPHX1"
"Galactosidase Activity (GO:0015925)","1/6",0.865980760189355,0.999993719883922,0,0,0.502653312247408,0.0723280857337833,"GLB1L2"
"Glucose:Sodium Symporter Activity (GO:0005412)","1/6",0.865980760189355,0.999993719883922,0,0,0.502653312247408,0.0723280857337833,"SLC5A9"
"Glycerol Channel Activity (GO:0015254)","1/6",0.865980760189355,0.999993719883922,0,0,0.502653312247408,0.0723280857337833,"AQP7P3"
"Icosatetraenoic Acid Binding (GO:0050543)","1/6",0.865980760189355,0.999993719883922,0,0,0.502653312247408,0.0723280857337833,"PPARG"
"Lipoprotein Lipase Activity (GO:0004465)","1/6",0.865980760189355,0.999993719883922,0,0,0.502653312247408,0.0723280857337833,"LCP1"
"Morphogen Activity (GO:0016015)","1/6",0.865980760189355,0.999993719883922,0,0,0.502653312247408,0.0723280857337833,"GREM1"
"Oxidoreductase Activity, Acting On A Sulfur Group Of Donors, Disulfide As Acceptor (GO:0016671)","1/6",0.865980760189355,0.999993719883922,0,0,0.502653312247408,0.0723280857337833,"MSRB2"
"Oxidoreductase Activity, Acting On A Sulfur Group Of Donors, Oxygen As Acceptor (GO:0016670)","1/6",0.865980760189355,0.999993719883922,0,0,0.502653312247408,0.0723280857337833,"SUMF1"
"Oxidoreductase Activity, Acting On The CH-CH Group Of Donors, With A Flavin As Acceptor (GO:0052890)","1/6",0.865980760189355,0.999993719883922,0,0,0.502653312247408,0.0723280857337833,"ACADSB"
"Phosphofructokinase Activity (GO:0008443)","1/6",0.865980760189355,0.999993719883922,0,0,0.502653312247408,0.0723280857337833,"PFKP"
"Primary Amine Oxidase Activity (GO:0008131)","1/6",0.865980760189355,0.999993719883922,0,0,0.502653312247408,0.0723280857337833,"MAOA"
"Protein Tyrosine Kinase Inhibitor Activity (GO:0030292)","1/6",0.865980760189355,0.999993719883922,0,0,0.502653312247408,0.0723280857337833,"IBTK"
"Serine-Type Exopeptidase Activity (GO:0070008)","1/6",0.865980760189355,0.999993719883922,0,0,0.502653312247408,0.0723280857337833,"CPVL"
"Signal Recognition Particle Binding (GO:0005047)","1/6",0.865980760189355,0.999993719883922,0,0,0.502653312247408,0.0723280857337833,"SRP9"
"Telethonin Binding (GO:0031433)","1/6",0.865980760189355,0.999993719883922,0,0,0.502653312247408,0.0723280857337833,"TTN"
"Ubiquitin Ligase Activator Activity (GO:1990757)","1/6",0.865980760189355,0.999993719883922,0,0,0.502653312247408,0.0723280857337833,"ENTREP1"
"Phosphatidylinositol-4,5-Bisphosphate Binding (GO:0005546)","17/73",0.867902890690276,0.999993719883922,0,0,0.762378854625551,0.108010365519733,"SVIL;AMER3;GRAMD2A;ANXA2;FRMPD4;PLA2G4E;MAPKAP1;COMMD1;JPH2;MYO1B;SNX18;SESTD1;PARD3;FCHO2;RAG2;PLCB1;PICALM"
"RNA Polymerase Core Enzyme Binding (GO:0043175)","7/33",0.869871762002572,0.999993719883922,0,0,0.676368310669102,0.0942921532580124,"PCF11;NCOA3;ERBB2;RPRD1B;PEX2;RPRD1A;RTRAF"
"Gamma-Tubulin Binding (GO:0043015)","6/29",0.873987292376137,0.999993719883922,0,0,0.65538546238664,0.0882735029104202,"NEDD1;TUBGCP2;WIPF3;TUBGCP5;NDRG1;CDK5RAP2"
"Metal Ion Transmembrane Transporter Activity (GO:0046873)","6/29",0.873987292376137,0.999993719883922,0,0,0.65538546238664,0.0882735029104202,"SLC23A2;TUSC3;UCP3;ITPR1;ITPR2;SLC41A1"
"miRNA Binding (GO:0035198)","6/29",0.873987292376137,0.999993719883922,0,0,0.65538546238664,0.0882735029104202,"TUT7;PNPT1;ZC3H7A;ZC3H7B;RBM10;PUM2"
"Phosphatidylinositol Bisphosphate Binding (GO:1902936)","22/93",0.875010299830341,0.999993719883922,0,0,0.778036117942221,0.103883087949175,"SVIL;AMER3;GRAMD2A;ANXA2;FRMPD4;PLA2G4E;MAPKAP1;GBF1;WIPI1;COMMD1;WIPI2;LAPTM4B;JPH2;MYO1B;SNX18;SESTD1;PARD3;SH3PXD2B;FCHO2;RAG2;PLCB1;PICALM"
"CXCR Chemokine Receptor Binding (GO:0045236)","3/16",0.876027237220411,0.999993719883922,0,0,0.579863975012507,0.0767496915624878,"CXCL8;CXCL13;PF4"
"RNA Methyltransferase Activity (GO:0008173)","3/16",0.876027237220411,0.999993719883922,0,0,0.579863975012507,0.0767496915624878,"TRMT9B;METTL4;METTL8"
"Arachidonic Acid Monooxygenase Activity (GO:0008391)","3/16",0.876027237220411,0.999993719883922,0,0,0.579863975012507,0.0767496915624878,"CYP2J2;CYP2A7;CYP2A6"
"Four-Way Junction DNA Binding (GO:0000400)","3/16",0.876027237220411,0.999993719883922,0,0,0.579863975012507,0.0767496915624878,"GEN1;MSH6;RAD51B"
"Phosphatidylinositol Kinase Activity (GO:0052742)","3/16",0.876027237220411,0.999993719883922,0,0,0.579863975012507,0.0767496915624878,"PIP5K1A;PIK3C3;PIK3CB"
"Water Transmembrane Transporter Activity (GO:0005372)","3/16",0.876027237220411,0.999993719883922,0,0,0.579863975012507,0.0767496915624878,"PDPN;SLC4A11;AQP7P3"
"Adenylyltransferase Activity (GO:0070566)","5/25",0.879984222966969,0.999993719883922,0,0,0.628099173553719,0.0803032959413993,"PAPOLG;TUT1;FHIT;TENT4B;TENT5C"
"Epidermal Growth Factor Receptor Binding (GO:0005154)","5/25",0.879984222966969,0.999993719883922,0,0,0.628099173553719,0.0803032959413993,"ATXN2;FER;ERBB4;TNK2;SLA"
"Lysine N-methyltransferase Activity (GO:0016278)","5/25",0.879984222966969,0.999993719883922,0,0,0.628099173553719,0.0803032959413993,"SETD3;SETD7;EHMT1;ATPSCKMT;KMT5A"
"GABA Receptor Activity (GO:0016917)","4/21",0.888689994424353,0.999993719883922,0,0,0.591172333912468,0.0697623654034637,"GABRB3;GABBR2;GABRA5;GABRG3"
"3'-5'-RNA Exonuclease Activity (GO:0000175)","7/34",0.889676054639316,0.999993719883922,0,0,0.651272028404834,0.0761323103485924,"ISG20;PNPT1;NOCT;XRN2;PARN;REXO2;DIS3L2"
"G Protein-Coupled Receptor Activity (GO:0004930)","63/250",0.889789863300099,0.999993719883922,0,0,0.845148737962214,0.0986879782286249,"VIPR2;MLNR;GPR63;AKR1B1;MRGPRD;GRPR;GRM1;GRM3;GPR173;CYSLTR2;ADGRA1;ADORA3;GPER1;GPR171;ADORA1;PRLHR;CCR7;FFAR2;GPR135;GHSR;GPR37;TPRA1;ADGRV1;LANCL1;PTH2R;PDGFRL;MTNR1A;ADORA2A;MTNR1B;ADORA2B;ADCYAP1R1;CALCRL;GPR45;NPY4R;PTAFR;GPR88;NPR3;CXCR4;LPAR3;MCHR1;GHRHR;GALR1;NPY;ADGRG6;P2RY1;DRD2;GPR17;GABBR2;OPN4;OPN3;GPR52;OPRK1;GPR141;GPR149;F2RL1;NMUR1;ADGRL4;LGR5;ADGRL2;F2RL2;LGR4;ADGRL3;F2RL3"
"Receptor Antagonist Activity (GO:0048019)","6/30",0.894365099305299,0.999993719883922,0,0,0.62803376714738,0.0701144425832784,"IGSF1;PXDN;MTRNR2L5;MTRNR2L7;MTRNR2L2;ESR2"
"2 Iron, 2 Sulfur Cluster Binding (GO:0051537)","2/12",0.896303681056735,0.999993719883922,0,0,0.502565905096661,0.0550189018501956,"RFESD;SORD"
"LRR Domain Binding (GO:0030275)","2/12",0.896303681056735,0.999993719883922,0,0,0.502565905096661,0.0550189018501956,"LRRFIP2;ROBO1"
"Cytochrome-C Oxidase Activity (GO:0004129)","2/12",0.896303681056735,0.999993719883922,0,0,0.502565905096661,0.0550189018501956,"CYB5A;COX4I2"
"Hydrolase Activity, Acting On Carbon-Nitrogen (But Not Peptide) Bonds, In Cyclic Amides (GO:0016812)","2/12",0.896303681056735,0.999993719883922,0,0,0.502565905096661,0.0550189018501956,"DPYSL5;DPYSL2"
"Intracellular Ligand-Gated Monoatomic Ion Channel Activity (GO:0005217)","2/12",0.896303681056735,0.999993719883922,0,0,0.502565905096661,0.0550189018501956,"RYR2;ITPR1"
"Ligand-Gated Channel Activity (GO:0022834)","2/12",0.896303681056735,0.999993719883922,0,0,0.502565905096661,0.0550189018501956,"CNGA3;CNGB1"
"Lipase Activator Activity (GO:0060229)","2/12",0.896303681056735,0.999993719883922,0,0,0.502565905096661,0.0550189018501956,"FYN;ARHGAP6"
"poly(A)-specific Ribonuclease Activity (GO:0004535)","2/12",0.896303681056735,0.999993719883922,0,0,0.502565905096661,0.0550189018501956,"NOCT;PARN"
"Heme Binding (GO:0020037)","20/87",0.896891481668251,0.999993719883922,0,0,0.74947898027493,0.0815586049958524,"CYB5B;CYP2J2;CYB5A;STEAP4;PTGIS;AMBP;PXDNL;BACH1;HEBP2;CYP2A7;CYP26A1;CYP2A6;CYB5R4;CYP11A1;PXDN;TBXAS1;FLVCR2;CYCS;NOX5;NOS1"
"Ribonucleoside Triphosphate Phosphatase Activity (GO:0017111)","68/270",0.898834459437337,0.999993719883922,0,0,0.844337563201555,0.0900540048952812,"RAB3B;RAB3C;ARF1;GFM1;GFM2;DIRAS2;RND3;SEPTIN11;RGS2;RGS3;GNAT3;NKIRAS1;MTG2;RGS8;DNM1L;RGS6;ENTPD4;RRAS2;RAB33A;RAB33B;RHOB;DNM2;EEF1A1;RAB32;DNM3;RAB31;AGAP6;AGAP5;RHOU;RGS18;RAB1A;ATL3;ATL1;ATL2;GTPBP10;AGAP1;AGAP4;NTPCR;GSPT1;GNAI1;RHOBTB1;RHOBTB2;RAP1B;RAB21;RAP1A;RAB20;BMS1;GNA12;MFN1;RAB28;RAB6B;GBP1;RAB4A;MX2;IRGC;MX1;RAB27A;IRGM;EFNA1;GNAO1;RIT2;GNAL;GNAQ;RAB12;RGS12;GNB5;AGAP7P;RAN"
"Basic Amino Acid Transmembrane Transporter Activity (GO:0015174)","3/17",0.901468069871987,0.999993719883922,0,0,0.538407452979434,0.0558493582145411,"SLC38A9;SLC7A1;SLC7A2"
"Hydrolase Activity, Acting On Carbon-Nitrogen (But Not Peptide) Bonds, In Cyclic Amidines (GO:0016814)","3/17",0.901468069871987,0.999993719883922,0,0,0.538407452979434,0.0558493582145411,"CDADC1;TADA2A;ADARB2"
"CD4 Receptor Binding (GO:0042609)","1/7",0.904133669215395,0.999993719883922,0,0,0.418848474199028,0.0422107389022605,"SPG21"
"GPI Anchor Binding (GO:0034235)","1/7",0.904133669215395,0.999993719883922,0,0,0.418848474199028,0.0422107389022605,"PIGK"
"O-acetyltransferase Activity (GO:0016413)","1/7",0.904133669215395,0.999993719883922,0,0,0.418848474199028,0.0422107389022605,"MBOAT2"
"S-methyltransferase Activity (GO:0008172)","1/7",0.904133669215395,0.999993719883922,0,0,0.418848474199028,0.0422107389022605,"MGMT"
"Alcohol Dehydrogenase [NAD(P)+] Activity (GO:0018455)","1/7",0.904133669215395,0.999993719883922,0,0,0.418848474199028,0.0422107389022605,"ADH1C"
"Androsterone Dehydrogenase Activity (GO:0047023)","1/7",0.904133669215395,0.999993719883922,0,0,0.418848474199028,0.0422107389022605,"HSD17B6"
"Bubble DNA Binding (GO:0000405)","1/7",0.904133669215395,0.999993719883922,0,0,0.418848474199028,0.0422107389022605,"NEIL3"
"Calcium:Monoatomic Cation Antiporter Activity (GO:0015368)","1/7",0.904133669215395,0.999993719883922,0,0,0.418848474199028,0.0422107389022605,"SLC8A1"
"Dinucleotide Phosphatase Activity (GO:0004551)","1/7",0.904133669215395,0.999993719883922,0,0,0.418848474199028,0.0422107389022605,"NUDT12"
"Estrogen 16-Alpha-Hydroxylase Activity (GO:0101020)","1/7",0.904133669215395,0.999993719883922,0,0,0.418848474199028,0.0422107389022605,"CYP3A43"
"Histone Ubiquitin Ligase Activity (GO:0140852)","1/7",0.904133669215395,0.999993719883922,0,0,0.418848474199028,0.0422107389022605,"RNF2"
"Hydroxymethyl-, Formyl- And Related Transferase Activity (GO:0016742)","1/7",0.904133669215395,0.999993719883922,0,0,0.418848474199028,0.0422107389022605,"FTCD"
"Icosanoid Binding (GO:0050542)","1/7",0.904133669215395,0.999993719883922,0,0,0.418848474199028,0.0422107389022605,"PPARG"
"Iron Ion Transmembrane Transporter Activity (GO:0005381)","1/7",0.904133669215395,0.999993719883922,0,0,0.418848474199028,0.0422107389022605,"SLC25A37"
"Natural Killer Cell Lectin-Like Receptor Binding (GO:0046703)","1/7",0.904133669215395,0.999993719883922,0,0,0.418848474199028,0.0422107389022605,"ULBP3"
"Oxidoreductase Activity, Acting On The CH-NH2 Group Of Donors, Oxygen As Acceptor (GO:0016641)","1/7",0.904133669215395,0.999993719883922,0,0,0.418848474199028,0.0422107389022605,"MAOA"
"Peptide alpha-N-acetyltransferase Activity (GO:0004596)","1/7",0.904133669215395,0.999993719883922,0,0,0.418848474199028,0.0422107389022605,"NAA20"
"Peptidyl-Proline 4-Dioxygenase Activity (GO:0031545)","1/7",0.904133669215395,0.999993719883922,0,0,0.418848474199028,0.0422107389022605,"EGLN3"
"Phosphatidylinositol-4,5-Bisphosphate 5-Phosphatase Activity (GO:0004439)","1/7",0.904133669215395,0.999993719883922,0,0,0.418848474199028,0.0422107389022605,"SYNJ1"
"poly(G) Binding (GO:0034046)","1/7",0.904133669215395,0.999993719883922,0,0,0.418848474199028,0.0422107389022605,"PNPT1"
"Preribosome Binding (GO:1990275)","1/7",0.904133669215395,0.999993719883922,0,0,0.418848474199028,0.0422107389022605,"NVL"
"Procollagen-Proline Dioxygenase Activity (GO:0019798)","1/7",0.904133669215395,0.999993719883922,0,0,0.418848474199028,0.0422107389022605,"P3H2"
"Urate Transmembrane Transporter Activity (GO:0015143)","1/7",0.904133669215395,0.999993719883922,0,0,0.418848474199028,0.0422107389022605,"SLC2A9"
"Methylation-Dependent Protein Binding (GO:0140034)","15/68",0.907074352326505,0.999993719883922,0,0,0.710663019599111,0.0693115727162181,"KDM5A;KDM4A;SPIN3;ZMYND8;KDM8;NCAPG2;CDYL;TDRD3;PHF8;ING4;MSH6;PHF20L1;ZZZ3;RAG2;GLYR1"
"Cytokine Receptor Binding (GO:0005126)","23/100",0.909577868718112,0.999993719883922,0,0,0.749835629179429,0.071065422530098,"SMAD2;IFNA5;SMAD3;CSF1;SYK;TGFBRAP1;ERAP1;LIFR;OSMR;TIMM50;VEGFA;SOCS2;TGFBR3;SPRED1;KITLG;TNFSF4;TRAF6;CCRL2;PXDN;TNFSF11;IL12A;IL6ST;IL6R"
"Cysteine-Type Endopeptidase Inhibitor Activity (GO:0004869)","4/22",0.909707643914819,0.999993719883922,0,0,0.558290357868417,0.0528321339904499,"CAST;CST3;SPOCK1;LTF"
"GTPase Activity (GO:0003924)","66/265",0.91439950123465,0.999993719883922,0,0,0.831739572373063,0.0744304712766775,"RAB3B;RAB3C;ARF1;GFM1;GFM2;DIRAS2;RND3;SEPTIN11;RGS2;RGS3;GNAT3;NKIRAS1;MTG2;RGS8;DNM1L;RGS6;RRAS2;RAB33A;RAB33B;RHOB;DNM2;EEF1A1;RAB32;DNM3;RAB31;AGAP6;AGAP5;RHOU;RGS18;RAB1A;ATL3;ATL1;ATL2;GTPBP10;AGAP1;AGAP4;GSPT1;GNAI1;RHOBTB1;RHOBTB2;RAP1B;RAB21;RAP1A;RAB20;BMS1;GNA12;MFN1;RAB28;RAB6B;GBP1;RAB4A;MX2;IRGC;MX1;RAB27A;IRGM;EFNA1;GNAO1;RIT2;GNAL;GNAQ;RAB12;RGS12;GNB5;AGAP7P;RAN"
"Protein Tyrosine Kinase Binding (GO:1990782)","19/85",0.917573846056603,0.999993719883922,0,0,0.72271632239903,0.0621696596839308,"ITGB1;EPHA4;ANGPT4;PTPN1;DOCK4;ANGPT2;ARHGEF16;NEDD9;CBL;GP6;TOB1;RNF41;NRG3;MFAP3;BLNK;ELMO2;ALKAL2;MAP3K7;NCK1"
"Acetylglucosaminyltransferase Activity (GO:0008375)","8/40",0.917770850628254,0.999993719883922,0,0,0.627902885292048,0.0538788004221616,"EXT1;MGAT4C;HEXB;MGAT5;GCNT2;GCNT3;LARGE1;EXTL3"
"Nuclear Thyroid Hormone Receptor Binding (GO:0046966)","5/27",0.91842433806477,0.999993719883922,0,0,0.57091932157872,0.0485828097215155,"NCOR1;PRMT2;THRAP3;NCOA3;TRIP12"
"Double-Stranded RNA Binding (GO:0003725)","14/65",0.918934885290607,0.999993719883922,0,0,0.68927197508098,0.0582710617406499,"MBNL1;STAU2;STRBP;CLTC;MSN;ADARB1;ADARB2;DDX60;MTDH;DHX36;IGF2BP1;TLR7;VIM;TLR3"
"4 Iron, 4 Sulfur Cluster Binding (GO:0051539)","2/13",0.920717475350172,0.999993719883922,0,0,0.456846141556159,0.0377364270798718,"PRIM2;IREB2"
"DNA Replication Origin Binding (GO:0003688)","2/13",0.920717475350172,0.999993719883922,0,0,0.456846141556159,0.0377364270798718,"ORC5;MCM10"
"K63-linked Deubiquitinase Activity (GO:0061578)","2/13",0.920717475350172,0.999993719883922,0,0,0.456846141556159,0.0377364270798718,"DEPDC1B;TNFAIP3"
"MHC Class I Protein Binding (GO:0042288)","2/13",0.920717475350172,0.999993719883922,0,0,0.456846141556159,0.0377364270798718,"TUBB2A;DERL1"
"Arylsulfatase Activity (GO:0004065)","2/13",0.920717475350172,0.999993719883922,0,0,0.456846141556159,0.0377364270798718,"STS;ARSG"
"Caspase Binding (GO:0089720)","2/13",0.920717475350172,0.999993719883922,0,0,0.456846141556159,0.0377364270798718,"RIPK2;BFAR"
"Nuclear Vitamin D Receptor Binding (GO:0042809)","2/13",0.920717475350172,0.999993719883922,0,0,0.456846141556159,0.0377364270798718,"RXRA;THRAP3"
"Ubiquitination-Like Modification-Dependent Protein Binding (GO:0140035)","2/13",0.920717475350172,0.999993719883922,0,0,0.456846141556159,0.0377364270798718,"FSCN1;PML"
"Basal RNA Polymerase II Transcription Machinery Binding (GO:0001099)","7/36",0.921725093369873,0.999993719883922,0,0,0.60627179813787,0.0494161613287162,"PCF11;NCOA3;AKR1B1;RPRD1B;PEX2;RPRD1A;RTRAF"
"GABA-A Receptor Activity (GO:0004890)","3/18",0.922092488451086,0.999993719883922,0,0,0.502478467217437,0.0407559016518828,"GABRB3;GABRA5;GABRG3"
"Aspartic-Type Endopeptidase Activity (GO:0004190)","3/18",0.922092488451086,0.999993719883922,0,0,0.502478467217437,0.0407559016518828,"PIP;PSEN1;PGC"
"Cholesterol Transfer Activity (GO:0120020)","3/18",0.922092488451086,0.999993719883922,0,0,0.502478467217437,0.0407559016518828,"CETP;APOA1;ABCG1"
"Leak Channel Activity (GO:0022840)","3/18",0.922092488451086,0.999993719883922,0,0,0.502478467217437,0.0407559016518828,"KCNK9;KCNK13;RHAG"
"mRNA Binding (GO:0003729)","70/282",0.925125611261726,0.999993719883922,0,0,0.827879690971453,0.0644303617759276,"DHFR2;RBM25;CELF4;ELAVL4;MSI1;ADARB1;MSI2;PARK7;EDC3;METTL14;AUH;PCF11;PABPC4L;DDX17;SRRM3;AQR;RBFOX1;RBFOX3;SECISBP2L;PABPC5;LARP4B;THOC5;PTBP2;ZAR1;ATXN2L;ESRP2;TEX13C;PABPC3;TUT1;GEMIN5;PPIE;RBM20;RBMS1;NUP98;PABPC1;RBMS2;RBMS3;KHDRBS2;RBM47;KHDRBS3;IREB2;SRSF1;PARN;DAZ2;ZFP36L1;FXR1;RIDA;ATXN2;LARP1;PCBP3;NOCT;DHX36;PCBP2;G3BP2;IGF2BP1;IGF2BP3;IGF2BP2;N4BP1;YTHDF1;CPSF7;RBPMS;TDRD7;SUPT5H;QKI;PUM2;DHFR;ACO1;CPEB3;CPEB2;LSM14A"
"Inorganic Anion Transmembrane Transporter Activity (GO:0015103)","6/32",0.926772230337752,0.999993719883922,0,0,0.579642306339457,0.0440803192066475,"SLC1A1;SLC4A11;SLC26A4;SLC26A3;CFTR;SLC26A5"
"Ubiquitin-Like Protein Peptidase Activity (GO:0019783)","6/32",0.926772230337752,0.999993719883922,0,0,0.579642306339457,0.0440803192066475,"HINT1;USP7;USP43;USP44;USP50;OTULINL"
"Acetylation-Dependent Protein Binding (GO:0140033)","4/23",0.927115011692037,0.999993719883922,0,0,0.528869642460582,0.0400236129694075,"ZZZ3;ZMYND8;MLLT3;BRD4"
"High Voltage-Gated Calcium Channel Activity (GO:0008331)","4/23",0.927115011692037,0.999993719883922,0,0,0.528869642460582,0.0400236129694075,"SCN8A;CACNA1D;CACNA1C;SCN1A"
"Lysine-Acetylated Histone Binding (GO:0070577)","4/23",0.927115011692037,0.999993719883922,0,0,0.528869642460582,0.0400236129694075,"ZZZ3;ZMYND8;MLLT3;BRD4"
"Steroid Hydroxylase Activity (GO:0008395)","4/23",0.927115011692037,0.999993719883922,0,0,0.528869642460582,0.0400236129694075,"CYP11A1;CYP3A43;CYP7B1;CYP8B1"
"Zinc Ion Transmembrane Transporter Activity (GO:0005385)","4/23",0.927115011692037,0.999993719883922,0,0,0.528869642460582,0.0400236129694075,"SLC30A7;SLC30A8;SLC30A5;SLC39A11"
"Copper Ion Binding (GO:0005507)","9/45",0.927275465050217,0.999993719883922,0,0,0.627837409818758,0.047404612498027,"MOXD1;PARK7;COMMD1;ATP7A;SOD3;PAM;COA6;LOXL2;SNCA"
"Adenyl Ribonucleotide Binding (GO:0032559)","77/309",0.928475031250659,0.999993719883922,0,0,0.832017072496699,0.0617454762954038,"GPI;DYRK3;ABCD3;DYRK2;PRAG1;NVL;MAST2;OLA1;PRKAG2;ABCA12;YARS2;PPIP5K1;AKT2;PDK4;PIM1;MYO18A;PDE4B;TLK1;MAP3K6;ATP7A;MAP3K5;DAPK1;PDE4D;ABCC6;LMTK2;SYN3;RUNX3;TGFBR1;ERN1;MSH6;LATS2;SIK3;LANCL2;RAPGEF2;MYH9;SIK2;TOP1;TARS1;CARS2;FBP1;ABCG1;RAPGEF4;RHOBTB3;ATP1A2;AK5;ATP1A1;HMGCR;STK4;NT5C2;AK8;STK3;MTHFD1L;DHX36;P2RY1;ABL1;MAP3K20;MOV10L1;MAP4K4;ABCA1;SRPK2;KCNJ11;HSPA4;INSR;MTHFS;CDC42BPB;CDC42BPA;MYO1B;SNRK;CDK6;ACTC1;PDE10A;WNK1;STK17B;STK26;BMPR1B;PFKP;BMPR1A"
"ATP Binding (GO:0005524)","69/279",0.929000624752465,0.999993719883922,0,0,0.823795127156322,0.0606691069205609,"GPI;DYRK3;ABCD3;DYRK2;PRAG1;NVL;MAST2;OLA1;PRKAG2;ABCA12;YARS2;PPIP5K1;AKT2;PDK4;PIM1;MYO18A;TLK1;MAP3K6;ATP7A;MAP3K5;DAPK1;ABCC6;LMTK2;SYN3;RUNX3;TGFBR1;ERN1;MSH6;LATS2;SIK3;LANCL2;MYH9;SIK2;TOP1;TARS1;CARS2;ABCG1;RHOBTB3;ATP1A2;AK5;ATP1A1;STK4;NT5C2;STK3;MTHFD1L;DHX36;P2RY1;ABL1;MAP3K20;MOV10L1;MAP4K4;ABCA1;SRPK2;KCNJ11;HSPA4;INSR;MTHFS;CDC42BPB;CDC42BPA;MYO1B;SNRK;CDK6;ACTC1;WNK1;STK17B;STK26;BMPR1B;PFKP;BMPR1A"
"Signal Sequence Binding (GO:0005048)","8/41",0.93048134305961,0.999993719883922,0,0,0.608832874842727,0.0438683894989507,"NFKBIA;BABAM2;SEC61A1;S100G;CEMIP;PEX5L;KDELR2;NUP98"
"5'-3' DNA Exonuclease Activity (GO:0035312)","1/8",0.931426331440695,0.999993719883922,0,0,0.358987875593042,0.0255018446114628,"MGME1"
"RNA Polymerase I Core Promoter Sequence-Specific DNA Binding (GO:0001164)","1/8",0.931426331440695,0.999993719883922,0,0,0.358987875593042,0.0255018446114628,"UBTFL1"
"RNA Polymerase II CTD Heptapeptide Repeat Kinase Activity (GO:0008353)","1/8",0.931426331440695,0.999993719883922,0,0,0.358987875593042,0.0255018446114628,"MAPK1"
"Bile Acid Binding (GO:0032052)","1/8",0.931426331440695,0.999993719883922,0,0,0.358987875593042,0.0255018446114628,"NAPEPLD"
"Calcium-Dependent Protein Serine/Threonine Kinase Activity (GO:0009931)","1/8",0.931426331440695,0.999993719883922,0,0,0.358987875593042,0.0255018446114628,"PRKCA"
"Carbonyl Reductase (NADPH) Activity (GO:0004090)","1/8",0.931426331440695,0.999993719883922,0,0,0.358987875593042,0.0255018446114628,"DHRS2"
"Glycerol Transmembrane Transporter Activity (GO:0015168)","1/8",0.931426331440695,0.999993719883922,0,0,0.358987875593042,0.0255018446114628,"AQP7P3"
"Growth Hormone Receptor Binding (GO:0005131)","1/8",0.931426331440695,0.999993719883922,0,0,0.358987875593042,0.0255018446114628,"SOCS2"
"Histone H3K4 Demethylase Activity (GO:0032453)","1/8",0.931426331440695,0.999993719883922,0,0,0.358987875593042,0.0255018446114628,"KDM5A"
"Long-Chain Fatty Acid Binding (GO:0036041)","1/8",0.931426331440695,0.999993719883922,0,0,0.358987875593042,0.0255018446114628,"UCP1"
"Mannosidase Activity (GO:0015923)","1/8",0.931426331440695,0.999993719883922,0,0,0.358987875593042,0.0255018446114628,"MAN2A1"
"palmitoyl-CoA Hydrolase Activity (GO:0016290)","1/8",0.931426331440695,0.999993719883922,0,0,0.358987875593042,0.0255018446114628,"PLA2G6"
"Peptide N-acetyltransferase Activity (GO:0034212)","1/8",0.931426331440695,0.999993719883922,0,0,0.358987875593042,0.0255018446114628,"NAA20"
"pre-mRNA Intronic Binding (GO:0097157)","1/8",0.931426331440695,0.999993719883922,0,0,0.358987875593042,0.0255018446114628,"RBM20"
"Volume-Sensitive Anion Channel Activity (GO:0005225)","1/8",0.931426331440695,0.999993719883922,0,0,0.358987875593042,0.0255018446114628,"LRRC8D"
"G Protein-Coupled Amine Receptor Activity (GO:0008227)","5/28",0.933209970604628,0.999993719883922,0,0,0.546058516372199,0.0377463247453364,"CHRM3;HTR7;HRH3;HRH2;HTR1A"
"Peptidase Inhibitor Activity (GO:0030414)","7/37",0.934469141368016,0.999993719883922,0,0,0.586021694517737,0.0397186014486912,"CST3;CAST;ITIH3;SPP2;TFPI;THBS1;RECK"
"Methylated Histone Binding (GO:0035064)","15/71",0.937317910771706,0.999993719883922,0,0,0.672450237801656,0.0435295655798246,"KDM5A;KDM4A;SPIN3;ZMYND8;KDM8;NCAPG2;CDYL;TDRD3;PHF8;ING4;MSH6;ZZZ3;TTLL12;RAG2;GLYR1"
"Sterol Transfer Activity (GO:0120015)","3/19",0.93868905487719,0.999993719883922,0,0,0.47104060467569,0.02980320990069,"CETP;APOA1;ABCG1"
"Voltage-Gated Sodium Channel Activity (GO:0005248)","3/19",0.93868905487719,0.999993719883922,0,0,0.47104060467569,0.02980320990069,"SCN8A;PKD2;SCN1A"
"Telomeric DNA Binding (GO:0042162)","6/33",0.939416732159043,0.999993719883922,0,0,0.558134990424825,0.0348812568316393,"XRCC5;ZBTB10;HNRNPD;POT1;TERF2;SMG6"
"3'-5' DNA Helicase Activity (GO:0043138)","2/14",0.939636301753061,0.999993719883922,0,0,0.418746338605741,0.0260721485224154,"FBH1;NAV2"
"Aldo-Keto Reductase (NADP) Activity (GO:0004033)","2/14",0.939636301753061,0.999993719883922,0,0,0.418746338605741,0.0260721485224154,"AKR1D1;KCNAB1"
"Beta-1,3-Galactosyltransferase Activity (GO:0048531)","2/14",0.939636301753061,0.999993719883922,0,0,0.418746338605741,0.0260721485224154,"B3GALT2;B3GALT1"
"Purinergic Nucleotide Receptor Activity (GO:0001614)","2/14",0.939636301753061,0.999993719883922,0,0,0.418746338605741,0.0260721485224154,"PTAFR;P2RY1"
"Water Channel Activity (GO:0015250)","2/14",0.939636301753061,0.999993719883922,0,0,0.418746338605741,0.0260721485224154,"PDPN;AQP7P3"
"Active Monoatomic Ion Transmembrane Transporter Activity (GO:0022853)","4/24",0.941433662948915,0.999993719883922,0,0,0.50239099859353,0.0303199962259239,"CYB5A;COX4I2;SLC18A1;UQCRHL"
"3'-5' Exonuclease Activity (GO:0008408)","8/42",0.941443710312259,0.999993719883922,0,0,0.590884629713955,0.0356544039428323,"ISG20;TATDN1;PNPT1;ERCC4;NOCT;XRN2;REXO2;DIS3L2"
"Regulatory RNA Binding (GO:0061980)","8/42",0.941443710312259,0.999993719883922,0,0,0.590884629713955,0.0356544039428323,"PIWIL2;TUT7;PNPT1;ZC3H7A;ZC3H7B;TLR7;RBM10;PUM2"
"Hydrolase Activity, Hydrolyzing O-glycosyl Compounds (GO:0004553)","5/29",0.945547977146414,0.999993719883922,0,0,0.523269444932888,0.0292981961124179,"CHIT1;NEU3;PARG;HPSE2;ACER3"
"methyl-CpG Binding (GO:0008327)","5/29",0.945547977146414,0.999993719883922,0,0,0.523269444932888,0.0292981961124179,"CDX2;ZBTB21;TET1;ERH;CXXC5"
"Guanyl Ribonucleotide Binding (GO:0032561)","54/226",0.947647273758638,0.999993719883922,0,0,0.787166816535634,0.042328258297975,"RAB3B;ARF1;DIRAS2;RASEF;RND3;MTG2;CNGA3;SEPHS1;TGM2;RRAS2;RAB33A;RAB33B;RHOB;DNM2;EEF1A1;RAB32;ARL4C;ARL4A;TUBB2A;RAB31;SCG5;LANCL2;RAPGEF2;RHOU;PDE5A;CNGB1;ATL3;ARL6;ATL1;ATL2;GTPBP10;TUBD1;GNAI1;RHOBTB1;RHOBTB2;RAP1B;RAB21;TUBA3D;PDE11A;RAP1A;BMS1;RAB28;GBP1;RAB4A;INSR;MX2;RAB27A;MFHAS1;RIT2;PDE10A;GNAQ;RAB12;ADSS2;RAN"
"Single-Stranded RNA Binding (GO:0003727)","8/43",0.950852070073316,0.999993719883922,0,0,0.57396199859254,0.0289258368639135,"FXR1;AQR;STRBP;L1TD1;TLR7;SOX9;ADARB2;DDX60"
"CCR6 Chemokine Receptor Binding (GO:0031731)","1/9",0.950949726183326,0.999993719883922,0,0,0.314092426638552,0.0157969902592566,"DEFB130A"
"MHC Class II Receptor Activity (GO:0032395)","1/9",0.950949726183326,0.999993719883922,0,0,0.314092426638552,0.0157969902592566,"HLA-DRB3"
"RNA Polymerase I Transcription Regulatory Region Sequence-Specific DNA Binding (GO:0001163)","1/9",0.950949726183326,0.999993719883922,0,0,0.314092426638552,0.0157969902592566,"UBTFL1"
"STAT Family Protein Binding (GO:0097677)","1/9",0.950949726183326,0.999993719883922,0,0,0.314092426638552,0.0157969902592566,"PPARG"
"Tat Protein Binding (GO:0030957)","1/9",0.950949726183326,0.999993719883922,0,0,0.314092426638552,0.0157969902592566,"CTDP1"
"Bioactive Lipid Receptor Activity (GO:0045125)","1/9",0.950949726183326,0.999993719883922,0,0,0.314092426638552,0.0157969902592566,"LPAR6"
"Glutathione Binding (GO:0043295)","1/9",0.950949726183326,0.999993719883922,0,0,0.314092426638552,0.0157969902592566,"LANCL1"
"Lipase Inhibitor Activity (GO:0055102)","1/9",0.950949726183326,0.999993719883922,0,0,0.314092426638552,0.0157969902592566,"ANXA4"
"Phosphatidylinositol Transfer Activity (GO:0008526)","1/9",0.950949726183326,0.999993719883922,0,0,0.314092426638552,0.0157969902592566,"PITPNA"
"Phosphatidylinositol-4,5-Bisphosphate Phosphatase Activity (GO:0106019)","1/9",0.950949726183326,0.999993719883922,0,0,0.314092426638552,0.0157969902592566,"SYNJ1"
"Retinoic Acid 4-Hydroxylase Activity (GO:0008401)","1/9",0.950949726183326,0.999993719883922,0,0,0.314092426638552,0.0157969902592566,"CYP26C1"
"Ribonuclease P RNA Binding (GO:0033204)","1/9",0.950949726183326,0.999993719883922,0,0,0.314092426638552,0.0157969902592566,"RPP30"
"siRNA Binding (GO:0035197)","1/9",0.950949726183326,0.999993719883922,0,0,0.314092426638552,0.0157969902592566,"TLR7"
"acyl-CoA Hydrolase Activity (GO:0047617)","3/20",0.951956833075003,0.999993719883922,0,0,0.443301314197678,0.0218262011438337,"ABCD3;BAAT;PLA2G6"
"Pyridoxal Phosphate Binding (GO:0030170)","3/20",0.951956833075003,0.999993719883922,0,0,0.443301314197678,0.0218262011438337,"PYGB;OAT;PSAT1"
"MHC Class II Protein Complex Binding (GO:0023026)","4/25",0.953138260891255,0.999993719883922,0,0,0.478434130332865,0.0229625925899477,"GNAO1;ATP1B1;HLA-DRB3;B2M"
"Oxidoreductase Activity, Acting On Paired Donors, With Incorporation Or Reduction Of Molecular Oxygen, Reduced Flavin Or Flavoprotein As One Donor, And Incorporation Of One Atom Of Oxygen (GO:0016712)","4/25",0.953138260891255,0.999993719883922,0,0,0.478434130332865,0.0229625925899477,"CYP2J2;CYP2A7;CYP2A6;CYP8B1"
"Channel Activity (GO:0015267)","10/52",0.953311672773293,0.999993719883922,0,0,0.597794203918808,0.0285825643998112,"CHRNA1;TMEM266;SCNN1G;SLC14A1;CHRNA7;PDPN;BCL2;RHAG;AQP7P3;MCL1"
"DNA Nuclease Activity (GO:0004536)","2/15",0.954209904385792,0.999993719883922,0,0,0.386508043801541,0.0181162528122639,"ERCC4;DNASE1L3"
"Potassium Ion Leak Channel Activity (GO:0022841)","2/15",0.954209904385792,0.999993719883922,0,0,0.386508043801541,0.0181162528122639,"KCNK9;KCNK13"
"Voltage-Gated Monoatomic Anion Channel Activity (GO:0008308)","2/15",0.954209904385792,0.999993719883922,0,0,0.386508043801541,0.0181162528122639,"VDAC3;VDAC1"
"DNA-binding Transcription Repressor Activity, RNA Polymerase II-specific (GO:0001227)","58/243",0.954247915553015,0.999993719883922,0,0,0.78589835842232,0.0368050125337853,"MYT1L;ZBTB21;PRDM1;NR3C1;BACH1;ETS2;HHEX;CREB3L1;TRPS1;HEY2;ZNF587B;ZNF281;SOX13;EN1;MITF;FOXP2;HIC1;FOXP1;ETV6;TGIF2LX;TFEC;ZNF239;ATF3;ZBTB8A;ZNF350;MAX;GLIS3;GATA3;ZBTB5;FOXO3;SCRT2;PRDM16;ZNF589;E2F6;IRX1;IRX2;TFAP2C;ZFHX3;CDX2;ZBTB16;IRX3;NFATC3;ZBTB10;POU4F1;TBX3;POU6F1;TBX2;SKI;HEYL;BCL6;SP2;SNAI2;ZNF217;ZNF536;ZNF778;NANOG;INSM1;MXD1"
"Chemoattractant Activity (GO:0042056)","6/35",0.959012997711396,0.999993719883922,0,0,0.51957014809514,0.0217443488286905,"GDNF;HGF;NTF3;DEFB130A;VEGFA;FGF10"
"Antiporter Activity (GO:0015297)","10/53",0.960436356675553,0.999993719883922,0,0,0.583851084207166,0.0235686434321059,"SLC25A26;SLC7A9;UCP2;SLC7A11;SLC18A1;SLC25A4;SLC26A3;TMEM241;SLC25A25;SLC25A24"
"Polyubiquitin Modification-Dependent Protein Binding (GO:0031593)","10/53",0.960436356675553,0.999993719883922,0,0,0.583851084207166,0.0235686434321059,"BABAM2;DEPDC1B;RNF169;TNIP2;OTUD7A;ZBTB1;TNFAIP3;TAB2;OPTN;RAD18"
"DNA Endonuclease Activity (GO:0004520)","3/21",0.962501241427719,0.999993719883922,0,0,0.418644167106111,0.0160005478420779,"ERCC4;RBBP8;SETMAR"
"Nuclease Activity (GO:0004518)","11/58",0.96454121944454,0.999993719883922,0,0,0.587516432153464,0.0212109359318912,"ISG20;NTHL1;XRN2;PARN;SETMAR;RNASE3;RNASE12;DNASE1L3;SND1;N4BP1;DIS3L2"
"UDP-glucosyltransferase Activity (GO:0035251)","1/10",0.964915207918333,0.999993719883922,0,0,0.279173744118394,0.00997070393558816,"GYG1"
"Ammonium Transmembrane Transporter Activity (GO:0008519)","1/10",0.964915207918333,0.999993719883922,0,0,0.279173744118394,0.00997070393558816,"RHAG"
"Chloride Ion Binding (GO:0031404)","1/10",0.964915207918333,0.999993719883922,0,0,0.279173744118394,0.00997070393558816,"NPR3"
"Galactosyltransferase Activity (GO:0008378)","1/10",0.964915207918333,0.999993719883922,0,0,0.279173744118394,0.00997070393558816,"B4GALT1"
"Ubiquitin-Dependent Protein Binding (GO:0140036)","2/16",0.9653787787295,0.999993719883922,0,0,0.358875219683656,0.012644874282679,"RNF169;FSCN1"
"Ubiquitin Binding (GO:0043130)","16/80",0.968144420822939,0.999993719883922,0,0,0.62737843551797,0.0203107543455728,"ILRUN;PRKN;USP13;SMAD3;UBXN2B;TNFAIP3;CXCR4;TOM1L1;NPLOC4;NEDD4;UBE2N;UBAP1;FBXO7;MAP3K7;N4BP1;OTULINL"
"RNA Endonuclease Activity (GO:0004521)","7/41",0.968968284851957,0.999993719883922,0,0,0.516933105696104,0.0162954877190117,"PIWIL2;ERN1;RIDA;ELAC2;PLD6;SND1;SMG6"
"Translation Initiation Factor Activity (GO:0003743)","7/41",0.968968284851957,0.999993719883922,0,0,0.516933105696104,0.0162954877190117,"EIF3I;EIF3J;EIF3G;EIF3H;EIF2D;EIF4E;EIF1B"
"GTP Binding (GO:0005525)","46/201",0.969191556577696,0.999993719883922,0,0,0.743932901397507,0.0232798936386799,"ARF1;ATL3;ARL6;ATL1;DIRAS2;ATL2;RASEF;GTPBP10;TUBD1;RND3;GNAI1;RHOBTB1;RHOBTB2;RAP1B;RAB21;TUBA3D;RAP1A;MTG2;BMS1;RAB28;SEPHS1;GBP1;TGM2;RAB4A;INSR;MX2;RAB27A;RRAS2;RAB33A;RAB33B;RHOB;DNM2;EEF1A1;RAB32;ARL4C;MFHAS1;ARL4A;TUBB2A;RIT2;RAB31;GNAQ;SCG5;LANCL2;RHOU;ADSS2;RAN"
"Fibroblast Growth Factor Receptor Binding (GO:0005104)","3/22",0.970837010185401,0.999993719883922,0,0,0.396582509182078,0.0117375265966357,"KL;FRS2;FGF10"
"Growth Factor Activity (GO:0008083)","17/85",0.971583102606953,0.999993719883922,0,0,0.627312775330396,0.0180844696015697,"JAG1;CSF1;HGF;CXCL1;PTN;INHBA;NGF;VEGFA;TADA2A;NRG3;GDNF;IL7;NTF3;CSPG5;IL12A;AMELX;FGF10"
"Zinc Ion Binding (GO:0008270)","82/341",0.971662115120173,0.999993719883922,0,0,0.792860239919063,0.0227924747387647,"ZNF331;KDM5A;ADAMDEC1;ZMYND8;APIP;MT1X;ECE1;CHD3;GLI2;PHF8;EEA1;TRIM8;NPEPPS;ADAMTS3;TRIM2;FNTB;TNFSF10;ARIH2;ENPP2;DPF3;TK1;ENPP3;RAG2;NUDT12;SLC30A8;CDADC1;MME;PARP1;LANCL1;SORD;TET1;MYRIP;UPB1;ZNF92;KAT6A;PPARG;TARS1;ZNF675;PAPPA2;PRKN;HDAC4;ADH1C;ADH1B;TIMM9;MYCBP2;NPEPPSP1;ZNF22;CXXC5;TMEM163;TRHDE;RNF2;ACMSD;RXRA;PITRM1;SNCA;KDM4A;PTPN1;SEC24B;SMAD3;KDM4C;ERAP2;LVRN;ERAP1;BBOX1;LNPEP;KLF4;GRIN2B;SKI;KLF7;TADA2A;RPS29;WT1;ALPP;ACER3;NAPEPLD;MSRB2;PHF14;TAB2;CDO1;SEC24D;PAM;LIMS1"
"Chloride Transmembrane Transporter Activity (GO:0015108)","10/55",0.971840554869423,0.999993719883922,0,0,0.557823927412101,0.0159334183531366,"SLC1A1;FXYD1;CLCA2;SLC26A4;SLC26A3;ANO2;CFTR;BEST1;ANO3;SLC26A5"
"aminoacyl-tRNA Ligase Activity (GO:0004812)","6/37",0.972664310271126,0.999993719883922,0,0,0.485981414453156,0.0134695878136006,"LARS2;NARS2;YARS2;CARS2;TARS1;DARS1"
"Chloride Channel Activity (GO:0005254)","12/64",0.972963279002483,0.999993719883922,0,0,0.57919826652221,0.0158752090786413,"GABRB3;OCA2;KCNT2;GLRB;GABRA5;FXYD1;CLCA2;GABRG3;ANO2;CFTR;BEST1;ANO3"
"Transition Metal Ion Binding (GO:0046914)","112/456",0.973808063957114,0.999993719883922,0,0,0.814770359256481,0.0216248643883495,"ZNF331;ADAMDEC1;ZMYND8;MT1X;PARK7;LOXL2;NPEPPS;FNTB;PIM1;TNFSF10;ENPP2;DPF3;ENPP3;LARGE1;RAG2;GYG1;NUDT12;SLC30A8;UPB1;ZNF92;KAT6A;ADPRM;TARS1;ZNF675;MTARC1;MYCBP2;NPEPPSP1;ZNF22;TRHDE;ACMSD;PITRM1;ABL1;ABL2;SMAD3;LVRN;LNPEP;GRIN2B;ALOX15B;TADA2A;RPS29;ALPP;ACER3;NAPEPLD;PHF14;TAB2;FBXL5;PAM;KDM5A;MOXD1;B4GALT1;DYRK2;APIP;ECE1;CHD3;GLI2;PHF8;EEA1;TRIM8;ADAMTS3;TRIM2;ARIH2;TK1;NOS1;XXYLT1;ATP7A;COA6;CDADC1;MME;PARP1;ARG1;LANCL1;SORD;TET1;COMMD1;MYRIP;FAM20C;PPARG;LTF;PAPPA2;HDAC4;PRKN;ADH1C;ADH1B;TIMM9;CXXC5;TMEM163;RNF2;RXRA;FTMT;MGAT5;SNCA;PTPN1;KDM4A;SEC24B;KDM4C;ERAP2;GALNT2;GALNT1;ERAP1;BBOX1;KLF4;SOD3;SKI;KLF7;XPNPEP1;WT1;SCD;XPNPEP3;MSRB2;CDO1;SEC24D;LIMS1"
"Carboxylic Acid Binding (GO:0031406)","2/17",0.973900131948854,0.999993719883922,0,0,0.334926772114821,0.00885764574521389,"AMBP;DDAH1"
"Protein Phosphatase 1 Binding (GO:0008157)","2/17",0.973900131948854,0.999993719883922,0,0,0.334926772114821,0.00885764574521389,"SH3RF2;PPP1R3A"
"Endopeptidase Regulator Activity (GO:0061135)","7/42",0.974473161091741,0.999993719883922,0,0,0.502128408091469,0.0129841878298451,"CST3;CAST;ITIH3;SPP2;TFPI;THBS1;RECK"
"MHC Class I Receptor Activity (GO:0032393)","1/11",0.974904796582282,0.999993719883922,0,0,0.251238798102267,0.00638534894095517,"MR1"
"RNA Polymerase I Activity (GO:0001054)","1/11",0.974904796582282,0.999993719883922,0,0,0.251238798102267,0.00638534894095517,"POLR1D"
"Cytidine Deaminase Activity (GO:0004126)","1/11",0.974904796582282,0.999993719883922,0,0,0.251238798102267,0.00638534894095517,"CDADC1"
"Fucosyltransferase Activity (GO:0008417)","1/11",0.974904796582282,0.999993719883922,0,0,0.251238798102267,0.00638534894095517,"FUT8"
"Monoatomic Cation:Bicarbonate Symporter Activity (GO:0140410)","1/11",0.974904796582282,0.999993719883922,0,0,0.251238798102267,0.00638534894095517,"SLC4A4"
"Phosphatidylinositol Phosphate 5-Phosphatase Activity (GO:0034595)","1/11",0.974904796582282,0.999993719883922,0,0,0.251238798102267,0.00638534894095517,"SYNJ1"
"NADH Dehydrogenase (Ubiquinone) Activity (GO:0008137)","5/33",0.976839298873863,0.999993719883922,0,0,0.44839106734658,0.010507203810111,"NDUFB9;NDUFA12;NDUFB4;NDUFS4;NDUFC2"
"Transition Metal Ion Transmembrane Transporter Activity (GO:0046915)","5/33",0.976839298873863,0.999993719883922,0,0,0.44839106734658,0.010507203810111,"SLC30A7;SLC30A8;SLC30A5;SLC39A11;SLC30A1"
"Oxidoreductase Activity, Acting On The CH-OH Group Of Donors, NAD Or NADP As Acceptor (GO:0016616)","19/95",0.97734099443662,0.999993719883922,0,0,0.627181385510312,0.0143747878096246,"HIBADH;ADH1C;HPGD;ADH1B;MDH2;AKR1D1;SORD;HSD17B4;KCNAB1;HMGCR;HSD17B6;HSD17B7;DHRS2;GRHPR;RDH11;LDHD;CBR4;GLYR1;MDH1B"
"Chromatin DNA Binding (GO:0031490)","16/83",0.979518036619641,0.999993719883922,0,0,0.59916064497807,0.0123994064552722,"SMARCC1;SMARCD2;CREBBP;ATRX;STAT3;HMGA2;GRHL3;FOXO3;GRHL2;TOX3;PER1;TOX2;INSM1;CLOCK;PPARGC1A;KDM6A"
"Mannose Binding (GO:0005537)","2/18",0.980376016266721,0.999993719883922,0,0,0.313971880492091,0.00622263722056791,"CLEC6A;MBL2"
"Deubiquitinase Activity (GO:0101005)","23/113",0.981029623143474,0.999993719883922,0,0,0.640940005095941,0.012275682275796,"USP46;USP13;USP7;MINDY4;USP32;USP10;USP3;USP44;USP22;USP9Y;OTUD7A;TNFAIP3;USP17L20;MYSM1;TANK;USP17L3;USP29;RNF2;DEPDC1B;OTULIN;USP50;EIF3H;USP40"
"NADH Dehydrogenase (Quinone) Activity (GO:0050136)","5/34",0.981453718976223,0.999993719883922,0,0,0.432898989225275,0.00810405078259606,"NDUFB9;NDUFA12;NDUFB4;NDUFS4;NDUFC2"
"Monoatomic Anion Channel Activity (GO:0005253)","9/53",0.981978241994254,0.999993719883922,0,0,0.513397213379617,0.00933670728426953,"FXYD1;VDAC3;CLCA2;LRRC8D;VDAC1;ANO2;CFTR;BEST1;ANO3"
"Nuclear Localization Sequence Binding (GO:0008139)","3/24",0.9825325619734,0.999993719883922,0,0,0.35876252416945,0.00632203923493219,"NFKBIA;S100G;NUP98"
"CCR Chemokine Receptor Binding (GO:0048020)","7/44",0.982883335764732,0.999993719883922,0,0,0.474919774655922,0.00819941758130479,"CCRL2;DEFB130A;CXCL13;CCL18;MSMP;CCL27;CCR2"
"Cysteine-Type Deubiquitinase Activity (GO:0004843)","19/98",0.985236199104311,0.999993719883922,0,0,0.603237186138203,0.00897247179436441,"USP46;USP13;USP7;USP32;USP10;USP3;USP44;USP22;USP9Y;OTUD7A;TNFAIP3;USP17L20;TANK;USP17L3;USP29;RNF2;OTULIN;USP50;USP40"
"fatty-acyl-CoA Binding (GO:0000062)","1/13",0.987161235920886,0.999993719883922,0,0,0.209336379078077,0.00270502235315676,"ACBD6"
"Exonuclease Activity (GO:0004527)","7/46",0.988652181052406,0.999993719883922,0,0,0.450501770290688,0.00514144007893779,"ISG20;ERCC4;XRN2;ENPP2;FSCN1;ENPP3;REXO2"
"DNA-directed DNA Polymerase Activity (GO:0003887)","2/20",0.988982839894258,0.999993719883922,0,0,0.279047061120875,0.00309136663203881,"POLN;POLE2"
"Methyltransferase Activity (GO:0008168)","5/37",0.990643176523989,0.999993719883922,0,0,0.392232284156849,0.0036873261029418,"PRMT8;MGMT;METTL4;EHMT1;PCMTD1"
"RNA Exonuclease Activity (GO:0004532)","1/14",0.990816917641102,0.999993719883922,0,0,0.193220064068773,0.00178255301189057,"DCP2"
"Acetylcholine Receptor Regulator Activity (GO:0030548)","1/14",0.990816917641102,0.999993719883922,0,0,0.193220064068773,0.00178255301189057,"LYPD6"
"Purine Ribonucleoside Triphosphate Binding (GO:0035639)","113/476",0.991736640133851,0.999993719883922,0,0,0.778097420620519,0.00645641171548526,"PRAG1;RASEF;ABCA12;YARS2;PPIP5K1;AKT2;PIM1;PDK4;MAP3K6;SEPHS1;MAP3K5;TGM2;DAPK1;LMTK2;RUNX3;MSH6;RAB32;EEF1A1;ERN1;RAB31;SIK3;SCG5;SIK2;TARS1;CARS2;ABCG1;ARL6;RHOBTB3;AK5;STK4;RHOBTB1;RHOBTB2;STK3;RAP1B;RAP1A;DHX36;ABL1;MAP3K20;MOV10L1;ABCA1;SRPK2;RAB4A;HSPA4;INSR;RAB27A;MTHFS;MFHAS1;CDK6;WNK1;STK26;GNAQ;ADSS2;BMPR1B;BMPR1A;GPI;ARF1;DYRK3;ABCD3;DYRK2;NVL;MAST2;DIRAS2;OLA1;PRKAG2;RND3;MTG2;MYO18A;TLK1;ATP7A;ABCC6;RRAS2;SYN3;RAB33A;TGFBR1;RAB33B;RHOB;DNM2;ARL4C;ARL4A;TUBB2A;LATS2;LANCL2;MYH9;RHOU;TOP1;ATL3;ATL1;ATL2;GTPBP10;TUBD1;ATP1A2;ATP1A1;NT5C2;GNAI1;RAB21;TUBA3D;MTHFD1L;BMS1;P2RY1;RAB28;GBP1;MAP4K4;KCNJ11;MX2;CDC42BPB;CDC42BPA;MYO1B;SNRK;RIT2;ACTC1;STK17B;PFKP;RAN"
"DNA Polymerase Activity (GO:0034061)","2/21",0.991770315456967,0.999993719883922,0,0,0.264341874017205,0.00218445128715988,"POLN;POLE2"
"Protein Phosphatase Inhibitor Activity (GO:0004864)","3/27",0.992070925882368,0.999993719883922,0,0,0.313851291966954,0.00249846856924968,"MGAT5;LMTK2;PTN"
"Nucleosome Binding (GO:0031491)","10/62",0.99212316246126,0.999993719883922,0,0,0.482495329380229,0.00381558449844551,"MLLT10;SMARCC1;SMARCD2;RNF169;PARP1;HMGA2;ARID1A;RNF4;ARID1B;GLYR1"
"snRNA Binding (GO:0017069)","6/43",0.992464064997353,0.999993719883922,0,0,0.407002500213897,0.00307875967941826,"ISG20;LSM8;LSM11;GEMIN5;TUT1;SNRPB2"
"RNA Polymerase III Activity (GO:0001056)","1/15",0.993431627139694,0.999993719883922,0,0,0.179406079775083,0.00118229316123455,"POLR1D"
"Oxidoreductase Activity, Acting On NAD(P)H, Quinone Or Similar Compound As Acceptor (GO:0016655)","1/15",0.993431627139694,0.999993719883922,0,0,0.179406079775083,0.00118229316123455,"CBR4"
"Peptidoglycan Binding (GO:0042834)","1/15",0.993431627139694,0.999993719883922,0,0,0.179406079775083,0.00118229316123455,"NOD1"
"Single-Stranded DNA Helicase Activity (GO:0017116)","2/22",0.993863587811632,0.999993719883922,0,0,0.251107205623902,0.0015456445382839,"RFC3;MCM7"
"Oxidoreduction-Driven Active Transmembrane Transporter Activity (GO:0015453)","8/54",0.99413457341122,0.999993719883922,0,0,0.436373649909739,0.00256705342176224,"NDUFB9;CYB5A;NDUFA12;NDUFB4;COX4I2;NDUFS4;NDUFC2;UQCRHL"
"MHC Protein Binding (GO:0042287)","4/34",0.994582221222398,0.999993719883922,0,0,0.33469292076887,0.00181822202501492,"COL2A1;TUBB2A;MFAP3;DERL1"
"Chemokine Receptor Binding (GO:0042379)","7/50",0.995162464501653,0.999993719883922,0,0,0.408480088359821,0.00198083197258365,"CXCL8;CCRL2;CXCL1;CXCL13;CCL18;CCL27;PF4"
"Endopeptidase Activity (GO:0004175)","75/335",0.995309694783465,0.999993719883922,0,0,0.721436299146821,0.00339171676317955,"PCSK1;ADAMDEC1;KDM8;PREP;ECE1;PCSK5;MMP20;ADAMTS5;IMMP2L;MMP24;ADAMTS3;ADAMTS1;CAPN5;CTSH;ADAMTS8;ADAMTS9;HABP2;USP46;USP7;MMP7;MME;HGF;MMEL1;PGC;ADAM2;SFRP1;F9;MMP15;MEP1A;CLPP;ADAM12;ADAM9;USP40;ADAM7;MASP1;TRABD2B;PAPPA2;USP13;USP10;TMPRSS4;ADAM22;TMPRSS2;KLK3;KLK2;USP17L20;PSEN1;ADAMTS12;ADAMTS16;DPP4;PSMB7;ADAM28;PITRM1;ADGRG6;CLCA2;TASP1;RCE1;CORIN;SEC11C;MBTPS1;ERAP2;USP9Y;NRDC;ERAP1;KLK13;ADAM32;KLK15;ASPRV1;USP17L3;USP29;BMP1;PIP;CNTN1;TLL2;TLL1;LGMN"
"Cysteine-Type Endopeptidase Activity (GO:0004197)","19/106",0.995657276328819,0.999993719883922,0,0,0.547459127830761,0.00238264104198268,"USP46;USP13;USP7;USP10;USP9Y;USP17L20;USP17L3;USP29;CAPN13;CAPN14;SFRP1;CAPN9;CAPN5;CAPN2;PIGK;CTSH;USP40;RCE1;LGMN"
"Chemokine Activity (GO:0008009)","6/46",0.996178863087316,0.999993719883922,0,0,0.376398170946184,0.00144102387636648,"CXCL8;CXCL1;CXCL13;CCL18;CCL27;PF4"
"Serine-Type Endopeptidase Activity (GO:0004252)","23/125",0.996567155672348,0.999993719883922,0,0,0.565057986503827,0.00194309318343824,"PCSK1;MBTPS1;MMP7;HGF;TMPRSS4;KLK13;TMPRSS2;KLK3;KLK15;KLK2;PCSK5;DPP4;BMP1;F9;CLPP;CNTN1;CTSH;TLL2;TLL1;MASP1;HABP2;CORIN;SEC11C"
"Peptidase Activator Activity (GO:0016504)","2/24",0.996604563885467,0.999993719883922,0,0,0.228247323853651,0.0007763179225289,"CAV1;TANK"
"Receptor Ligand Activity (GO:0048018)","70/319",0.996771896158826,0.999993719883922,0,0,0.70301126241001,0.00227306417726906,"IFNA5;CD86;SEMA5A;APP;EDA;WNT2B;CSF1;IFNA2;CXCL1;CXCL13;AREG;FAM3B;TNFSF11;IL12A;FAM3C;EPHA7;SEMA6A;EDN3;WNT5B;HGF;SEMA6D;WNT5A;WNT9B;APOA1;NGF;GREM1;GREM2;NRG3;NRG4;DEFB130A;SEMA3C;PTH;SEMA3D;SEMA3E;PTN;PTHLH;DPP4;WNT11;NTF3;ALKAL2;FLNB;AMELX;WNT2;IL33;JAG1;GDF15;WNT7B;CCK;IGF1;INHBA;BMP7;AGT;GUCA2A;BMP6;VEGFA;APLN;POMC;BMP3;KITLG;TAFA4;TADA2A;GDNF;TAFA2;IL7;SST;LEP;GNRH1;CSPG5;SCGB3A1;FGF10"
"Endonuclease Activity (GO:0004519)","8/58",0.997486173771184,0.999993719883922,0,0,0.401351161154117,0.00101019733880821,"PIWIL2;ERN1;NTHL1;ERCC4;ELAC2;SETMAR;SND1;SMG6"
"5'-3' RNA Polymerase Activity (GO:0034062)","1/18",0.997595874991281,0.999993719883922,0,0,0.147715174630738,0.000355553314263359,"POLR1A"
"DNA Binding (GO:0003677)","205/846",0.997896011778905,0.999993719883922,0,0,0.796588561191436,0.00167777858257329,"APP;EHF;SMC6;RBPJ;ZDHHC1;IKZF3;ELK4;SPATA24;MTERF1;SOX9;SOX6;TP63;ZNF281;RFX2;SOX13;RFX3;SETMAR;WDR76;ISL2;NEIL3;XRN1;NOBOX;HOXB1;ATF6;CLOCK;EPAS1;FOXG1;TSHZ2;GATA4;ZNF22;GATA3;CDKN2AIP;PGBD2;NTHL1;DHX36;PCBP2;PRDM16;HIVEP2;PPARGC1A;NHEJ1;CREBBP;XRCC5;NFATC2;NR2F2;SMARCA1;SMARCA2;PBX1;POU6F1;FAM111A;TDP1;SNAI2;NANOG;SIM2;RAD18;CSRNP1;SERPINA3;FBH1;MEOX2;GLI2;MECOM;ZMYM4;HEY2;TEAD1;FOXD4;PARP1;TIGD6;TOP3A;TET1;PAX6;BAZ1A;RAD51B;TOX3;TOX2;NR5A2;DMC1;SDE2;ZNF239;RARB;PPARG;DNASE1L3;FOXC1;ZNF350;EGFR;RXRA;CUX2;CUX1;RNF138;SPDEF;FOXB1;ZNF341;STAT1;STAT3;GRHL3;POU4F1;GRHL2;BATF;PER1;RYBP;WT1;NFIB;RPA3;RPA4;FOXA2;FOXA1;PAGE4;PRDM9;RORA;NUCKS1;PARK7;ETS1;ETS2;SMARCAD1;RAG2;MSX2;RADX;ARID5B;POU3F2;FOXP2;HIC1;MSH6;MYCN;MSH3;KAT6A;FSCN1;ZNF438;ZNF675;GLYR1;GCM2;KMT2D;GCM1;MAX;FOXO3;DDX60;FOXO1;NPAS2;SAFB2;CAMTA1;ZNF423;SMAD2;TFAP2B;TFAP2C;SMAD4;POU2F1;SMAD3;ZBTB16;HMGA1;HMGA2;ESR2;MLXIPL;TFCP2;MAFB;BCL6;BCL2;NABP1;TCF4;KDM5A;CALCOCO1;THRB;MCM7;SYCP2;CHD6;MCM10;CHD3;NR2E3;HHEX;ZIC3;NKX3-1;KDM6A;RFC3;RFC1;ATRX;ARID1A;TSN;THRAP3;C1D;H2BC11;IRF7;RBMS1;TOP1;IRF6;DNASE1;HDAC4;NUFIP1;GTF3C6;LEF1;CXXC5;RNF4;BARX2;IGF2BP1;RBBP8;IRX1;IRX2;TCF7L1;FOXJ3;FOXJ1;ARID3B;TBX4;TBX3;KLF2;TBX2;POU2AF3;ERCC4;POU2AF2;INSM1;TNP1"
"Serine-Type Peptidase Activity (GO:0008236)","26/142",0.998113895465321,0.999993719883922,0,0,0.56141290456078,0.00105988326493356,"PCSK1;TMPRSS4;PREP;KLK4;TMPRSS2;KLK3;KLK2;PCSK5;DPP4;CAPN5;CTSH;HABP2;CORIN;SEC11C;MBTPS1;MMP7;HGF;KLK13;KLK15;BMP1;F9;CLPP;CNTN1;TLL2;TLL1;MASP1"
"RNA Nuclease Activity (GO:0004540)","10/70",0.998393715856751,0.999993719883922,0,0,0.417927959638625,0.000671850790796182,"PIWIL2;ERN1;ELAC2;ELAC1;RNASE3;RNASE12;SND1;N4BP1;SMG6;DIS3L2"
"Cysteine-Type Peptidase Activity (GO:0008234)","26/144",0.998608255666897,0.999993719883922,0,0,0.551819655752122,0.000768526799333249,"USP13;USP32;USP10;OTUD7A;TNFAIP3;USP17L20;TANK;RNF2;HINT1;CAPN2;USP50;CTSH;RCE1;USP46;USP7;USP43;USP3;USP44;USP22;USP9Y;USP17L3;USP29;SFRP1;OTULIN;USP40;LGMN"
"DNA-directed 5'-3' RNA Polymerase Activity (GO:0003899)","3/34",0.998833725667214,0.999993719883922,0,0,0.242862570098492,0.000283409680761572,"PRIM2;POLR1A;POLR1D"
"Nucleosomal DNA Binding (GO:0031492)","3/34",0.998833725667214,0.999993719883922,0,0,0.242862570098492,0.000283409680761572,"SMARCD2;SMARCC1;HMGA2"
"pre-mRNA Binding (GO:0036002)","2/30",0.999440969068029,0.999993719883922,0,0,0.179261862917399,0.000100240947800101,"CELF4;RBM20"
"rRNA Binding (GO:0019843)","4/46",0.999767455757527,0.999993719883922,0,0,0.238865447726207,5.55532441384533e-05,"MRPS27;MTERF4;MAP3K20;MRPS18A"
"RNA Polymerase II Cis-Regulatory Region Sequence-Specific DNA Binding (GO:0000978)","269/1122",0.999770656125137,0.999993719883922,0,0,0.782433337750569,0.000179466874102386,"ATF1;EHF;RBPJ;IKZF3;BACH1;BACH2;ELK4;CREB3L1;CREB3L2;MYB;SOX9;SOX6;SOX7;TP63;SOX4;PKNOX2;HES6;ZNF18;MEF2C;ZNF281;RFX2;SOX13;EBF1;RFX3;EBF2;SOX11;BHLHA15;ISL1;RUNX3;RUNX1;ZSCAN20;ZNF716;ATF7;NOBOX;HOXB1;ATF6;CLOCK;ATF3;ZBTB8A;ZNF394;EPAS1;GATA6;GATA5;GATA4;GATA3;ZNF23;CDKN2AIP;POU5F1B;ZNF704;DHX36;PRDM16;HIVEP1;HOXC5;HOXC4;HIVEP3;HIVEP2;RREB1;ZBTB7C;HOXC6;STAT5A;ZNF143;BCL11B;PBX3;NFATC3;NFATC2;NFATC1;NR1D2;NR2F2;PBX1;ST18;THAP10;POU6F1;ZNF813;SNAI2;NANOG;HBP1;MESP2;HNF4G;AKR1B1;TFCP2L1;HIF3A;MEOX2;GLI3;GLI2;MECOM;HEY2;TEAD1;FOXD4;TCF12;EN2;TFEB;EN1;PAX6;FOS;NR5A2;TGIF2LX;TFEC;ZNF239;RARB;PPARG;ZNF236;FOXC1;NFIX;ZNF350;NR1I2;RXRA;HSF2;STAT4;MEF2D;ZNF587;FOXB2;FOXB1;ZNF341;ARNT2;CDX2;STAT1;STAT3;GRHL3;POU4F1;GRHL2;BATF;SKI;HEYL;PER1;NFIA;WT1;NFIB;NFIC;ZNF217;BMAL2;ZNF354A;ZNF697;NEUROG1;FOXA2;FOXA1;ZNF331;ZBTB24;UBP1;RORA;PRDM1;NR3C1;ETS1;ETS2;NR3C2;FOXQ1;HOXA10;SALL1;SALL3;ZNF689;MITF;POU3F2;FOXP2;FOXP1;POU3F4;MAF;ZNF92;MYCN;ZNF675;ZNF552;GCM2;DLX1;GCM1;DLX2;DLX5;MAX;GLIS3;FOXO3;FOXO1;NPAS2;SCRT2;ZKSCAN2;ZNF547;ZNF789;ZNF423;NKX6-1;ZNF664;SMAD2;TFAP2B;TFAP2C;ZFHX3;SMAD4;POU2F1;SMAD3;ZNF658B;ZBTB16;HMGA1;HMGA2;SMAD9;ESRRG;ESR1;PHOX2B;ESR2;MLXIPL;TFCP2;MAFB;SP2;ZFP62;NFE2L3;ZNF658;MYF6;ZNF536;TCF4;MXD1;ZNF773;CALCOCO1;THRB;THRA;NR2E1;NR2E3;HHEX;SIX6;ZIC3;ZNF648;MYBL1;NKX3-1;KDM6A;PROP1;KLF13;OLIG3;ETV1;KLF15;FOXD4L5;ZNF519;THRAP3;DMRTA1;ZNF516;IRF7;TOP1;IRF6;FOXD4L3;CREB5;HDAC4;HDAC5;NFAT5;CEBPD;SRF;LEF1;TBXT;NRIP1;E2F5;ZNF621;E2F6;HES2;E2F7;ATOH1;ZNF740;IRX1;MLXIP;IRX2;SKOR1;TCF7L1;SKOR2;IRX3;FOXJ3;FOXJ2;FOXJ1;KLF4;TBX4;KLF3;TBX3;KLF2;TBX2;TBX15;KLF7;KLF6;ZNF737;KLF9;INSM1;ZNF610"
"Cytokine Activity (GO:0005125)","31/178",0.999780469791341,0.999993719883922,0,0,0.527527527527528,0.000115820941754238,"IFNA5;CXCL8;WNT2B;CSF1;IFNA2;CXCL1;CXCL13;WNT11;FAM3B;TNFSF11;IL12A;ALKAL2;FAM3C;CCL18;WNT2;IL33;WNT5B;GDF15;WNT7B;WNT5A;WNT9B;INHBA;BMP7;BMP6;VEGFA;BMP3;KITLG;IL7;SCGB3A1;CCL27;PF4"
"Cis-Regulatory Region Sequence-Specific DNA Binding (GO:0000987)","262/1098",0.999808474370169,0.999993719883922,0,0,0.777548089208456,0.000148934650366506,"ATF1;EHF;RBPJ;IKZF3;BACH1;BACH2;ELK4;MYB;SOX9;SOX6;SOX7;TP63;SOX4;PKNOX2;HES6;ZNF18;MEF2C;ZNF281;RFX2;SOX13;EBF1;RFX3;EBF2;SOX11;ISL1;RUNX3;RUNX1;ISL2;ZSCAN20;ZNF716;NOBOX;HOXB1;ATF6;CLOCK;ATF3;ZBTB8A;ZNF394;EPAS1;GATA6;GATA5;GATA4;GATA3;ZNF23;CDKN2AIP;POU5F1B;ZNF704;DHX36;PRDM16;HIVEP1;HOXC5;HOXC4;HIVEP3;HIVEP2;RREB1;ZBTB7C;HOXC6;STAT5A;ZNF143;BCL11B;TIPARP;PBX3;NFATC3;NFATC2;NFATC1;NR1D2;NR2F2;ELL2;PBX1;ST18;THAP10;POU6F1;ZNF813;SNAI2;NANOG;HBP1;MESP2;HNF4G;AKR1B1;TFCP2L1;HIF3A;MEOX2;GLI3;GLI2;MECOM;HEY2;TEAD1;FOXD4;TCF12;EN2;TFEB;EN1;PAX6;FOS;NR5A2;TGIF2LX;TFEC;ZNF239;RARB;PPARG;ZNF236;FOXC1;NFIX;ZNF350;NR1I2;RXRA;HSF2;STAT4;MEF2D;ZNF587;FOXB2;FOXB1;ZNF341;ARNT2;CDX2;STAT1;STAT3;GRHL3;POU4F1;GRHL2;BATF;SKI;HEYL;PER1;NFIA;WT1;NFIB;NFIC;ZNF217;BMAL2;ZNF354A;ZNF697;FOXA2;FOXA1;ZNF331;ZBTB24;UBP1;RORA;PRDM1;NR3C1;ETS1;ETS2;FOXQ1;HOXA10;SALL1;SALL3;ZNF689;MITF;POU3F2;FOXP2;FOXP1;POU3F4;MAF;ZNF92;MYCN;ZNF675;ZNF552;GCM2;DLX1;GCM1;DLX2;DLX5;GLIS3;FOXO3;FOXO1;NPAS2;SCRT2;ZKSCAN2;ZNF547;ZNF789;ZNF423;NKX6-1;ZNF664;SMAD2;TFAP2B;TFAP2C;ZFHX3;SMAD4;POU2F1;SMAD3;ZNF658B;ZBTB16;HMGA1;SMAD9;FOXN3;FOXN2;ESR1;PHOX2B;ESR2;MLXIPL;TFCP2;MAFB;SP2;ZFP62;NFE2L3;ZNF658;MYF6;ZNF536;TCF4;MXD1;ZNF773;CALCOCO1;THRB;THRA;NR2E1;NR2E3;HHEX;SIX6;ZIC3;ZNF648;MYBL1;NKX3-1;KDM6A;PROP1;KLF13;ETV1;KLF15;FOXD4L5;ZNF519;THRAP3;DMRTA1;ZNF516;IRF7;TOP1;IRF6;FOXD4L3;HDAC4;HDAC5;NFAT5;CEBPD;SRF;LEF1;TBXT;NRIP1;E2F5;ZNF621;E2F6;HES2;E2F7;ZNF740;IRX1;MLXIP;IRX2;SKOR1;TCF7L1;SKOR2;IRX3;FOXJ3;FOXJ2;FOXJ1;KLF4;TBX4;KLF3;TBX3;KLF2;TBX2;TBX15;KLF7;KLF6;ZNF737;KLF9;INSM1;ZNF610"
"RNA Polymerase II Transcription Regulatory Region Sequence-Specific DNA Binding (GO:0000977)","288/1225",0.999967450478172,0.999993719883922,0,0,0.760503899637171,2.47544411561188e-05,"ATF1;RB1;EHF;RBPJ;IKZF3;BACH1;BACH2;FERD3L;ELK4;MYB;SOX9;SOX6;SOX7;TP63;SOX4;PKNOX2;HES6;ZNF18;MEF2C;ZNF281;RFX2;SOX13;EBF1;RFX3;EBF2;SOX11;ISL1;RUNX3;RUNX1;ZSCAN20;ZNF716;TBPL1;NOBOX;HOXB1;ATF6;CLOCK;ATF3;ZBTB8A;CASZ1;ZNF394;EPAS1;GATA6;GATA5;GATA4;GATA3;ZNF23;ZBTB5;CDKN2AIP;POU5F1B;ZNF704;DHX36;PRDM16;HIVEP1;HOXC5;HOXC4;HIVEP3;HIVEP2;RREB1;ZBTB7C;HOXC6;STAT5A;ZNF143;BCL11B;PBX3;NFATC3;NFATC2;NFATC1;NR1D2;NR2F2;PBX1;ST18;THAP10;ISX;POU6F1;ZNF813;CREBRF;SNAI2;NANOG;HBP1;SIM2;MESP2;HMX3;TCF24;HNF4G;AKR1B1;TFCP2L1;HIF3A;MEOX2;GLI3;GLI2;MECOM;HEY2;TEAD1;FOXD4;TCF12;EN2;TFEB;EN1;PAX6;FOS;NR5A2;TGIF2LX;TFEC;ZNF239;RARB;PPARG;ZNF236;FOXC1;ASCL4;NFIX;ZNF350;ZNF518B;NR1I2;RXRA;CUX2;GBX2;CUX1;HSF2;STAT4;ZNF589;MEF2D;ZNF587;FOXB2;FOXB1;ZNF341;ARNT2;CDX2;STAT1;STAT3;GRHL3;POU4F1;GRHL2;BATF;SKI;HEYL;PER1;NFIA;WT1;NFIB;NFIC;ZNF217;BMAL2;ZNF354A;ZNF697;FOXA2;FOXA1;ZNF331;ZBTB24;UBP1;RORA;PRDM1;NR3C1;ETS1;ETS2;FOXQ1;HOXA10;SALL1;SALL3;ZNF689;MSX2;MITF;POU3F2;FOXP2;FOXP1;POU3F4;MAF;ZNF92;MYCN;LMX1A;ADNP;ZNF675;ZNF552;GCM2;DLX1;GCM1;DLX2;DLX5;MAX;GLIS3;FOXO3;NPAS1;FOXO1;NPAS2;NPAS3;SCRT2;ZKSCAN2;ZNF547;ZNF789;ZNF423;NKX6-1;ZNF664;SMAD2;TFAP2B;TFAP2C;ZFHX3;SMAD4;POU2F1;SMAD3;ZNF658B;ZBTB16;ZBTB10;HMGA1;SMAD9;ESR1;PHOX2B;ESR2;MLXIPL;TFCP2;MAFB;SP2;LHX2;ZFP62;NFE2L3;ZNF658;MYF6;ZNF536;TCF4;MXD1;ZNF773;CALCOCO1;THRB;THRA;NR2E1;NR2E3;HHEX;SIX6;ZIC3;TRPS1;ZNF648;MYBL1;NKX3-1;KDM6A;PROP1;KLF13;ETV1;KLF15;ADRA2A;ETV6;RBL2;FOXD4L5;ZNF519;THRAP3;DMRTA1;ZNF516;IRF7;TOP1;IRF6;FOXD4L3;HDAC4;HDAC5;NFAT5;CEBPD;SRF;LEF1;BARX2;TBXT;NRIP1;E2F5;ZNF621;E2F6;HES2;E2F7;STOX1;ZNF740;IRX1;MLXIP;IRX2;SKOR1;TCF7L1;SKOR2;IRX3;FOXJ3;FOXJ2;FOXJ1;USF3;KLF4;TBX4;KLF3;TBX3;KLF2;TBX2;TBX15;KLF7;KLF6;ZNF737;KLF9;INSM1;ZNF610"
"RNA Binding (GO:0003723)","283/1411",0.999991299898804,0.999993719883922,0,0,0.61133007897266,5.31865668796633e-06,"RPL4;TCERG1;DHFR2;RPL32;THUMPD1;ADARB1;ADARB2;MKI67;UBE2L3;SNRPD1;ALKBH1;MTERF1;TNS1;DDX17;ABT1;DDX18;SRRM3;RBFOX1;MBNL1;AQR;RBFOX3;SCAF11;FNDC3B;FNDC3A;CRNKL1;SND1;FAM133B;XRN1;XRN2;SRFBP1;NUP98;EZR;EIF1B;GTSF1;MACF1;RPS4Y2;ANP32A;DAZ2;NMD3;ZC3HAV1;RPS4Y1;GIGYF2;GSPT1;MTDH;FXR1;C7ORF50;LARP1;DHX32;PCBP3;DHX35;DHX36;PCBP2;CSTF1;MOV10L1;MAP4;PPARGC1A;N4BP1;RBM10;BTF3;SRPK2;XRCC5;PCDH20;MTERF4;RDX;NR0B1;MAGOHB;MEX3C;MANF;PUM2;DHFR;MEX3B;FASN;GOLGB1;HNRNPD;SPATS2L;L1TD1;NOL10;CPEB3;CPEB2;RPS23;ARF1;GFM1;TUT7;CLTC;GDI2;ADK;TCF20;SMG6;MRPL42;PCF11;NELFCD;MRPS28;TOP3B;MRPS27;ANXA2;PARP1;STRBP;MRPS23;NBPF10;NSUN6;NUDT16L1;SRP9;MRPL44;MRPS9;PSMA1;CDC42EP4;FRG1;SDE2;TUT1;ZNF239;TLR7;PABPC1;DCP2;TLR3;AHNAK;STAU2;C6ORF52;MRPS30;NOL4;AKAP1;RIDA;FLNB;HEATR6;RPL19;RTRAF;UTP6;YTHDF1;MDH2;STAT3;ELP1;SORBS2;ELP5;KTN1;NUDT7;CMSS1;KRT18;XPOT;NEDD4;RPL22L1;UBAP2;SRP19;RPP30;PEBP1;MSI1;NUCKS1;MSI2;PARK7;YARS2;EDC3;RIMS1;CWC22;CAST;RADX;LARP4B;THOC5;ATXN2L;EEF1A1;EBNA1BP2;FSCN1;GEMIN5;PPIE;ERH;SRSF5;SREK1;FKBP3;ZCCHC7;KHDRBS2;KHDRBS3;KMT2C;YTHDC2;IREB2;UBFD1;NTPCR;DDX60;GTF2E2;ZFP36L1;ATXN2;ZMAT3;G3BP2;MAP3K20;SAFB2;HSPA9;CPSF7;PNPT1;RBPMS;GOT2;HMGA1;PYM1;TDRD9;MSN;TDRD7;SUPT5H;QKI;ANKHD1;CLK3;LSM3;TDRD3;TRMT9B;LSM8;RALYL;LSM6;MKRN2;UBE2N;MKRN3;ACO1;PIN4;LSM14A;DIDO1;RBM25;MTCL1;COL14A1;NVL;PINX1;CELF4;CHD3;TENT4B;DUSP14;SYNE1;MRPL3;METTL14;MRPL1;ZC3H7A;ZC3H7B;MYO18A;LBR;COA6;RBM33;DSP;GLRX3;ELAC2;SECISBP2L;RBM19;DDX50;UTP18;YWHAZ;DARS1;PTBP2;TSN;DCN;NEMF;ESRP2;THRAP3;TEX13C;C1D;RBM20;MYH9;RBMS1;TOP1;RBMS2;CNGB1;RBM47;NUFIP1;USP10;SRF;SRSF1;GTPBP10;PARN;RRBP1;JAKMIP1;ADD1;NUP42;FAM120C;BMS1;NOCT;IGF2BP1;IGF2BP3;RALY;IGF2BP2;EIF4E;PTPN1;DUT;BICC1;SNRNP40;EIF3I;EIF3G;EIF3H;BUD13;FAM98B;VIM;RAN;TPT1;R3HDM2;TNRC6B"
"Olfactory Receptor Activity (GO:0004984)","13/362",0.999993719883922,0.999993719883922,0,0,0.0915588573193049,5.75002057461273e-07,"OR1D5;OR4E2;OR52I2;OR10G2;OR13G1;OR8U8;OR51E2;OR9Q2;OR1L3;OR5M11;OR6V1;OR2A4;OR13C4"
