"Term","Overlap","P.value","Adjusted.P.value","Old.P.value","Old.Adjusted.P.value","Odds.Ratio","Combined.Score","Genes"
"Positive Regulation Of Cell Differentiation (GO:0045597)","99/283",2.98997045302e-05,0.150216115559725,0,0,1.69393701003485,17.6468631513132,"RIPOR2;MTCH2;CSF1;LOXL2;DPF1;KDR;DPF3;NRCAM;SOX9;SOX6;ARID2;IL6R;SOX4;TP63;MEF2C;SMARCC1;PRKCH;HGF;SOX11;NPNT;ISL1;TIAM1;PCP4;PRKD1;WDFY2;IL6ST;RIN2;FBN2;DLX1;DLX2;GATA5;PLA2G5;ZFP36L1;SCUBE3;BRINP2;RAP1A;DHX36;ZNF703;BRINP3;WWTR1;SMAD4;SMAD3;IGF1;ALOX15B;SMARCA2;BMP7;BMP6;SLC6A6;DAB2;GDNF;MYF6;TCF4;BMPR1B;FERMT2;BMPR1A;GSK3B;AKR1B1;TMEM100;PPP3CA;GLIPR2;SIN3A;CD36;CD34;ADIG;PBRM1;MMD;AXIN2;ARID1A;NGF;ARID1B;TGFBR2;GPRC5B;PPARG;LCP1;DDR2;LTF;YAP1;FOXC1;SMARCD2;SMARCD3;LAMA2;LAMA1;SRF;LEF1;GDPD5;SULT1E1;NOCT;PDPN;GCNT2;WNT7B;TMEM64;AGT;MTOR;HEYL;KITLG;VWC2;CAMK1;NEUROG1;PF4"
"Positive Regulation Of Osteoblast Differentiation (GO:0045669)","22/44",0.000190976396589908,0.403615921946825,0,0,3.13167701863354,26.8176799553681,"FBN2;YAP1;WWTR1;MEF2C;HGF;WNT7B;SOX11;IGF1;NPNT;BMP7;BMP6;PPP3CA;SCUBE3;PRKD1;BMPR1B;IL6ST;IL6R;TP63;FERMT2;BMPR1A;DDR2;LTF"
"Neuron Projection Fasciculation (GO:0106030)","8/10",0.000331247859577749,0.403615921946825,0,0,12.5070189925681,100.214286215387,"SEMA5A;EPHA4;CRTAC1;NRCAM;CNTN4;ARHGAP35;CDK5R1;EPHB3"
"Positive Regulation Of Autophagy Of Mitochondrion (GO:1903599)","8/10",0.000331247859577749,0.403615921946825,0,0,12.5070189925681,100.214286215387,"PRKN;VPS13D;HTT;PARK7;FBXO7;IRGM;SLC25A4;CAMKK2"
"Ephrin Receptor Signaling Pathway (GO:0048013)","21/43",0.000401687820408863,0.403615921946825,0,0,2.98870928285128,23.3712144625865,"EPHA5;LYN;EPHA4;EPHA6;YES1;ARHGEF28;EFNA5;KALRN;EFNB2;EFNA1;EFNB1;TIAM1;SIPA1L1;CHN1;FYN;ARHGEF7;EPHA1;EPHB4;ANKS1B;EPHB3;CDK5R1"
"Actin Cytoskeleton Reorganization (GO:0031532)","24/53",0.000652705700952766,0.527065661461967,0,0,2.59160643373425,19.0078373267081,"FARP2;PTPN1;ANXA1;AUTS2;DTNBP1;NEDD9;PARVA;CDC42BPB;ATP2C1;CDC42BPA;MKLN1;FER;SIPA1L1;PARVG;PTK7;MYH9;PIP5K1A;PHACTR1;RICTOR;THSD7A;TNIK;EZR;BCAR1;FGF10"
"Neuron Development (GO:0048666)","54/150",0.000826033049305709,0.527065661461967,0,0,1.76464151729887,12.5269709169083,"RB1;ALK;ROBO2;APP;CNTNAP2;GSK3B;ATP8A2;TENM3;TENM4;MYT1L;RASGRF1;STMN2;PTPRM;STMN4;FRY;HS6ST1;GLI2;ATP7A;EPHA5;MEF2C;UNC5A;MYOC;WNT5A;VPS13B;ETV1;POU3F2;RUNX3;GPRIN3;ISL2;MAP1B;NLGN1;ROCK1;SRF;FLRT3;NPY;MAP4;RAB6B;LYN;GRXCR1;NTRK2;LGI4;PBX3;DTNBP1;POU4F1;PHOX2B;MANF;GDNF;VAPA;WNK1;NEDD4;CNTN4;LRP12;FRYL;CDK5R1"
"Regulation Of Osteoblast Differentiation (GO:0045667)","34/85",0.000933720659031835,0.527065661461967,0,0,2.08897191088972,14.5733641892566,"FBN2;YAP1;LIMD1;PPP3CA;SCUBE3;SUFU;NOCT;SOX9;IL6R;TP63;WWTR1;MEF2C;HGF;WNT7B;CRIM1;SOX11;IGF1;TMEM64;NPNT;SMAD6;BMP7;BMP6;GREM1;SKI;CDK6;SMOC1;PPARG;PRKD1;IL6ST;BMPR1B;FERMT2;DDR2;LTF;BMPR1A"
"Endothelial Cell Proliferation (GO:0001935)","11/18",0.000944186097364193,0.527065661461967,0,0,4.91489361702128,34.2331544753695,"SEMA5A;ANGPT4;DLG1;BMPER;NRARP;PRKX;ITGB1BP1;NOX5;TEK;CD34;LOXL2"
"Regulation Of Positive Chemotaxis (GO:0050926)","6/7",0.00112792085361592,0.566667436856637,0,0,18.7540239372678,127.29067374353,"NTRK3;CNTN1;KDR;CDH13;F2RL1;VEGFA"
"Peptide Catabolic Process (GO:0043171)","12/21",0.00126408924313933,0.577344032502909,0,0,4.17052341597796,27.8315850688989,"NPEPPS;ERAP2;MME;XPNPEP1;CPQ;LVRN;ERAP1;NPEPPSP1;CTSH;ECE1;LNPEP;TRHDE"
"Negative Regulation Of Cellular Response To Growth Factor Stimulus (GO:0090288)","29/71",0.00146535294564449,0.60512710016738,0,0,2.16262353998203,14.1125440852027,"DLX1;UBE2D1;CHRDL1;THBS1;HHEX;BMPER;CREB3L1;CAPN5;VWC2L;SOST;PTPN1;NIBAN2;SMURF1;SPRY4;CRIM1;SHISA2;SMAD6;SORL1;AGT;EPN2;APLN;GREM1;SKI;SPART;NEDD4;MMRN2;VWC2;PPARG;TRIM33"
"Regulation Of Cell-Matrix Adhesion (GO:0001952)","27/65",0.00156581455059234,0.60512710016738,0,0,2.22508862830652,14.3726242526602,"GSK3B;MACF1;CSF1;ROCK1;SEMA3E;PIK3CB;EFNA5;THBS1;CCR7;FYN;CD36;CLASP1;MAP4K4;JAG1;MYOC;LIMCH1;PLEKHA2;EMP2;AJAP1;CDK6;PTPRA;NF1;CDH13;EPHA1;UTRN;SKAP1;VCL"
"Regulation Of Neuron Differentiation (GO:0045664)","31/79",0.00220093626845584,0.644263905713432,0,0,2.02283412846574,12.3774639843491,"ALK;NLGN1;ROCK1;NREP;GDPD5;BRINP2;SIN3A;NTF3;TUNAR;NRCAM;BRINP3;CDK5RAP3;CDK5RAP2;MEF2C;ZFHX3;MMD;SOX11;NGF;BMP7;DISP3;MOSMO;TIAM1;HEYL;GPRC5B;PCP4;BIN1;VWC2;TCF4;CNTN4;NEUROG1;CDK5R1"
"Axonal Fasciculation (GO:0007413)","8/12",0.00225403912944707,0.644263905713432,0,0,6.25268373245252,38.1103043307957,"SEMA5A;EPHA4;CRTAC1;NRCAM;CNTN4;ARHGAP35;CDK5R1;EPHB3"
"Cellular Response To Steroid Hormone Stimulus (GO:0071383)","13/25",0.00251547962232787,0.644263905713432,0,0,3.38857890748777,20.2816335110579,"OR51E2;AKR1B1;ATP1A2;ZDHHC7;ATP1A1;NR3C1;TFPI;BMP7;UBE2L3;GPER1;MAPK1;ADTRP;NKX3-1"
"Negative Regulation Of Sprouting Angiogenesis (GO:1903671)","7/10",0.0029039893377464,0.644263905713432,0,0,7.2937736498108,42.607817649091,"SEMA6A;CREB3L1;PIK3CB;THBS1;EPN1;KLF2;EPN2"
"Sprouting Angiogenesis (GO:0002040)","22/52",0.00313240106344755,0.644263905713432,0,0,2.29534851621808,13.2348772995641,"SEMA5A;CCBE1;SRF;NRARP;SEMA3E;PARVA;THBS1;LOXL2;ROBO1;VEGFA;GREM1;EFNB2;BMPER;OTULIN;KDR;CDH13;ITGB1BP1;ADTRP;TEK;RECK;EPHB4;E2F7"
"Aortic Valve Morphogenesis (GO:0003180)","17/37",0.00321797856764295,0.644263905713432,0,0,2.65952430196484,15.263014997026,"RB1;ROBO2;JAG1;ROCK1;ELN;GATA5;GATA4;NFATC1;AXIN2;SMAD6;ROBO1;TGFBR2;EFNA1;HEYL;HEY2;CDH11;SOX9"
"Regulation Of Intracellular Signal Transduction (GO:1902531)","93/297",0.00324274535435315,0.644263905713432,0,0,1.43154147559423,8.20464372919778,"ARHGAP8;DYRK2;DOCK8;RASGRF2;FAM13A;WWC2;SLA;SUMO4;ARHGAP6;ARHGAP35;PREX2;AKAP12;FLCN;SPRED1;ARHGAP40;MCF2L;KDR;WWC3;TNFSF11;ITGAV;KMT5A;VAV3;PLEKHG3;ARHGEF10;USP7;PLEKHG1;MYOC;VWF;SWAP70;WNT5A;ATP6AP2;PLEKHG6;URB2;TRAF1;RNF41;TTI1;BCR;TIAM1;TRAF4;TRAF3;FSHR;KAT6A;TRAF6;SPATA13;ARHGEF3;TNIK;EZR;DIPK2A;DOCK2;OPTN;NLGN1;ARHGEF28;AKAP7;GATA4;AKAP6;PRDM11;ARHGAP15;STK4;KALRN;EGFR;GNAI1;NUAK1;ARHGAP20;CHN2;CHN1;GNA12;PIP5K1A;GPAT3;RICTOR;SRGAP3;RFFL;GBP1;MAP4K4;MAP2K6;LYN;WWTR1;NTRK2;NTRK3;ARHGAP28;ARHGAP26;MYO9A;MTOR;VEGFA;NFKBIA;ARHGAP32;DLG1;RIT2;TAOK3;CLEC6A;UBE2N;F2RL1;ATM;TEK"
"Aortic Valve Development (GO:0003176)","18/40",0.00326166332577297,0.644263905713432,0,0,2.56016098093053,14.6582477564123,"RB1;ROBO2;JAG1;ROCK1;ELN;GATA5;GATA4;NFATC1;AXIN2;RBPJ;SMAD6;TNFRSF1B;ROBO1;TGFBR2;EFNA1;HEYL;HEY2;SOX9"
"Negative Regulation Of BMP Signaling Pathway (GO:0030514)","19/43",0.00326858236283056,0.644263905713432,0,0,2.47737775018967,14.1790211306018,"DLX1;SMURF1;CRIM1;UBE2D1;SMAD6;CHRDL1;SORL1;GREM1;SKI;SPART;GREM2;BMPER;CAPN5;VWC2L;VWC2;PPARG;SOST;TRIM33;FBN1"
"Positive Regulation Of Cell-Matrix Adhesion (GO:0001954)","19/43",0.00326858236283056,0.644263905713432,0,0,2.47737775018967,14.1790211306018,"GSK3B;CSF1;ROCK1;MYOC;PLEKHA2;EMP2;VEGFA;CDK6;KDR;CDH13;CCR7;CD36;TEK;EPHA1;UTRN;RIN2;FERMT2;SKAP1;MAP4K4"
"Cellular Response To Corticosteroid Stimulus (GO:0071384)","9/15",0.00335281972158035,0.644263905713432,0,0,4.68986165599835,26.7226140089747,"ANXA1;BCL2L11;GPER1;FAM107A;NR3C1;ISL1;SSTR4;UBE2L3;ZFP36L1"
"Response To BMP (GO:0071772)","12/23",0.00354335241702369,0.644263905713432,0,0,3.41179564237415,19.2516778231109,"TMEM100;DLX1;SMAD4;DLX5;SMAD9;SOX9;ADAMTS12;BMPR1B;BMP7;BMP6;PHOX2B;BMPR1A"
"Intestinal Epithelial Cell Differentiation (GO:0060575)","6/8",0.00357949360554587,0.644263905713432,0,0,9.37639290136195,52.8128512473784,"YAP1;NPY;GATA6;GATA5;GATA4;IL6ST"
"Regulation Of Aspartic-Type Endopeptidase Activity Involved In Amyloid Precursor Protein Catabolic Process (GO:1902959)","6/8",0.00357949360554587,0.644263905713432,0,0,9.37639290136195,52.8128512473784,"EFNA1;LYN;EPHA4;BIN1;SORL1;PICALM"
"Axon Guidance (GO:0007411)","51/149",0.00384054746630731,0.644263905713432,0,0,1.63135656262088,9.07383416740095,"CYFIP2;SEMA5A;ROBO2;ROBO4;PTPRO;PTPRM;ARHGAP35;GLI2;DPYSL5;KIF5C;NRCAM;EMB;EPHB3;EPHA5;EPHA4;LYPLA2;EPHA6;SEMA6A;UNC5A;SEMA6D;WNT5A;ENAH;PALLD;FEZ2;SOS1;DSCAML1;NOTCH2;SEMA3C;SEMA3D;MYCBP2;LRTM1;SEMA3E;EFNA5;KALRN;EFNB2;EFNB1;CHN1;PLXNA2;PLXNA1;FYN;PLXNA4;NIBAN2;VEGFA;EFNA1;KLF7;NFASC;GDNF;NFIB;CNTN1;CNTN4;CDK5R1"
"Protein Deglutamylation (GO:0035608)","5/6",0.00401715199063464,0.644263905713432,0,0,15.6251289457396,86.2066815338242,"AGBL4;AGTPBP1;FOLH1;FOLH1B;AGBL2"
"White Fat Cell Differentiation (GO:0050872)","5/6",0.00401715199063464,0.644263905713432,0,0,15.6251289457396,86.2066815338242,"PER2;CTBP2;CTBP1;PPARG;SIRT1"
"Xenobiotic Glucuronidation (GO:0052697)","5/6",0.00401715199063464,0.644263905713432,0,0,15.6251289457396,86.2066815338242,"UGT2B28;UGT1A9;UGT1A8;UGT1A7;UGT1A6"
"Cell Junction Assembly (GO:0034329)","35/95",0.00410765733981834,0.644263905713432,0,0,1.82713999031209,10.0399559239169,"NLGN1;CTNND2;CDH9;CDH7;FLCN;CDH4;CDH2;FLRT3;SLITRK1;SPOCK2;DNER;NRCAM;DRD2;KIRREL3;FARP1;FZD5;FN1;GRHL2;MYO9A;POU4F1;DNM3;VMP1;SDK1;CAPZA1;CDH11;CDH12;CDHR3;FSCN1;PKP2;CDH13;PKP1;TLN2;CDH17;CDH18;ADGRL3"
"Intracellular Sodium Ion Homeostasis (GO:0006883)","10/18",0.00427884194807281,0.644263905713432,0,0,3.90850888062784,21.3172922826942,"ATP4B;SCNN1G;SCNN1B;TMPRSS4;SCNN1A;ATP1A4;ATP1A2;ATP1A1;ATP1B1;SLC8A1"
"Nervous System Development (GO:0007399)","129/433",0.00455166153792269,0.644263905713432,0,0,1.33367228679363,7.19151164552745,"SEMA5A;CHRM3;APP;CHRM1;MYT1L;MSI1;MSI2;RPS6KA6;CDH2;NAGLU;DPYSL5;DPF1;ADORA1;KAT8;NRCAM;SOX6;LINC01587;SOX4;CDK5RAP2;KIRREL3;MEF2C;SERF1A;SEMA6A;RBFOX3;SOX11;POU3F2;ALDH3A2;SCN8A;FEZ2;NOTCH2;INTU;DLX5;EFNA5;NPAS1;KALRN;NPAS2;UGT8;BRINP2;SNTG2;ATXN1;FLRT3;BTBD3;PDGFC;ADGRG6;DRD2;ASIC2;BRINP3;WNT2;NHEJ1;JAG1;FZD5;FN1;CRIM1;INHBA;ARHGAP26;DCLK1;PHOX2B;SDK1;RNF103;FGF14;GDNF;NF1;CSPG5;CNTN4;FGF12;ROBO2;SLC2A1;VLDLR;LDB2;NR2E1;ROBO1;IRF2BPL;ZIC3;DNER;JARID2;GUSBP3;MBL2;ADGRV1;PROP1;APAF1;MAMDC2;VPS13B;PAX6;GFRA1;NAV1;NAV2;DNM3;CYP26C1;RAPGEF5;DAGLB;DSCAML1;MET;HDAC4;PRKN;NLGN1;ADAM22;CXCR4;CLN8;VXN;EGFR;GBX2;SLITRK1;SPOCK2;NTF3;ERBB2;IGF2BP1;IGF2BP3;IGF2BP2;PCDH1;FARP1;ARNT2;STAT3;FBXL17;CABLES1;ELP3;MERTK;POU4F1;GRHL2;VEGFA;MARCKS;NFASC;APC;GLRB;FABP7;MAB21L2;APBA1;SCRG1;NEUROG1;ADGRL3"
"Regulation Of Vasculogenesis (GO:2001212)","8/13",0.00461654072565358,0.644263905713432,0,0,5.0018166804294,26.9003183816389,"TMEM100;RAP1A;HEY2;SORD;KDR;EMP2;CD34;RIN2"
"Synaptic Vesicle Localization (GO:0097479)","8/13",0.00461654072565358,0.644263905713432,0,0,5.0018166804294,26.9003183816389,"NLGN1;SYNJ1;KIF5C;SYNDIG1;RAB27A;SPG11;TMEM230;DNM2"
"Mesenchymal Cell Differentiation (GO:0048762)","22/54",0.00541823672006853,0.705043329721262,0,0,2.15160455486542,11.2270399594238,"GSK3B;MEF2C;FOXC1;SMAD4;ROCK1;SEMA3C;HGF;WNT5A;LEF1;FBXL17;HMGA2;IGF1;RBPJ;ISL1;BMP7;LOXL2;TGFBR3;HEYL;DLG5;HEY2;SOX9;AMELX"
"Negative Regulation Of ERK1 And ERK2 Cascade (GO:0070373)","20/48",0.00582127659923869,0.705043329721262,0,0,2.23509933774834,11.5023479923242,"DUSP4;LYN;EPHA4;PTPN1;PHB1;PTPRR;SMAD4;SEMA6A;PSCA;DUSP29;FLCN;RPS6KA6;SPRED1;DLG1;DUSP10;GPER1;CNKSR3;ITGB1BP1;EZR;GBP1"
"Positive Regulation Of Macroautophagy (GO:0016239)","25/64",0.00602601118284925,0.705043329721262,0,0,2.00647532841442,10.2564397069013,"LRSAM1;HTT;AMBRA1;FYCO1;TBK1;LARP1;SPTLC2;KDR;PIP4K2A;SNX7;MAP3K7;BNIP3L;BNIP3;VPS13D;TSC2;WIPI1;SUPT5H;SIRT1;IRGM;DCN;SNX18;SLC25A4;OPTN;PAFAH1B2;RAB3GAP1"
"Regulation Of Axonogenesis (GO:0050770)","18/42",0.00613340404059203,0.705043329721262,0,0,2.34650393049235,11.9531036337868,"CHODL;ROBO2;GSK3B;EPHA4;NTRK2;NRDC;ARHGAP35;ROBO1;TIAM1;SIPA1L1;CDH2;SLITRK1;CHN1;PLXNA2;MAP6;PLXNA1;PLXNA4;EPHB3"
"Regulation Of Macrophage Derived Foam Cell Differentiation (GO:0010743)","14/30",0.00613436427139927,0.705043329721262,0,0,2.73677139313766,13.9406997573581,"CETP;PRKCH;CSF1;ITGB3;PLA2G5;ALOX15B;AGT;NFKBIA;ITGAV;PPARG;CD36;LCP1;ABCG1;PF4"
"Melanocyte Differentiation (GO:0030318)","7/11",0.00631507759503519,0.705043329721262,0,0,5.46996904024768,27.7043825346123,"LRMDA;OCA2;MEF2C;OR51E2;TYRP1;MITF;SLC24A5"
"Podocyte Differentiation (GO:0072112)","7/11",0.00631507759503519,0.705043329721262,0,0,5.46996904024768,27.7043825346123,"MYO1E;JAG1;WT1;MAGI2;PTPRO;PROM1;KLF15"
"Positive Regulation Of Cytoplasmic Transport (GO:1903651)","7/11",0.00631507759503519,0.705043329721262,0,0,5.46996904024768,27.7043825346123,"PRKN;RAB21;MTMR2;RDX;MSN;EZR;SORL1"
"Regulation Of Ventricular Cardiac Muscle Cell Action Potential (GO:0098911)","7/11",0.00631507759503519,0.705043329721262,0,0,5.46996904024768,27.7043825346123,"DSP;RYR2;DLG1;CAV1;PKP2;CTNNA3;CACNA1C"
"Atrioventricular Valve Morphogenesis (GO:0003181)","10/19",0.00708619494869329,0.773935726570328,0,0,3.47400064252605,17.1949370683343,"EFNA1;HEYL;SMAD4;HEY2;GATA4;AXIN2;SMAD6;SOX4;TGFBR2;BMPR1A"
"Positive Regulation Of Epithelial Cell Migration (GO:0010634)","34/95",0.00772006642371161,0.78479383966701,0,0,1.74536063532246,8.48931598827378,"DOCK5;GPI;ITGB3;PIK3CB;THBS1;GLIPR2;ENPP2;KDR;ABL1;CTSH;SOX9;CLASP1;CLASP2;MAP4K4;BCAS3;ANGPT4;IQSEC1;PRKCE;WNT5A;PRKCA;AGT;MTOR;VEGFA;SMOC2;ADAM9;ITGB1BP1;PRKD1;TEK;PLPP3;DOCK1;MAPRE2;RIN2;BCAR1;FGF10"
"Integrin-Mediated Signaling Pathway (GO:0007229)","31/85",0.00785899673991354,0.78479383966701,0,0,1.79736031405809,8.71018120712233,"ITGB1;ITGB5;ITGB3;TXK;NEDD9;ADAMTS1;ITGAV;FYB2;FYB1;DST;SYK;ITGA2;ITGA1;ERBIN;FN1;APOA1;HCK;DAB2;PTPRA;ITGA11;ADAM9;MYH9;ITGB1BP1;CD47;PRKD1;PLPP3;CDH17;DOCK1;BCAR1;FERMT2;ITGA9"
"Calcium Ion Transport Into Cytosol (GO:0060402)","6/9",0.00853236392616267,0.78479383966701,0,0,6.25051588939331,29.7767627960956,"JPH4;RYR2;JPH2;CACNA1C;JPH1;SLC8A1"
"Negative Regulation Of Sodium Ion Transmembrane Transport (GO:1902306)","6/9",0.00853236392616267,0.78479383966701,0,0,6.25051588939331,29.7767627960956,"HECW2;NEDD4;PRKCE;STK39;NEDD4L;COMMD1"
"Regulation Of PERK-mediated Unfolded Protein Response (GO:1903897)","6/9",0.00853236392616267,0.78479383966701,0,0,6.25051588939331,29.7767627960956,"PPP1R15B;PTPN1;TMEM33;AGR2;BOK;NCK1"
"Positive Regulation Of Carbohydrate Metabolic Process (GO:0045913)","15/34",0.00871435272723931,0.78479383966701,0,0,2.46928827132955,11.7113005932293,"APP;SLC45A3;AVPR1B;PTH;INSR;PRKCE;IRS2;PSEN1;IGF1;SLC4A4;MTOR;RPTOR;MLXIPL;AKT2;SNCA"
"Regulation Of Cell Morphogenesis (GO:0022604)","14/31",0.008724702970625,0.78479383966701,0,0,2.57561461955597,12.2125261796614,"NTNG1;MACF1;FITM2;EFNA5;WTIP;MYO9A;STRIP1;FMNL2;CAPZB;ZMYM4;PDPN;CD44;FERMT2;SH3D19"
"Regulation Of Cell Migration (GO:0030334)","127/434",0.00909567590631906,0.78479383966701,0,0,1.29935163642004,6.10689571917941,"SEMA5A;SERPINE2;CSF1;FAM107A;ADARB1;MYLK;DOCK10;AKT2;FAM110C;ADORA3;KDR;ENPP2;ARID2;EPHA4;LIMCH1;SEMA6D;HGF;MAGI2;TPM1;PRKCA;MITF;RNF41;TIAM1;FRMD5;SPATA13;ADAM9;EPHA1;CBLL1;VCL;MACF1;CEMIP;TTBK2;PDGFC;ZNF703;PLXNA2;PLXNA1;SRGAP3;SUDS3;DRD2;PLXNA4;CCR1;NTNG1;CARMIL1;TCAF2;JAG1;INSR;CAV1;RDX;IGF1;CYRIB;ALOX15B;DAB2;FER;STK24;STK26;DLG5;NF1;CNTN1;ATM;AMOTL1;FERMT2;ITGB1;PTPRU;ROBO4;MCTP1;CITED2;LAMC2;LDB2;SYNE2;ROBO1;PPP3CA;FLCN;DUSP10;SIN3B;SIN3A;GPER1;EMILIN2;CTSH;PHACTR1;PLEKHG3;ANXA1;MMP7;MYOC;TET1;ADRA2A;TMEFF2;KIF2A;TMSB15A;CDH11;MMRN2;CDH13;SGK3;KANK1;ROCK1;SEMA3C;SEMA3D;LEF1;CXCR4;NEDD9;PRR5L;SEMA3E;PRKX;THBS1;EGFR;WNT11;MGAT5;NTF3;PDPN;GNA12;GCNT2;FYN;CTNNA2;RFFL;MAP4K4;NTRK3;STAT3;MEAK7;ELP3;ELP5;SORL1;VEGFA;APC;KRT16;BRMS1L;F2RL1;RECK;BCAR1"
"Neuron Projection Guidance (GO:0097485)","42/124",0.00991315929684057,0.78479383966701,0,0,1.60431012626135,7.40211394997813,"CYFIP2;SEMA5A;NOTCH2;ROBO2;ROBO4;SEMA3C;SEMA3D;MYCBP2;PTPRO;LRTM1;SEMA3E;EFNA5;KALRN;ARHGAP35;GLI2;EFNB2;EFNB1;DPYSL5;KIF5C;NRCAM;FYN;EMB;EPHB3;EPHA5;EPHA4;LYPLA2;EPHA6;SEMA6A;NIBAN2;SEMA6D;WNT5A;EFNA1;ENAH;KLF7;NFASC;PALLD;FEZ2;CNTN1;CNTN4;SOS1;DSCAML1;CDK5R1"
"Positive Regulation Of SMAD Protein Signal Transduction (GO:0060391)","9/17",0.0100703561361912,0.78479383966701,0,0,3.51693165393351,16.1714116642922,"NUP93;SMAD4;DAB2;RBPMS;PPARG;BMP7;KIAA0319;BMP6;BMPR1A"
"Positive Regulation Of Cardiac Muscle Hypertrophy (GO:0010613)","9/17",0.0100703561361912,0.78479383966701,0,0,3.51693165393351,16.1714116642922,"CAMK2D;PARP1;ROCK1;TRPC3;AKAP6;PRKCA;IGF1;IL6ST;PDE9A"
"Positive Regulation Of Epithelial To Mesenchymal Transition (GO:0010718)","19/47",0.0103328353083695,0.78479383966701,0,0,2.12290502793296,9.70683158050563,"WWTR1;FOXC1;SMAD4;JAG1;SMAD3;LEF1;EMP2;AXIN2;AGT;MTOR;LOXL2;TGFBR2;TIAM1;DAB2;GLIPR2;PDPN;ZNF703;GCNT2;FERMT2"
"Myoblast Differentiation (GO:0045445)","10/20",0.0111275907837016,0.78479383966701,0,0,3.12639405204461,14.0635446484367,"ITGB1;RB1;JAG1;EPAS1;SRF;SDC1;IGF1;RBPJ;TBXT;PLEKHM3"
"Pulmonary Valve Development (GO:0003177)","10/20",0.0111275907837016,0.78479383966701,0,0,3.12639405204461,14.0635446484367,"NOTCH2;ROBO2;HEYL;JAG1;HEY2;NFATC1;RBPJ;SMAD6;TNFRSF1B;ROBO1"
"Mitral Valve Development (GO:0003174)","5/7",0.0112402578862592,0.78479383966701,0,0,7.81204868991129,35.0624548056252,"EFNA1;AXIN2;SMAD6;SOX4;BMPR1A"
"Negative Regulation Of Leukocyte Proliferation (GO:0070664)","5/7",0.0112402578862592,0.78479383966701,0,0,7.81204868991129,35.0624548056252,"GREM1;LYN;IL33;TNFAIP3;ENPP3"
"Neuroepithelial Cell Differentiation (GO:0060563)","5/7",0.0112402578862592,0.78479383966701,0,0,7.81204868991129,35.0624548056252,"TUBB2A;WNT11;MAP1B;SOX11;SOX4"
"Neuron Fate Specification (GO:0048665)","5/7",0.0112402578862592,0.78479383966701,0,0,7.81204868991129,35.0624548056252,"ISL2;MYT1L;ISL1;POU3F2;POU4F1"
"Peptidyl-Tyrosine Dephosphorylation Involved In Inactivation Of Protein Kinase Activity (GO:1990264)","5/7",0.0112402578862592,0.78479383966701,0,0,7.81204868991129,35.0624548056252,"PTPN1;PTPRB;PTPRR;DUSP10;PTPRO"
"Positive Regulation Of Extracellular Matrix Disassembly (GO:0090091)","5/7",0.0112402578862592,0.78479383966701,0,0,7.81204868991129,35.0624548056252,"PDPN;FSCN1;CLASP1;CLASP2;DDR2"
"Positive Regulation Of Vascular Endothelial Growth Factor Signaling Pathway (GO:1900748)","5/7",0.0112402578862592,0.78479383966701,0,0,7.81204868991129,35.0624548056252,"CCBE1;SMOC2;JCAD;ROBO1;VEGFA"
"Cytoskeleton Organization (GO:0007010)","38/111",0.0113696710265629,0.78479383966701,0,0,1.63009145699472,7.29760306052378,"PRR5;MAPKAP1;MAST2;TNFAIP3;NEDD9;FITM2;LIMD1;SIPA1L3;STRIP1;CECR2;PCLO;CAPZB;ZMYM4;PPP2R3C;MICAL1;PACSIN2;RICTOR;WASF3;SH3D19;SEMA6A;KRT4;DST;TPM1;TIMD4;CDC42BPB;WTIP;MTOR;KLHL20;KISS1;DIAPH3;FMNL2;BIN1;PALLD;KRT16;RANBP10;CSPG5;TNIK;LRCH3"
"Regulation Of Cardiac Muscle Hypertrophy (GO:0010611)","11/23",0.0117729010122303,0.78479383966701,0,0,2.86607450251325,12.7309737173315,"CAMK2D;SMAD4;RGS2;GLRX3;PARP1;ROCK1;PRKCA;IGF1;IL6ST;LMCD1;PDE9A"
"Adherens Junction Organization (GO:0034332)","15/35",0.0118880485403526,0.78479383966701,0,0,2.34566880297705,10.3965241880433,"CDH9;MTSS1;CDH7;CDH4;CDH2;ZNF703;CDH11;CDH12;CDHR3;CDH13;CSK;CDH17;CDH18;FERMT2;VCL"
"Regulation Of Focal Adhesion Assembly (GO:0051893)","21/54",0.0119323366863381,0.78479383966701,0,0,1.99102387986677,8.81725561457764,"BCAS3;MACF1;MYOC;ROCK1;LIMCH1;FAM107A;EFNA5;ARHGAP6;THBS1;VEGFA;PTPRA;KDR;ITGB1BP1;APOD;FYN;TEK;VCL;CLASP1;FERMT2;CLASP2;MAP4K4"
"Negative Regulation Of Hippo Signaling (GO:0035331)","7/12",0.0120005466542759,0.78479383966701,0,0,4.3756862745098,19.3527987132384,"DLG5;WWC2;WWC3;LIMD1;WTIP;MARK3;CIT"
"Regulation Of Cell Differentiation (GO:0045595)","61/193",0.0120564088177935,0.78479383966701,0,0,1.44838491363225,6.39919470885458,"ALK;GSK3B;PTPRR;PLEKHB2;CSF1;AKR1B1;CHD3;TRPS1;DPF1;HEY2;DPF3;ARID2;CDK5RAP3;CDK5RAP2;SMARCC1;PBRM1;EMP2;ARID1A;NGF;ISL1;RUNX3;ARID1B;TENT5C;GREM1;MOSMO;TIAM1;BIN1;RAF1;DLX1;DLX2;NLGN1;SMARCD2;SMARCD3;ROCK1;SRF;LEF1;NREP;PTHLH;ZFP36L1;SPOCK2;NTF3;CLASP1;CLASP2;ZFHX3;UQCC2;MBOAT2;NR1D2;ALOX15B;SMARCA2;BLTP1;HOPX;SLC6A6;CDK6;GDNF;APC;SMOC1;ST7;NF1;NANOG;CAMK1;CDK5R1"
"Cell-Cell Adhesion Mediated By Cadherin (GO:0044331)","12/26",0.0121017612174941,0.78479383966701,0,0,2.6801652892562,11.8313331288424,"CDH4;FER;MMP24;CDH2;CDH11;CDH12;CDHR3;CDH13;CDH9;CDH17;CDH18;CDH7"
"Regulation Of Potassium Ion Transmembrane Transporter Activity (GO:1901016)","12/26",0.0121017612174941,0.78479383966701,0,0,2.6801652892562,11.8313331288424,"ITGB1;KCNG1;DLG1;NETO1;KCNS1;NEDD4;STK39;NEDD4L;CACNA1D;ANK2;WWP2;ATP1B1"
"Response To Steroid Hormone (GO:0048545)","13/29",0.0121920562411826,0.78479383966701,0,0,2.54076255424675,11.1970660486076,"YAP1;ABHD2;CAV1;AKR1B1;ATP1A2;UBE3A;ATP1A1;NR3C1;TFPI;THBS1;UBE2L3;ADTRP;NKX3-1"
"Gland Development (GO:0048732)","27/74",0.0124690045161439,0.78479383966701,0,0,1.79793628045419,7.88306843735033,"UGT1A10;IGSF3;CITED2;ZBTB1;ARHGAP35;GLI2;SALL1;WNT11;SOX9;UGT1A9;UGT1A8;CDK5RAP3;UGT1A7;EPHB3;NKX3-1;ANXA1;CAV1;ARID5B;COBL;MSN;NR0B1;TGFBR3;WT1;NF1;EZR;MET;FGF10"
"Positive Regulation Of Ras Protein Signal Transduction (GO:0046579)","20/51",0.0126054969132404,0.78479383966701,0,0,2.01839884640034,8.82771419926763,"NOTCH2;GPR17;PRAG1;AUTS2;RASGRF1;APOA1;PIK3CB;IGF1;NGF;ROBO1;RASGEF1A;SYNPO2L;LPAR6;MCF2L;ARHGEF3;F2RL1;MAPRE2;MAP4K4;F2RL3;FGF10"
"C-terminal Protein Deglutamylation (GO:0035609)","4/5",0.0139469508583114,0.78479383966701,0,0,12.4975247524752,53.3956041572736,"AGBL4;AGTPBP1;FOLH1;FOLH1B"
"Blood Vessel Endothelial Cell Proliferation Involved In Sprouting Angiogenesis (GO:0002043)","4/5",0.0139469508583114,0.78479383966701,0,0,12.4975247524752,53.3956041572736,"SEMA5A;BMPER;ITGB1BP1;NRARP"
"Bradykinin Catabolic Process (GO:0010815)","4/5",0.0139469508583114,0.78479383966701,0,0,12.4975247524752,53.3956041572736,"MME;XPNPEP1;CTSH;ECE1"
"Coumarin Metabolic Process (GO:0009804)","4/5",0.0139469508583114,0.78479383966701,0,0,12.4975247524752,53.3956041572736,"CYP2A7;CYP2A6;UGT1A8;UGT1A7"
"Glomerular Epithelial Cell Differentiation (GO:0072311)","4/5",0.0139469508583114,0.78479383966701,0,0,12.4975247524752,53.3956041572736,"WT1;PTPRO;PROM1;KLF15"
"Kidney Morphogenesis (GO:0060993)","4/5",0.0139469508583114,0.78479383966701,0,0,12.4975247524752,53.3956041572736,"PPP3CA;WNT7B;PRKX;SOX4"
"Peripheral Nervous System Neuron Development (GO:0048935)","4/5",0.0139469508583114,0.78479383966701,0,0,12.4975247524752,53.3956041572736,"ISL2;ISL1;POU4F1;RUNX3"
"Regulation Of Endoplasmic Reticulum Tubular Network Organization (GO:1903371)","4/5",0.0139469508583114,0.78479383966701,0,0,12.4975247524752,53.3956041572736,"ATL3;TMEM33;LNPK;RAB3GAP1"
"Regulation Of Long-Chain Fatty Acid Import Across Plasma Membrane (GO:0010746)","4/5",0.0139469508583114,0.78479383966701,0,0,12.4975247524752,53.3956041572736,"AKT2;ACSL5;IRS2;THBS1"
"Renal Filtration Cell Differentiation (GO:0061318)","4/5",0.0139469508583114,0.78479383966701,0,0,12.4975247524752,53.3956041572736,"WT1;PTPRO;PROM1;KLF15"
"Activation Of GTPase Activity (GO:0090630)","35/102",0.0141489430102523,0.78479383966701,0,0,1.63548564009928,6.96408651961383,"ARHGEF26;RASGRF1;AGAP4;CXCL13;SIPA1L3;SIPA1L1;NTF3;PIP5K1A;TBC1D14;CCR7;TBC1D22A;TBC1D16;RAP1GAP2;TBC1D8B;ARHGEF10;BCAS3;RALGAPA1;NTRK3;ARHGEF16;TBC1D8;TBC1D9;FOXJ1;TBC1D2B;BCR;TIAM1;TBC1D1;TBC1D2;RALGAPB;AGAP6;TBC1D4;AGAP5;TBC1D5;TAX1BP3;EPHA1;AGAP7P"
"Cellular Glucuronidation (GO:0052695)","8/15",0.0143712247709723,0.78479383966701,0,0,3.57225433526012,15.1553867235648,"UGT1A10;UGT2B28;UGT1A4;UGT1A9;UGT1A8;UGT1A7;UGT2B7;UGT1A6"
"Glucuronate Metabolic Process (GO:0019585)","8/15",0.0143712247709723,0.78479383966701,0,0,3.57225433526012,15.1553867235648,"UGT1A10;UGT2B28;UGT1A4;UGT1A9;UGT1A8;UGT1A7;UGT2B7;UGT1A6"
"Negative Regulation Of Cation Transmembrane Transport (GO:1904063)","8/15",0.0143712247709723,0.78479383966701,0,0,3.57225433526012,15.1553867235648,"KCNH2;CAMK2D;BIN1;CAV1;STK39;PPIF;NEDD4L;COMMD1"
"Positive Regulation Of Neuron Differentiation (GO:0045666)","17/42",0.014647765365662,0.791294335452536,0,0,2.12691623578077,8.98296157560472,"DLX1;DLX2;MEF2C;MMD;SOX11;GDPD5;NGF;HEYL;BRINP2;GPRC5B;PCP4;SIN3A;VWC2;NRCAM;TCF4;BRINP3;NEUROG1"
"Cellular Response To Transforming Growth Factor Beta Stimulus (GO:0071560)","33/96",0.0163842252321611,0.820196437349677,0,0,1.63969011551498,6.74148143403328,"ITGB1;GPI;DLX1;ITGB5;HPGD;TGFBRAP1;NR3C1;ZFP36L1;CLEC3B;ZMIZ2;GCNT2;SOX9;SOX6;MAP3K7;WNT2;MEF2C;SMAD4;SMAD3;GDF15;USP9Y;WNT5A;STAT3;APOA1;SMAD9;FOS;SMAD6;SIRT1;TGFBR2;TGFBR3;SKI;ADAM9;FERMT2;BMPR1A"
"Columnar/Cuboidal Epithelial Cell Differentiation (GO:0002065)","6/10",0.016974947225568,0.820196437349677,0,0,4.687577383409,19.1066437652523,"NPY;GATA6;GATA5;GATA4;SOX11;SOX4"
"Negative Regulation Of Lymphocyte Migration (GO:2000402)","6/10",0.016974947225568,0.820196437349677,0,0,4.687577383409,19.1066437652523,"RIPOR2;LRCH1;APOD;GCSAM;WASL;CD200"
"Negative Regulation Of Sodium Ion Transmembrane Transporter Activity (GO:2000650)","6/10",0.016974947225568,0.820196437349677,0,0,4.687577383409,19.1066437652523,"CAMK2D;HECW2;NEDD4;PRKCE;STK39;NEDD4L"
"Negative Regulation Of Vascular Endothelial Growth Factor Receptor Signaling Pathway (GO:0030948)","6/10",0.016974947225568,0.820196437349677,0,0,4.687577383409,19.1066437652523,"PTPN1;HHEX;NIBAN2;NEDD4;MMRN2;EPN2"
"Steroid Hormone Mediated Signaling Pathway (GO:0043401)","6/10",0.016974947225568,0.820196437349677,0,0,4.687577383409,19.1066437652523,"CALCOCO1;GPER1;OR51E2;MAPK1;ZDHHC7;BMP7"
"Synaptic Vesicle Transport (GO:0048489)","6/10",0.016974947225568,0.820196437349677,0,0,4.687577383409,19.1066437652523,"SYNJ1;KIF5C;RAB27A;SPG11;TMEM230;DNM2"
"Outflow Tract Septum Morphogenesis (GO:0003148)","11/24",0.0170489305865251,0.820196437349677,0,0,2.64543244402778,10.7713220978827,"ROBO2;SMAD4;SEMA3C;GATA6;PARVA;SMAD6;ISL1;ROBO1;TBX2;TGFBR2;BMPR1A"
"Response To Purine-Containing Compound (GO:0014074)","11/24",0.0170489305865251,0.820196437349677,0,0,2.64543244402778,10.7713220978827,"ATF1;RYR2;DUOX1;KCNJ11;TRPC3;STAT1;NDUFS4;P2RY1;ADORA1;TLR7;CLU"
"Regulation Of SMAD Protein Signal Transduction (GO:0060390)","12/27",0.0170588950596006,0.820196437349677,0,0,2.50132231404959,10.1830920182123,"NUP93;WWTR1;SMAD4;DAB2;RBPMS;SLC2A10;VEPH1;PPARG;KIAA0319;BMP7;BMP6;BMPR1A"
"Regulation Of Transcription Regulatory Region DNA Binding (GO:2000677)","12/27",0.0170588950596006,0.820196437349677,0,0,2.50132231404959,10.1830920182123,"RB1;PER2;NIBAN2;MSX2;SIN3A;TRAF6;HEY2;SOX11;PARK7;IGF1;POU4F1;ZNF675"
"Positive Regulation Of Signal Transduction (GO:0009967)","80/266",0.0171418443315518,0.820196437349677,0,0,1.34854753084751,5.48350815867941,"PHB1;TTC23;CITED2;ITGB3;IHH;TNFAIP3;RBPJ;ROBO1;RIMS2;RIMS1;HHEX;SALL1;ADAMTS3;NETO1;GPER1;GRB10;TNFSF11;CTSH;ITGAV;FGFBP3;TP63;NKX3-1;CCBE1;VWF;PRKCB;CD180;ATP6AP2;ARMC9;PRKCA;EMP2;SIRT1;EPN2;MN1;LANCL2;ITGB1BP1;IL6ST;JCAD;YAP1;MACF1;KANK1;NLGN1;CTBP2;LAMA2;LAMA1;CHRNA7;HTT;TUBD1;CDKN2AIP;ENHO;GHRHR;CUX2;RXRA;MGAT5;TRIM44;ATP6V1C2;RWDD3;JAG1;HOMER1;CAV2;STAT3;LY86;IGF1;NOTCH2NLA;SCIMP;SORL1;BMP6;KLF2;VEGFA;SKI;ASXL1;SMOC2;TSPAN14;IL7;CLEC6A;DLG5;CNTN1;PDCL;UBE2N;TEK;IL7R"
"Positive Regulation Of Phosphatidylinositol 3-Kinase Signaling (GO:0014068)","25/69",0.017340822851954,0.821889566115253,0,0,1.77787822287512,7.2087483490808,"SEMA3E;CBL;GPER1;PDGFC;KDR;SOX9;EXTL3;NKX3-1;NTRK2;MUSK;MYOC;HGF;INSR;NTRK3;FN1;IGF1;SIRT1;DCN;FSHR;LEP;NEDD4;F2RL1;TEK;PIK3AP1;DDR2"
"Positive Regulation Of Autophagy (GO:0010508)","36/107",0.0178732638672593,0.839208202515054,0,0,1.58734967947218,6.38820834041808,"PRKN;GSK3B;PLEKHF1;ROCK1;HTT;PARK7;PIK3CB;MTDH;CAMKK2;TRIM8;FLCN;TBK1;LARP1;ATG101;RB1CC1;KDR;SH3BP4;FBXO7;MAP3K7;RNF152;BNIP3L;PLK2;BNIP3;TFEB;TSC2;TICAM1;SUPT5H;SIRT1;IRGM;DCN;CCNY;ULK2;PRKD1;ATF6;OPTN;PAFAH1B2"
"Positive Regulation Of Cell Projection Organization (GO:0031346)","39/118",0.0190870578694197,0.887901654962635,0,0,1.54563195143953,6.11876240729456,"CHODL;ROBO2;NLGN1;TENM3;STMN2;NEDD9;ARHGAP35;ROBO1;RAP1A;CUX2;CUX1;SLITRK1;DVL2;PLXNA2;MAP6;PLXNA1;ALKAL2;PLXNA4;FZD1;LYN;CDKL3;CARMIL1;NTRK2;CAMK1D;MUSK;NTRK3;MAGI2;WNT5A;NRDC;ZNF804A;CBFA2T2;TIAM1;RIT2;PTK7;LRRC7;PRKD1;CAMK1;MAP3K13;DDR2"
"Positive Regulation Of GTPase Activity (GO:0043547)","71/234",0.0193336100509934,0.891119788038449,0,0,1.36523919451099,5.38711132343683,"BCAR3;ITGB1;GSK3B;DOCK8;RASGRF2;RASGRF1;SNX13;CXCL13;SIPA1L3;PREX2;DOCK10;FLCN;SIPA1L1;RASGEF1A;CCR7;RGS8;TBC1D22A;RALGPS1;RGS6;TGM2;ARHGEF10;BCAS3;RALGAPA1;ARHGEF16;TBC1D8;TBC1D9;TBC1D2B;BCR;TIAM1;TBC1D1;TBC1D2;RALGAPB;AGAP6;TBC1D4;AGAP5;TBC1D5;TAX1BP3;EPHA1;ARHGEF7;RAPGEF5;SOS1;MAPRE2;SOS2;ARHGEF26;AGAP4;ADRB1;RAP1A;WNT11;NTF3;ERBB2;PIP5K1A;TBC1D14;SRGAP3;RAB11FIP2;CCL18;MAP4K4;TBC1D16;TBC1D8B;RAP1GAP2;RIC1;CAV2;NTRK3;FOXJ1;SNX18;NF1;F2RL1;GNB5;AGAP7P;FERMT2;RAB3GAP1;PICALM"
"Interleukin-6-Mediated Signaling Pathway (GO:0070102)","7/13",0.020615237438937,0.930460342019644,0,0,3.64616443068455,14.1534068776522,"YAP1;SMAD4;FER;STAT3;IL6ST;IL6R;ST18"
"Regulation Of Response To Stress (GO:0080134)","7/13",0.020615237438937,0.930460342019644,0,0,3.64616443068455,14.1534068776522,"CRHBP;DYRK3;MYL1;CORO2B;HAPSTR1;SLC38A2;STOX1"
"Protein K48-linked Ubiquitination (GO:0070936)","25/70",0.0209044039706389,0.930460342019644,0,0,1.73825472458164,6.72321367280403,"PRKN;UBE3C;MYCBP2;TNFAIP3;UBE2D1;NEDD4L;UBE3A;RNF6;ZNRF1;ARIH2;RFFL;FBXO7;RNF152;MARCHF6;UBE2H;FBXO38;UBE2E1;UBE2E2;BFAR;KLHL3;UBE2G1;UBE2G2;RBX1;UBE2R2;RNF187"
"Protein Autophosphorylation (GO:0046777)","51/162",0.0218125502490079,0.930460342019644,0,0,1.43905267483689,5.50476470217961,"ALK;GSK3B;EEF2K;RB1CC1;KDR;PIM1;NEK2;MAP3K9;EPHB4;EPHB3;EPHA4;MUSK;LMTK2;VRK1;HCK;ULK2;FAM20C;PRKD1;SIK2;TNIK;EPHA1;DDR2;CAMK2D;TXK;STK39;PRKX;STK4;EGFR;CAMKK2;GRK5;ATG101;GRK7;ERBB2;ABL1;MAP3K21;FYN;MARK3;LYN;NTRK2;INSR;MTOR;FER;MEX3B;STK24;TAOK3;STK25;STK26;STK17B;ATM;TEK;MAP3K13"
"Regulation Of Macromolecule Metabolic Process (GO:0060255)","51/162",0.0218125502490079,0.930460342019644,0,0,1.43905267483689,5.50476470217961,"APP;IHH;CHD6;CNDP1;SLC8A1;TSKU;AFF1;HMG20A;TRIM64;KDM6A;ATP1B1;NPC1;C1D;ALPK2;ANKRA2;MTMR1;MTMR2;TRIM64C;MTMR3;TRIM64B;PTH;TXK;TMPRSS4;MTMR9;PSEN1;TOB2;CIAO3;TOB1;PTHLH;ZFP36L1;RFPL4B;PCBP3;PCBP2;IGF2BP1;TRIM49B;IGF2BP3;TRIM48;IGF2BP2;TRIM43;STOX1;TRIM44;TBC1D16;ZNF462;IGF1;COQ7;PHOX2B;ST18;CDK6;GDNF;NANOG;UBAP2"
"Negative Regulation Of MAPK Cascade (GO:0043409)","35/105",0.0223001381277555,0.930460342019644,0,0,1.56508200124559,5.95226103017301,"PHB1;PTPRR;PSCA;PEBP1;PIK3CB;STYXL2;FLCN;RGS2;RPS6KA6;SPRED1;DUSP10;GPER1;GBP1;CDK5RAP3;LYN;DUSP4;EPHA4;DUSP5;PTPN1;SMAD4;DUSP2;SEMA6A;CAV1;SPRY4;DUSP29;BMP7;SORL1;AGT;DLG1;CNKSR3;NF1;ITGB1BP1;PPARG;EZR;PPEF2"
"Actin Filament Polymerization (GO:0030041)","13/31",0.0226742156866364,0.930460342019644,0,0,2.2581571031664,8.55057255442075,"WASHC5;FAM107A;COBL;WASL;FHDC1;ARHGAP6;DIAPH2;DIAPH3;MSRB2;SPIRE1;WASF3;WASHC3;GAS7"
"Positive Regulation Of Positive Chemotaxis (GO:0050927)","8/16",0.022718990493014,0.930460342019644,0,0,3.12551610239472,11.8286848382002,"CXCL8;NTRK3;NTF3;CNTN1;KDR;CDH13;F2RL1;VEGFA"
"Eye Morphogenesis (GO:0048592)","9/19",0.0237600114281156,0.930460342019644,0,0,2.81317365269461,10.5205698346549,"FBN2;MFAP5;SKI;ALDH1A3;TENM3;STAT3;NF1;VEGFA;FBN1"
"Insulin Secretion (GO:0030073)","9/19",0.0237600114281156,0.930460342019644,0,0,2.81317365269461,10.5205698346549,"RIMS2;CYB5R4;ANXA1;PTPRN2;SLC30A8;GAL;FAM3B;PARK7;RAB11FIP2"
"Regulation Of Vascular Endothelial Growth Factor Signaling Pathway (GO:1900746)","9/19",0.0237600114281156,0.930460342019644,0,0,2.81317365269461,10.5205698346549,"CCBE1;SMOC2;SEMA6A;SORD;PIK3CB;DCN;JCAD;ROBO1;VEGFA"
"Negative Regulation Of Developmental Process (GO:0051093)","36/109",0.0238614556951568,0.930460342019644,0,0,1.54365585036181,5.76631231124055,"PRKN;KANK1;FOXC1;PTPRS;ROCK1;LOXL2;CST3;RPS6KA6;WNT11;SIN3A;HEY2;SOX9;SUDS3;KIAA0319;SLC18A1;NKX3-1;SMARCC1;PARP1;BNIP3;WNT9B;TET1;FOXJ1;SMARCA2;TENT5C;HOPX;ELAPOR2;TBX2;GREM1;KLF7;CDK6;GRIN3A;NFIB;BRMS1L;PHF14;PPARG;ALPK2"
"Purine Ribonucleotide Catabolic Process (GO:0009154)","11/25",0.023901679370054,0.930460342019644,0,0,2.45631067961165,9.17138891906699,"NUDT11;NUDT9;HINT1;NUDT7;SUCLA2;ENTPD4;SORD;SUCLG2;FITM2;NUDT3;PDE9A"
"Neuron Projection Development (GO:0031175)","59/192",0.0239247909119488,0.930460342019644,0,0,1.38969110654793,5.18749466272271,"RB1;APP;CNTNAP2;GSK3B;CTNND2;RASGRF1;STMN2;PTPRM;STMN4;WASL;FRY;ARHGAP35;TSKU;DOCK10;GRM7;TUNAR;ATP7A;EPHB3;EPHA4;ADGRV1;UNC5A;MYOC;OLIG3;VASH2;VPS13B;BHLHA15;NGF;DNM2;GPRIN3;MAP1B;TNIK;GAS7;NLGN1;ROCK1;CAMSAP2;FLRT3;NPY;NTF3;MAP4;SRGAP3;RAB6B;MAP4K4;LYN;GRXCR1;DTNBP1;BMP7;POU4F1;DCLK1;MYO16;MANF;GDNF;TAOK3;VAPA;NEDD4;CNTN4;NEUROG1;LRP12;FRYL;CDK5R1"
"Schwann Cell Development (GO:0014044)","5/8",0.0240082293215718,0.930460342019644,0,0,5.20768860463517,19.4213383828067,"SKI;ARHGEF10;MYOC;LGI4;NF1"
"Negative Regulation Of Transporter Activity (GO:0032410)","5/8",0.0240082293215718,0.930460342019644,0,0,5.20768860463517,19.4213383828067,"NDFIP2;PPIF;STK39;WWP2;SNCA"
"Peripheral Nervous System Axon Ensheathment (GO:0032292)","5/8",0.0240082293215718,0.930460342019644,0,0,5.20768860463517,19.4213383828067,"SKI;ARHGEF10;MYOC;LGI4;NF1"
"Positive Regulation Of Early Endosome To Late Endosome Transport (GO:2000643)","5/8",0.0240082293215718,0.930460342019644,0,0,5.20768860463517,19.4213383828067,"RAB21;MTMR2;RDX;MSN;EZR"
"Hexose Transmembrane Transport (GO:0008645)","10/22",0.0240764021621325,0.930460342019644,0,0,2.60498416632246,9.70753362294105,"SLC2A9;SLC2A14;SLC45A3;SLC5A9;SLC2A10;SLC45A1;SLC2A12;SLC2A1;SLC2A3;SLC2A7"
"Negative Regulation Of Protein Localization To Nucleus (GO:1900181)","10/22",0.0240764021621325,0.930460342019644,0,0,2.60498416632246,9.70753362294105,"ILRUN;GSK3B;S100G;FLCN;MFHAS1;LATS2;POLR1A;SIN3A;SUFU;MTOR"
"Regulation Of Vascular Endothelial Growth Factor Receptor Signaling Pathway (GO:0030947)","10/22",0.0240764021621325,0.930460342019644,0,0,2.60498416632246,9.70753362294105,"PTPN1;HHEX;NIBAN2;PRKCB;TMEM204;ITGB3;NEDD4;MMRN2;GRB10;EPN2"
"Regulation Of Anatomical Structure Morphogenesis (GO:0022603)","41/127",0.0245933436091875,0.943182887729451,0,0,1.49256307009615,5.53036328287564,"GSK3B;MTCH2;RNH1;NEDD4L;TNFAIP3;FITM2;CXCL13;EFNA5;TSPAN12;ARHGAP35;STRIP1;SIPA1L1;BMPER;CDH2;CAPZB;ZMYM4;CHN1;ERBB2;PDLIM5;CLASP1;EPHB3;SH3D19;CLASP2;EPHA4;MEF2C;CDX2;KRT1;VASH2;EMP2;CYRIB;WTIP;TANC2;FMNL2;GDNF;HECW2;LEP;NEDD4;NF1;TNIK;FERMT2;CDK5R1"
"Regulation Of Microtubule-Based Process (GO:0032886)","16/41",0.0254249300868247,0.944411945249332,0,0,2.00138957816377,7.34915273954155,"MAP10;GSK3B;MACF1;PATJ;ROCK1;FAM107A;MEMO1;EFNA5;KLHL42;ERBB2;CDK2AP2;MAP6;TRIM36;MPDZ;CLASP1;CLASP2"
"Protein Polyubiquitination (GO:0000209)","68/226",0.0259383346361244,0.944411945249332,0,0,1.34853520172728,4.92489546666136,"LRSAM1;TRAF3IP2;UBE3C;UBE2D1;TNFAIP3;UBE3A;PRPF19;UBE2L3;TRIM8;NPEPPS;CDC23;TRIM2;RNF19A;FBXO4;ARIH2;FBXO7;RNF152;ARRDC4;SHPRH;WSB1;NHLRC3;WSB2;FBXW11;UBE2E1;UBE2E2;UBE4B;TRAF1;KLHL42;RBX1;RNF41;RNF144B;TRAF4;UBE2R2;TRAF3;TRAF6;UBE2V2;ANAPC1;PRKN;MYCBP2;PELI2;NEDD4L;RNF6;C10ORF90;ZNRF1;RMND5A;RNF217;RFFL;MARCHF6;UBE2H;ANKIB1;SMURF1;FBXO38;FBXL17;LNPEP;KLHL3;PEX10;UBE2G1;WWP2;BFAR;UBE2G2;KLHL20;NEDD4;BCL2;UBE2N;MKRN3;TRIP12;FBXL7;RNF187"
"Protein Modification Process (GO:0036211)","195/711",0.0260596038043161,0.944411945249332,0,0,1.18735986337147,4.33073945136985,"APP;UBE2L3;DCAF1;TBK1;PPP2R1B;AKT2;PDK4;SEPHS1;EPHB3;EPHA5;EPHA4;PRKCH;EPHA6;PRKCB;PRKCE;KRT1;ATG10;PRKCA;ATG14;RUNX3;PLPP6;SIK3;SIK2;ALG10B;MTMR2;MTMR3;MEAF6;CTBP1;TXK;NUAK1;ST3GAL4;ST8SIA5;ST3GAL6;ST8SIA6;RCE1;ATG7;ST3GAL3;LYN;SRPK2;CDK18;YES1;PLK2;INSR;ST8SIA3;FN1;BRAF;DCLK1;MEX3B;WNK1;GALNTL5;ATM;CDK14;GPI;PTPRU;PTPRR;SETD3;PTPRS;PTPRO;PRKAG2;PTPRM;ING4;PPP3CA;SERP1;B3GALT2;PRMT6;DUSP5;ANXA1;PARP1;SYK;SUMF1;HCK;INCENP;MMP15;FAM20C;SGK3;CTDP1;CAMKK2;GCNT2;MAP4K4;WWP2;GNMT;TAOK3;STK17B;NEK10;CAMK1;CHRM3;PRAG1;JADE1;F13A1;PARK7;MYLK3;CDC14B;LOXL2;PIM1;NEK2;MACROD2;MAP3K9;MAP3K6;TGM4;TGM3;MAP3K5;TGM2;CDKL3;MAP2K1;PPTC7;FBXW11;LMTK2;VRK1;PPP4R3A;TNNI3K;PPP4R3B;FBXW2;RBX1;TNIK;PPEF2;STK39;STK4;MTM1;TIMM50;GRK3;GRK5;ATG101;MAN2A1;GRK7;ABL1;ABL2;MAP3K21;MARK3;IP6K3;SSH2;CLK3;PTPRE;PTPRB;FER;CDK6;STK24;ATG16L2;PTPRA;STK25;ATG16L1;STK26;UST;CPE;STT3B;MAP3K13;BMPR1B;BMPR1A;GSK3B;ST6GALNAC1;DYRK3;DYRK2;MAST2;RB1CC1;PRKG2;TLK1;PRKG1;ILKAP;DSP;PPP1R12A;APOA1;PPP2R5A;WIPI1;DUSP29;WIPI2;PPP2R5C;TGFBR2;LATS2;NPC1;DAD1;BIRC6;PIK3C3;CAMK2D;ROCK1;PPM1H;THBS1;RNF2;WNT11;ERBB2;MAPK1;CSK;FYN;MAPK6;FNIP2;ARFGEF1;PTPN1;CDC42BPB;PTPN12;CDC42BPA;MTOR;MAPK10;SNRK;PTPN9;PTPN5;TAF3;METAP1"
"Positive Regulation Of Axonogenesis (GO:0050772)","15/38",0.0269229128072468,0.944411945249332,0,0,2.03930751184259,7.3716430678634,"CHODL;ROBO2;MACF1;NTRK2;NRDC;NGF;ROBO1;TIAM1;GOLGA4;SLITRK1;PLXNA2;MAP6;PLXNA1;MAP3K13;PLXNA4"
"Positive Regulation Of Cellular Catabolic Process (GO:0031331)","46/146",0.0278187273604562,0.944411945249332,0,0,1.44029962546816,5.15921928035553,"APP;GSK3B;PLEKHF1;ROCK1;IRS2;PRR5L;ABHD5;PSEN1;ZC3HAV1;PIK3CB;AMBRA1;SLC4A4;MTDH;RPTOR;TRIM8;FLCN;TBK1;ATG101;AKT2;RB1CC1;SH3BP4;RNF152;SH3D19;SNCA;PTPN1;PNPT1;INSR;PLK2;BNIP3;NRDC;TFEB;IGF1;TICAM1;TNFRSF1B;IRGM;ADRA2A;DCN;MTOR;MLXIPL;CCNY;ADAM9;ULK2;PRKD1;DAGLB;ATF6;OPTN"
"Liver Development (GO:0001889)","14/35",0.0284278695044155,0.944411945249332,0,0,2.08447016673557,7.42151692829675,"UGT1A10;CITED2;ARID5B;COBL;TGFBR3;ZIC3;NF1;UGT1A9;UGT1A8;MET;CDK5RAP3;E2F7;UGT1A7;CCDC40"
"Regulation Of Sodium Ion Transport (GO:0002028)","14/35",0.0284278695044155,0.944411945249332,0,0,2.08447016673557,7.42151692829675,"NEDD4L;ATP1A1;ANK3;NKAIN2;PER1;DLG1;NKAIN3;WNK1;NEDD4;CNKSR3;PKP2;GPD1L;DRD2;FGF12"
"Regulation Of Angiogenesis (GO:0045765)","62/205",0.0290869293310723,0.944411945249332,0,0,1.3581762704936,4.80450288084584,"SEMA5A;ITGB1;RNH1;CXCL8;PTPRM;TNFAIP3;CXCL13;TSPAN12;HK2;AQP1;HHEX;SPRED1;BMPER;ADAMTS1;KDR;CTSH;EMILIN2;CD34;CCR3;CCR2;SEMA6A;PRKCB;KRT1;WNT5A;VASH2;PRKCA;EMP2;ISL1;SIRT1;DCN;COL4A2;PPARG;PRKD1;ANGPTL4;EPHA1;FOXC1;ROCK1;CHRNA7;GATA6;GATA4;KLK3;SEMA3E;THBS2;THBS1;THBS4;MTDH;ERBB2;CNMD;ANGPT4;NIBAN2;STAT1;FOXJ2;HMGA2;PML;VEGFA;SMOC2;LEP;CNTN1;NF1;AGGF1;TEK;PF4"
"Transforming Growth Factor Beta Receptor Signaling Pathway (GO:0007179)","25/72",0.0297181234160451,0.944411945249332,0,0,1.66406604692576,5.85085323108217,"ITGB1;GPI;ITGB5;HPGD;TGFBRAP1;ZMIZ2;GCNT2;MAP3K7;SMAD4;SMAD3;GDF15;USP9Y;STAT3;APOA1;SMAD9;FOS;SMAD6;SIRT1;TGFBR2;TGFBR3;SKI;ADAM9;FMOD;FERMT2;BMPR1A"
"Nucleotide-Binding Oligomerization Domain Containing Signaling Pathway (GO:0070423)","6/11",0.0297668137212671,0.944411945249332,0,0,3.74981427981841,13.1782015854705,"RIPK2;OTULIN;TNFAIP3;IRGM;MAP3K7;MAP2K6"
"Regulation Of Adipose Tissue Development (GO:1904177)","6/11",0.0297668137212671,0.944411945249332,0,0,3.74981427981841,13.1782015854705,"PARP1;PLAAT3;PPARG;LCP1;SIRT1;SORL1"
"Regulation Of Homotypic Cell-Cell Adhesion (GO:0034110)","6/11",0.0297668137212671,0.944411945249332,0,0,3.74981427981841,13.1782015854705,"LYN;SYK;RDX;ZNF703;TNFSF11;PRKCA"
"Visual Learning (GO:0008542)","6/11",0.0297668137212671,0.944411945249332,0,0,3.74981427981841,13.1782015854705,"APP;FOXB1;NETO1;TAFA2;NF1;DRD2"
"Response To Peptide Hormone (GO:0043434)","20/55",0.0299676193675075,0.944411945249332,0,0,1.78725165562914,6.26903152734147,"STAT5A;SLC24A4;ANXA1;ROCK1;STAT1;CAV1;TCF12;STAT3;SLC2A1;MEAK7;SIRT1;GNAI1;ZFP36L1;TGFBR3;POMC;GHRHR;CYP11A1;GPER1;LEP;STAT4"
"Negative Regulation Of Angiogenesis (GO:0016525)","29/86",0.0302240486710402,0.944411945249332,0,0,1.59192975181059,5.5703490270863,"FOXC1;ROCK1;PTPRM;KLK3;SEMA3E;PIK3CB;THBS2;THBS1;THBS4;HHEX;SPRED1;CREB3L1;ADAMTS9;CNMD;CCR2;ANGPT4;SEMA6A;NIBAN2;STAT1;FOXJ2;DCN;EPN1;KLF2;PML;EPN2;COL4A2;PPARG;TEK;PF4"
"Phosphatidic Acid Biosynthetic Process (GO:0006654)","12/29",0.031306310837802,0.944411945249332,0,0,2.20675741370929,7.64406551636658,"AGPAT5;DGKG;GPAM;GPAT4;ACP6;MBOAT2;GPAT3;ABHD5;PLD1;LCLAT1;AGPAT3;AGPAT4"
"Regulation Of Developmental Growth (GO:0048638)","12/29",0.031306310837802,0.944411945249332,0,0,2.20675741370929,7.64406551636658,"STAT5A;APP;GSK3B;LATS2;MUSK;SIN3A;INSR;LEP;MYCBP2;AGR2;NRCAM;DNM2"
"Amino Acid Transmembrane Transport (GO:0003333)","16/42",0.03205703756906,0.944411945249332,0,0,1.92428580517911,6.62000218660815,"SLC22A4;SLC36A1;SLC36A3;SLC38A1;SLC36A2;SLC38A10;SLC7A13;SLC7A1;SLC6A6;SLC7A9;SLC38A9;SFXN2;SLC25A12;SLC38A2;SLC38A4;SLC25A13"
"Regulation Of Phosphatidylinositol 3-Kinase Signaling (GO:0014066)","30/90",0.0325272903355916,0.944411945249332,0,0,1.56449605972625,5.35945635258735,"NLRC3;SEMA3E;CBL;EGFR;GPER1;PDGFC;KDR;PIP5K1A;SOX9;EXTL3;NKX3-1;NTRK2;MUSK;MYOC;HGF;INSR;NTRK3;FN1;TSC2;IGF1;SIRT1;DCN;FSHR;LEP;NEDD4;F2RL1;TEK;DIPK2A;PIK3AP1;DDR2"
"Camera-Type Eye Development (GO:0043010)","11/26",0.0325549624237219,0.944411945249332,0,0,2.29240515045101,7.85108753887791,"FBN2;SKI;TENM3;WT1;NF1;CACNA1C;CEP290;TSKU;RAB3GAP1;VEGFA;FBN1"
"Regulation Of Cardiac Muscle Cell Contraction (GO:0086004)","11/26",0.0325549624237219,0.944411945249332,0,0,2.29240515045101,7.85108753887791,"DSP;RYR2;CAMK2D;DLG1;CAV1;PDE4B;PKP2;ATP2A2;CTNNA3;ANK2;CACNA1C"
"Lipoprotein Biosynthetic Process (GO:0042158)","7/14",0.0327357569944713,0.944411945249332,0,0,3.1250773993808,10.6855375020642,"ATG16L2;ATG16L1;ATG10;WIPI1;PIK3C3;WIPI2;ATG7"
"Negative Regulation Of Transcription Regulatory Region DNA Binding (GO:2000678)","7/14",0.0327357569944713,0.944411945249332,0,0,3.1250773993808,10.6855375020642,"PER2;MSX2;SIN3A;HEY2;SOX11;PSEN1;ZNF675"
"Positive Regulation Of Endothelial Cell Chemotaxis (GO:2001028)","7/14",0.0327357569944713,0.944411945249332,0,0,3.1250773993808,10.6855375020642,"SEMA5A;SMOC2;KDR;PRKD1;MET;VEGFA;LGMN"
"Regulation Of Extracellular Matrix Disassembly (GO:0010715)","7/14",0.0327357569944713,0.944411945249332,0,0,3.1250773993808,10.6855375020642,"CST3;DPP4;PDPN;FSCN1;CLASP1;CLASP2;DDR2"
"Hepaticobiliary System Development (GO:0061008)","10/23",0.0335406448832978,0.944411945249332,0,0,2.40444190258317,8.16307375641388,"TGFBR3;UGT1A10;CITED2;NF1;COBL;UGT1A9;MET;UGT1A8;CDK5RAP3;UGT1A7"
"Axonogenesis (GO:0007409)","57/188",0.0335676063464556,0.944411945249332,0,0,1.36269332717764,4.62524520682089,"CYFIP2;SEMA5A;ROBO2;APP;ROBO4;PTPRO;ARHGAP35;GLI2;DPYSL5;KIF5C;NRCAM;EMB;SPG11;EPHB3;EPHA5;EPHA4;LYPLA2;EPHA6;SEMA6A;SEMA6D;WNT5A;ANK3;ISL1;ENAH;ISL2;PALLD;MAP1B;FEZ2;ULK2;SOS1;DSCAML1;NOTCH2;SEMA3C;SEMA3D;ATL1;MYCBP2;LRTM1;SEMA3E;EFNA5;KALRN;EFNB2;EFNB1;SLITRK1;SLITRK3;FYN;CTNNA2;DRD2;NTNG1;NIBAN2;AUTS2;POU4F1;EFNA1;KLF7;NFASC;CNTN1;CNTN4;CDK5R1"
"Positive Regulation Of Metabolic Process (GO:0009893)","35/108",0.0337672761848957,0.944411945249332,0,0,1.50046496284563,5.0839700749651,"OXTR;THRA;EPAS1;UCP1;EHMT1;CXCR4;ADRB1;ADRB2;SLN;CPT2;PDGFC;PRDM16;UCP2;GRB10;TRPM8;CD36;CCR2;CAMK1D;SYK;ACSL1;CAV1;INSR;ESRRG;ELOVL6;PTH2R;PHOX2B;GADD45G;VEGFA;PER2;DISP3;GATM;APC;SCD;LEP;ZNF516"
"Adult Feeding Behavior (GO:0008343)","4/6",0.0338065955190573,0.944411945249332,0,0,6.2483498349835,21.1637817385591,"GHSR;LEP;NPY;BRS3"
"Glandular Epithelial Cell Development (GO:0002068)","4/6",0.0338065955190573,0.944411945249332,0,0,6.2483498349835,21.1637817385591,"CDK6;CDH2;PAX6;BMP6"
"Maintenance Of Lens Transparency (GO:0036438)","4/6",0.0338065955190573,0.944411945249332,0,0,6.2483498349835,21.1637817385591,"FOXC1;GCNT2;STK39;VPS13B"
"Negative Regulation Of Cardiocyte Differentiation (GO:1905208)","4/6",0.0338065955190573,0.944411945249332,0,0,6.2483498349835,21.1637817385591,"HEY2;FRS2;SOX6;EGFR"
"Negative Regulation Of Low-Density Lipoprotein Receptor Activity (GO:1905598)","4/6",0.0338065955190573,0.944411945249332,0,0,6.2483498349835,21.1637817385591,"APP;ITGB3;ITGAV;PSEN1"
"Positive Regulation Of Aspartic-Type Endopeptidase Activity Involved In Amyloid Precursor Protein Catabolic Process (GO:1902961)","4/6",0.0338065955190573,0.944411945249332,0,0,6.2483498349835,21.1637817385591,"EFNA1;LYN;EPHA4;PICALM"
"Positive Regulation Of Lipopolysaccharide-Mediated Signaling Pathway (GO:0031666)","4/6",0.0338065955190573,0.944411945249332,0,0,6.2483498349835,21.1637817385591,"CD180;LY86;PRKCA;SCIMP"
"Positive Regulation Of Mitophagy (GO:1901526)","4/6",0.0338065955190573,0.944411945249332,0,0,6.2483498349835,21.1637817385591,"VPS13D;VDAC1;IRGM;SLC25A4"
"Regulation Of Glial Cell Differentiation (GO:0045685)","4/6",0.0338065955190573,0.944411945249332,0,0,6.2483498349835,21.1637817385591,"EPHA4;SLC45A3;OPALIN;NF1"
"Regulation Of Saliva Secretion (GO:0046877)","4/6",0.0338065955190573,0.944411945249332,0,0,6.2483498349835,21.1637817385591,"PPP3CA;OPRK1;NEUROG1;FGF10"
"Regulation Of Transforming Growth Factor Beta1 Production (GO:0032908)","4/6",0.0338065955190573,0.944411945249332,0,0,6.2483498349835,21.1637817385591,"LAPTM4B;GATA6;THBS1;TSKU"
"Type B Pancreatic Cell Development (GO:0003323)","4/6",0.0338065955190573,0.944411945249332,0,0,6.2483498349835,21.1637817385591,"CDK6;CDH2;NKX6-1;BMP6"
"Aorta Morphogenesis (GO:0035909)","8/17",0.0339622360470045,0.944411945249332,0,0,2.77805303238829,9.39678126193481,"JAG1;HEY2;RBPJ;ADAMTS9;MYLK;TBX2;TGFBR2;BMPR1A"
"cGMP-mediated Signaling (GO:0019934)","8/17",0.0339622360470045,0.944411945249332,0,0,2.77805303238829,9.39678126193481,"GUCY1A2;GUCY1A1;GUCY1B2;KCNC2;IRAG1;CD36;PDE9A;AQP1"
"Cellular Response To Glucocorticoid Stimulus (GO:0071385)","8/17",0.0339622360470045,0.944411945249332,0,0,2.77805303238829,9.39678126193481,"BCL2L11;FAM107A;NR3C1;ISL1;SSTR4;AQP1;UBE2L3;ZFP36L1"
"Positive Regulation Of Amyloid-Beta Formation (GO:1902004)","8/17",0.0339622360470045,0.944411945249332,0,0,2.77805303238829,9.39678126193481,"EFNA1;EPHA4;LRRTM3;CHRNA7;GSAP;CLU;ABCG1;PICALM"
"Positive Regulation Of Small GTPase Mediated Signal Transduction (GO:0051057)","8/17",0.0339622360470045,0.944411945249332,0,0,2.77805303238829,9.39678126193481,"NOTCH2;RASGEF1A;RASGRF1;ITGAV;IGF1;NGF;FGF10;TGM2"
"Regulation Of Establishment Of Cell Polarity (GO:2000114)","8/17",0.0339622360470045,0.944411945249332,0,0,2.77805303238829,9.39678126193481,"ARFGEF1;PLEKHG3;RAP1B;BCAS3;KANK1;RIPOR2;ROCK1;CYRIB"
"Fc-gamma Receptor Signaling Pathway Involved In Phagocytosis (GO:0038096)","9/20",0.0340956410768382,0.944411945249332,0,0,2.5572616522441,8.63992772748308,"LYN;VAV3;HCK;YES1;PLPP4;SYK;PRKCE;FYN;PLA2G6"
"Regulation Of Fibroblast Migration (GO:0010762)","9/20",0.0340956410768382,0.944411945249332,0,0,2.5572616522441,8.63992772748308,"ITGB1;PRKCE;GNA12;PRR5L;ITGB1BP1;ARHGEF7;RFFL;THBS1;DDR2"
"Negative Regulation Of Cell-Substrate Adhesion (GO:0010812)","15/39",0.0341898055706099,0.944411945249332,0,0,1.95420715319413,6.59706676060761,"KANK1;JAG1;MYOC;PTPRO;SPRY4;SEMA3E;AP1AR;EFNA5;THBS1;CORO2B;AJAP1;GCNT2;ITGB1BP1;GBP1;MAP4K4"
"Negative Regulation Of Mitochondrion Organization (GO:0010823)","15/39",0.0341898055706099,0.944411945249332,0,0,1.95420715319413,6.59706676060761,"PRKN;SLC35F6;BNIP3;HGF;GHITM;IGF1;CLU;FLCN;PPIF;IAPP;PPARG;SLC25A31;SLC18A1;SLC25A4;BCL2L1"
"Regulation Of Endocytosis (GO:0030100)","23/66",0.0345799101770181,0.944411945249332,0,0,1.67310387340053,5.6291285291902,"PTPN1;LRSAM1;MTMR2;RAB4A;MCTP1;SYK;ROCK1;TSC2;STON2;ARFGAP3;HCK;DAB2;ZFYVE16;RIT2;ABL1;PACSIN2;CDH13;ABL2;ITGAV;PRKD1;CBLL1;SNCA;PICALM"
"Proton Transmembrane Transport (GO:1902600)","18/49",0.0345883355744182,0.944411945249332,0,0,1.81580738585557,6.10880961703102,"SLC36A1;SLC36A3;ATP6V0E1;SLC36A2;ATP6AP2;ATP1A4;UCP1;SLC4A11;ATP1A2;ATP1A1;ATP1B1;NNT;UCP3;UCP2;ATP6V1H;NOX5;ATP6V0D1;ATP6V1C1"
"Regulation Of Cell Communication (GO:0010646)","18/49",0.0345883355744182,0.944411945249332,0,0,1.81580738585557,6.10880961703102,"TSPYL2;MTCH1;RYR2;PTPN1;CAMK2D;ANXA1;GLRX2;LTBP1;KAZALD1;SLC8A1;IGFBPL1;GRK5;GRK7;VEPH1;SCG5;ITGAV;IGFBP7;CDC42SE2"
"Positive Regulation Of Stress-Activated MAPK Cascade (GO:0032874)","34/105",0.0364131623085164,0.988863391556682,0,0,1.49854126836569,4.96440492914952,"APP;STK39;EDA2R;SH3RF1;ARL6IP5;MBIP;CCR7;MAP3K4;MAP3K5;KLHDC10;GADD45B;GADD45A;WNT7B;TNFRSF19;SORD;TRAF1;SCIMP;MTURN;GADD45G;VEGFA;EDAR;SH3RF3;MFHAS1;TRAF4;TAOK3;STK25;TRAF3;TRAF6;LEP;CD27;F2RL1;RELL1;TNIK;LTBR"
"Positive Regulation Of Cold-Induced Thermogenesis (GO:0120162)","32/98",0.0370583554175769,0.99999537209541,0,0,1.51711303910474,4.99928409078563,"OXTR;THRA;EPAS1;UCP1;EHMT1;CXCR4;ADRB1;ADRB2;SLN;CPT2;PDGFC;PRDM16;UCP2;GRB10;TRPM8;CD36;CCR2;SYK;ACSL1;CAV1;ESRRG;ELOVL6;PTH2R;PHOX2B;GADD45G;VEGFA;PER2;GATM;APC;SCD;LEP;ZNF516"
"Phosphatidic Acid Metabolic Process (GO:0046473)","13/33",0.0386723141754379,0.99999537209541,0,0,2.03207274230213,6.60958346837679,"AGPAT5;DGKG;MBOAT2;ABHD5;PLA2G6;PLD1;LCLAT1;AGPAT3;AGPAT4;GPAM;GPAT4;ACP6;GPAT3"
"Positive Regulation Of DNA Binding (GO:0043388)","13/33",0.0386723141754379,0.99999537209541,0,0,2.03207274230213,6.60958346837679,"PRKN;RB1;FOXC1;NIBAN2;PINX1;SUMO4;PARK7;IGF1;NGF;POU4F1;SKI;TRAF6;PPARG"
"Positive Regulation Of Notch Signaling Pathway (GO:0045747)","13/33",0.0386723141754379,0.99999537209541,0,0,2.03207274230213,6.60958346837679,"ROBO2;YAP1;JAG1;STAT3;GATA5;NOTCH2NLA;ROBO1;EPN2;ENHO;TSPAN14;ITGB1BP1;IL6ST;TP63"
"Positive Regulation Of Small Molecule Metabolic Process (GO:0062013)","13/33",0.0386723141754379,0.99999537209541,0,0,2.03207274230213,6.60958346837679,"APP;SLC45A3;INSR;PRKCE;APOA1;IRS2;PSEN1;IGF1;SLC4A4;MTOR;RPTOR;MLXIPL;AKT2"
"Regulation Of Amyloid-Beta Formation (GO:1902003)","13/33",0.0386723141754379,0.99999537209541,0,0,2.03207274230213,6.60958346837679,"EPHA4;NTRK2;ROCK1;CHRNA7;IGF1;CLU;SORL1;EFNA1;LRRTM3;BIN1;GSAP;ABCG1;PICALM"
"Homophilic Cell Adhesion Via Plasma Membrane Adhesion Molecules (GO:0007156)","21/60",0.0402892685246209,0.99999537209541,0,0,1.68404375587153,5.40859303710693,"ITGB1;ROBO2;KIRREL3;ROBO4;TENM3;CADM1;PTPRM;ROBO1;TRO;IGSF21;SDK1;CDH4;CDH2;PALLD;PTK7;CDH13;EMB;CNTN4;CDH17;DSCAML1;NECTIN1"
"Regulation Of Extrinsic Apoptotic Signaling Pathway (GO:2001236)","21/60",0.0402892685246209,0.99999537209541,0,0,1.68404375587153,5.40859303710693,"FEM1B;CAV1;SIAH2;AKR1B1;HTT;ETFA;PARK7;TRAF1;BCL10;IGF1;THBS1;SH3RF1;AGT;PML;DEPTOR;GPER1;TNFSF10;ITGAV;BIRC6;LTBR;BCL2L14"
"Notch Signaling Pathway (GO:0007219)","15/40",0.0427791101269882,0.99999537209541,0,0,1.87591482323754,5.91233083461004,"NOTCH2;JAG1;CRTC1;DTX2;NRARP;SORBS2;RBPJ;MIB1;HEYL;GMDS;HEY2;CFAP58;SUSD5;MAML3;ZNF423"
"Cyclic-Nucleotide-Mediated Signaling (GO:0019935)","15/40",0.0427791101269882,0.99999537209541,0,0,1.87591482323754,5.91233083461004,"ATF1;GLP1R;EPHA5;GUCY1A2;GUCY1B2;GUCY1A1;IRAG1;AKAP6;AQP1;GHRHR;GAL;ADGRG6;CD36;SOX9;PDE9A"
"Negative Regulation Of Mitotic Cell Cycle Phase Transition (GO:1901991)","15/40",0.0427791101269882,0.99999537209541,0,0,1.87591482323754,5.91233083461004,"RB1;CDKN1A;PRMT2;USP44;PINX1;FAM107A;JADE1;INHBA;MYO16;ZFP36L1;RBL2;DLG1;APC;CDK2AP2;E2F7"
"Negative Regulation Of Protein Localization (GO:1903828)","15/40",0.0427791101269882,0.99999537209541,0,0,1.87591482323754,5.91233083461004,"ILRUN;GSK3B;RIPOR2;GDI2;NEDD4L;COMMD1;CORO2B;MTOR;TTBK2;FLCN;MFHAS1;LATS2;SIN3A;TAX1BP3;PICALM"
"Positive Regulation Of Myeloid Leukocyte Differentiation (GO:0002763)","15/40",0.0427791101269882,0.99999537209541,0,0,1.87591482323754,5.91233083461004,"CCR1;CSF1;TESC;LEF1;NEDD9;PRKCA;TMEM64;POU4F1;ZFP36L1;PPP3CA;DCSTAMP;TRAF6;TNFSF11;EEIG1;PF4"
"Regulation Of Extrinsic Apoptotic Signaling Pathway In Absence Of Ligand (GO:2001239)","11/27",0.0432085186639176,0.99999537209541,0,0,2.14898781243545,6.75151285803818,"PPP2R1B;EYA1;GDNF;EYA2;EYA3;BCL2;INHBA;MAP2K5;MCL1;BCL2L1;PF4"
"Ventricular Septum Morphogenesis (GO:0060412)","11/27",0.0432085186639176,0.99999537209541,0,0,2.14898781243545,6.75151285803818,"ROBO2;TGFBR3;HEYL;SMAD4;CITED2;HEY2;SOX11;SOX4;ROBO1;TGFBR2;BMPR1A"
"B Cell Homeostasis (GO:0001782)","5/9",0.0433530916427592,0.99999537209541,0,0,3.90550856199711,12.2569592602012,"DOCK10;LYN;MEF2C;PPP2R3C;TNFAIP3"
"Actin-Mediated Cell Contraction (GO:0070252)","5/9",0.0433530916427592,0.99999537209541,0,0,3.90550856199711,12.2569592602012,"CAMK2D;CCDC88C;PDPN;EMP2;PARVA"
"Adrenal Gland Development (GO:0030325)","5/9",0.0433530916427592,0.99999537209541,0,0,3.90550856199711,12.2569592602012,"SALL1;WNT11;WT1;NF1;NR0B1"
"Aspartate Transmembrane Transport (GO:0015810)","5/9",0.0433530916427592,0.99999537209541,0,0,3.90550856199711,12.2569592602012,"SLC1A1;SLC1A2;SLC1A3;SLC25A12;SLC25A13"
"Camera-Type Eye Morphogenesis (GO:0048593)","5/9",0.0433530916427592,0.99999537209541,0,0,3.90550856199711,12.2569592602012,"SKI;TENM3;NF1;TBX2;VEGFA"
"Mitral Valve Morphogenesis (GO:0003183)","5/9",0.0433530916427592,0.99999537209541,0,0,3.90550856199711,12.2569592602012,"EFNA1;AXIN2;SMAD6;SOX4;BMPR1A"
"Phosphatidylethanolamine Biosynthetic Process (GO:0006646)","5/9",0.0433530916427592,0.99999537209541,0,0,3.90550856199711,12.2569592602012,"CHKA;ETNK2;ETNK1;CEPT1;SFI1"
"Positive Regulation Of Keratinocyte Migration (GO:0051549)","5/9",0.0433530916427592,0.99999537209541,0,0,3.90550856199711,12.2569592602012,"IQSEC1;MAPRE2;MTOR;FGF10;MAP4K4"
"Positive Regulation Of Vasculogenesis (GO:2001214)","5/9",0.0433530916427592,0.99999537209541,0,0,3.90550856199711,12.2569592602012,"TMEM100;RAP1A;KDR;CD34;RIN2"
"Regulation Of Cell-Cell Adhesion Mediated By Integrin (GO:0033632)","5/9",0.0433530916427592,0.99999537209541,0,0,3.90550856199711,12.2569592602012,"DPP4;WNK1;PIEZO1;CXCL13;SKAP1"
"Regulation Of Myeloid Leukocyte Mediated Immunity (GO:0002886)","5/9",0.0433530916427592,0.99999537209541,0,0,3.90550856199711,12.2569592602012,"LYN;FER;SYK;DNASE1;DNASE1L3"
"Regulation Of Transmembrane Transporter Activity (GO:0022898)","5/9",0.0433530916427592,0.99999537209541,0,0,3.90550856199711,12.2569592602012,"CHRM3;AHCYL1;BCL2;PIM1;SNCA"
"Sequestering Of Extracellular Ligand From Receptor (GO:0035581)","5/9",0.0433530916427592,0.99999537209541,0,0,3.90550856199711,12.2569592602012,"FBN2;GREM1;GREM2;LTBP1;FBN1"
"Positive Regulation Of Cell-Substrate Adhesion (GO:0010811)","24/71",0.0444321563389195,0.99999537209541,0,0,1.59717252199052,4.97326274977587,"DOCK5;GSK3B;CARMIL1;CSF1;MYOC;PLEKHA2;FN1;APOA1;NEDD9;EMP2;NPNT;CDK6;ABL1;AGR2;CDH13;CSPG5;CCR7;CD36;ARHGEF7;EPHA1;UTRN;DOCK1;SKAP1;FERMT2"
"Regulation Of Hydrolase Activity (GO:0051336)","24/71",0.0444321563389195,0.99999537209541,0,0,1.59717252199052,4.97326274977587,"EPHA5;VAV3;EPHA4;NTRK2;RABGAP1;CAV1;RDX;APOA1;ARHGAP15;EFNA5;SIPA1L1;ALS2CL;CHN2;CHN1;PLXNA2;NF1;PLXNA1;ITGB1BP1;EPHA1;CDK5RAP3;PRKG1;PLXNA4;RAB3GAP1;EPHB3"
"Positive Regulation Of Cell Motility (GO:2000147)","65/221",0.04505889155964,0.99999537209541,0,0,1.30492305549753,4.04498083984376,"SEMA5A;ITGB1;CSF1;FAM107A;LAMC2;SYNE2;MYLK;PPP3CA;AKT2;FAM110C;GPER1;KDR;CTSH;CCR7;EPHA4;MMP7;MYOC;HGF;SEMA6D;PRKCA;ADRA2A;TIAM1;TMSB15A;ADAM9;CDH13;EPHA1;CBLL1;CEMIP;SEMA3C;SEMA3D;LEF1;CXCR4;NEDD9;SEMA3E;THBS1;EGFR;DUOX1;MGAT5;SPOCK2;PDGFC;ZNF703;NTF3;PDPN;GCNT2;MAP4K4;CCR1;CARMIL1;TCAF2;INSR;CAV1;NTRK3;RDX;STAT3;ELP3;IGF1;ELP5;VEGFA;DAB2;FER;APC;CNTN1;F2RL1;ATM;FERMT2;BCAR1"
"ERK1 And ERK2 Cascade (GO:0070371)","10/24",0.0453204520195845,0.99999537209541,0,0,2.23254853366378,6.90749817286388,"DUSP5;MAP2K1;KDR;CTSH;MAPK1;ITGAV;IGF1;SOX9;ZFP36L1;FGF10"
"Positive Regulation Of p38MAPK Cascade (GO:1900745)","10/24",0.0453204520195845,0.99999537209541,0,0,2.23254853366378,6.90749817286388,"MFHAS1;GADD45B;GADD45A;LEP;SORD;STK39;RELL1;MAP3K4;GADD45G;VEGFA"
"Epithelial To Mesenchymal Transition (GO:0001837)","17/47",0.0454244927359679,0.99999537209541,0,0,1.77184419165805,5.47801747675413,"GSK3B;SMAD4;ROCK1;HGF;LEF1;WNT5A;HMGA2;IGF1;RBPJ;BMP7;LOXL2;TGFBR3;HEYL;DLG5;HEY2;SOX9;AMELX"
"Regulation Of p38MAPK Cascade (GO:1900744)","14/37",0.0458600771167101,0.99999537209541,0,0,1.90296026025846,5.8652286046784,"GADD45B;GADD45A;STK39;SORD;GADD45G;VEGFA;MFHAS1;PER1;DLG1;DUSP10;LEP;RELL1;EZR;MAP3K4"
"Sensory Perception Of Mechanical Stimulus (GO:0050954)","29/89",0.046646239541682,0.99999537209541,0,0,1.51203262146658,4.63462639315634,"CLIC5;RIPOR2;NDUFB9;CEMIP;WDR1;PCDH15;CACNA1D;GRM7;PIEZO2;CDH23;TBL1X;CRYM;GRXCR1;CEACAM16;EYA1;HOMER2;MYO7B;LHFPL5;LHFPL3;OTOR;USH2A;POU3F4;SERPINB6;COL2A1;MYO3B;SLC26A4;ZNF354A;ALDH7A1;CLRN2"
"Regulation Of GTPase Activity (GO:0043087)","63/214",0.0470221450467583,0.99999537209541,0,0,1.30654134267409,3.99427538035349,"BCAR3;ITGB1;GSK3B;DOCK8;RASGRF2;RASGRF1;SNX13;PREX2;DOCK10;FLCN;SIPA1L1;RASGEF1A;RGS8;RALGPS1;RGS6;PRKG1;EPHB3;TGM2;EPHA5;VAV3;EPHA4;BCAS3;TBC1D2;ITGB1BP1;EPHA1;ARHGEF7;RAPGEF5;SOS1;MAPRE2;SOS2;RABGAP1;ADRB1;ARHGAP15;EFNA5;ALS2CL;RAP1A;WNT11;CHN2;CHN1;ERBB2;PLXNA2;PLXNA1;SH3BP4;SRGAP3;RAB11FIP2;CCL18;PLXNA4;MAP4K4;ARFGEF1;NTRK2;RIC1;CAV2;RDX;SNX18;LRCH1;WNK1;NF1;F2RL1;GNB5;CPEB2;FERMT2;RAB3GAP1;PICALM"
"Positive Regulation Of Amyloid Precursor Protein Catabolic Process (GO:1902993)","9/21",0.0471462383901091,0.99999537209541,0,0,2.34400165186868,7.15975551321585,"LYN;EFNA1;EPHA4;LRRTM3;CHRNA7;GSAP;CLU;ABCG1;PICALM"
"C-terminal Protein Amino Acid Modification (GO:0018410)","6/12",0.0475331034674538,0.99999537209541,0,0,3.12463887742468,9.51867770051962,"AGBL4;AGTPBP1;FOLH1;ATG16L1;FOLH1B;ATG7"
"G Protein-Coupled Glutamate Receptor Signaling Pathway (GO:0007216)","6/12",0.0475331034674538,0.99999537209541,0,0,3.12463887742468,9.51867770051962,"GRM3;TRPM1;GRM7;HOMER1;HOMER2;GRM1"
"Aspartate Family Amino Acid Metabolic Process (GO:0009066)","6/12",0.0475331034674538,0.99999537209541,0,0,3.12463887742468,9.51867770051962,"GOT1;ASPG;GOT2;SMS;SLC25A12;SLC25A13"
"Cardiac Right Ventricle Morphogenesis (GO:0003215)","6/12",0.0475331034674538,0.99999537209541,0,0,3.12463887742468,9.51867770051962,"JAG1;HEY2;GATA4;ISL1;SOX4;BMPR1A"
"Negative Regulation Of Macrophage Derived Foam Cell Differentiation (GO:0010745)","6/12",0.0475331034674538,0.99999537209541,0,0,3.12463887742468,9.51867770051962,"NFKBIA;CETP;ITGB3;ITGAV;PPARG;ABCG1"
"Negative Regulation Of Substrate Adhesion-Dependent Cell Spreading (GO:1900025)","6/12",0.0475331034674538,0.99999537209541,0,0,3.12463887742468,9.51867770051962,"KANK1;SPRY4;AP1AR;ITGB1BP1;EFNA5;GBP1"
"Relaxation Of Cardiac Muscle (GO:0055119)","6/12",0.0475331034674538,0.99999537209541,0,0,3.12463887742468,9.51867770051962,"CHGA;CAMK2D;RGS2;ATP1A2;ATP1B1;SLC8A1"
"Sodium Ion Export Across Plasma Membrane (GO:0036376)","6/12",0.0475331034674538,0.99999537209541,0,0,3.12463887742468,9.51867770051962,"ATP4B;ATP1A4;ATP1A2;ATP1A1;ATP1B1;SLC4A4"
"Positive Regulation Of Developmental Process (GO:0051094)","68/233",0.0478718129104774,0.99999537209541,0,0,1.29072159724334,3.92279774097631,"ALK;GSK3B;AKR1B1;VLDLR;SIN3A;DPF1;KDR;ENPP2;DPF3;SOX9;TRAPPC13;SOX6;ARID2;DNM1L;SMARCC1;PBRM1;NCOA3;WNT5A;RBM19;TET1;COBL;ARID1A;ISL1;SIRT1;ARID1B;ELAPOR2;DCN;TMEM79;MMRN2;PPARG;LCP1;ARHGEF7;PRKN;DLX1;DLX2;NLGN1;SMARCD2;SMARCD3;SRF;LEF1;PLD6;PSEN1;ZNF703;AGR2;DVL2;SUDS3;CLASP1;CLASP2;NIBAN2;INSR;BNIP3;SMARCA2;BMP7;SORL1;VEGFA;SLC6A6;BMP1;GDNF;WT1;DLG5;BRMS1L;LEP;SHLD1;SPIRE1;CAMK1;BMPR1B;MAP3K13;BMPR1A"
"Negative Regulation Of Amyloid Precursor Protein Catabolic Process (GO:1902992)","8/18",0.048442534746753,0.99999537209541,0,0,2.50008257638315,7.56869257512471,"NTRK2;ROCK1;BIN1;CHRNA7;IGF1;CLU;SORL1;PICALM"
"Negative Regulation Of Lipid Storage (GO:0010888)","8/18",0.048442534746753,0.99999537209541,0,0,2.50008257638315,7.56869257512471,"NFKBIA;OSBPL8;ITGB3;ITGAV;PPARG;ABHD5;ABCG1;TTC39B"
"Positive Regulation Of Osteoclast Differentiation (GO:0045672)","8/18",0.048442534746753,0.99999537209541,0,0,2.50008257638315,7.56869257512471,"PPP3CA;CSF1;TRAF6;NEDD9;TNFSF11;TMEM64;POU4F1;EEIG1"
"Pulmonary Valve Morphogenesis (GO:0003184)","8/18",0.048442534746753,0.99999537209541,0,0,2.50008257638315,7.56869257512471,"NOTCH2;ROBO2;HEYL;JAG1;HEY2;NFATC1;SMAD6;ROBO1"
"Regulation Of Establishment Or Maintenance Of Cell Polarity (GO:0032878)","8/18",0.048442534746753,0.99999537209541,0,0,2.50008257638315,7.56869257512471,"PLEKHG3;RAP1B;BCAS3;KANK1;RIPOR2;ROCK1;TEK;CYRIB"
"Regulation Of Mitochondrial Membrane Permeability (GO:0046902)","8/18",0.048442534746753,0.99999537209541,0,0,2.50008257638315,7.56869257512471,"HEBP2;BNIP3;NAIF1;BCL2;PPIF;SLC25A31;SLC25A4;BCL2L1"
"Ureteric Bud Development (GO:0001657)","8/18",0.048442534746753,0.99999537209541,0,0,2.50008257638315,7.56869257512471,"ROBO2;FOXC1;SALL1;WNT11;WT1;FOXJ1;NPNT;BMP7"
"DNA Double-Strand Break Processing (GO:0000729)","7/15",0.0488047407375902,0.99999537209541,0,0,2.73426212590299,8.25727427370789,"RNF138;RBBP8;UBE2N;UBE2V2;SETMAR;SMARCAD1;SLX1A"
"Negative Regulation Of Cell-Substrate Junction Organization (GO:0150118)","7/15",0.0488047407375902,0.99999537209541,0,0,2.73426212590299,8.25727427370789,"BCAS3;FAM107A;APOD;ITGB1BP1;ARHGAP6;THBS1;CLASP2"
"Negative Regulation Of Focal Adhesion Assembly (GO:0051895)","7/15",0.0488047407375902,0.99999537209541,0,0,2.73426212590299,8.25727427370789,"BCAS3;FAM107A;APOD;ITGB1BP1;ARHGAP6;THBS1;CLASP2"
"Potassium Ion Transport (GO:0006813)","38/122",0.0498261471870869,0.99999537209541,0,0,1.41559340811522,4.24566953393337,"KCNG1;KCNG2;KCNG3;SLC24A4;SLC24A3;KCNC2;LRRC38;KCNC4;ATP1A4;SLC1A3;ATP1A2;KCNA6;LRRC55;SLC9C2;AQP1;KCNV1;KCNMB1;KCNMB2;KCNN2;KCNN3;KCNJ3;KCNH2;KCNJ5;KCND2;KCNJ11;ABCC8;KCND3;KCNB1;KCNH8;KCNK13;KCNJ15;KCNS1;SLC9A7;SLC9A9;KCNMA1;KCNQ3;KCNQ5;KCNK1"
"Eye Development (GO:0001654)","20/58",0.0517343092779834,0.99999537209541,0,0,1.64582607180202,4.87433460896791,"FBN2;FOXC1;PBX3;PAX6;CACNA1C;CHRDL1;SIPA1L3;TSKU;SKI;SIX6;WT1;SMOC1;SH3PXD2B;CPAMD8;MAB21L2;BMPR1B;CEP290;ATF6;RAB3GAP1;FBN1"
"Monocarboxylic Acid Biosynthetic Process (GO:0072330)","22/65",0.0520019500460057,0.99999537209541,0,0,1.60002888920988,4.73044390655023,"OSBPL9;ABCD3;ACSM1;AKR1D1;ACSM2A;ACSM5;ACSM4;PARK7;BAAT;ACACB;CYP8B1;ACMSD;PER2;ALDH1A3;GATM;ACOX2;FASN;DSE;UST;LCP1;OSBPL1A;CBR4"
"Positive Regulation Of Cell Migration (GO:0030335)","78/272",0.0524430665302088,0.99999537209541,0,0,1.25941202130095,3.7127808253662,"SEMA5A;ITGB1;DOCK5;CSF1;FAM107A;LAMC2;SYNE2;MYLK;PPP3CA;GLIPR2;AKT2;FAM110C;GPER1;KDR;ENPP2;CTSH;SOX9;CCR2;EPHA4;SEMA6A;MMP7;MYOC;PRKCE;HGF;SEMA6D;PRKCA;ADRA2A;TIAM1;TMSB15A;ADAM9;CDH13;EPHA1;ARHGEF7;CBLL1;DOCK1;DDR2;CEMIP;SEMA3C;SEMA3D;LEF1;CXCR4;NEDD9;SEMA3E;THBS1;EGFR;MGAT5;PDGFC;ZNF703;NTF3;PDPN;GCNT2;S100A11;CLASP1;MAP4K4;CLASP2;CCR1;CARMIL1;TCAF2;INSR;CAV1;NTRK3;RDX;STAT3;FN1;ELP3;IGF1;ELP5;MTOR;VEGFA;DAB2;FER;APC;CNTN1;F2RL1;ATM;FERMT2;BCAR1;FGF10"
"Negative Regulation Of Cell-Matrix Adhesion (GO:0001953)","12/31",0.0525104205467117,0.99999537209541,0,0,1.97420617659852,5.81747949982931,"BCAS3;JAG1;MYOC;FAM107A;SEMA3E;APOD;ITGB1BP1;ARHGAP6;THBS1;CLASP2;MAP4K4;AJAP1"
"Negative Regulation Of Developmental Growth (GO:0048640)","12/31",0.0525104205467117,0.99999537209541,0,0,1.97420617659852,5.81747949982931,"CDKL3;CDKN1A;PTPRS;DUSP10;GDF15;WWC2;WWC3;ULK2;RNF6;DIP2B;OSTN;KIAA0319"
"Regulation Of Heart Rate By Cardiac Conduction (GO:0086091)","15/41",0.0527911438667799,0.99999537209541,0,0,1.8036449802007,5.30526268573137,"DSP;KCNH2;KCNJ5;CAMK2D;KCNE4;KCND3;CAV1;CACNA1D;ANK2;CACNA1C;ISL1;BIN1;PKP2;CTNNA3;KCNJ3"
"Heart Development (GO:0007507)","51/171",0.0554764790252216,0.99999537209541,0,0,1.33032701520517,3.84703454002144,"MESP2;CDKN1A;CITED2;ECE1;LDB3;GLI2;SALL1;SGCD;SH3PXD2B;SOX9;EPHB4;SOX4;KDM6A;MEF2C;TSC2;ISL1;TGFBR2;TGFBR3;KAT2B;SYNPO2L;PKP2;ALPK3;ALPK2;FOXC1;SRF;GATA5;GATA4;CACNA1C;TBXT;PDLIM3;SCUBE1;FLRT3;DVL2;PDLIM5;MEF2D;INSR;NTRK3;FN1;BMP7;POU4F1;POU6F1;APLN;TBX2;VEGFA;WT1;NF1;TAB2;TEK;DZIP1;FGF12;FBN1"
"Neuron Migration (GO:0001764)","19/55",0.056002653062619,0.99999537209541,0,0,1.65027473159068,4.75667962617154,"NTRK2;MEF2C;AUTS2;TUBGCP2;NAV1;SEMA3E;ELP3;SH3RF1;PHOX2B;VEGFA;MAP1B;DNER;DDIT4;NRCAM;ASTN2;KIAA0319;LRP12;SDCCAG8;CDK5R1"
"Limb Development (GO:0060173)","11/28",0.0560277729404829,0.99999537209541,0,0,2.02244310242172,5.82849448280123,"COMP;GREM1;KAT2B;SALL1;INTU;SMOC1;KREMEN1;TBX4;GLI3;LNPK;FGF10"
"Response To Transforming Growth Factor Beta (GO:0071559)","14/38",0.0569067636163241,0.99999537209541,0,0,1.82354967617473,5.22691534174384,"DLX1;MEF2C;SMAD4;ZFHX3;SMAD3;ROCK1;WNT5A;NR3C1;RUNX3;ZFP36L1;CLEC3B;SOX9;SOX6;WNT2"
"Skeletal System Development (GO:0001501)","45/149",0.0570320499893564,0.99999537209541,0,0,1.35415499831976,3.87849205441648,"COL18A1;COL13A1;DLX5;PTH;ANKRD11;NPR3;LECT2;IHH;XYLT1;PRELP;ETS2;PTHLH;GLI2;PAPSS1;COMP;WNT11;TRPS1;CREB3L2;SH3PXD2B;BPNT2;SPP2;SOX9;SOX6;ATP7A;GUSBP3;CNMD;TGM2;SLC10A7;MYOC;WNT5A;RFLNB;EN1;IGF1;BMP7;TBX4;BMP6;RAB33B;EXT1;BMP3;BMP1;COL2A1;CDH11;TLL1;CD44;FBN1"
"Phosphatidylethanolamine Metabolic Process (GO:0046337)","10/25",0.0595996447284236,0.99999537209541,0,0,2.0835742806003,5.87589963396336,"CHKA;PLA2G4E;ETNK2;ETNK1;NAAA;NAPEPLD;PLAAT3;CEPT1;PLA2G6;SFI1"
"Regulation Of Actin Cytoskeleton Reorganization (GO:2000249)","10/25",0.0595996447284236,0.99999537209541,0,0,2.0835742806003,5.87589963396336,"NOTCH2;BCAS3;CARMIL1;HCK;RNH1;ABL2;SEMA3E;TEK;CLU;CCL27"
"Regulation Of Cell Size (GO:0008361)","10/25",0.0595996447284236,0.99999537209541,0,0,2.0835742806003,5.87589963396336,"RPTOR;RAP1GAP2;VAV3;DEPTOR;RDX;PRR16;MSN;EZR;ARHGAP35;MTOR"
"Regulation Of Platelet Aggregation (GO:0090330)","10/25",0.0595996447284236,0.99999537209541,0,0,2.0835742806003,5.87589963396336,"LYN;C1QTNF1;SERPINE2;SYK;PDPN;EMILIN2;PRKCA;GP6;IL6ST;PRKG1"
"Sodium Ion Homeostasis (GO:0055078)","10/25",0.0595996447284236,0.99999537209541,0,0,2.0835742806003,5.87589963396336,"ATP4B;SCNN1G;SCNN1B;TMPRSS4;SCNN1A;ATP1A4;ATP1A2;ATP1A1;ATP1B1;SLC8A1"
"Regulation Of Wnt Signaling Pathway (GO:0030111)","34/109",0.0597561348006621,0.99999537209541,0,0,1.41824270098243,3.99587529406927,"PRKN;APP;MACF1;GPI;KANK1;AMER3;CTNND2;TNFAIP3;PSEN1;APCDD1;TSKU;HHEX;SALL1;HMGXB4;WIF1;ZNF703;GRB10;SOST;SOX7;ATP6V1C2;TCF7L1;ATP6AP2;KREMEN1;TSC2;SHISA2;HIC1;SKI;TIAM1;CCNY;GNAQ;OTULIN;TAX1BP3;CDK14;TRABD2B"
"Cellular Response To BMP Stimulus (GO:0071773)","22/66",0.0607129743349743,0.99999537209541,0,0,1.56356107660455,4.38046936390394,"DLX1;SMAD4;DLX5;SMURF1;USP9Y;SMAD9;INHBA;RGMB;ADAMTS12;SMAD6;BMP7;BMP6;PHOX2B;RGMA;TMEM100;TGFBR3;BMP3;HIVEP1;PPARG;SOX9;BMPR1B;BMPR1A"
"Regulation Of miRNA Transcription (GO:1902893)","20/59",0.0610002649479489,0.99999537209541,0,0,1.60351927322126,4.48484628883538,"FOXA1;POU2F1;SMAD3;SRF;STAT3;MRTFB;NFATC3;FOS;NR3C1;EGFR;APLN;NCOR2;MYCN;NCOR1;NFIB;WT1;MYB;PPARG;SOX9;TEAD1"
"Negative Regulation Of Cell Cycle G1/S Phase Transition (GO:1902807)","13/35",0.0613307874501998,0.99999537209541,0,0,1.84709462886772,5.15611537575373,"RB1;CDKN1A;PRMT2;SUSD2;FAM107A;JADE1;INHBA;MYO16;RBL2;DLG1;APC;CDK2AP2;E2F7"
"Fc Receptor Mediated Stimulatory Signaling Pathway (GO:0002431)","9/22",0.0631176758613246,0.99999537209541,0,0,2.16355088232024,5.97735977184672,"LYN;VAV3;HCK;YES1;PLPP4;SYK;PRKCE;FYN;PLA2G6"
"Fc-epsilon Receptor Signaling Pathway (GO:0038095)","9/22",0.0631176758613246,0.99999537209541,0,0,2.16355088232024,5.97735977184672,"LYN;VAV3;MAPK10;MAP2K4;FER;SYK;TRAF6;SOS1;MAP3K7"
"Blood Vessel Endothelial Cell Migration (GO:0043534)","9/22",0.0631176758613246,0.99999537209541,0,0,2.16355088232024,5.97735977184672,"EFNB2;GREM1;SRF;KDR;MYH9;EMP2;EPHB4;ROBO1;VEGFA"
"Mammary Gland Development (GO:0030879)","9/22",0.0631176758613246,0.99999537209541,0,0,2.16355088232024,5.97735977184672,"FOXB1;OXTR;GPAT4;CAV1;WNT7B;WNT2;ARHGAP35;GLI2;VEGFA"
"Negative Regulation Of Extrinsic Apoptotic Signaling Pathway In Absence Of Ligand (GO:2001240)","9/22",0.0631176758613246,0.99999537209541,0,0,2.16355088232024,5.97735977184672,"EYA1;GDNF;EYA2;EYA3;BCL2;MAP2K5;BCL2L1;MCL1;PF4"
"Negative Regulation Of Signal Transduction In Absence Of Ligand (GO:1901099)","9/22",0.0631176758613246,0.99999537209541,0,0,2.16355088232024,5.97735977184672,"EYA1;GDNF;EYA2;EYA3;BCL2;MAP2K5;BCL2L1;MCL1;PF4"
"Growth Hormone Receptor Signaling Pathway Via JAK-STAT (GO:0060397)","4/7",0.0638950863562411,0.99999537209541,0,0,4.16529152915292,11.4566877349306,"LYN;STAT5A;PTPN1;STAT3"
"Mammary Gland Epithelial Cell Differentiation (GO:0060644)","4/7",0.0638950863562411,0.99999537209541,0,0,4.16529152915292,11.4566877349306,"FOXB1;AKT2;ZNF703;IRF6"
"Myoblast Migration (GO:0051451)","4/7",0.0638950863562411,0.99999537209541,0,0,4.16529152915292,11.4566877349306,"ANXA1;ROCK1;ITGB1BP1;THBS4"
"Negative Regulation Of Vascular Associated Smooth Muscle Cell Differentiation (GO:1905064)","4/7",0.0638950863562411,0.99999537209541,0,0,4.16529152915292,11.4566877349306,"HEY2;NFATC3;NFATC2;NFATC1"
"Positive Regulation Of Aspartic-Type Peptidase Activity (GO:1905247)","4/7",0.0638950863562411,0.99999537209541,0,0,4.16529152915292,11.4566877349306,"EFNA1;LYN;EPHA4;PICALM"
"Positive Regulation Of Fibroblast Migration (GO:0010763)","4/7",0.0638950863562411,0.99999537209541,0,0,4.16529152915292,11.4566877349306,"ITGB1;PRKCE;THBS1;DDR2"
"Positive Regulation Of Melanin Biosynthetic Process (GO:0048023)","4/7",0.0638950863562411,0.99999537209541,0,0,4.16529152915292,11.4566877349306,"OPN3;ASIP;TYRP1;ATP7A"
"Positive Regulation Of Myeloid Cell Apoptotic Process (GO:0033034)","4/7",0.0638950863562411,0.99999537209541,0,0,4.16529152915292,11.4566877349306,"MEF2C;ANXA1;PIK3CB;SIRT1"
"Positive Regulation Of Secondary Metabolite Biosynthetic Process (GO:1900378)","4/7",0.0638950863562411,0.99999537209541,0,0,4.16529152915292,11.4566877349306,"OPN3;ASIP;TYRP1;ATP7A"
"Purine Nucleotide Catabolic Process (GO:0006195)","4/7",0.0638950863562411,0.99999537209541,0,0,4.16529152915292,11.4566877349306,"HINT1;NT5C1B;NUDT15;NUDT12"
"Regulation Of ATPase-coupled Calcium Transmembrane Transporter Activity (GO:1901894)","4/7",0.0638950863562411,0.99999537209541,0,0,4.16529152915292,11.4566877349306,"VMP1;RYR2;SLN;STRIT1"
"Regulation Of Dopamine Uptake Involved In Synaptic Transmission (GO:0051584)","4/7",0.0638950863562411,0.99999537209541,0,0,4.16529152915292,11.4566877349306,"RAB3B;GDNF;DRD2;SNCA"
"Regulation Of Extent Of Cell Growth (GO:0061387)","4/7",0.0638950863562411,0.99999537209541,0,0,4.16529152915292,11.4566877349306,"GSK3B;SIN3A;NRCAM;DNM2"
"Regulation Of Lipoprotein Metabolic Process (GO:0050746)","4/7",0.0638950863562411,0.99999537209541,0,0,4.16529152915292,11.4566877349306,"ATG101;ITGB3;RB1CC1;ITGAV"
"Regulation Of Mitophagy (GO:1901524)","4/7",0.0638950863562411,0.99999537209541,0,0,4.16529152915292,11.4566877349306,"VPS13D;TSC2;IRGM;SLC25A4"
"Sialylation (GO:0097503)","4/7",0.0638950863562411,0.99999537209541,0,0,4.16529152915292,11.4566877349306,"ST6GAL1;ST6GAL2;ST8SIA3;ST3GAL4"
"Taurine Metabolic Process (GO:0019530)","4/7",0.0638950863562411,0.99999537209541,0,0,4.16529152915292,11.4566877349306,"STAT5A;FMO1;CDO1;CSAD"
"Cardiac Ventricle Morphogenesis (GO:0003208)","15/42",0.0643100984506151,0.99999537209541,0,0,1.73672845887028,4.76564994268441,"MEF2C;JAG1;NPY2R;TPM1;GATA4;RBPJ;ISL1;TGFBR2;TGFBR3;HEYL;HEY2;PKP2;CPE;SOX4;BMPR1A"
"Keratinocyte Differentiation (GO:0030216)","15/42",0.0643100984506151,0.99999537209541,0,0,1.73672845887028,4.76564994268441,"CERS3;DSP;ASAH1;ANXA1;JAG1;OPN3;WNT5A;BCR;PPP3CA;SCEL;KRT16;PIP5K1A;ADAM9;TGM3;EXPH5"
"Organic Hydroxy Compound Biosynthetic Process (GO:1901617)","15/42",0.0643100984506151,0.99999537209541,0,0,1.73672845887028,4.76564994268441,"OSBPL9;ABCD3;SRD5A2;FAXDC2;AKR1D1;PRKAG2;HMGCR;PARK7;BAAT;ALOX15B;CYP8B1;PER2;ACOX2;PSAT1;OSBPL1A"
"Regulation Of G1/S Transition Of Mitotic Cell Cycle (GO:2000045)","33/106",0.0644067189989354,0.99999537209541,0,0,1.41413696356034,3.87832339678747,"RB1;CDKN1A;SMARCD2;SMARCD3;FAM107A;JADE1;AMBRA1;EGFR;RPTOR;LSM11;ADAMTS1;DPF1;DPF3;ARID2;E2F7;STOX1;SMARCC1;PBRM1;CDKN2B;ANXA1;PRMT2;RDX;UBE2E2;INHBA;ARID1A;SMARCA2;ARID1B;MYO16;RBL2;DLG1;APC;CDK2AP2;FGF10"
"Response To Calcium Ion (GO:0051592)","33/106",0.0644067189989354,0.99999537209541,0,0,1.41413696356034,3.87832339678747,"RYR2;CAMK2D;NLGN1;AHCYL1;CPNE5;CPNE4;ADCY1;CLU;THBS1;CDKN2AIP;ADD1;TTN;CRHBP;PPP3CA;KCNMB1;KCNMB2;SYT4;MEF2C;ADGRV1;HOMER1;TRPC3;CAV1;WNT5A;BRAF;SYT13;SYT9;NEDD4;KCNMA1;PPIF;ADAM9;SLC25A12;LGMN;SLC25A13"
"Negative Regulation Of Epithelial Cell Proliferation (GO:0050680)","23/70",0.0649585863398326,0.99999537209541,0,0,1.53030670197345,4.18386670325933,"CDKN2B;KRT4;CAV2;STAT1;CAV1;SORD;PTPRM;PEX2;NLRC3;NR2F2;RUNX3;THBS1;MTSS1;ROBO1;TGFBR3;DUSP10;CDK6;NFIB;NF1;SOX9;B2M;CNMD;NKX3-1"
"Negative Regulation Of Extrinsic Apoptotic Signaling Pathway (GO:2001237)","23/70",0.0649585863398326,0.99999537209541,0,0,1.53030670197345,4.18386670325933,"GSK3B;EYA1;EYA2;EYA3;SIAH2;AKR1B1;TNFAIP3;HTT;PARK7;IGF1;THBS1;SH3RF1;SCRT2;GDNF;TMBIM1;BCL2;ITGAV;BIRC6;RFFL;MAP2K5;MCL1;BCL2L1;PF4"
"Negative Regulation Of G1/S Transition Of Mitotic Cell Cycle (GO:2000134)","12/32",0.0660732150259442,0.99999537209541,0,0,1.87537190082645,5.0953701387957,"RB1;RBL2;CDKN1A;DLG1;PRMT2;APC;FAM107A;JADE1;CDK2AP2;INHBA;E2F7;MYO16"
"Regulation Of Metaphase/Anaphase Transition Of Cell Cycle (GO:1902099)","12/32",0.0660732150259442,0.99999537209541,0,0,1.87537190082645,5.0953701387957,"SMARCD2;PBRM1;SMARCC1;SMARCD3;CDC23;HECW2;DPF1;DPF3;ARID2;ARID1A;ARID1B;SMARCA2"
"Regulation Of Autophagy Of Mitochondrion (GO:1903146)","8/19",0.0663934750673641,0.99999537209541,0,0,2.27265220328804,6.16378843262841,"PRKN;FZD5;HTT;VDAC1;PARK7;DNM1L;FBXO7;CAMKK2"
"Regulation Of Early Endosome To Late Endosome Transport (GO:2000641)","8/19",0.0663934750673641,0.99999537209541,0,0,2.27265220328804,6.16378843262841,"RAB21;MAP2K1;MTMR2;DAB2;RDX;MSN;MAPK1;EZR"
"Regulation Of Megakaryocyte Differentiation (GO:0045652)","8/19",0.0663934750673641,0.99999537209541,0,0,2.27265220328804,6.16378843262841,"PRMT6;MEF2C;PITHD1;FAXDC2;TESC;MYB;MTURN;PF4"
"Release Of Cytochrome C From Mitochondria (GO:0001836)","8/19",0.0663934750673641,0.99999537209541,0,0,2.27265220328804,6.16378843262841,"GGCT;BCL2;DNM1L;CLU;TIMM50;BCL2L1;BOK;MCL1"
"Response To Fatty Acid (GO:0070542)","8/19",0.0663934750673641,0.99999537209541,0,0,2.27265220328804,6.16378843262841,"SCD;OR51E2;ILDR1;UCP1;PDK4;FFAR2;LCP1;SOX9"
"Regulation Of JNK Cascade (GO:0046328)","34/110",0.0669782282492284,0.99999537209541,0,0,1.39948875925805,3.78336064754968,"PRKN;APP;EDA2R;SH3RF1;EGFR;DUSP10;MBIP;CCR7;ANKS1B;MAP3K5;MAP4K4;AMBP;GADD45B;GADD45A;WNT7B;TNFRSF19;TRAF1;MTURN;GADD45G;EDAR;TGFBR3;SH3RF3;MFHAS1;PER1;NCOR1;TRAF4;TAOK3;TRAF3;TRAF6;CD27;F2RL1;TNIK;LTBR;ZNF675"
"Dephosphorylation (GO:0016311)","44/147",0.0674179065420226,0.99999537209541,0,0,1.33672842996301,3.60494887561799,"PTPRU;MTMR2;PTPRR;MTMR3;PTPRS;CTDP1;PTPRO;PPM1H;PTPRM;CDC14B;MTM1;TIMM50;PPP3CA;DUSP10;PPP2R1B;ACP6;ILKAP;DUSP4;DUSP5;PTPN1;PPP1R12A;PPTC7;FBXW11;PPP2R5A;PPP4R3A;PPP4R3B;DUSP29;PPP2R5C;PTPN12;SSH2;SGPP2;PLPP6;PTPRE;PLPP5;PTPRB;PLPP4;ALPP;PTPRA;PXYLP1;PTPN9;PLPP3;PPEF2;FBP1;PTPN5"
"Sensory Perception Of Sound (GO:0007605)","29/92",0.0688231368858333,0.99999537209541,0,0,1.43974474163153,3.85306690367792,"CLIC5;RIPOR2;NDUFB9;CEMIP;WDR1;PCDH15;CACNA1D;GRM7;CDH23;TBL1X;CRYM;TMC1;GRXCR1;CEACAM16;EYA1;HOMER2;MYO7B;LHFPL5;LHFPL3;OTOR;USH2A;POU3F4;SERPINB6;COL2A1;MYO3B;SLC26A4;ZNF354A;ALDH7A1;CLRN2"
"Cell Communication By Electrical Coupling Involved In Cardiac Conduction (GO:0086064)","7/16",0.0690936744645397,0.99999537209541,0,0,2.43029469097581,6.49445728916507,"RYR2;GJC3;PKP2;ATP1A2;CACNA1C;ATP1B1;SLC8A1"
"Extrinsic Apoptotic Signaling Pathway In Absence Of Ligand (GO:0097192)","7/16",0.0690936744645397,0.99999537209541,0,0,2.43029469097581,6.49445728916507,"GSK3B;BCL2L10;BCL2;ITGAV;BCL2L1;BOK;MCL1"
"Mesonephric Tubule Development (GO:0072164)","7/16",0.0690936744645397,0.99999537209541,0,0,2.43029469097581,6.49445728916507,"ROBO2;FOXC1;SALL1;WNT11;WT1;NPNT;BMP7"
"Negative Regulation Of Amyloid-Beta Formation (GO:1902430)","7/16",0.0690936744645397,0.99999537209541,0,0,2.43029469097581,6.49445728916507,"NTRK2;ROCK1;BIN1;CHRNA7;IGF1;CLU;SORL1"
"Negative Regulation Of Inflammatory Response To Antigenic Stimulus (GO:0002862)","7/16",0.0690936744645397,0.99999537209541,0,0,2.43029469097581,6.49445728916507,"LYN;HCK;YES1;SYK;PLK2;MKRN2;FYN"
"Negative Regulation Of Release Of Cytochrome C From Mitochondria (GO:0090201)","7/16",0.0690936744645397,0.99999537209541,0,0,2.43029469097581,6.49445728916507,"PRKN;HGF;PPIF;GHITM;IGF1;CLU;BCL2L1"
"Neuron Projection Organization (GO:0106027)","7/16",0.0690936744645397,0.99999537209541,0,0,2.43029469097581,6.49445728916507,"APP;GSK3B;ARF1;CHRNA7;INSR;PSEN1;LGMN"
"Positive Regulation Of Cardiac Muscle Tissue Growth (GO:0055023)","7/16",0.0690936744645397,0.99999537209541,0,0,2.43029469097581,6.49445728916507,"TGFBR3;MEF2C;PIM1;IGF1;RBPJ;TBX2;BMPR1A"
"Positive Regulation Of Muscle Hypertrophy (GO:0014742)","7/16",0.0690936744645397,0.99999537209541,0,0,2.43029469097581,6.49445728916507,"CAMK2D;PARP1;ROCK1;PRKCA;IGF1;IL6ST;PDE9A"
"Regulation Of Protein Kinase A Signaling (GO:0010738)","7/16",0.0690936744645397,0.99999537209541,0,0,2.43029469097581,6.49445728916507,"AKAP12;FSHR;AKAP7;AKAP6;SPATC1L;IAPP;ADRB2"
"Digestive Tract Development (GO:0048565)","14/39",0.0696282672038522,0.99999537209541,0,0,1.75049193881769,4.66433396081277,"CXCL8;CDX2;GATA6;GATA5;COBL;GATA4;GLI3;GLI2;CLMP;SALL1;ZIC3;NPY;EPHB3;CCDC40"
"Notch Signaling Involved In Heart Development (GO:0061314)","5/10",0.069731263428837,0.99999537209541,0,0,3.12420053641428,8.3200788153222,"NOTCH2;HEYL;JAG1;HEY2;RBPJ"
"Angiogenesis Involved In Wound Healing (GO:0060055)","5/10",0.069731263428837,0.99999537209541,0,0,3.12420053641428,8.3200788153222,"ITGB3;SRF;KDR;CD34;VEGFA"
"Atrial Septum Morphogenesis (GO:0060413)","5/10",0.069731263428837,0.99999537209541,0,0,3.12420053641428,8.3200788153222,"NOTCH2;HEY2;GATA4;ISL1;SOX4"
"calcineurin-NFAT Signaling Cascade (GO:0033173)","5/10",0.069731263428837,0.99999537209541,0,0,3.12420053641428,8.3200788153222,"NFAT5;PPP3CA;NFATC3;NFATC2;NFATC1"
"Cardiac Muscle Cell Membrane Repolarization (GO:0099622)","5/10",0.069731263428837,0.99999537209541,0,0,3.12420053641428,8.3200788153222,"KCNH2;KCNJ5;KCND3;ATP1B1;KCNJ3"
"Diol Metabolic Process (GO:0034311)","5/10",0.069731263428837,0.99999537209541,0,0,3.12420053641428,8.3200788153222,"NAAA;PRKG2;DEGS2;PLPP3;SGPP2"
"Monocyte Differentiation (GO:0030224)","5/10",0.069731263428837,0.99999537209541,0,0,3.12420053641428,8.3200788153222,"IL31RA;MYH9;PPARG;THOC5;VEGFA"
"Negative Regulation Of Homotypic Cell-Cell Adhesion (GO:0034111)","5/10",0.069731263428837,0.99999537209541,0,0,3.12420053641428,8.3200788153222,"C1QTNF1;SERPINE2;RDX;ZNF703;PRKG1"
"Negative Regulation Of Transmembrane Transport (GO:0034763)","5/10",0.069731263428837,0.99999537209541,0,0,3.12420053641428,8.3200788153222,"PRKCB;AKT2;ARL6IP5;IRS2;THBS1"
"Positive Regulation Of Bone Resorption (GO:0045780)","5/10",0.069731263428837,0.99999537209541,0,0,3.12420053641428,8.3200788153222,"DCSTAMP;SYK;TNFSF11;PRKCA;TMEM64"
"Positive Regulation Of Integrin Activation (GO:0033625)","5/10",0.069731263428837,0.99999537209541,0,0,3.12420053641428,8.3200788153222,"RAP1B;PIEZO1;CXCL13;FERMT2;SKAP1"
"Progesterone Receptor Signaling Pathway (GO:0050847)","5/10",0.069731263428837,0.99999537209541,0,0,3.12420053641428,8.3200788153222,"YAP1;PHB1;NEDD4;UBE3A;ZDHHC7"
"Regulation Of Melanin Biosynthetic Process (GO:0048021)","5/10",0.069731263428837,0.99999537209541,0,0,3.12420053641428,8.3200788153222,"OPN3;ASIP;TYRP1;CTNS;ATP7A"
"Negative Regulation Of Wnt Signaling Pathway (GO:0030178)","42/140",0.0703383599651359,0.99999537209541,0,0,1.34095634095634,3.5594854249042,"INVS;PRKN;GPI;GSK3B;PTPRU;PTPRO;JADE1;TMEM131L;APCDD1;STK4;LIMD1;TSKU;GLI3;HMGXB4;WNT11;WIF1;GRB10;SOX9;SOST;IGFBP1;TLE4;WWTR1;CAV1;SIAH2;IGFBP2;WNT5A;SOX13;KREMEN1;TSC2;SHISA2;AXIN2;TMEM64;HIC1;RBX1;GREM1;DAB2;LATS2;APC;CCDC88C;TAX1BP3;TRABD2B;RBMS3"
"Cardiac Left Ventricle Morphogenesis (GO:0003214)","6/13",0.0706055808549257,0.99999537209541,0,0,2.67808501857202,7.09865557960503,"RYR2;SMAD4;NPY2R;HEY2;RBPJ;TGFBR2"
"Intracellular Potassium Ion Homeostasis (GO:0030007)","6/13",0.0706055808549257,0.99999537209541,0,0,2.67808501857202,7.09865557960503,"ATP4B;KCNMA1;ATP1A4;ATP1A2;ATP1A1;ATP1B1"
"Negative Regulation Of Cell Migration Involved In Sprouting Angiogenesis (GO:0090051)","6/13",0.0706055808549257,0.99999537209541,0,0,2.67808501857202,7.09865557960503,"HDAC5;MMRN2;ITGB1BP1;MEOX2;THBS1;MAP2K5"
"Positive Regulation Of Cardiac Muscle Cell Proliferation (GO:0060045)","6/13",0.0706055808549257,0.99999537209541,0,0,2.67808501857202,7.09865557960503,"TGFBR3;MEF2C;PIM1;RBPJ;TBX2;BMPR1A"
"Positive Regulation Of Glycogen Biosynthetic Process (GO:0045725)","6/13",0.0706055808549257,0.99999537209541,0,0,2.67808501857202,7.09865557960503,"DYRK2;PTH;INSR;AKT2;IRS2;IGF1"
"Positive Regulation Of Glycoprotein Biosynthetic Process (GO:0010560)","6/13",0.0706055808549257,0.99999537209541,0,0,2.67808501857202,7.09865557960503,"IL33;SLC2A10;CCR7;IGF1;ALG10B;RAMP1"
"Response To Chemokine (GO:1990868)","6/13",0.0706055808549257,0.99999537209541,0,0,2.67808501857202,7.09865557960503,"RIPOR2;FOXC1;LRCH1;WNK1;DOCK8;STK39"
"Secondary Palate Development (GO:0062009)","6/13",0.0706055808549257,0.99999537209541,0,0,2.67808501857202,7.09865557960503,"TGFBR3;SMAD4;WNT11;LEF1;WNT5A;TGFBR2"
"Sodium-Independent Organic Anion Transport (GO:0043252)","6/13",0.0706055808549257,0.99999537209541,0,0,2.67808501857202,7.09865557960503,"SLCO1C1;SLCO3A1;SLCO1A2;SLCO2A1;SLCO4C1;SLCO6A1"
"Cardiac Muscle Cell Action Potential (GO:0086001)","11/29",0.0711353424831924,0.99999537209541,0,0,1.90995891574284,5.04834798736933,"KCNH2;KCND3;PKP2;ATP1A2;CACNA1D;ATP1A1;CACNA1C;ATP1B1;FGF12;SLC8A1;SCN1A"
"Negative Regulation Of DNA Binding (GO:0043392)","11/29",0.0711353424831924,0.99999537209541,0,0,1.90995891574284,5.04834798736933,"ILRUN;NFKBIA;PER2;MSX2;SIN3A;LEF1;HEY2;SUMO4;HMGA2;SOX11;ZNF675"
"Amino Acid Transport (GO:0006865)","16/46",0.0713080334108852,0.99999537209541,0,0,1.66727322856355,4.40284558832614,"SLC36A1;SLC38A1;SLC36A2;SLC6A15;SLC43A1;SLC38A10;SLC7A13;SLC16A10;SLC7A1;SLC7A2;SLC6A6;SLC7A9;SH3BP4;SLC38A9;SLC38A2;SLC38A4"
"Development Of Primary Male Sexual Characteristics (GO:0046546)","16/46",0.0713080334108852,0.99999537209541,0,0,1.66727322856355,4.40284558832614,"TFAP2C;WNT2B;SRD5A2;WNT5A;GATA6;AKR1B1;ADAM32;GATA4;NR0B1;INHBA;LHFPL2;ADAM2;KITLG;WT1;FSHR;SOX9"
"Actin Polymerization Or Depolymerization (GO:0008154)","18/53",0.0717491687691059,0.99999537209541,0,0,1.60786098469177,4.23603680047753,"WASHC5;GHSR;SVIL;WDR1;FAM107A;COBL;WASL;FHDC1;ARHGAP6;ENAH;DIAPH2;DIAPH3;MICAL1;MSRB2;SPIRE1;WASF3;WASHC3;GAS7"
"Regulation Of Small GTPase Mediated Signal Transduction (GO:0051056)","36/118",0.0719007137578269,0.99999537209541,0,0,1.3734097723037,3.61545876966661,"ARHGAP8;ARHGEF28;DOCK8;RASGRF2;FAM13A;RASGRF1;ARHGAP15;KALRN;ARHGAP6;ARHGAP35;PREX2;FLCN;ARHGAP20;ARHGAP40;MCF2L;CHN2;CHN1;ITGAV;SRGAP3;TGM2;PLEKHG3;VAV3;ARHGEF10;PLEKHG1;SWAP70;PLEKHG6;ARHGAP28;ARHGAP26;CYRIB;MYO9A;BCR;TIAM1;ARHGAP32;SPATA13;ARHGEF3;DOCK2"
"Negative Regulation Of Cell Motility (GO:2000146)","40/133",0.0733786607007596,0.99999537209541,0,0,1.34565021138909,3.51500267188871,"PTPRU;KANK1;MCTP1;CITED2;NEDD9;ADARB1;ROBO1;FLCN;DUSP10;WNT11;SIN3B;SIN3A;ADORA3;EMILIN2;SRGAP3;SUDS3;ARID2;DRD2;EPHA4;JAG1;LIMCH1;MAGI2;TPM1;TET1;MITF;ALOX15B;RNF41;FRMD5;TMEFF2;STK24;KRT16;DLG5;STK26;BRMS1L;CDH11;MMRN2;NF1;EPHA1;RECK;VCL"
"Organic Anion Transport (GO:0015711)","28/89",0.0743511544347936,0.99999537209541,0,0,1.43556806133268,3.73097834005568,"SLC35B4;SLC2A1;MGST1;SLC2A3;SLCO6A1;SLC4A4;CYB5R2;CYB5R4;LRRC8D;SLC25A42;SLC22A10;SLC25A25;SLC2A14;SLC35A3;SLC2A10;ABCC5;ABCC6;SLC4A11;MFSD10;SLCO1C1;SLC22A25;SLCO3A1;SLCO2A1;SLCO1A2;SLCO4C1;RHAG;SLC25A4;CFTR"
"Cell-Cell Junction Assembly (GO:0007043)","23/71",0.0747941713787908,0.99999537209541,0,0,1.49832608545593,3.88518249361513,"PATJ;WDR1;CTNND2;PRKCA;CDH9;CDH7;FLCN;CDH4;CDH2;CDH11;CLDN12;ZNF703;CDH12;CDHR3;FSCN1;PKP2;CDH13;PKP1;TLN2;CDH17;MPDZ;CDH18;VCL"
"Substrate Adhesion-Dependent Cell Spreading (GO:0034446)","13/36",0.0754205961247724,0.99999537209541,0,0,1.76666936215711,4.56626592713742,"ITGB3;FN1;PARVA;EFNA1;FER;PARVG;ITGAV;SRGAP3;TEK;EPHA1;FERMT2;EPHB3;VAMP3"
"Negative Regulation Of Lipid Metabolic Process (GO:0045833)","10/26",0.0765025814632824,0.99999537209541,0,0,1.95322180916976,5.02062148599946,"ALK;UGT1A10;NCOR1;GPER1;ASXL3;PPP2R5A;APOD;UGT1A8;ADRA2A;CIDEC"
"Positive Regulation Of Adenylate Cyclase Activity (GO:0045762)","10/26",0.0765025814632824,0.99999537209541,0,0,1.95322180916976,5.02062148599946,"GLP1R;ADORA2B;ADORA3;NF1;ORAI1;ADRB1;CACNA1D;ADRB2;CACNA1C;RAF1"
"Regulation Of Nucleotide-Excision Repair (GO:2000819)","10/26",0.0765025814632824,0.99999537209541,0,0,1.95322180916976,5.02062148599946,"SMARCD2;PBRM1;SMARCC1;SMARCD3;DPF1;DPF3;ARID2;ARID1A;ARID1B;SMARCA2"
"Response To Glucocorticoid (GO:0051384)","10/26",0.0765025814632824,0.99999537209541,0,0,1.95322180916976,5.02062148599946,"GHRHR;BCL2L11;ANXA1;GOT1;FAM107A;NR3C1;ISL1;SSTR4;UBE2L3;ZFP36L1"
"Positive Regulation Of miRNA Transcription (GO:1902895)","15/43",0.0774009532814299,0.99999537209541,0,0,1.67459168906347,4.28487183699287,"FOXA1;POU2F1;SMAD3;SRF;STAT3;MRTFB;FOS;NR3C1;EGFR;APLN;MYCN;WT1;MYB;PPARG;TEAD1"
"Positive Regulation Of Vasculature Development (GO:1904018)","32/104",0.0777610371068429,0.99999537209541,0,0,1.3901337021669,3.55056103715976,"SEMA5A;ITGB1;CXCL8;CHRNA7;GATA6;GATA4;THBS1;HK2;AQP1;MTDH;KDR;CTSH;EMILIN2;CD34;CCR3;ANGPT4;PRKCB;WNT5A;VASH2;HMGA2;PRKCA;EMP2;ISL1;SIRT1;VEGFA;SMOC2;CNTN1;AGGF1;PRKD1;ANGPTL4;TEK;EPHA1"
"Regulation Of BMP Signaling Pathway (GO:0030510)","24/75",0.0790047710313081,0.99999537209541,0,0,1.47151420634534,3.73506657200711,"DLX1;SMAD4;SMURF1;CRIM1;UBE2D1;SOX11;RBPJ;SMAD6;CHRDL1;SORL1;ELAPOR2;GREM1;SKI;SPART;FSTL5;SCUBE3;BMPER;CAPN5;VWC2L;VWC2;PPARG;SOST;ZNF423;TRIM33"
"Regulation Of Plasma Membrane Bounded Cell Projection Assembly (GO:0120032)","24/75",0.0790047710313081,0.99999537209541,0,0,1.47151420634534,3.73506657200711,"RABGAP1;INTU;MYO10;ODF1;IFT140;ATP8B1;CAV1;RDX;TBC1D8;TBC1D2B;PLD1;CLU;FXR1;TBC1D1;TBC1D2;FER;CAPZB;TBC1D5;FSCN1;TBC1D14;CCR7;TBC1D22A;SDCCAG8;TBC1D16"
"Skin Development (GO:0043588)","22/68",0.0810768007356287,0.99999537209541,0,0,1.49538212260329,3.75693586130224,"CERS3;DSP;ASAH1;ANXA1;ASCL4;JAG1;OPN3;SLC2A10;VPS33B;WNT5A;GATA6;DHCR24;ASPRV1;BCR;PPP3CA;SCEL;KRT16;DACT2;ADAM9;PIP5K1A;ATP7A;TGM3"
"Cellular Response To Interleukin-6 (GO:0071354)","9/23",0.082131492912032,0.99999537209541,0,0,2.00887879413587,5.02105944560658,"YAP1;PHB1;SMAD4;FER;STAT3;ST3GAL6;IL6ST;IL6R;ST18"
"Negative Regulation Of Neuron Differentiation (GO:0045665)","9/23",0.082131492912032,0.99999537209541,0,0,2.00887879413587,5.02105944560658,"DLX1;GSK3B;DISP3;DLX2;TUNAR;CNTN4;SOX9;BMP7;B2M"
"Positive Regulation Of Cell-Substrate Junction Organization (GO:0150117)","9/23",0.082131492912032,0.99999537209541,0,0,2.00887879413587,5.02105944560658,"MYOC;ROCK1;IQSEC1;KDR;TEK;MAPRE2;FERMT2;VEGFA;MAP4K4"
"Regulation Of Cellular Response To Transforming Growth Factor Beta Stimulus (GO:1903844)","9/23",0.082131492912032,0.99999537209541,0,0,2.00887879413587,5.02105944560658,"DLX1;SMAD4;SMAD3;LATS2;ZNF703;SOX11;PPARG;NREP;TRIM33"
"Positive Regulation Of Monoatomic Ion Transport (GO:0043270)","14/40",0.0840855122847222,0.99999537209541,0,0,1.6830540274112,4.16710880145176,"CCR1;AHCYL1;CHRM1;CACNA1D;ANK2;ANK3;ADRA2A;MYLK;CRACR2A;DLG1;CNKSR3;PKP2;ORAI1;GPD1L"
"Positive Regulation Of Wound Healing (GO:0090303)","14/40",0.0840855122847222,0.99999537209541,0,0,1.6830540274112,4.16710880145176,"ITGB1;ARFGEF1;KANK1;ANXA1;PRKCE;THBS1;ADRA2A;MTOR;MYLK;DUOX1;SMOC2;ST3GAL4;EMILIN2;FERMT2"
"Regulation Of Microtubule Cytoskeleton Organization (GO:0070507)","14/40",0.0840855122847222,0.99999537209541,0,0,1.6830540274112,4.16710880145176,"GSK3B;PATJ;ROCK1;FAM107A;STMN2;STMN4;EFNA5;CDK2AP2;MAP6;TRIM36;MPDZ;MAPRE2;CLASP1;CLASP2"
"Neuron Projection Morphogenesis (GO:0048812)","43/146",0.0870010023535042,0.99999537209541,0,0,1.30607659182722,3.18922436930396,"APP;CNTNAP2;NLGN1;ROCK1;CTNND2;ATL1;WASL;ARHGAP35;DOCK10;FLRT3;SLITRK1;BTBD3;NTF3;SLITRK3;TUNAR;MAP6;NRCAM;SRGAP3;CTNNA2;DRD2;ATP7A;EPHB3;MAP4K4;NTNG1;EPHA4;FARP1;DTNBP1;ANK3;NGF;ISL1;BMP7;POU4F1;DCLK1;MYO16;DNM2;KLF7;ISL2;TAOK3;MAP1B;TNIK;CNTN4;DSCAML1;GAS7"
"Regulation Of Cold-Induced Thermogenesis (GO:0120161)","43/146",0.0870010023535042,0.99999537209541,0,0,1.30607659182722,3.18922436930396,"RB1;OXTR;THRA;EPAS1;NPR3;UCP1;EHMT1;CXCR4;ADRB1;ADRB2;RBPJ;FLCN;SLN;ACADL;CPT2;PDGFC;PRDM16;UCP2;GRB10;TRPM8;CD36;ZNF423;MAP2K6;CCR2;SYK;ACSL1;CAV1;NRDC;ESRRG;LNPEP;ELOVL6;PTH2R;PHOX2B;GADD45G;VEGFA;PER2;GATM;APC;SCD;LEP;ALDH1A1;ZNF516;IL18R1"
"Cellular Response To Hormone Stimulus (GO:0032870)","29/94",0.0871686127317119,0.99999537209541,0,0,1.39525989250227,3.40430990181201,"ROBO2;OXTR;UCP1;AKR1B1;ATP1A2;ATP1A1;NR3C1;TFPI;UBE2L3;ZFP36L1;CRHBP;CYP11A1;GPER1;CTSH;SOST;SOX9;NKX3-1;BCAS3;MEF2C;AVPR1B;NCOA3;CAV1;RDX;STAT3;ESR2;WT1;LEP;ADTRP;RAMP1"
"Actin Filament-Based Transport (GO:0099515)","8/20",0.0879253772519353,0.99999537209541,0,0,2.08312689237545,5.06463727449402,"MYO1D;MYO1E;MYO1B;MYO5C;MYO7B;WASL;FNBP1L;SYNE2"
"Glutamate Metabolic Process (GO:0006536)","8/20",0.0879253772519353,0.99999537209541,0,0,2.08312689237545,5.06463727449402,"OAT;GOT1;TAT;GOT2;MTHFS;GCLM;GGT1;GLS"
"Negative Regulation Of Protein Localization To Plasma Membrane (GO:1903077)","8/20",0.0879253772519353,0.99999537209541,0,0,2.08312689237545,5.06463727449402,"DAB2;CLTC;TMBIM1;PPP2R5A;CSK;GBP1;BCL2L1;PICALM"
"Peripheral Nervous System Development (GO:0007422)","8/20",0.0879253772519353,0.99999537209541,0,0,2.08312689237545,5.06463727449402,"ALDH3A2;UGT8;NFASC;GDNF;SCN8A;ADGRG6;NF1;ASIC2"
"Response To Ketone (GO:1901654)","8/20",0.0879253772519353,0.99999537209541,0,0,2.08312689237545,5.06463727449402,"YAP1;TGFBR3;ABHD2;CAV1;UBE3A;CCR7;THBS1;NKX3-1"
"Cardiac Muscle Cell Action Potential Involved In Contraction (GO:0086002)","11/30",0.0886047556623944,0.99999537209541,0,0,1.80931516976701,4.38500150853186,"KCNH2;RYR2;KCNE4;PKP2;NEDD4L;CACNA1D;ATP1A1;CACNA1C;GPD1L;FGF12;SCN1A"
"Phospholipid Dephosphorylation (GO:0046839)","11/30",0.0886047556623944,0.99999537209541,0,0,1.80931516976701,4.38500150853186,"FIG4;MTMR1;PLPP6;MTMR2;PLPP5;MTMR3;PLPP4;SYNJ1;PLPP3;SGPP2;MTM1"
"Regulation Of Neuron Death (GO:1901214)","19/58",0.0899676689298971,0.99999537209541,0,0,1.52302811334469,3.6679160793302,"PRKN;CHGA;MEF2C;CSF1;CHRNA7;WNT5A;DHCR24;PARK7;TNFRSF1B;CLU;SORL1;EFNB2;TBK1;TRIM2;FYN;CD200;MAP3K5;SNCA;PICALM"
"MAPK Cascade (GO:0000165)","30/98",0.090372807005341,0.99999537209541,0,0,1.37970576036304,3.31655307600192,"ZFP36L1;CAMKK2;KDR;CTSH;MAPK1;ITGAV;SOX9;RCE1;MAP3K7;MAP3K4;MAP2K5;MAP3K5;MAP2K6;MBL2;MAP4K4;MAP2K4;DUSP5;MAP2K1;MEF2C;IL31RA;BRAF;IGF1;RBX1;RIT2;TAOK3;ZDHHC9;NF1;TNIK;MAP3K13;FGF10"
"Enzyme-Linked Receptor Protein Signaling Pathway (GO:0007167)","37/124",0.0907514668336206,0.99999537209541,0,0,1.33027058640981,3.19215806198129,"ALK;PTPRU;CSF1;NPR2;NEDD9;PIK3CB;EGFR;ERBB2;NTF3;KDR;BLNK;ALKAL2;FYN;SAMD12;MPZL1;LYN;NTRK2;YES1;MUSK;SYK;INSR;NTRK3;IL31RA;FRS2;GP6;NGF;MERTK;MTSS1;HCK;DOK5;LCP2;TEK;IL6ST;MET;BCAR1;FRK;DDR2"
"Ventricular Septum Development (GO:0003281)","13/37",0.0914325509070702,0.99999537209541,0,0,1.69294620100572,4.04978756448998,"ROBO2;SMAD4;CITED2;GATA4;SOX11;ROBO1;TGFBR2;TGFBR3;HEYL;SALL1;HEY2;SOX4;BMPR1A"
"Receptor Internalization (GO:0031623)","17/51",0.0914555037843495,0.99999537209541,0,0,1.56297828335057,3.73849201103021,"ITGB1;CXCL8;CALCRL;SYK;CAV1;CLTC;DNM2;DNM3;ENTREP1;LMBRD1;GRK3;RAB31;NEDD4;CD36;RAMP1;SNCA;PICALM"
"Regulation Of Substrate Adhesion-Dependent Cell Spreading (GO:1900024)","17/51",0.0914555037843495,0.99999537209541,0,0,1.56297828335057,3.73849201103021,"DOCK5;KANK1;CARMIL1;MYOC;SPRY4;APOA1;NEDD9;AP1AR;EFNA5;PDPN;PKP2;CSPG5;ITGB1BP1;ARHGEF7;DOCK1;GBP1;FERMT2"
"Rac Protein Signal Transduction (GO:0016601)","7/17",0.0936856961666936,0.99999537209541,0,0,2.18712074303406,5.17868583515676,"FARP2;EPS8;TIAM1;GARRE1;ELMO1;CDH13;HACD3"
"Cell Migration Involved In Sprouting Angiogenesis (GO:0002042)","7/17",0.0936856961666936,0.99999537209541,0,0,2.18712074303406,5.17868583515676,"EFNB2;GREM1;SRF;KDR;EPHB4;ROBO1;VEGFA"
"Negative Regulation Of Vascular Associated Smooth Muscle Cell Proliferation (GO:1904706)","7/17",0.0936856961666936,0.99999537209541,0,0,2.18712074303406,5.17868583515676,"CDKN1A;MEF2C;GPER1;TPM1;PPARG;PRKG1;APLN"
"Positive Regulation By Host Of Viral Process (GO:0044794)","7/17",0.0936856961666936,0.99999537209541,0,0,2.18712074303406,5.17868583515676,"EEF1A1;VAPA;ZDHHC9;CAV2;NUCKS1;PIK3C3;IGF2R"
"Positive Regulation Of Macrophage Derived Foam Cell Differentiation (GO:0010744)","7/17",0.0936856961666936,0.99999537209541,0,0,2.18712074303406,5.17868583515676,"PRKCH;CSF1;PLA2G5;CD36;LCP1;ALOX15B;PF4"
"Protein Localization To Centrosome (GO:0071539)","7/17",0.0936856961666936,0.99999537209541,0,0,2.18712074303406,5.17868583515676,"NUDCD3;C2CD3;CCDC14;GOLGB1;SNX10;CEP192;HOOK3"
"Regulation Of Cartilage Development (GO:0061035)","7/17",0.0936856961666936,0.99999537209541,0,0,2.18712074303406,5.17868583515676,"WNT11;TRPS1;MBOAT2;SOX9;BMPR1B;SOX6;PTHLH"
"Regulation Of Inflammatory Response To Antigenic Stimulus (GO:0002861)","7/17",0.0936856961666936,0.99999537209541,0,0,2.18712074303406,5.17868583515676,"LYN;HCK;YES1;SYK;PLK2;MKRN2;FYN"
"Regulation Of Organelle Assembly (GO:1902115)","25/80",0.0939868776822962,0.99999537209541,0,0,1.4212667382338,3.36072747928712,"MTMR3;RABGAP1;INTU;STX18;SENP6;C10ORF90;EFNB1;TRAPPC12;TBC1D14;TBC1D22A;CEP76;TBC1D16;ODF1;IFT140;PLK2;RDX;TBC1D8;MSN;TBC1D2B;HCK;TBC1D1;TBC1D2;TBC1D5;EZR;SDCCAG8"
"Circulatory System Development (GO:0072359)","39/132",0.0953561941298947,0.99999537209541,0,0,1.31173635918849,3.08275882320116,"CDKN1A;FOXC1;CITED2;SRF;ECE1;LDB3;CACNA1C;GLI2;PDLIM3;SALL1;FLRT3;HEY2;SH3PXD2B;DVL2;SOX9;PDLIM5;SOX4;KDM6A;MEF2C;SLC2A10;NTRK3;SLC2A12;FN1;TSC2;ISL1;POU4F1;POU6F1;TGFBR2;KAT2B;HEYL;WT1;PKP2;NF1;ALPK3;TAB2;TEK;DZIP1;FGF12;FBN1"
"C-terminal Protein Lipidation (GO:0006501)","3/5",0.0958389768717952,0.99999537209541,0,0,4.68529593730666,10.9874210653145,"ATG16L1;ATG7;IRGM"
"DNA Double-Strand Break Processing Involved In Repair Via Single-Strand Annealing (GO:0010792)","3/5",0.0958389768717952,0.99999537209541,0,0,4.68529593730666,10.9874210653145,"RNF138;RBBP8;SLX1A"
"L-ascorbic Acid Metabolic Process (GO:0019852)","3/5",0.0958389768717952,0.99999537209541,0,0,4.68529593730666,10.9874210653145,"GSTO2;SLC2A1;SLC2A3"
"T-helper 1 Cell Differentiation (GO:0045063)","3/5",0.0958389768717952,0.99999537209541,0,0,4.68529593730666,10.9874210653145,"TMEM98;LEF1;STAT4"
"TORC2 Signaling (GO:0038203)","3/5",0.0958389768717952,0.99999537209541,0,0,4.68529593730666,10.9874210653145,"PRR5;PRR5L;RICTOR"
"Aspartate Metabolic Process (GO:0006531)","3/5",0.0958389768717952,0.99999537209541,0,0,4.68529593730666,10.9874210653145,"GOT1;GOT2;DDO"
"Cardiolipin Acyl-Chain Remodeling (GO:0035965)","3/5",0.0958389768717952,0.99999537209541,0,0,4.68529593730666,10.9874210653145,"PLA2G5;PLA2G6;LCLAT1"
"Chemokine (C-X-C Motif) Ligand 12 Signaling Pathway (GO:0038146)","3/5",0.0958389768717952,0.99999537209541,0,0,4.68529593730666,10.9874210653145,"ENTREP1;STK39;CXCR4"
"Double-Strand Break Repair Via Single-Strand Annealing (GO:0045002)","3/5",0.0958389768717952,0.99999537209541,0,0,4.68529593730666,10.9874210653145,"RNF138;RBBP8;SLX1A"
"interleukin-17A-mediated Signaling Pathway (GO:0038173)","3/5",0.0958389768717952,0.99999537209541,0,0,4.68529593730666,10.9874210653145,"TRAF3IP2;TRAF6;MAP3K7"
"Interleukin-5-Mediated Signaling Pathway (GO:0038043)","3/5",0.0958389768717952,0.99999537209541,0,0,4.68529593730666,10.9874210653145,"LYN;STAT5A;IL5RA"
"Mitochondrial Protein Catabolic Process (GO:0035694)","3/5",0.0958389768717952,0.99999537209541,0,0,4.68529593730666,10.9874210653145,"BNIP3L;BNIP3;SFI1"
"Mitochondrial Translational Elongation (GO:0070125)","3/5",0.0958389768717952,0.99999537209541,0,0,4.68529593730666,10.9874210653145,"GFM1;GFM2;MRPL44"
"Negative Regulation Of PERK-mediated Unfolded Protein Response (GO:1903898)","3/5",0.0958389768717952,0.99999537209541,0,0,4.68529593730666,10.9874210653145,"PPP1R15B;PTPN1;NCK1"
"Negative Regulation Of T Cell Differentiation In Thymus (GO:0033085)","3/5",0.0958389768717952,0.99999537209541,0,0,4.68529593730666,10.9874210653145,"IHH;FOXJ1;TMEM131L"
"Negative Regulation Of Amino Acid Transport (GO:0051956)","3/5",0.0958389768717952,0.99999537209541,0,0,4.68529593730666,10.9874210653145,"GRM7;HRH3;SLC43A1"
"Negative Regulation Of Cardiac Muscle Cell Differentiation (GO:2000726)","3/5",0.0958389768717952,0.99999537209541,0,0,4.68529593730666,10.9874210653145,"SMAD4;FRS2;SOX6"
"Negative Regulation Of Glucocorticoid Receptor Signaling Pathway (GO:2000323)","3/5",0.0958389768717952,0.99999537209541,0,0,4.68529593730666,10.9874210653145,"PER1;PHB1;CLOCK"
"Negative Regulation Of Toll-Like Receptor 2 Signaling Pathway (GO:0034136)","3/5",0.0958389768717952,0.99999537209541,0,0,4.68529593730666,10.9874210653145,"LYN;MFHAS1;TNFAIP3"
"Nucleotide-Binding Domain, Leucine Rich Repeat Containing Receptor Signaling Pathway (GO:0035872)","3/5",0.0958389768717952,0.99999537209541,0,0,4.68529593730666,10.9874210653145,"TNFAIP3;MAP3K7;MAP2K6"
"Phosphatidylinositol Acyl-Chain Remodeling (GO:0036149)","3/5",0.0958389768717952,0.99999537209541,0,0,4.68529593730666,10.9874210653145,"LPGAT1;PLA2G4E;LCLAT1"
"Plasma Membrane Raft Assembly (GO:0044854)","3/5",0.0958389768717952,0.99999537209541,0,0,4.68529593730666,10.9874210653145,"CAV2;PACSIN2;EMP2"
"Positive Regulation Of Cell-Cell Adhesion Mediated By Integrin (GO:0033634)","3/5",0.0958389768717952,0.99999537209541,0,0,4.68529593730666,10.9874210653145,"PIEZO1;CXCL13;SKAP1"
"Positive Regulation Of Focal Adhesion Disassembly (GO:0120183)","3/5",0.0958389768717952,0.99999537209541,0,0,4.68529593730666,10.9874210653145,"IQSEC1;MAPRE2;MAP4K4"
"Positive Regulation Of Gap Junction Assembly (GO:1903598)","3/5",0.0958389768717952,0.99999537209541,0,0,4.68529593730666,10.9874210653145,"CNTNAP2;CAV1;AGT"
"Presynaptic Active Zone Organization (GO:1990709)","3/5",0.0958389768717952,0.99999537209541,0,0,4.68529593730666,10.9874210653145,"CAST;PCLO;ERC2"
"Protein Targeting To Vacuole Involved In Autophagy (GO:0071211)","3/5",0.0958389768717952,0.99999537209541,0,0,4.68529593730666,10.9874210653145,"SMURF1;LAMP2;IRGM"
"Pteridine-Containing Compound Metabolic Process (GO:0042558)","3/5",0.0958389768717952,0.99999537209541,0,0,4.68529593730666,10.9874210653145,"MTHFD1L;PRKG2;FTCD"
"Purine-Containing Compound Catabolic Process (GO:0072523)","3/5",0.0958389768717952,0.99999537209541,0,0,4.68529593730666,10.9874210653145,"DPYD;NT5C1B;NUDT15"
"Regulation Of Establishment Of T Cell Polarity (GO:1903903)","3/5",0.0958389768717952,0.99999537209541,0,0,4.68529593730666,10.9874210653145,"RIPOR2;DOCK8;ABL2"
"Regulation Of Focal Adhesion Disassembly (GO:0120182)","3/5",0.0958389768717952,0.99999537209541,0,0,4.68529593730666,10.9874210653145,"IQSEC1;MAPRE2;MAP4K4"
"Regulation Of Histone Deacetylase Activity (GO:1901725)","3/5",0.0958389768717952,0.99999537209541,0,0,4.68529593730666,10.9874210653145,"CAMK2D;PRKD1;VEGFA"
"Regulation Of Macrophage Apoptotic Process (GO:2000109)","3/5",0.0958389768717952,0.99999537209541,0,0,4.68529593730666,10.9874210653145,"MEF2C;IRF7;SIRT1"
"Regulation Of Nitric Oxide Mediated Signal Transduction (GO:0010749)","3/5",0.0958389768717952,0.99999537209541,0,0,4.68529593730666,10.9874210653145,"THBS1;EGFR;VEGFA"
"Regulation Of Protein Depolymerization (GO:1901879)","3/5",0.0958389768717952,0.99999537209541,0,0,4.68529593730666,10.9874210653145,"SLN;WDR1;MAP1B"
"Striated Muscle Hypertrophy (GO:0014897)","3/5",0.0958389768717952,0.99999537209541,0,0,4.68529593730666,10.9874210653145,"RYR2;MYOC;TTN"
"succinyl-CoA Catabolic Process (GO:1901289)","3/5",0.0958389768717952,0.99999537209541,0,0,4.68529593730666,10.9874210653145,"NUDT7;SUCLA2;SUCLG2"
"Tight Junction Organization (GO:0120193)","3/5",0.0958389768717952,0.99999537209541,0,0,4.68529593730666,10.9874210653145,"PATJ;CLDN12;MPDZ"
"Trigeminal Nerve Development (GO:0021559)","3/5",0.0958389768717952,0.99999537209541,0,0,4.68529593730666,10.9874210653145,"ISL1;NEUROG1;POU4F1"
"Xenobiotic Transport Across Blood-Brain Barrier (GO:1990962)","3/5",0.0958389768717952,0.99999537209541,0,0,4.68529593730666,10.9874210653145,"ABCC1;ABCC2;SLC22A1"
"Amino Acid Import Across Plasma Membrane (GO:0089718)","10/27",0.0960873335678433,0.99999537209541,0,0,1.83820492261341,4.30599094378569,"SLC22A4;SLC36A1;SLC6A6;SLC1A1;SLC1A2;SLC1A3;SLC7A1;SLC38A2;SLC7A2;SLC38A4"
"Regulation Of Androgen Receptor Signaling Pathway (GO:0060765)","10/27",0.0960873335678433,0.99999537209541,0,0,1.83820492261341,4.30599094378569,"NCOR2;HEYL;PHB1;KDM4C;NCOR1;PRMT2;SAFB2;RNF6;PARK7;SIRT1"
"Regulation Of Rho Protein Signal Transduction (GO:0035023)","23/73",0.097373952749827,0.99999537209541,0,0,1.43820252640298,3.34985633345283,"RIPOR2;KANK1;GPR17;PRAG1;MYOC;ARHGEF28;APOA1;ARHGAP35;ROBO1;EPS8;BCR;FLCN;RIT2;SYNPO2L;LPAR6;MCF2L;ARHGEF3;ABL1;ABL2;F2RL1;RAF1;MET;F2RL3"
"Phosphorylation (GO:0016310)","116/429",0.097684611264513,0.99999537209541,0,0,1.16088582592177,2.70023348226736,"DGKG;APP;PRAG1;MYLK3;TBK1;PIM1;PDK4;NEK2;MAP3K9;MAP3K6;MAP3K5;EPHB3;EPHA5;CDKL3;EPHA4;MAP2K1;PRKCH;EPHA6;PRKCB;PRKCE;LMTK2;PRKCA;VRK1;TNNI3K;ATG14;RUNX3;SIK3;TNIK;SIK2;DGKK;CTBP1;MAPKAP1;TXK;STK39;STK4;NUAK1;GRK3;GRK5;ATG101;GRK7;ABL1;MAP3K21;MARK3;IP6K3;LYN;SRPK2;CDK18;PLK2;TNK2;INSR;BRAF;DCLK1;CLK3;MEX3B;FER;CDK6;STK24;STK25;WNK1;STK26;ATM;MAP3K13;BMPR1B;CDK14;BMPR1A;ALK;PRR5;GPI;GSK3B;DYRK3;DYRK2;MAST2;PRKAG2;PIK3CB;LIMD1;HK2;HK1;RPTOR;RB1CC1;PRKG2;TLK1;PRKG1;SYK;TGFBR2;HCK;LATS2;INCENP;HKDC1;FAM20C;BIRC6;PIK3C3;SGK3;TOP1;CAMK2D;ROCK1;CAMKK2;WNT11;ERBB2;MAPK1;RICTOR;CSK;FYN;MAPK6;FNIP2;MAP4K4;STAT3;CDC42BPB;CDC42BPA;MTOR;MAPK10;SNRK;TAOK3;STK17B;NEK10;CAMK1;TAF3"
"Cellular Response To Growth Factor Stimulus (GO:0071363)","45/155",0.0988789340427044,0.99999537209541,0,0,1.27978137942773,2.96123374683036,"DLX1;FOXC1;CXCL8;DLX5;STMN2;NR3C1;ADAMTS12;EGFR;ZFP36L1;TMEM100;CLEC3B;RAP1A;ERBB2;KDR;SOX9;SOX6;WNT2;MAP2K5;MEF2C;SMAD4;SEMA6A;SMAD3;ANXA1;HGF;NTRK3;MAGI2;WNT5A;SMAD9;PTPN12;KNSTRN;BMP7;BMP6;PHOX2B;TGFBR2;VEGFA;EEF1A1;GAREM1;GAS1;ITGB1BP1;PRKD1;BMPR1B;CD44;BCAR1;BMPR1A;LGMN"
"2-Oxoglutarate Metabolic Process (GO:0006103)","6/14",0.0990079663594811,0.99999537209541,0,0,2.34316962443252,5.41870854602405,"GOT1;GPT2;TAT;GOT2;OGDH;OGDHL"
"Establishment Of Apical/Basal Cell Polarity (GO:0035089)","6/14",0.0990079663594811,0.99999537209541,0,0,2.34316962443252,5.41870854602405,"PATJ;FSCN1;FOXJ1;MSN;EZR;MYO9A"
"Membrane Repolarization During Cardiac Muscle Cell Action Potential (GO:0086013)","6/14",0.0990079663594811,0.99999537209541,0,0,2.34316962443252,5.41870854602405,"KCNH2;KCNJ5;KCND3;KCNN2;ATP1B1;KCNJ3"
"Microvillus Assembly (GO:0030033)","6/14",0.0990079663594811,0.99999537209541,0,0,2.34316962443252,5.41870854602405,"RAP1B;RAP1A;STK26;TNIK;EZR;MAP4K4"
"Monosaccharide Transmembrane Transport (GO:0015749)","6/14",0.0990079663594811,0.99999537209541,0,0,2.34316962443252,5.41870854602405,"SLC2A9;SLC45A3;SLC5A9;SLC2A10;SLC2A12;SLC2A7"
"Myotube Cell Development (GO:0014904)","6/14",0.0990079663594811,0.99999537209541,0,0,2.34316962443252,5.41870854602405,"SKI;PPP3CA;CAV2;TMEM182;IGF1;LMOD3"
"Positive Regulation Of Glycogen Metabolic Process (GO:0070875)","6/14",0.0990079663594811,0.99999537209541,0,0,2.34316962443252,5.41870854602405,"DYRK2;PTH;INSR;AKT2;IRS2;IGF1"
"Positive Regulation Of Lyase Activity (GO:0051349)","6/14",0.0990079663594811,0.99999537209541,0,0,2.34316962443252,5.41870854602405,"FTMT;NF1;ORAI1;CACNA1D;CACNA1C;PARK7"
"Primary Alcohol Metabolic Process (GO:0034308)","6/14",0.0990079663594811,0.99999537209541,0,0,2.34316962443252,5.41870854602405,"ALDH3A2;TKTL1;CYP11A1;NAAA;NAPEPLD;IGF1"
"Regulation Of Endothelial Cell Chemotaxis (GO:2001026)","6/14",0.0990079663594811,0.99999537209541,0,0,2.34316962443252,5.41870854602405,"SEMA5A;SMOC2;PRKD1;THBS1;MET;LGMN"
"Regulation Of Hemopoiesis (GO:1903706)","6/14",0.0990079663594811,0.99999537209541,0,0,2.34316962443252,5.41870854602405,"NOTCH2;SIGLEC15;MEAF6;KAT6B;KAT6A;MYSM1"
"Regulation Of Neuron Projection Arborization (GO:0150011)","6/14",0.0990079663594811,0.99999537209541,0,0,2.34316962443252,5.41870854602405,"NTNG1;MACF1;WNT5A;DVL2;MAP3K13;MYO9A"
"Regulation Of Neuron Projection Development (GO:0010975)","50/174",0.0992866440429341,0.99999537209541,0,0,1.2615711195604,2.91390659907018,"GSK3B;PTPRS;TENM3;PRAG1;PTPRO;STMN2;ARHGAP35;TSKU;SIPA1L1;CDH2;NCS1;FBXO7;EPHB3;EPHA4;CAMK1D;MUSK;MAGI2;WNT5A;CBFA2T2;TANC2;LRRC7;PRKD1;DDR2;KANK1;NLGN1;MYCBP2;PSEN1;CAMSAP2;EFNB2;RAP1A;CHN1;ABL2;ALKAL2;CSMD3;CTNNA2;PDLIM5;FZD1;LYN;NTNG1;NTRK2;YTHDF1;NTRK3;MBOAT1;ZNF804A;RIT2;PTK7;PTPN9;CAMK1;RTN4IP1;CDK5R1"
"Positive Regulation Of Organelle Organization (GO:0010638)","12/34",0.0995242600606712,0.99999537209541,0,0,1.70465815176559,3.93324954059977,"GSK3B;FYCO1;ANXA1;ATL3;SYNJ1;KATNBL1;AKT2;STX18;PLA2G5;IRGM;LNPK;RAB3GAP1"
"Regulation Of DNA Biosynthetic Process (GO:2000278)","12/34",0.0995242600606712,0.99999537209541,0,0,1.70465815176559,3.93324954059977,"ING4;TOM1L1;SMOC2;CDKN1A;NIBAN2;MEAF6;HGF;PINX1;JADE1;ATM;TERF2;SMG6"
"Cellular Response To Retinoic Acid (GO:0071300)","14/41",0.10031222792874,0.99999537209541,0,0,1.62061151684963,3.72654380142553,"LYN;GSK3B;TESC;WNT7B;WNT5A;WNT9B;AQP1;MEIOSIN;WNT11;PTK7;ATM;SOX9;BRINP3;WNT2"
"Positive Regulation Of Ossification (GO:0045778)","14/41",0.10031222792874,0.99999537209541,0,0,1.62061151684963,3.72654380142553,"FBN2;KL;MEF2C;ADGRV1;SLC20A2;PTH;WNT5A;SOX11;BMP7;SLC8A1;BMP6;RXRA;BMPR1B;BMPR1A"
"Regulation Of Dendrite Development (GO:0050773)","14/41",0.10031222792874,0.99999537209541,0,0,1.62061151684963,3.72654380142553,"ALK;GSK3B;CAMK1D;NEDD4L;COBL;VLDLR;BMP7;CAMSAP2;HECW2;NEDD4;CSMD3;RTN4IP1;TNIK;KIAA0319"
"Organelle Organization (GO:0006996)","113/418",0.101386334308222,0.99999537209541,0,0,1.16041566492205,2.65597906269634,"RB1;ROPN1B;PHB1;PARK7;FNBP1L;KIF5C;TRAPPC12;KIFAP3;GOLGA8S;AGTPBP1;SEMA6A;KRT4;COG5;TPM1;COG2;GOLGA8O;RAB32;RAB30;TMEM135;ZFYVE16;RAB31;BIN1;KAT6A;PRKD1;TNIK;OPTN;MAPKAP1;STRIP1;ATXN7;MICAL1;GOLGA8IP;PACSIN2;RAB6B;SEC16B;ATP8B2;ODF1;ATP8B1;CAV2;CAV1;TRAPPC8;CIDEC;KLHL20;NPLOC4;DIAPH3;GOLGB1;RANBP10;CSPG5;TMCC1;CEP89;PRR5;DYRK3;PLEKHF1;ABCD3;MAST2;TNFAIP3;SNX10;WASL;LIMD1;SIPA1L3;SYNE1;GOLGA8CP;SEC61A1;PCLO;CAPZB;ZMYM4;CHMP1B;MYO18A;ATP7A;DNM1L;SH3D19;BCAS3;DST;PARP1;VPS13D;VPS13B;PLAAT3;PEX2;CYP26C1;GORASP2;PALLD;ARHGEF7;PRKN;RAB1A;ATL3;ATL1;ATL2;HTT;NEDD9;FITM2;CECR2;RICTOR;SPTSSB;WASF3;LNPK;CLASP1;CLASP2;ARFGEF1;CHGA;YTHDF1;CENPW;MTX2;GBF1;PEX10;CDC42BPB;WTIP;MTOR;VMP1;KISS1;FMNL2;VAPA;KRT16;SLC25A33;RAB3GAP1"
"Actomyosin Structure Organization (GO:0031032)","24/77",0.101721061126546,0.99999537209541,0,0,1.41579778337059,3.23583543347481,"ITGB1;TMOD1;ITGB5;WDR1;ROCK1;TMOD3;TPM1;CDC42BPB;CDC42BPA;FHDC1;LMOD3;MYLK3;MYOM2;TTN;FRMD3;FAM171A1;FRMD5;CSRP2;SYNPO2L;EPB41L1;MYO18A;MYH9;PGM5;PHACTR1"
"Positive Regulation Of JNK Cascade (GO:0046330)","24/77",0.101721061126546,0.99999537209541,0,0,1.41579778337059,3.23583543347481,"APP;GADD45B;GADD45A;WNT7B;TNFRSF19;TRAF1;EDA2R;SH3RF1;MTURN;GADD45G;EDAR;SH3RF3;MFHAS1;TRAF4;TAOK3;TRAF3;TRAF6;MBIP;CD27;F2RL1;CCR7;TNIK;LTBR;MAP3K5"
"Negative Regulation Of Cell Population Proliferation (GO:0008285)","103/379",0.101831530092282,0.99999537209541,0,0,1.16867929480196,2.66977246561183,"APP;PHB1;ATP8A2;ADARB1;RPS6KA2;ADORA3;SOX9;ARID2;B2M;SOX7;SOX4;MAP2K1;KRT4;MAGI2;WNT5A;MED9;TSC2;LDOC1;SOX11;RUNX3;RNF41;SULT2B1;RAF1;CTBP2;CTBP1;GATA6;ATG101;APOD;IGFBP7;DRD2;S100A11;LYN;NIBAN2;SMAD3;HMGA1;INHBA;SMAD6;ALOX15B;SMARCA2;ST18;CDK6;DLG5;NF1;PHF14;STRN;BMPR1B;CD200;COL18A1;PTPRU;CDKN1A;CXCL8;PINX1;AKR1B1;TNFAIP3;ING4;FLCN;DUSP10;ADAMTS1;GPER1;RB1CC1;ADAMTS8;CD33;DIS3L2;NKX3-1;PBRM1;TESC;ITGA1;PEX2;AXIN2;PPP2R5C;NGF;MTSS1;GREM1;TGFBR3;KAT2B;MN1;MMRN2;CDH13;PPARG;ITGB1BP1;IRF6;EEF1E1;NLRC3;TOB2;THBS1;TOB1;PTHLH;RNF2;TBRG1;CLMN;PDPN;SH3BP4;TP53I11;E2F7;CDKN2B;DHRS2;MYO16;PML;PER2;SKI;APC;WT1;FABP7"
"AMP Metabolic Process (GO:0046033)","5/11",0.103034993692242,0.99999537209541,0,0,2.60332851935905,5.91654985141419,"SORD;AK4;AMPD2;ADSS2;AK9"
"Calcineurin-Mediated Signaling (GO:0097720)","5/11",0.103034993692242,0.99999537209541,0,0,2.60332851935905,5.91654985141419,"NFAT5;PPP3CA;NFATC3;NFATC2;NFATC1"
"Central Nervous System Projection Neuron Axonogenesis (GO:0021952)","5/11",0.103034993692242,0.99999537209541,0,0,2.60332851935905,5.91654985141419,"EPHA4;NFIB;MYCBP2;TSKU;GLI2"
"Lysosomal Microautophagy (GO:0016237)","5/11",0.103034993692242,0.99999537209541,0,0,2.60332851935905,5.91654985141419,"ATG16L1;RB1CC1;ULK2;SNX7;ATG7"
"Mitochondrial Genome Maintenance (GO:0000002)","5/11",0.103034993692242,0.99999537209541,0,0,2.60332851935905,5.91654985141419,"MGME1;PARP1;TOP3A;SLC25A33;SLC25A4"
"Negative Regulation Of Potassium Ion Transmembrane Transport (GO:1901380)","5/11",0.103034993692242,0.99999537209541,0,0,2.60332851935905,5.91654985141419,"KCNH2;BIN1;CAV1;STK39;NEDD4L"
"Positive Regulation Of Behavior (GO:0048520)","5/11",0.103034993692242,0.99999537209541,0,0,2.60332851935905,5.91654985141419,"MEF2C;NLGN1;SGIP1;GRPR;NPAS2"
"Positive Regulation Of Endoplasmic Reticulum Unfolded Protein Response (GO:1900103)","5/11",0.103034993692242,0.99999537209541,0,0,2.60332851935905,5.91654985141419,"PTPN1;BCL2L11;TMEM33;ATF6;BOK"
"Positive Regulation Of Protein Exit From Endoplasmic Reticulum (GO:0070863)","5/11",0.103034993692242,0.99999537209541,0,0,2.60332851935905,5.91654985141419,"SEC16B;TMEM30B;EDEM1;EDEM2;SORL1"
"Regulation Of Fatty Acid Metabolic Process (GO:0019217)","5/11",0.103034993692242,0.99999537209541,0,0,2.60332851935905,5.91654985141419,"NCOR1;CAV1;PDK4;PRKAG2;UGT1A8"
"Regulation Of Keratinocyte Migration (GO:0051547)","5/11",0.103034993692242,0.99999537209541,0,0,2.60332851935905,5.91654985141419,"IQSEC1;MAPRE2;MTOR;FGF10;MAP4K4"
"Regulation Of Mesenchymal Cell Proliferation (GO:0010464)","5/11",0.103034993692242,0.99999537209541,0,0,2.60332851935905,5.91654985141419,"STAT1;WNT5A;PHF14;SOX9;TGFBR2"
"Regulation Of Mitochondrial Fusion (GO:0010635)","5/11",0.103034993692242,0.99999537209541,0,0,2.60332851935905,5.91654985141419,"PRKN;MTCH2;BNIP3;PLD6;SLC18A1"
"Regulation Of Stress-Activated Protein Kinase Signaling Cascade (GO:0070302)","5/11",0.103034993692242,0.99999537209541,0,0,2.60332851935905,5.91654985141419,"GREM1;LYN;PAGE4;MAP2K1;MAPK1"
"Smooth Muscle Cell Differentiation (GO:0051145)","5/11",0.103034993692242,0.99999537209541,0,0,2.60332851935905,5.91654985141419,"MEF2C;TMEM204;HEY2;GATA6;MRTFB"
"Heart Morphogenesis (GO:0003007)","19/59",0.103727190047463,0.99999537209541,0,0,1.48485412787089,3.36466608859409,"MESP2;RYR2;INSR;EMP2;ISL1;TBXT;TTN;TBX2;VEGFA;TGFBR3;HEYL;SYNPO2L;APC;HEY2;RBM20;SOX9;ALPK2;EPHB4;BMPR1A"
"N-acylphosphatidylethanolamine Metabolic Process (GO:0070292)","4/8",0.103781974300122,0.99999537209541,0,0,3.12376237623762,7.07676802582408,"PLA2G4E;NAAA;NAPEPLD;PLAAT3"
"Actin Filament Network Formation (GO:0051639)","4/8",0.103781974300122,0.99999537209541,0,0,3.12376237623762,7.07676802582408,"CARMIL1;COBL;SPIRE1;LCP1"
"Cellular Response To Muramyl Dipeptide (GO:0071225)","4/8",0.103781974300122,0.99999537209541,0,0,3.12376237623762,7.07676802582408,"RIPK2;LDOC1;NOD1;VIM"
"Collagen-Activated Signaling Pathway (GO:0038065)","4/8",0.103781974300122,0.99999537209541,0,0,3.12376237623762,7.07676802582408,"ITGA2;ITGA11;GP6;DDR2"
"Dehydroascorbic Acid Transport (GO:0070837)","4/8",0.103781974300122,0.99999537209541,0,0,3.12376237623762,7.07676802582408,"SLC2A14;SLC2A10;SLC2A1;SLC2A3"
"Endochondral Ossification (GO:0001958)","4/8",0.103781974300122,0.99999537209541,0,0,3.12376237623762,7.07676802582408,"FOXC1;MEF2C;COL13A1;DLX5"
"Lactation (GO:0007595)","4/8",0.103781974300122,0.99999537209541,0,0,3.12376237623762,7.07676802582408,"FOXB1;OXTR;GPAT4;VEGFA"
"Leptin-Mediated Signaling Pathway (GO:0033210)","4/8",0.103781974300122,0.99999537209541,0,0,3.12376237623762,7.07676802582408,"LEP;STAT3;SIRT1;BBS4"
"Mesodermal Cell Differentiation (GO:0048333)","4/8",0.103781974300122,0.99999537209541,0,0,3.12376237623762,7.07676802582408,"ITGB1;ITGA2;ITGB3;HMGA2"
"Monocyte Activation (GO:0042117)","4/8",0.103781974300122,0.99999537209541,0,0,3.12376237623762,7.07676802582408,"CSF1;DYSF;ADAM9;SPACA3"
"Negative Regulation Of Long-Term Synaptic Potentiation (GO:1900272)","4/8",0.103781974300122,0.99999537209541,0,0,3.12376237623762,7.07676802582408,"FXR1;APP;EPHA4;FAM107A"
"Neuronal Ion Channel Clustering (GO:0045161)","4/8",0.103781974300122,0.99999537209541,0,0,3.12376237623762,7.07676802582408,"CNTNAP2;MTCH1;MYOC;NRCAM"
"Peptidyl-Lysine Monomethylation (GO:0018026)","4/8",0.103781974300122,0.99999537209541,0,0,3.12376237623762,7.07676802582408,"SETD3;SETD7;EHMT1;KMT5A"
"Positive Regulation Of Actin Cytoskeleton Reorganization (GO:2000251)","4/8",0.103781974300122,0.99999537209541,0,0,3.12376237623762,7.07676802582408,"BCAS3;HCK;TEK;CCL27"
"Positive Regulation Of Opsonization (GO:1903028)","4/8",0.103781974300122,0.99999537209541,0,0,3.12376237623762,7.07676802582408,"FCN1;MYO18A;PLA2G5;MBL2"
"Positive Regulation Of Protein Localization To Early Endosome (GO:1902966)","4/8",0.103781974300122,0.99999537209541,0,0,3.12376237623762,7.07676802582408,"RDX;MSN;EZR;SORL1"
"Positive Regulation Of Protein Localization To Endosome (GO:1905668)","4/8",0.103781974300122,0.99999537209541,0,0,3.12376237623762,7.07676802582408,"RDX;MSN;EZR;SORL1"
"Purine Nucleobase Transport (GO:0006863)","4/8",0.103781974300122,0.99999537209541,0,0,3.12376237623762,7.07676802582408,"VDAC3;SLC28A1;SLC29A3;SLC28A3"
"Purine Nucleoside Bisphosphate Catabolic Process (GO:0034034)","4/8",0.103781974300122,0.99999537209541,0,0,3.12376237623762,7.07676802582408,"NUDT7;SUCLA2;SUCLG2;FITM2"
"Regulation Of RNA Biosynthetic Process (GO:2001141)","4/8",0.103781974300122,0.99999537209541,0,0,3.12376237623762,7.07676802582408,"CXCL8;MITF;RALY;TNFRSF1B"
"Regulation Of Endothelial Cell Development (GO:1901550)","4/8",0.103781974300122,0.99999537209541,0,0,3.12376237623762,7.07676802582408,"PPP1R12A;ROCK1;ZDHHC21;VCL"
"Regulation Of Protein Localization To Early Endosome (GO:1902965)","4/8",0.103781974300122,0.99999537209541,0,0,3.12376237623762,7.07676802582408,"RDX;MSN;EZR;SORL1"
"Regulation Of Type B Pancreatic Cell Development (GO:2000074)","4/8",0.103781974300122,0.99999537209541,0,0,3.12376237623762,7.07676802582408,"GSK3B;RFX3;NKX6-1;CLOCK"
"Response To Magnesium Ion (GO:0032026)","4/8",0.103781974300122,0.99999537209541,0,0,3.12376237623762,7.07676802582408,"SLC41A1;FBP1;THBS1;SNCA"
"Ribonucleoside Bisphosphate Catabolic Process (GO:0034031)","4/8",0.103781974300122,0.99999537209541,0,0,3.12376237623762,7.07676802582408,"NUDT7;SUCLA2;SUCLG2;FITM2"
"Sensory Perception Of Sour Taste (GO:0050915)","4/8",0.103781974300122,0.99999537209541,0,0,3.12376237623762,7.07676802582408,"SCNN1G;SCNN1B;SCNN1A;ASIC2"
"succinyl-CoA Metabolic Process (GO:0006104)","4/8",0.103781974300122,0.99999537209541,0,0,3.12376237623762,7.07676802582408,"NUDT7;SUCLA2;OGDH;SUCLG2"
"Negative Regulation Of Macromolecule Metabolic Process (GO:0010605)","53/186",0.103840134326982,0.99999537209541,0,0,1.24680580384071,2.82389387193022,"RB1;APP;GSK3B;CXCL8;CITED2;IFNA2;PARK7;ROBO1;FLCN;CREB3L1;GPER1;HEY2;KDR;CD34;NKX3-1;MEF2C;SLC2A10;ZNF281;SORD;AP1AR;SOX11;SIRT1;TERF2;RBL2;MYCN;PPARG;OPTN;RBMS3;NOTCH2;PRKN;YAP1;MTMR2;SLC24A3;PTH;GATA5;PSEN1;NOCT;STOX1;CCR1;KDM4A;NDFIP2;SMAD3;SETDB2;STAT3;WWP2;IGF1;PARP14;POU4F1;APLN;VEGFA;BMPR1A;LGMN;PICALM"
"Fc-gamma Receptor Signaling Pathway (GO:0038094)","9/24",0.104218127479803,0.99999537209541,0,0,1.87482965104274,4.23949453888265,"LYN;VAV3;HCK;YES1;PLPP4;SYK;PRKCE;FYN;PLA2G6"
"Negative Regulation Of Cell Junction Assembly (GO:1901889)","9/24",0.104218127479803,0.99999537209541,0,0,1.87482965104274,4.23949453888265,"ROBO2;BCAS3;ROCK1;FAM107A;APOD;ITGB1BP1;ARHGAP6;THBS1;CLASP2"
"Negative Regulation Of Ion Transmembrane Transporter Activity (GO:0032413)","9/24",0.104218127479803,0.99999537209541,0,0,1.87482965104274,4.23949453888265,"TCAF2;CAMK2D;SLN;PRKCE;HECW2;NEDD4;STK39;NEDD4L;ADRA2A"
"Positive Regulation Of Neuron Projection Development (GO:0010976)","28/92",0.105149778810138,0.99999537209541,0,0,1.36800373134328,3.08124985355183,"ALK;NLGN1;TENM3;STMN2;VLDLR;ARHGAP35;CUX2;RAP1A;DHX36;ALKAL2;FZD1;LYN;NTRK2;CAMK1D;MUSK;NTRK3;MAGI2;WNT5A;ZNF804A;COBL;CBFA2T2;BMP7;RIT2;LRRC7;PTK7;PRKD1;CAMK1;DDR2"
"Positive Regulation Of Macromolecule Metabolic Process (GO:0010604)","99/364",0.105189266604512,0.99999537209541,0,0,1.1698009995673,2.63438484667598,"APP;PHB1;CSF1;PARK7;RBPJ;CLU;RIMS1;ANKRD31;SOX9;MEF2C;MAP2K1;MUSK;WNT5A;TRAPPC2B;ANK2;SOX11;MITF;ANK3;TICAM1;MYCN;PKP1;ADTRP;EZR;CHRNA7;GATA5;PSEN1;DHX36;MBIP;SLC38A2;MAP2K5;SRPK2;SEC16B;SMAD3;RDX;FN1;RAB27A;HMGA2;MSN;BRAF;IGF1;INHBA;BMP7;BMP6;NFKBIA;PIP;CNTN1;ATM;BMPR1B;BMPR1A;FGF10;GSK3B;CALCOCO1;CXCL8;CITED2;AKR1B1;ECE1;PIK3CB;ROBO1;C1QTNF1;GPER1;CTSH;CD36;CD34;NKX3-1;SLC2A10;TESC;PAX6;NGF;TERF2;PPARG;VAMP3;RBMS3;PRKN;YAP1;SLC24A3;ROCK1;LEF1;TTN;NWD1;CUX2;AGR2;STOX1;SNCA;IL33;NTRK2;PTPN1;NTRK3;STAT3;DTNBP1;ZNF804A;POU4F1;AGT;KLF2;MTOR;VEGFA;ACTC1;WT1;FAM98B;PF4"
"Regulation Of Cellular Biosynthetic Process (GO:0031326)","22/70",0.105543128299285,0.99999537209541,0,0,1.43288474810214,3.22203567040536,"APP;CXCL8;MEAF6;JADE1;ELP1;CTNS;MSI1;MITF;FITM2;ELP3;MSI2;TNFRSF1B;ELP5;SIRT1;ING4;TOM1L1;ATXN2;PDK4;GEMIN5;CD47;EIF4E;METAP1"
"Activation Of Protein Kinase Activity (GO:0032147)","25/81",0.105844141174861,0.99999537209541,0,0,1.39579448933085,3.13465800261991,"CD86;PHB1;ITGB3;PARK7;ADRB2;CAMKK2;PRRC1;NTF3;MAP3K7;OSBPL8;INSR;NTRK3;WNT5A;TNFRSF10B;EMP2;TNFRSF10A;IGF1;ADRA2A;MTOR;TGFBR2;VEGFA;TOM1L1;TRAF6;LEP;ITGB1BP1"
"Negative Regulation Of NF-kappaB Transcription Factor Activity (GO:0032088)","25/81",0.105844141174861,0.99999537209541,0,0,1.39579448933085,3.13465800261991,"TNFAIP3;NLRC3;NWD1;IRAK2;ADORA3;G3BP2;CDK5RAP3;MAP2K5;USP7;RWDD3;PRMT2;ANXA4;ERBIN;FOXJ1;COMMD1;COMMD7;SIRT1;BMP7;MTURN;NFKBIA;DAP;TRAF3;OTULIN;ZNF675;CD200"
"Potassium Ion Transmembrane Transport (GO:0071805)","40/137",0.106660366317512,0.99999537209541,0,0,1.28981669537496,2.88674601967777,"KCNG1;KCNG2;KCNG3;SLC24A4;SLC24A3;KCNE4;KCNC2;LRRC38;KCNC4;ATP1A4;SLC1A3;ATP1A2;GHITM;ATP1A1;KCNA6;LRRC55;SLC9C2;KCNV1;KCNT2;KCNN2;KCNN3;KCNJ3;KCNH2;KCNJ5;KCND2;KCNJ11;ABCC8;KCND3;KCNB1;KCNH8;KCNK13;KCNJ15;ATP1B1;ATP4B;KCNS1;SLC9A7;SLC9A9;KCNQ3;KCNQ5;KCNK1"
"Regulation Of Protein Modification Process (GO:0031399)","15/45",0.108447885845583,0.99999537209541,0,0,1.56274550341121,3.47161653255359,"ROPN1B;LYN;ATG10;FN1;IGF1;ATG14;FLCN;SPRED1;FER;ATG101;RB1CC1;CCDC88C;NDUFS4;ATG7;FNIP2"
"Negative Regulation Of Intracellular Steroid Hormone Receptor Signaling Pathway (GO:0033144)","11/31",0.108456647614231,0.99999537209541,0,0,1.71873579838876,3.81800786139099,"NCOR2;HEYL;PER1;PHB1;DAB2;NCOR1;NR0B1;ISL1;SIRT1;CLOCK;STRN3"
"Positive Regulation Of Cholesterol Transport (GO:0032376)","11/31",0.108456647614231,0.99999537209541,0,0,1.71873579838876,3.81800786139099,"NFKBIA;CETP;EEPD1;RXRA;ABCB4;CAV1;APOA1;PPARG;ABCA13;CYP8B1;SIRT1"
"Positive Regulation Of Bone Mineralization (GO:0030501)","13/38",0.109385966527999,0.99999537209541,0,0,1.62512089274644,3.59618561539415,"FBN2;KL;MEF2C;ADGRV1;SLC20A2;PTH;BMP7;SLC8A1;BMP6;RXRA;BMPR1B;BMPR1A;LTF"
"Positive Regulation Of Myoblast Differentiation (GO:0045663)","13/38",0.109385966527999,0.99999537209541,0,0,1.62512089274644,3.59618561539415,"RIPOR2;SMARCD2;MEF2C;PBRM1;SMARCC1;SMARCD3;ARID1A;ARID1B;SMARCA2;MYF6;DPF3;ARID2;SOX4"
"Regulation Of Neurotransmitter Secretion (GO:0046928)","13/38",0.109385966527999,0.99999537209541,0,0,1.62512089274644,3.59618561539415,"FER1L5;MEF2C;MCTP1;MYOF;DYSF;DTNBP1;SLC30A1;SNCAIP;RIMS2;RIMS1;PNKD;GPER1;SLC38A2"
"Response To cAMP (GO:0051591)","13/38",0.109385966527999,0.99999537209541,0,0,1.62512089274644,3.59618561539415,"STAT1;AKAP6;AQP1;ZFP36L1;RAP1B;CRHBP;DUOX1;RAP1A;WT1;NDUFS4;EZR;SLC26A3;CFTR"
"Transport Across Blood-Brain Barrier (GO:0150104)","26/85",0.109757313083702,0.99999537209541,0,0,1.37782632211116,3.04428465577621,"SLC24A3;SLC1A1;SLC22A1;SLC2A1;ATP1A4;SLC1A2;SLC1A3;SLC2A3;ATP1A2;SLC4A4;SLC7A1;SLC7A2;SLC16A7;CD36;SLC38A2;ABCC1;SLC38A1;ABCC2;SLC15A2;AVPR1B;SLC2A10;ABCC5;INSR;SLCO1C1;SLC6A6;SLCO3A1"
"Transmembrane Receptor Protein Serine/Threonine Kinase Signaling Pathway (GO:0007178)","38/130",0.111895672064674,0.99999537209541,0,0,1.29181192536262,2.82931141798435,"ITGB1;GPI;ITGB5;HPGD;DLX5;TGFBRAP1;TMEM100;ZMIZ2;HIVEP1;GCNT2;MAP3K7;SMAD4;SMAD3;SMURF1;GDF15;USP9Y;MAGI2;STAT3;SMAD9;APOA1;INHBA;FOS;SMAD6;RGMB;BMP7;SIRT1;BMP6;RGMA;TGFBR2;NUP93;TGFBR3;SKI;BMP3;ADAM9;PPARG;BMPR1B;FERMT2;BMPR1A"
"Endocardial Cushion Morphogenesis (GO:0003203)","8/21",0.113020242841373,0.99999537209541,0,0,1.92275932160325,4.19197744613377,"HEYL;APC;GATA5;SOX9;ISL1;TBX2;TGFBR2;BMPR1A"
"Macrophage Differentiation (GO:0030225)","8/21",0.113020242841373,0.99999537209541,0,0,1.92275932160325,4.19197744613377,"IL33;IL1RL1;CSF1;PARP1;UCP2;IL31RA;SIRT1;VEGFA"
"Positive Regulation Of Transcription Regulatory Region DNA Binding (GO:2000679)","8/21",0.113020242841373,0.99999537209541,0,0,1.92275932160325,4.19197744613377,"RB1;FOXC1;NIBAN2;TRAF6;PAX6;IGF1;PARK7;POU4F1"
"Regulation Of Cell-Substrate Junction Assembly (GO:0090109)","8/21",0.113020242841373,0.99999537209541,0,0,1.92275932160325,4.19197744613377,"MACF1;ROCK1;LIMCH1;PTPRA;FYN;EFNA5;CLASP1;VCL"
"Regulation Of Dendritic Spine Development (GO:0060998)","8/21",0.113020242841373,0.99999537209541,0,0,1.92275932160325,4.19197744613377,"MEF2C;NLGN1;PTPRS;GRIN3A;DLG5;PSEN1;CAMK1;TANC2"
"Positive Regulation Of DNA Repair (GO:0045739)","27/89",0.11347389077154,0.99999537209541,0,0,1.36159786060505,2.96308544415409,"INO80C;SMARCD2;SMARCD3;FMN2;EGFR;NPAS2;BABAM2;SMCHD1;DPF1;RUVBL1;DPF3;ARID2;PBRM1;SMARCC1;PARP1;EYA1;EYA2;MGMT;EYA3;ARID1A;ARID1B;SIRT1;SMARCA2;UBE2V2;UBE2N;SPIRE1;FGF10"
"Cellular Response To Nutrient Levels (GO:0031669)","24/78",0.114500773266862,0.99999537209541,0,0,1.38948725029918,3.01126022893008,"PRR5;CDKN2B;KCNB1;MAPKAP1;FAM107A;TFEB;PRKAG2;WIPI1;WIPI2;ATG14;SIRT1;MTOR;RPTOR;FLCN;MAP1LC3A;STK24;MAP1LC3C;STK26;LAMP2;JMY;PDK4;RICTOR;LCP1;ATG7"
"Intrinsic Apoptotic Signaling Pathway In Response To DNA Damage (GO:0008630)","16/49",0.115915007648692,0.99999537209541,0,0,1.51540216056345,3.26553715941516,"DYRK2;AEN;TNFRSF1B;SIRT1;HIC1;PML;MSH6;BCL2L10;BCL2L11;DDIT4;BCL2;ATM;FNIP2;BOK;MCL1;BCL2L1"
"Positive Regulation Of miRNA Metabolic Process (GO:2000630)","16/49",0.115915007648692,0.99999537209541,0,0,1.51540216056345,3.26553715941516,"FOXA1;PNPT1;POU2F1;SMAD3;SRF;STAT3;MRTFB;FOS;NR3C1;EGFR;APLN;MYCN;WT1;MYB;PPARG;TEAD1"
"Regulation Of Mitotic Metaphase/Anaphase Transition (GO:0030071)","16/49",0.115915007648692,0.99999537209541,0,0,1.51540216056345,3.26553715941516,"RB1;PBRM1;SMARCC1;SMARCD2;SMARCD3;USP44;NSMCE2;ARID1A;ARID1B;SMARCA2;CDC23;HECW2;DPF1;DPF3;ARID2;CDK5RAP2"
"Modulation Of Chemical Synaptic Transmission (GO:0050804)","36/123",0.117434204498917,0.99999537209541,0,0,1.29404857371978,2.77169295968294,"GRIA1;ITGB1;APP;GSK3B;NLGN1;MCTP1;CLSTN2;CHRNA7;CLSTN1;DYSF;GRIK4;ATP1A2;GRM1;RIMS2;FXR1;GRM3;RIMS1;PPP3CA;CDH2;GRM7;DRD2;DLGAP2;GRIA3;USP46;MEF2C;SLC38A1;FER1L5;HOMER1;MYOF;BTBD9;SYN3;SNCAIP;BCR;GRIN3A;NRG3;CNTNAP4"
"Collagen Fibril Organization (GO:0030199)","14/42",0.118313298009508,0.99999537209541,0,0,1.56262918561389,3.33530558796978,"COL18A1;COLGALT2;COL14A1;LOXL2;GREM1;ADAMTS3;BMP1;COL2A1;PXDN;NF1;TLL2;TLL1;ATP7A;DDR2"
"Regulation Of Osteoclast Differentiation (GO:0045670)","14/42",0.118313298009508,0.99999537209541,0,0,1.56262918561389,3.33530558796978,"CCR1;CSF1;LRRC17;NEDD9;TMEM64;POU4F1;MTOR;PPP3CA;PRXL2A;TRAF6;TNFSF11;ZNF675;EEIG1;FBN1"
"Cellular Response To Osmotic Stress (GO:0071470)","10/28",0.118342652967268,0.99999537209541,0,0,1.73596769011887,3.70485194251542,"RPTOR;NFAT5;STK39;LRRC8D;SLC4A11;RCSD1;MTOR;MYLK;ZFP36L1;SERPINB6"
"Positive Regulation Of Fibroblast Proliferation (GO:0048146)","10/28",0.118342652967268,0.99999537209541,0,0,1.73596769011887,3.70485194251542,"CDKN1A;CDK6;PDGFC;WNT5A;NDUFS4;FN1;IGF1;WNT2;AQP1;DDR2"
"Regulation Of Cardiac Muscle Cell Action Potential (GO:0098901)","10/28",0.118342652967268,0.99999537209541,0,0,1.73596769011887,3.70485194251542,"DSP;RYR2;CAMK2D;DLG1;CAV1;PKP2;ATP2A2;CTNNA3;ANK2;CACNA1C"
"Response To Retinoic Acid (GO:0032526)","19/60",0.118728584615352,0.99999537209541,0,0,1.44854228802996,3.08672076841407,"LYN;GSK3B;TESC;WNT7B;WNT5A;WNT9B;GATA6;AQP1;ASXL1;MEIOSIN;RXRA;WNT11;PTK7;HSD17B2;CTSH;ATM;SOX9;BRINP3;WNT2"
"Lipid Biosynthetic Process (GO:0008610)","22/71",0.119348785660514,0.99999537209541,0,0,1.40354924578527,2.98353179107008,"AGPAT5;SRD5A2;ACSL1;SRD5A1;ACSM1;MBOAT1;ACSM2A;ACSM5;FITM2;ACSM4;HMGCR;CLN8;ACACB;AGPAT3;AGPAT4;MLXIPL;GPAT4;FASN;PDSS2;PIP5K1A;LCP1;CBR4"
"Regulation Of Cilium Assembly (GO:1902017)","22/71",0.119348785660514,0.99999537209541,0,0,1.40354924578527,2.98353179107008,"YAP1;GSK3B;RABGAP1;INTU;ODF1;IFT140;CEP120;GDI2;TBC1D8;KIF24;HTT;TBC1D2B;TBC1D1;TBC1D2;MPHOSPH9;TBC1D5;TBC1D14;SAXO1;TBC1D22A;BBS4;SDCCAG8;TBC1D16"
"Glutamate Receptor Signaling Pathway (GO:0007215)","12/35",0.119451295594035,0.99999537209541,0,0,1.6304347826087,3.46442373740191,"GRM3;TRPM1;GRIN3A;GRM7;HOMER1;HOMER2;KCNB1;GNAQ;GRIK4;GRM1;GRIA3;CDK5R1"
"Neutral Amino Acid Transport (GO:0015804)","12/35",0.119451295594035,0.99999537209541,0,0,1.6304347826087,3.46442373740191,"SLC36A1;SLC6A6;SLC36A3;SLC38A1;SLC36A2;SLC7A9;SLC6A15;SLC1A1;SLC43A1;SLC38A9;SLC38A2;SLC38A4"
"Regulation Of Axon Extension (GO:0030516)","12/35",0.119451295594035,0.99999537209541,0,0,1.6304347826087,3.46442373740191,"GSK3B;MACF1;CDKL3;GOLGA4;PTPRS;SIN3A;RNF6;NRCAM;DIP2B;MAP3K13;KIAA0319;DNM2"
"Calcium Ion Transport (GO:0006816)","33/112",0.12060411444342,0.99999537209541,0,0,1.30621406300483,2.76295868877761,"RYR2;SLC24A4;CALCRL;SLC24A3;CHRNA7;ITPR1;ATP2A2;CACNA1D;CACNA1C;PSEN1;ATP2C2;ATP2C1;CLU;SLC8A1;TRPM1;CRACR2A;SLN;CDH23;TRPM7;ITGAV;FYN;TRPM8;CACNG3;CCR1;TRPC3;CAV1;GRIN3A;ORAI1;NMUR1;MICU1;RAMP1;SLC24A5;TPT1"
"Actin Filament Capping (GO:0051693)","7/18",0.122476810895088,0.99999537209541,0,0,1.98816024017262,4.17480560636876,"EPS8;SVIL;CAPZA3;CAPZB;CAPZA1;CAPZA2;ADD3"
"Adrenergic Receptor Signaling Pathway (GO:0071875)","7/18",0.122476810895088,0.99999537209541,0,0,1.98816024017262,4.17480560636876,"LMBRD2;ADRB1;ZDHHC21;ADRB2;ADRA1B;DRD2;ADRA2A"
"Associative Learning (GO:0008306)","7/18",0.122476810895088,0.99999537209541,0,0,1.98816024017262,4.17480560636876,"APP;FOXB1;NETO1;TAFA2;NF1;DRD2;LGMN"
"Barbed-End Actin Filament Capping (GO:0051016)","7/18",0.122476810895088,0.99999537209541,0,0,1.98816024017262,4.17480560636876,"EPS8;SVIL;CAPZA3;CAPZB;CAPZA1;CAPZA2;ADD3"
"Neuron Fate Commitment (GO:0048663)","7/18",0.122476810895088,0.99999537209541,0,0,1.98816024017262,4.17480560636876,"ISL2;MYT1L;PAX6;BHLHA15;ISL1;POU3F2;POU4F1"
"Positive Regulation Of CREB Transcription Factor Activity (GO:0032793)","7/18",0.122476810895088,0.99999537209541,0,0,1.98816024017262,4.17480560636876,"EPHA5;CAMK1D;CRTC3;CRTC1;PRKD1;CD200;VEGFA"
"Positive Regulation Of Extracellular Matrix Organization (GO:1903055)","7/18",0.122476810895088,0.99999537209541,0,0,1.98816024017262,4.17480560636876,"RB1;SMAD3;PDPN;FSCN1;CLASP1;CLASP2;DDR2"
"Positive Regulation Of Focal Adhesion Assembly (GO:0051894)","7/18",0.122476810895088,0.99999537209541,0,0,1.98816024017262,4.17480560636876,"MYOC;ROCK1;KDR;TEK;FERMT2;VEGFA;MAP4K4"
"Positive Regulation Of Glycolytic Process (GO:0045821)","7/18",0.122476810895088,0.99999537209541,0,0,1.98816024017262,4.17480560636876,"RPTOR;MLXIPL;INSR;IGF1;PSEN1;SLC4A4;MTOR"
"Positive Regulation Of Phosphoprotein Phosphatase Activity (GO:0032516)","7/18",0.122476810895088,0.99999537209541,0,0,1.98816024017262,4.17480560636876,"PPP1R15B;PPP1R12A;ITGA1;MAGI2;GNA12;MTOR;CD33"
"Regulation Of Dendrite Extension (GO:1903859)","7/18",0.122476810895088,0.99999537209541,0,0,1.98816024017262,4.17480560636876,"RIMS2;RNF157;SYT4;RIMS1;SMURF1;NEDD4L;OSTN"
"Response To Organophosphorus (GO:0046683)","7/18",0.122476810895088,0.99999537209541,0,0,1.98816024017262,4.17480560636876,"DUOX1;RFC3;KCNJ11;TRPC3;STAT1;NDUFS4;TLR7"
"Vesicle Transport Along Actin Filament (GO:0030050)","7/18",0.122476810895088,0.99999537209541,0,0,1.98816024017262,4.17480560636876,"MYO1D;MYO1E;MYO1B;MYO5C;MYO7B;WASL;FNBP1L"
"Gonad Development (GO:0008406)","17/53",0.122783097392644,0.99999537209541,0,0,1.47595082155579,3.09556466848343,"TFAP2C;WNT2B;SRD5A2;WNT5A;GATA6;AKR1B1;ADAM32;GATA4;NR0B1;INHBA;NR2F2;ADAM2;KITLG;SALL1;WT1;FSHR;SOX9"
"Regulation Of Macromolecule Biosynthetic Process (GO:0010556)","17/53",0.122783097392644,0.99999537209541,0,0,1.47595082155579,3.09556466848343,"MEAF6;JADE1;ELP1;MSI1;MITF;ELP3;MSI2;TNFRSF1B;ELP5;ING4;TOM1L1;ATXN2;ATG101;RB1CC1;GEMIN5;EIF4E;METAP1"
"Neuron Differentiation (GO:0030182)","49/173",0.123277732432731,0.99999537209541,0,0,1.23608228728013,2.58751018871011,"FOXA1;ALK;ATP8A2;TENM3;WNT2B;TENM4;MYT1L;HS6ST1;GLI2;SALL1;SOX4;EPHA5;MAP2K1;MEF2C;WNT5A;EN2;WNT9B;EN1;ACSL4;SOX11;PAX6;BHLHA15;POU3F2;RUNX3;ISL2;DDIT4;MET;SRF;VXN;WNT11;ERBB2;BRINP3;WNT2;FZD1;IRX1;IRX2;NTRK2;FZD5;WNT7B;PBX3;INHBA;SMARCA1;USH2A;PHOX2B;MANF;VEGFA;LHX2;WNK1;CDK5R1"
"Cardiac Conduction (GO:0061337)","15/46",0.126418786822294,0.99999537209541,0,0,1.51223432279405,3.12753524562638,"DSP;KCNH2;KCNJ5;CAMK2D;KCNE4;KCND3;CAV1;CACNA1D;ANK2;CACNA1C;ISL1;BIN1;PKP2;CTNNA3;KCNJ3"
"Male Gonad Development (GO:0008584)","15/46",0.126418786822294,0.99999537209541,0,0,1.51223432279405,3.12753524562638,"TFAP2C;WNT2B;SRD5A2;WNT5A;GATA6;AKR1B1;ADAM32;GATA4;NR0B1;INHBA;ADAM2;KITLG;WT1;FSHR;SOX9"
"Regulation Of Fibroblast Proliferation (GO:0048145)","15/46",0.126418786822294,0.99999537209541,0,0,1.51223432279405,3.12753524562638,"CDKN1A;WNT5A;FN1;MED9;NLRC3;PEX2;IGF1;AQP1;SKI;CDK6;PDGFC;NDUFS4;NF1;WNT2;DDR2"
"Negative Regulation Of Cellular Component Organization (GO:0051129)","24/79",0.128232479143146,0.99999537209541,0,0,1.36413346388491,2.80180793456009,"GSK3B;CARMIL1;LRSAM1;MTMR2;MCTP1;CRACD;RDX;AKR1B1;APOA1;WASL;CLU;ISL1;TERF2;SORL1;BMP6;DNM2;VEGFA;TMEFF2;SLN;IAPP;SOST;PRKD1;RAF1;ANKS1B"
"Protein Dephosphorylation (GO:0006470)","36/124",0.12834987169397,0.99999537209541,0,0,1.27925853216551,2.62631184526113,"PTPRU;PPP1R15B;MTMR2;PTPRR;MTMR3;PTPRS;CTDP1;PTPRO;PPM1H;PTPRM;CDC14B;MTM1;TIMM50;PPP3CA;DUSP10;PPP2R1B;ILKAP;NCK1;DUSP5;PTPN1;PPP1R12A;PPTC7;FBXW11;PPP2R5A;PPP4R3A;PPP4R3B;DUSP29;PPP2R5C;PTPN12;SSH2;PTPRE;PTPRB;PTPRA;PTPN9;PPEF2;PTPN5"
"Post-Transcriptional Regulation Of Gene Expression (GO:0010608)","18/57",0.129114591157045,0.99999537209541,0,0,1.44257025556157,2.95302060456485,"ELP1;MSI1;ELP3;TDRD7;MSI2;ATG14;ELP5;GIGYF2;PUM2;PER1;ATXN2;LARP1;ZC3H7A;ZC3H7B;GCNT2;GEMIN5;EIF4E;METAP1"
"Heterochromatin Organization (GO:0070828)","13/39",0.12926482150699,0.99999537209541,0,0,1.56251291589171,3.1967328292081,"RB1;HDAC5;KMT2D;CTBP1;SETD7;SETDB2;HMGA2;SIRT1;LOXL2;PRDM16;SCMH1;TRIP12;TNP1"
"Positive Regulation Of Lymphocyte Differentiation (GO:0045621)","13/39",0.12926482150699,0.99999537209541,0,0,1.56251291589171,3.1967328292081,"SMARCD2;PBRM1;SMARCC1;SMARCD3;SYK;ZBTB1;ARID1A;ARID1B;SMARCA2;PPP2R3C;IL7;CD27;ARID2"
"RNA Polyadenylation (GO:0043631)","9/25",0.129316032243292,0.99999537209541,0,0,1.75753665083626,3.59503420370878,"APP;ZCCHC7;PNPT1;PCF11;PAPOLG;TUT1;PEX2;PABPC1;TENT4B"
"Activation Of Protein Kinase B Activity (GO:0032148)","9/25",0.129316032243292,0.99999537209541,0,0,1.75753665083626,3.59503420370878,"OSBPL8;INSR;NTRK3;NTF3;WNT5A;ITGB1BP1;PARK7;IGF1;MTOR"
"Carbohydrate Biosynthetic Process (GO:0016051)","9/25",0.129316032243292,0.99999537209541,0,0,1.75753665083626,3.59503420370878,"EXT1;ST6GALNAC1;B4GALT1;B3GALT2;ST3GAL4;ST3GAL6;ST8SIA6;ST6GALNAC5;ST3GAL3"
"Lamellipodium Assembly (GO:0030032)","9/25",0.129316032243292,0.99999537209541,0,0,1.75753665083626,3.59503420370878,"ITGB1;CARMIL1;ABLIM3;PTPRO;SPATA13;CDH13;SRGAP3;ARHGEF7;VCL"
"Peptide Hormone Secretion (GO:0030072)","9/25",0.129316032243292,0.99999537209541,0,0,1.75753665083626,3.59503420370878,"RIMS2;RAB1A;GHSR;CYB5R4;ANXA1;SLC30A8;GAL;FAM3B;PARK7"
"Positive Regulation Of Striated Muscle Cell Differentiation (GO:0051155)","9/25",0.129316032243292,0.99999537209541,0,0,1.75753665083626,3.59503420370878,"EFNB2;MEF2C;NIBAN2;MYF6;PIEZO1;ATP11A;IGF1;LMOD3;MYLK3"
"Regulation Of Chondrocyte Differentiation (GO:0032330)","9/25",0.129316032243292,0.99999537209541,0,0,1.75753665083626,3.59503420370878,"GREM1;TRPS1;MBOAT2;SOX9;ADAMTS12;SOX6;BMPR1B;PTHLH;LOXL2"
"Secretory Granule Organization (GO:0033363)","9/25",0.129316032243292,0.99999537209541,0,0,1.75753665083626,3.59503420370878,"AP1G1;HPS1;VPS33B;AP1B1;DTNBP1;AP3S2;AP3B1;LYST;F2RL3"
"Negative Regulation Of Osteoblast Differentiation (GO:0045668)","11/32",0.130657499633954,0.99999537209541,0,0,1.63678303380844,3.33114136132108,"GREM1;SKI;CDK6;NOCT;SUFU;CRIM1;PPARG;SOX9;TMEM64;LIMD1;SMAD6"
"Regulation Of Transmembrane Transport (GO:0034762)","11/32",0.130657499633954,0.99999537209541,0,0,1.63678303380844,3.33114136132108,"KCNJ5;KCNJ11;PRKCB;NEDD4;PIM1;KCNJ15;BCL2;NEDD4L;WWP2;KCNJ3;SNCA"
"Regulation Of Epithelial To Mesenchymal Transition (GO:0010717)","25/83",0.132285859081054,0.99999537209541,0,0,1.34748505175628,2.72567942100955,"FOXA1;FOXC1;LEF1;LOXL2;SPRED1;GLIPR2;PDPN;ZNF703;GCNT2;CLASP1;CLASP2;EPHA4;WWTR1;SMAD4;SMAD3;AXIN2;USF3;AGT;MTOR;TGFBR2;GREM1;EFNA1;TIAM1;DAB2;FERMT2"
"Vascular Transport (GO:0010232)","25/83",0.132285859081054,0.99999537209541,0,0,1.34748505175628,2.72567942100955,"SLC24A3;SLC1A1;SLC22A1;SLC2A1;ATP1A4;SLC1A2;SLC1A3;SLC2A3;ATP1A2;SLC4A4;SLC7A1;SLC7A2;SLC16A7;SLC38A2;ABCC1;SLC38A1;ABCC2;SLC15A2;AVPR1B;SLC2A10;ABCC5;INSR;SLCO1C1;SLC6A6;SLCO3A1"
"Golgi To Endosome Transport (GO:0006895)","6/15",0.132476796943265,0.99999537209541,0,0,2.08267987343514,4.20982031008613,"AP4M1;MON2;GBF1;VPS13A;WIPI1;KLHL20"
"Neurotrophin Signaling Pathway (GO:0038179)","6/15",0.132476796943265,0.99999537209541,0,0,2.08267987343514,4.20982031008613,"RAP1A;MAGI2;DDIT4;NTF3;NGF;BCAR1"
"Regulation Of Dephosphorylation (GO:0035303)","6/15",0.132476796943265,0.99999537209541,0,0,2.08267987343514,4.20982031008613,"MTMR1;MTMR2;MTMR3;ROCK1;MTMR9;SMG6"
"Plasma Membrane Bounded Cell Projection Morphogenesis (GO:0120039)","16/50",0.133801543251578,0.99999537209541,0,0,1.47073419938695,2.95823123496791,"CNTNAP2;NLGN1;DTNBP1;NGF;BMP7;DCLK1;MYO16;DNM2;TAOK3;NTF3;TUNAR;TNIK;SRGAP3;ATP7A;GAS7;MAP4K4"
"Positive Regulation Of Developmental Growth (GO:0048639)","16/50",0.133801543251578,0.99999537209541,0,0,1.47073419938695,2.95823123496791,"GHSR;MACF1;SYT4;CPNE5;SMURF1;INSR;NEDD4L;NGF;RIMS2;RNF157;RIMS1;GHRHR;GOLGA4;LEP;AGR2;MAP3K13"
"Autophagosome Organization (GO:1905037)","19/61",0.134964873635202,0.99999537209541,0,0,1.41395958341955,2.83179444785715,"RAB1A;MAP1LC3B2;ATP2A2;WIPI1;WIPI2;ATG14;IRGM;AP4M1;VMP1;MAP1LC3A;ATG16L2;MAP1LC3C;ATG101;ATG16L1;RB1CC1;ULK2;PIK3C3;SPG11;ATG7"
"Positive Regulation Of Cell Junction Assembly (GO:1901890)","19/61",0.134964873635202,0.99999537209541,0,0,1.41395958341955,2.83179444785715,"CNTNAP2;NLGN1;CLSTN2;MYOC;ROCK1;CAV1;CLSTN1;AGT;VEGFA;CUX2;SLITRK1;DLG5;SLITRK3;KDR;SYNDIG1;TEK;FERMT2;EPHB3;MAP4K4"
"mRNA Catabolic Process (GO:0006402)","14/43",0.138064089606316,0.99999537209541,0,0,1.50864563584268,2.98717460760848,"RNH1;TUT7;PNPT1;CNOT10;NUDT16L1;SND1;RIDA;LSM6;XRN1;THRAP3;XRN2;DCP2;DIS3L2;NUDT12"
"Regulation Of Cellular Component Size (GO:0032535)","14/43",0.138064089606316,0.99999537209541,0,0,1.50864563584268,2.98717460760848,"RAB3B;RAP1GAP2;VAV3;RDX;MSN;ARHGAP35;MTOR;EPS8;RPTOR;MYO3B;RIN3;EZR;BORCS5;PICALM"
"Protein K63-linked Ubiquitination (GO:0070534)","17/54",0.140547505296298,0.99999537209541,0,0,1.43596523100143,2.81766495017821,"ARRDC4;PRKN;TRAF3IP2;UBE2E2;BFAR;UBE2G1;WWP2;TRAF1;PRPF19;TRIM8;TRAF4;TRAF3;TRAF6;NEDD4;UBE2V2;UBE2N;RNF152"
"Metal Ion Transport (GO:0030001)","48/171",0.140993601835759,0.99999537209541,0,0,1.22052760910623,2.39106334310355,"KCNG1;KCNG2;RYR2;CALCRL;TUSC3;CHRNA7;KCNC4;ITPR1;ATP1A4;SLC41A1;CACNA1D;ATP1A2;PSEN1;KCNA6;ATP2C1;CLU;SLC4A4;AQP1;KCNV1;SLN;KCNMB1;KCNMB2;CDH23;KCNN2;TRPM7;FYN;CACNG3;SCN1A;KCNJ3;CCR1;KCNJ5;NDFIP2;TRPC3;KCND3;CAV1;KCNJ15;SLC4A11;SCNN1G;SLC5A8;GRIN3A;KCNS1;SCN8A;SCNN1B;KCNMA1;NMUR1;KCNK1;RAMP1;TPT1"
"Protein Destabilization (GO:0031648)","12/36",0.141466650494635,0.99999537209541,0,0,1.56239669421488,3.05556558332006,"PRKN;SERF1A;FBXW11;KDM8;CCDC88C;DERL1;HTT;CTSH;PEX2;IRGM;SIRT1;SNCA"
"Cellular Response To Low-Density Lipoprotein Particle Stimulus (GO:0071404)","8/22",0.141536003908087,0.99999537209541,0,0,1.78530140379851,3.49062335723978,"ITGB1;SYK;CDH13;PPARG;ADTRP;CD36;LCP1;TICAM1"
"Dendritic Cell Differentiation (GO:0097028)","8/22",0.141536003908087,0.99999537209541,0,0,1.78530140379851,3.49062335723978,"LYN;DCSTAMP;F2RL1;CCR7;CLU;DHRS2;BATF;TGFBR2"
"Glucose Transmembrane Transport (GO:1904659)","8/22",0.141536003908087,0.99999537209541,0,0,1.78530140379851,3.49062335723978,"SLC2A9;SLC2A14;SLC2A10;SLC45A1;SLC2A12;SLC2A1;SLC2A3;SLC2A7"
"Negative Regulation Of Cell Development (GO:0010721)","8/22",0.141536003908087,0.99999537209541,0,0,1.78530140379851,3.49062335723978,"GSK3B;RFLNB;PAX6;HOOK3;IGF1;SORL1;B2M;PTHLH"
"Organelle Fission (GO:0048285)","8/22",0.141536003908087,0.99999537209541,0,0,1.78530140379851,3.49062335723978,"PRKN;SEC16B;WASHC5;MTFP1;UCP2;TMCC1;DNM1L;GDAP1"
"peptidyl-L-cysteine S-palmitoylation (GO:0018230)","8/22",0.141536003908087,0.99999537209541,0,0,1.78530140379851,3.49062335723978,"GOLGA7B;ZDHHC9;ZDHHC21;ZDHHC7;ZDHHC11;ZDHHC1;GOLGA7;ZDHHC14"
"peptidyl-S-diacylglycerol-L-cysteine Biosynthetic Process From Peptidyl-Cysteine (GO:0018231)","8/22",0.141536003908087,0.99999537209541,0,0,1.78530140379851,3.49062335723978,"GOLGA7B;ZDHHC9;ZDHHC21;ZDHHC7;ZDHHC11;ZDHHC1;GOLGA7;ZDHHC14"
"Positive Regulation Of Phosphatase Activity (GO:0010922)","8/22",0.141536003908087,0.99999537209541,0,0,1.78530140379851,3.49062335723978,"PPP1R15B;MEF2C;ROCK1;ITGA1;MAGI2;GNA12;MTMR9;MTOR"
"DNA Conformation Change (GO:0071103)","5/12",0.142679216760528,0.99999537209541,0,0,2.23127707860532,4.34464546160707,"TOP3B;HHEX;TOP3A;MTERF1;TOP1"
"Alanine Transport (GO:0032328)","5/12",0.142679216760528,0.99999537209541,0,0,2.23127707860532,4.34464546160707,"SLC36A1;SLC6A6;SLC36A3;SLC36A2;SLC38A2"
"Cellular Component Maintenance (GO:0043954)","5/12",0.142679216760528,0.99999537209541,0,0,2.23127707860532,4.34464546160707,"MTMR2;INSR;FYN;CLRN2;LNPK"
"Dendrite Self-Avoidance (GO:0070593)","5/12",0.142679216760528,0.99999537209541,0,0,2.23127707860532,4.34464546160707,"ROBO4;PALLD;CNTN4;EMB;DSCAML1"
"Endochondral Bone Morphogenesis (GO:0060350)","5/12",0.142679216760528,0.99999537209541,0,0,2.23127707860532,4.34464546160707,"FOXC1;MEF2C;COL13A1;DLX5;BMPR1B"
"Eye Photoreceptor Cell Differentiation (GO:0001754)","5/12",0.142679216760528,0.99999537209541,0,0,2.23127707860532,4.34464546160707,"DZANK1;STAT3;PROM1;CEP290;VEGFA"
"Fatty Acid Transmembrane Transport (GO:1902001)","5/12",0.142679216760528,0.99999537209541,0,0,2.23127707860532,4.34464546160707,"ABCD3;CPT2;SLC2A1;CD36;SLC25A20"
"Myelination In Peripheral Nervous System (GO:0022011)","5/12",0.142679216760528,0.99999537209541,0,0,2.23127707860532,4.34464546160707,"SKI;ARHGEF10;MYOC;LGI4;NF1"
"Negative Regulation Of Potassium Ion Transport (GO:0043267)","5/12",0.142679216760528,0.99999537209541,0,0,2.23127707860532,4.34464546160707,"KCNH2;BIN1;CAV1;STK39;NEDD4L"
"Porphyrin-Containing Compound Catabolic Process (GO:0006787)","5/12",0.142679216760528,0.99999537209541,0,0,2.23127707860532,4.34464546160707,"UGT1A10;ABCC2;AMBP;BLVRB;UGT1A4"
"Positive Regulation Of T Cell Chemotaxis (GO:0010820)","5/12",0.142679216760528,0.99999537209541,0,0,2.23127707860532,4.34464546160707,"WNK1;WNT5A;STK39;CXCL13;CCR2"
"Regulation Of Monooxygenase Activity (GO:0032768)","5/12",0.142679216760528,0.99999537209541,0,0,2.23127707860532,4.34464546160707,"GDNF;LEP;ZDHHC21;EGFR;SNCA"
"Regulation Of Retinoic Acid Receptor Signaling Pathway (GO:0048385)","5/12",0.142679216760528,0.99999537209541,0,0,2.23127707860532,4.34464546160707,"ASXL1;CYP26A1;CYP26C1;CTBP2;KLF2"
"Regulation Of Vascular Associated Smooth Muscle Cell Migration (GO:1904752)","5/12",0.142679216760528,0.99999537209541,0,0,2.23127707860532,4.34464546160707,"DOCK5;DOCK4;MEF2C;TPM1;PRKG1"
"Response To Muramyl Dipeptide (GO:0032495)","5/12",0.142679216760528,0.99999537209541,0,0,2.23127707860532,4.34464546160707,"RIPK2;ERBIN;LDOC1;NOD1;VIM"
"Very Long-Chain Fatty Acid Biosynthetic Process (GO:0042761)","5/12",0.142679216760528,0.99999537209541,0,0,2.23127707860532,4.34464546160707,"HACD1;ELOVL6;ELOVL7;HACD3;TECRL"
"Peptidyl-Tyrosine Dephosphorylation (GO:0035335)","10/29",0.143188612180782,0.99999537209541,0,0,1.64449227157112,3.19622293001673,"DUSP5;PTPN1;PTPRR;PTPRB;PTPRS;DUSP10;PTPRO;PTPN9;PTPN12;PTPN5"
"Inorganic Cation Transmembrane Transport (GO:0098662)","77/284",0.144864929331508,0.99999537209541,0,0,1.16392948377469,2.24865763125967,"KCNG1;KCNG2;KCNG3;KCNC2;LRRC38;KCNC4;ATP2A2;SLC4A4;CLU;SLC6A3;SLC8A1;SLC9C2;AQP1;NNT;ITGAV;KCNH2;SLC36A1;SLC36A3;ATP6V0E1;SLC30A8;SLC36A2;KCND2;TRPC3;ABCC8;SLC6A15;KCNH8;SLC30A5;KCNK13;ATP6AP2;SLC39A11;HTR3C;SLC6A11;SLC30A1;ATP1B1;SCNN1G;SLC9A7;SCNN1B;SCNN1A;SLC9A9;KCNQ3;ORAI1;KCNQ5;ATP6V0D1;SLC24A4;SLC24A3;UCP1;ATP1A4;SLC1A3;SLC41A1;CACNA1D;ATP1A2;KCNA6;CACNA1C;ATP1A1;ATP2C2;ATP2C1;LRRC55;TRPM1;KCNV1;UCP3;UCP2;ATP6V1H;KCNN2;TRPM7;KCNN3;TRPM8;ASIC2;ATP6V1C1;KCNJ11;KCNB1;SLC4A11;SLC6A6;KCNS1;NOX5;RHAG;KCNK1;SLC24A5"
"Axon Development (GO:0061564)","29/99",0.146343784062386,0.99999537209541,0,0,1.29516898196143,2.48905152707842,"SEMA5A;APP;ATL1;NREP;ARHGAP35;CAMSAP2;GRM7;CRTAC1;SLITRK1;SLITRK3;NRCAM;CTNNA2;DRD2;EPHB3;NTNG1;OLIG3;VASH2;ANK3;BHLHA15;ISL1;POU4F1;DHFR;KLF7;ISL2;MAP1B;CNTN4;DSCAML1;NEUROG1;CDK5R1"
"Positive Regulation Of Mitochondrion Organization (GO:0010822)","18/58",0.146730709228554,0.99999537209541,0,0,1.40641290856434,2.6991261688559,"PRKN;GSK3B;BNIP3;HTT;PARK7;PLD6;DCN;CAMKK2;BCL2L11;FAM162A;GPER1;KDR;TNFSF10;PPIF;SPIRE1;DNM1L;FBXO7;BOK"
"Purine Ribonucleotide Metabolic Process (GO:0009150)","25/84",0.146861368000168,0.99999537209541,0,0,1.32455853900903,2.54085589120644,"PTH;ACSM1;OLA1;ACSM2A;ACSM5;AK4;ATP1A2;ACSM4;PTHLH;SULT1C3;HINT1;SULT1E1;GPAT4;FIGNL1;MFN1;ENPP3;CTNS;AMPD2;ATP1B1;BAAT;SULT2B1;EFNA1;ADSS2;PDE9A;RAN"
"Positive Regulation Of Protein Kinase Activity (GO:0045860)","41/145",0.150485859778214,0.99999537209541,0,0,1.23275986121548,2.33470683257166,"CDKN1A;CSF1;ITGB3;PRKAG2;NEDD9;ADRB2;CLU;CAMKK2;RPTOR;RAP1A;CCR7;IL6R;STOX1;MAP3K5;SNCA;EPHA4;PTPN1;MAP2K1;MMD;INSR;SH2D1A;HMGA2;EMP2;AXIN2;IRGM;ADRA2A;AGT;TGFBR2;VEGFA;TOM1L1;EFNA1;ETAA1;GPRC5B;TRAF4;TRAF6;TAB2;LCP2;CAMK1;CACUL1;DDR2;LTF"
"Negative Regulation Of Neuron Death (GO:1901215)","26/88",0.150575276254174,0.99999537209541,0,0,1.31089662179324,2.48191027746259,"PRKN;CSF1;SEMA3E;PARK7;CLU;FOXQ1;NTF3;FBXO7;SNCA;CHGA;FOXB1;NTRK2;MEF2C;VSTM2L;NGF;TNFRSF1B;ISL1;POU4F1;SORL1;TOX3;GDNF;BCL2;IL6ST;RETREG1;CD200;LGMN"
"Negative Regulation Of Protein Kinase Activity (GO:0006469)","26/88",0.150575276254174,0.99999537209541,0,0,1.31089662179324,2.48191027746259,"RB1;CDKN1A;PTPRR;PTPRO;PRKAG2;ADARB1;PARK7;SLC8A1;SPRED1;DEPTOR;DUSP10;CDK5RAP3;RTRAF;SNCA;PTPN1;WWTR1;GADD45A;CAV1;DTNBP1;TSC2;SORL1;PTPRB;GNAQ;NF1;ITGB1BP1;EPHA1"
"Regulation Of Endothelial Cell Migration (GO:0010594)","26/88",0.150575276254174,0.99999537209541,0,0,1.31089662179324,2.48191027746259,"GPI;ITGB3;PTPRM;PIK3CB;THBS1;BMPER;KDR;ABL1;ADAMTS9;BCAS3;ANGPT4;WNT5A;EMP2;PRKCA;NR2F2;DCN;AGT;VEGFA;SMOC2;NF1;ITGB1BP1;PRKD1;TEK;PLPP3;RIN2;BCAR1"
"Negative Regulation Of Secretion By Cell (GO:1903531)","13/40",0.151017826469263,0.99999537209541,0,0,1.50454256695216,2.8441231645926,"CHGA;SYT4;ANXA1;SLC30A1;HMGCR;TNFRSF1B;PNKD;GRM7;HRH3;STXBP6;DRD2;SNCA;VAMP3"
"Regulation Of Glycolytic Process (GO:0006110)","13/40",0.151017826469263,0.99999537209541,0,0,1.50454256695216,2.8441231645926,"HDAC4;APP;INSR;PRKAG2;PSEN1;IGF1;SLC4A4;MTOR;RPTOR;FLCN;MLXIPL;NCOR1;FBP1"
"Cell-Cell Adhesion Via Plasma-Membrane Adhesion Molecules (GO:0098742)","48/172",0.15132264879479,0.99999537209541,0,0,1.21060406650372,2.28603326301304,"ITGB1;ROBO2;CRB1;ROBO4;NLGN1;PTPRS;TENM3;TENM4;GATA5;PTPRM;ATP2C1;CDH9;FGFRL1;CDH7;ROBO1;CLDN22;TRO;IGSF21;CDH4;MMP24;CDH2;FLRT3;SLITRK1;CLDN23;SLITRK3;CDH23;EMB;KIRREL3;NTNG1;CADM1;UNC5D;TGFBR2;SDK1;CLDN10;PTK7;PALLD;CLDN8;CDH11;CLDN12;CDH12;CDHR3;CDH13;CNTN4;CDH17;DSCAML1;CDH18;ADGRL3;NECTIN1"
"Wnt Signaling Pathway Involved In Midbrain Dopaminergic Neuron Differentiation (GO:1904953)","4/9",0.152125100214406,0.99999537209541,0,0,2.49884488448845,4.7054550296239,"FZD1;WNT5A;WNT9B;WNT2"
"Autophagy Of Peroxisome (GO:0030242)","4/9",0.152125100214406,0.99999537209541,0,0,2.49884488448845,4.7054550296239,"RB1CC1;ATM;PEX2;PIK3C3"
"Biomineral Tissue Development (GO:0031214)","4/9",0.152125100214406,0.99999537209541,0,0,2.49884488448845,4.7054550296239,"FAM20C;DDR2;OC90;OTOL1"
"Cellular Response To Purine-Containing Compound (GO:0071415)","4/9",0.152125100214406,0.99999537209541,0,0,2.49884488448845,4.7054550296239,"RYR2;P2RY1;CLU;SLC8A1"
"Chondroitin Sulfate Proteoglycan Metabolic Process (GO:0050654)","4/9",0.152125100214406,0.99999537209541,0,0,2.49884488448845,4.7054550296239,"CSGALNACT2;DSE;PXYLP1;XYLT1"
"Dopamine Transport (GO:0015872)","4/9",0.152125100214406,0.99999537209541,0,0,2.49884488448845,4.7054550296239,"SLC22A1;SLC29A3;SLC6A3;TGM2"
"Embryonic Eye Morphogenesis (GO:0048048)","4/9",0.152125100214406,0.99999537209541,0,0,2.49884488448845,4.7054550296239,"FBN2;MFAP5;FBN1;TBX2"
"Lung Epithelium Development (GO:0060428)","4/9",0.152125100214406,0.99999537209541,0,0,2.49884488448845,4.7054550296239,"WNT7B;FOXJ1;GRHL2;FGF10"
"Muscle Cell Fate Commitment (GO:0042693)","4/9",0.152125100214406,0.99999537209541,0,0,2.49884488448845,4.7054550296239,"MEF2C;WT1;MYF6;TBX2"
"Muscle Cell Migration (GO:0014812)","4/9",0.152125100214406,0.99999537209541,0,0,2.49884488448845,4.7054550296239,"ROCK1;ITGB3;ITGB1BP1;THBS4"
"Negative Regulation Of Heterotypic Cell-Cell Adhesion (GO:0034115)","4/9",0.152125100214406,0.99999537209541,0,0,2.49884488448845,4.7054550296239,"WNK1;APOA1;MAP2K5;MBL2"
"Negative Regulation Of Lipid Localization (GO:1905953)","4/9",0.152125100214406,0.99999537209541,0,0,2.49884488448845,4.7054550296239,"NFKBIA;ITGB3;ITGAV;PPARG"
"Negative Regulation Of Protein Localization To Cell Surface (GO:2000009)","4/9",0.152125100214406,0.99999537209541,0,0,2.49884488448845,4.7054550296239,"NEDD4L;TAX1BP3;COMMD1;PICALM"
"Negative Regulation Of Transforming Growth Factor Beta Production (GO:0071635)","4/9",0.152125100214406,0.99999537209541,0,0,2.49884488448845,4.7054550296239,"LAPTM4B;FN1;GATA6;TSKU"
"Negative Regulation Of Vascular Endothelial Growth Factor Signaling Pathway (GO:1900747)","4/9",0.152125100214406,0.99999537209541,0,0,2.49884488448845,4.7054550296239,"SEMA6A;SORD;PIK3CB;DCN"
"Nerve Growth Factor Signaling Pathway (GO:0038180)","4/9",0.152125100214406,0.99999537209541,0,0,2.49884488448845,4.7054550296239,"RAP1A;MAGI2;NTF3;NGF"
"Peptidyl-Lysine Dimethylation (GO:0018027)","4/9",0.152125100214406,0.99999537209541,0,0,2.49884488448845,4.7054550296239,"SETD3;SETBP1;SETD7;EHMT1"
"Peptidyl-Serine Dephosphorylation (GO:0070262)","4/9",0.152125100214406,0.99999537209541,0,0,2.49884488448845,4.7054550296239,"PPP1R15B;PPP3CA;PPTC7;NCK1"
"Phosphatidylethanolamine Acyl-Chain Remodeling (GO:0036152)","4/9",0.152125100214406,0.99999537209541,0,0,2.49884488448845,4.7054550296239,"LPGAT1;MBOAT1;MBOAT2;PLAAT3"
"Piecemeal Microautophagy Of The Nucleus (GO:0034727)","4/9",0.152125100214406,0.99999537209541,0,0,2.49884488448845,4.7054550296239,"RB1CC1;ULK2;SNX7;ATG7"
"Positive Regulation Of Leukocyte Apoptotic Process (GO:2000108)","4/9",0.152125100214406,0.99999537209541,0,0,2.49884488448845,4.7054550296239,"LYN;MEF2C;PIK3CB;SIRT1"
"Positive Regulation Of miRNA-mediated Gene Silencing (GO:2000637)","4/9",0.152125100214406,0.99999537209541,0,0,2.49884488448845,4.7054550296239,"FXR1;LIMD1;WTIP;PUM2"
"Positive Regulation Of Mitochondrial Membrane Permeability (GO:0035794)","4/9",0.152125100214406,0.99999537209541,0,0,2.49884488448845,4.7054550296239,"GSK3B;HEBP2;PPIF;BOK"
"Positive Regulation Of Skeletal Muscle Tissue Development (GO:0048643)","4/9",0.152125100214406,0.99999537209541,0,0,2.49884488448845,4.7054550296239,"MEF2C;NIBAN2;MYF6;LMOD3"
"Regulation Of Cardiac Muscle Cell Differentiation (GO:2000725)","4/9",0.152125100214406,0.99999537209541,0,0,2.49884488448845,4.7054550296239,"EFNB2;MEF2C;FRS2;SOX6"
"Regulation Of Cell-Cell Adhesion Involved In Gastrulation (GO:0070587)","4/9",0.152125100214406,0.99999537209541,0,0,2.49884488448845,4.7054550296239,"WNK1;APOA1;MAP2K5;MBL2"
"Regulation Of Phospholipid Metabolic Process (GO:1903725)","4/9",0.152125100214406,0.99999537209541,0,0,2.49884488448845,4.7054550296239,"MTMR1;MTMR2;MTMR3;MTMR9"
"Transferrin Transport (GO:0033572)","4/9",0.152125100214406,0.99999537209541,0,0,2.49884488448845,4.7054550296239,"STEAP3;CLTC;LMTK2;DNM2"
"Monoatomic Cation Transmembrane Transport (GO:0098655)","76/281",0.152241806240137,0.99999537209541,0,0,1.15993381541856,2.18332624404383,"KCNG1;KCNG2;KCNG3;KCNC2;LRRC38;KCNC4;ATP2A2;SLC4A4;CLU;SLC6A3;SLC8A1;SLC9C2;NNT;CNGA3;ITGAV;KCNH2;SLC36A1;SLC36A3;ATP6V0E1;SLC30A8;SLC36A2;KCND2;TRPC3;ABCC8;SLC6A15;KCNH8;SLC30A5;KCNK13;ATP6AP2;SLC39A11;SLC6A11;SLC30A1;ATP1B1;SCNN1G;SLC9A7;SCNN1B;SCNN1A;SLC9A9;KCNQ3;ORAI1;KCNQ5;ATP6V0D1;CNGB1;SLC24A4;SLC24A3;UCP1;ATP1A4;SLC1A3;SLC41A1;CACNA1D;ATP1A2;KCNA6;CACNA1C;ATP1A1;ATP2C2;ATP2C1;LRRC55;TRPM1;KCNV1;UCP3;UCP2;ATP6V1H;KCNN2;TRPM7;KCNN3;TRPM8;ASIC2;ATP6V1C1;KCNJ11;KCNB1;SLC4A11;SLC6A6;KCNS1;NOX5;KCNK1;SLC24A5"
"Regulation Of Synapse Assembly (GO:0051963)","16/51",0.153159735985713,0.99999537209541,0,0,1.42861869313482,2.68047993291621,"ROBO2;MEF2C;NLGN1;CLSTN2;MUSK;CLSTN1;MYCBP2;CUX2;LRRTM3;SLITRK1;DLG5;SLITRK3;SYNDIG1;PDLIM5;EPHB3;SNCA"
"Regulation Of Cellular Component Organization (GO:0051128)","43/153",0.154142039604318,0.99999537209541,0,0,1.22239361802681,2.28573031552035,"CAMK2D;MEAF6;ROCK1;CTTNBP2;FAM107A;JADE1;PARK7;STON2;MKI67;RNF2;CAMSAP2;RAP1B;ING4;RPTOR;LSM11;RAP1A;PACSIN2;ABL2;TLK1;CD36;PTPN1;RAB4A;SLC2A10;WNT5A;TSC2;AXIN2;ARFGAP3;SNCAIP;IRGM;BLTP1;AGT;MTOR;RAB33B;ZFYVE16;BBS10;RIT2;NRG3;NEDD4;CDH13;SGK3;ANKRA2;BCAR1;PICALM"
"Negative Regulation Of Blood Vessel Morphogenesis (GO:2000181)","23/77",0.154446333480391,0.99999537209541,0,0,1.33131619919775,2.48677697660316,"ANGPT4;FOXC1;SEMA6A;NIBAN2;ROCK1;STAT1;FOXJ2;PTPRM;KLK3;SEMA3E;THBS2;THBS1;DCN;THBS4;PML;HHEX;SPRED1;COL4A2;PPARG;TEK;CNMD;CCR2;PF4"
"Lung Development (GO:0030324)","11/33",0.155120814001067,0.99999537209541,0,0,1.5622805205536,2.91138945839173,"WNT11;ZIC3;WNT7B;PDPN;PHF14;FOXJ1;SOX11;GLI2;VEGFA;CCDC40;FGF10"
"Regulation Of G0 To G1 Transition (GO:0070316)","11/33",0.155120814001067,0.99999537209541,0,0,1.5622805205536,2.91138945839173,"SMARCD2;CDKN2B;PBRM1;SMARCC1;SMARCD3;DPF1;DPF3;ARID2;ARID1A;ARID1B;SMARCA2"
"Regulation Of Potassium Ion Transmembrane Transport (GO:1901379)","11/33",0.155120814001067,0.99999537209541,0,0,1.5622805205536,2.91138945839173,"KCNH2;DLG1;KCNIP1;BIN1;CAV1;NEDD4;STK39;NEDD4L;CACNA1D;KCNN2;WWP2"
"Chondroitin Sulfate Proteoglycan Biosynthetic Process (GO:0050650)","7/19",0.155192098828431,0.99999537209541,0,0,1.82235982112143,3.39522324236073,"CHST9;CHST7;CHST11;CSGALNACT2;XYLT1;PXYLP1;CHST3"
"Dopamine Metabolic Process (GO:0042417)","7/19",0.155192098828431,0.99999537209541,0,0,1.82235982112143,3.39522324236073,"PRKN;MOXD1;MAOA;SNCAIP;ATP7A;DRD2;SNCA"
"Dopaminergic Neuron Differentiation (GO:0071542)","7/19",0.155192098828431,0.99999537209541,0,0,1.82235982112143,3.39522324236073,"FOXA1;WNT9B;EN1;WNT2;PHOX2B;MANF;VEGFA"
"Establishment Of Epithelial Cell Polarity (GO:0090162)","7/19",0.155192098828431,0.99999537209541,0,0,1.82235982112143,3.39522324236073,"CYTH3;MYO18A;MSN;EZR;MYO9A;SIPA1L3;CYTH1"
"Fc Receptor Signaling Pathway (GO:0038093)","9/26",0.157276100562557,0.99999537209541,0,0,1.65404282712466,3.05956971540154,"LYN;VAV3;MAPK10;MAP2K4;FER;SYK;TRAF6;SOS1;MAP3K7"
"L-amino Acid Transport (GO:0015807)","9/26",0.157276100562557,0.99999537209541,0,0,1.65404282712466,3.05956971540154,"SLC36A1;SLC36A3;SLC38A1;SLC36A2;SLC7A9;SLC1A1;SLC1A3;SLC7A1;SLC38A2"
"Cardiac Muscle Cell Development (GO:0055013)","9/26",0.157276100562557,0.99999537209541,0,0,1.65404282712466,3.05956971540154,"HEY2;SORBS2;ALPK3;ALPK2;PDLIM5;MYLK3;SLC8A1;TTN;VEGFA"
"Dendritic Spine Organization (GO:0097061)","9/26",0.157276100562557,0.99999537209541,0,0,1.65404282712466,3.05956971540154,"DOCK10;MTMR2;CHRNA7;CTNND2;INSR;FYN;WASL;EPHB3;LGMN"
"Establishment Or Maintenance Of Apical/Basal Cell Polarity (GO:0035088)","9/26",0.157276100562557,0.99999537209541,0,0,1.65404282712466,3.05956971540154,"CRB1;PATJ;DLG1;MTCL1;DLG5;ERBIN;FSCN1;FOXJ1;PARD3B"
"Negative Regulation Of Receptor-Mediated Endocytosis (GO:0048261)","9/26",0.157276100562557,0.99999537209541,0,0,1.65404282712466,3.05956971540154,"APP;NEU3;MTMR2;ATXN2;ITGB3;ITGAV;RIN3;PSEN1;PICALM"
"Protein Targeting To Lysosome (GO:0006622)","9/26",0.157276100562557,0.99999537209541,0,0,1.65404282712466,3.05956971540154,"AP4M1;ZFYVE16;SNX16;NEDD4;LAMP2;PIK3C3;ATG14;CLU;SORL1"
"Regulation Of Vasoconstriction (GO:0019229)","9/26",0.157276100562557,0.99999537209541,0,0,1.65404282712466,3.05956971540154,"PER2;CHRM3;OXTR;AVPR1B;CAV1;KCNMB2;ECE1;ZDHHC21;AGT"
"Peptidyl-Threonine Modification (GO:0018210)","20/66",0.157654683332729,0.99999537209541,0,0,1.35887561186294,2.5103163969537,"GPI;GSK3B;DYRK3;CAMK2D;DYRK2;GALNT16;ROCK1;GALNT2;GALNT1;STK39;LMTK2;PRKCA;CDC42BPB;CDC42BPA;TGFBR2;TBK1;WNK1;MAPK1;PRKD1;CDK5R1"
"Anterograde Dendritic Transport (GO:0098937)","3/6",0.15787138708078,0.99999537209541,0,0,3.12332439678284,5.76557745172341,"KIF3B;KIF5C;STAU2"
"Calcitonin Family Receptor Signaling Pathway (GO:0097646)","3/6",0.15787138708078,0.99999537209541,0,0,3.12332439678284,5.76557745172341,"CALCRL;IAPP;RAMP1"
"Cardiac Muscle Cell Myoblast Differentiation (GO:0060379)","3/6",0.15787138708078,0.99999537209541,0,0,3.12332439678284,5.76557745172341,"SRF;RBPJ;TBXT"
"Cellular Hyperosmotic Response (GO:0071474)","3/6",0.15787138708078,0.99999537209541,0,0,3.12332439678284,5.76557745172341,"NFAT5;RCSD1;AQP1"
"Cellular Hypotonic Response (GO:0071476)","3/6",0.15787138708078,0.99999537209541,0,0,3.12332439678284,5.76557745172341,"STK39;SLC4A11;MYLK"
"Cellular Response To Hepatocyte Growth Factor Stimulus (GO:0035729)","3/6",0.15787138708078,0.99999537209541,0,0,3.12332439678284,5.76557745172341,"HGF;BCAR1;LGMN"
"Cellular Response To Interleukin-9 (GO:0071355)","3/6",0.15787138708078,0.99999537209541,0,0,3.12332439678284,5.76557745172341,"STAT5A;STAT1;STAT3"
"Definitive Hemopoiesis (GO:0060216)","3/6",0.15787138708078,0.99999537209541,0,0,3.12332439678284,5.76557745172341,"MFAP5;TGFBR3;TEK"
"Desmosome Organization (GO:0002934)","3/6",0.15787138708078,0.99999537209541,0,0,3.12332439678284,5.76557745172341,"DSP;PKP2;PRKCA"
"Development Of Primary Female Sexual Characteristics (GO:0046545)","3/6",0.15787138708078,0.99999537209541,0,0,3.12332439678284,5.76557745172341,"FSHR;LHFPL2;NR2F2"
"Dorsal Aorta Development (GO:0035907)","3/6",0.15787138708078,0.99999537209541,0,0,3.12332439678284,5.76557745172341,"HEY2;RBPJ;BMPR1A"
"Dorsal Aorta Morphogenesis (GO:0035912)","3/6",0.15787138708078,0.99999537209541,0,0,3.12332439678284,5.76557745172341,"HEY2;RBPJ;BMPR1A"
"Epithelial Cell Differentiation Involved In Kidney Development (GO:0035850)","3/6",0.15787138708078,0.99999537209541,0,0,3.12332439678284,5.76557745172341,"MEF2C;SALL1;MTSS1"
"Glomerular Epithelial Cell Development (GO:0072310)","3/6",0.15787138708078,0.99999537209541,0,0,3.12332439678284,5.76557745172341,"MYO1E;JAG1;MAGI2"
"Hypotonic Response (GO:0006971)","3/6",0.15787138708078,0.99999537209541,0,0,3.12332439678284,5.76557745172341,"STK39;SLC4A11;MYLK"
"Interleukin-9-Mediated Signaling Pathway (GO:0038113)","3/6",0.15787138708078,0.99999537209541,0,0,3.12332439678284,5.76557745172341,"STAT5A;STAT1;STAT3"
"Macrophage Derived Foam Cell Differentiation (GO:0010742)","3/6",0.15787138708078,0.99999537209541,0,0,3.12332439678284,5.76557745172341,"STAT1;WNT5A;PPARG"
"Maintenance Of Protein Location In Extracellular Region (GO:0071694)","3/6",0.15787138708078,0.99999537209541,0,0,3.12332439678284,5.76557745172341,"FBN2;LTBP1;FBN1"
"Membrane Invagination (GO:0010324)","3/6",0.15787138708078,0.99999537209541,0,0,3.12332439678284,5.76557745172341,"SMURF1;FCHO2;FNBP1L"
"Mitotic Nuclear Membrane Disassembly (GO:0007077)","3/6",0.15787138708078,0.99999537209541,0,0,3.12332439678284,5.76557745172341,"PRKCB;PRKCA;VRK1"
"Negative Regulation Of Dendritic Spine Development (GO:0061000)","3/6",0.15787138708078,0.99999537209541,0,0,3.12332439678284,5.76557745172341,"NLGN1;GRIN3A;PTPRS"
"Negative Regulation Of p38MAPK Cascade (GO:1903753)","3/6",0.15787138708078,0.99999537209541,0,0,3.12332439678284,5.76557745172341,"DLG1;DUSP10;EZR"
"Negative Regulation Of Steroid Metabolic Process (GO:0045939)","3/6",0.15787138708078,0.99999537209541,0,0,3.12332439678284,5.76557745172341,"UGT1A10;NR0B1;UGT1A8"
"Noradrenergic Neuron Differentiation (GO:0003357)","3/6",0.15787138708078,0.99999537209541,0,0,3.12332439678284,5.76557745172341,"SOX11;PHOX2B;SOX4"
"Nose Development (GO:0043584)","3/6",0.15787138708078,0.99999537209541,0,0,3.12332439678284,5.76557745172341,"SKI;SMCHD1;GLI3"
"Nucleotide Catabolic Process (GO:0009166)","3/6",0.15787138708078,0.99999537209541,0,0,3.12332439678284,5.76557745172341,"NT5C1B;NUDT15;NUDT3"
"Nucleotide-Binding Oligomerization Domain Containing 2 Signaling Pathway (GO:0070431)","3/6",0.15787138708078,0.99999537209541,0,0,3.12332439678284,5.76557745172341,"RIPK2;OTULIN;IRGM"
"Parallel Actin Filament Bundle Assembly (GO:0030046)","3/6",0.15787138708078,0.99999537209541,0,0,3.12332439678284,5.76557745172341,"FSCN1;SPIRE1;FMN2"
"Podocyte Development (GO:0072015)","3/6",0.15787138708078,0.99999537209541,0,0,3.12332439678284,5.76557745172341,"MYO1E;JAG1;MAGI2"
"Polyamine Biosynthetic Process (GO:0006596)","3/6",0.15787138708078,0.99999537209541,0,0,3.12332439678284,5.76557745172341,"SMOX;SMS;SLC38A2"
"Positive Regulation Of IRE1-mediated Unfolded Protein Response (GO:1903896)","3/6",0.15787138708078,0.99999537209541,0,0,3.12332439678284,5.76557745172341,"PTPN1;BCL2L11;TMEM33"
"Positive Regulation Of Fibroblast Apoptotic Process (GO:2000271)","3/6",0.15787138708078,0.99999537209541,0,0,3.12332439678284,5.76557745172341,"STK17B;PRDM11;TP63"
"Positive Regulation Of Membrane Depolarization (GO:1904181)","3/6",0.15787138708078,0.99999537209541,0,0,3.12332439678284,5.76557745172341,"MYOC;KDR;DCN"
"Positive Regulation Of Neurotransmitter Secretion (GO:0001956)","3/6",0.15787138708078,0.99999537209541,0,0,3.12332439678284,5.76557745172341,"NLGN1;GPER1;DTNBP1"
"Regulation Of Adiponectin Secretion (GO:0070163)","3/6",0.15787138708078,0.99999537209541,0,0,3.12332439678284,5.76557745172341,"RAB11FIP1;PPARG;RAB11FIP3"
"Regulation Of Glucocorticoid Receptor Signaling Pathway (GO:2000322)","3/6",0.15787138708078,0.99999537209541,0,0,3.12332439678284,5.76557745172341,"PER1;PHB1;CLOCK"
"Regulation Of Mitochondrial Membrane Permeability Involved In Apoptotic Process (GO:1902108)","3/6",0.15787138708078,0.99999537209541,0,0,3.12332439678284,5.76557745172341,"STPG1;MTRNR2L5;NAIF1"
"Regulation Of Myosin-Light-Chain-Phosphatase Activity (GO:0035507)","3/6",0.15787138708078,0.99999537209541,0,0,3.12332439678284,5.76557745172341,"NUAK1;PPP1R12A;ROCK1"
"Regulation Of Osteoclast Development (GO:2001204)","3/6",0.15787138708078,0.99999537209541,0,0,3.12332439678284,5.76557745172341,"NOTCH2;SIGLEC15;LTF"
"Regulation Of Oxidative Stress-Induced Neuron Intrinsic Apoptotic Signaling Pathway (GO:1903376)","3/6",0.15787138708078,0.99999537209541,0,0,3.12332439678284,5.76557745172341,"PRKN;PARK7;MCL1"
"Regulation Of Phospholipid Transport (GO:2001138)","3/6",0.15787138708078,0.99999537209541,0,0,3.12332439678284,5.76557745172341,"CETP;ABCB4;PRAP1"
"Regulation Of Transforming Growth Factor Beta2 Production (GO:0032909)","3/6",0.15787138708078,0.99999537209541,0,0,3.12332439678284,5.76557745172341,"SMAD4;SMAD3;GATA6"
"Regulation Of Vascular Associated Smooth Muscle Cell Differentiation (GO:1905063)","3/6",0.15787138708078,0.99999537209541,0,0,3.12332439678284,5.76557745172341,"NFATC3;NFATC2;NFATC1"
"Response To Cocaine (GO:0042220)","3/6",0.15787138708078,0.99999537209541,0,0,3.12332439678284,5.76557745172341,"CRHBP;DRD2;TGM2"
"Response To Hepatocyte Growth Factor (GO:0035728)","3/6",0.15787138708078,0.99999537209541,0,0,3.12332439678284,5.76557745172341,"HGF;BCAR1;LGMN"
"Skeletal Muscle Thin Filament Assembly (GO:0030240)","3/6",0.15787138708078,0.99999537209541,0,0,3.12332439678284,5.76557745172341,"ACTC1;LMOD3;TTN"
"Synaptic Signaling (GO:0099536)","3/6",0.15787138708078,0.99999537209541,0,0,3.12332439678284,5.76557745172341,"KCMF1;DTNA;UTRN"
"Synaptic Transmission, Dopaminergic (GO:0001963)","3/6",0.15787138708078,0.99999537209541,0,0,3.12332439678284,5.76557745172341,"CRHBP;SLC6A3;SNCA"
"Vascular Wound Healing (GO:0061042)","3/6",0.15787138708078,0.99999537209541,0,0,3.12332439678284,5.76557745172341,"KDR;CD34;VEGFA"
"Zinc Ion Import Into Organelle (GO:0062111)","3/6",0.15787138708078,0.99999537209541,0,0,3.12332439678284,5.76557745172341,"SLC30A7;SLC30A8;SLC30A5"
"Positive Regulation Of Chemotaxis (GO:0050921)","14/44",0.159510747232819,0.99999537209541,0,0,1.45826098938955,2.67684800390032,"SEMA5A;NTRK3;THBS1;VEGFA;SMOC2;KDR;CNTN1;CDH13;F2RL1;PRKD1;IL6R;MET;CCR2;LGMN"
"Mitochondrion Disassembly (GO:0061726)","12/37",0.165483022148082,0.99999537209541,0,0,1.49980165289256,2.69797320798429,"PRKN;MAP1LC3A;MAP1LC3C;RB1CC1;BNIP3;MAP1LC3B2;WIPI1;WIPI2;SNX7;ATG7;FBXO7;FBXL4"
"Negative Regulation Of Endothelial Cell Proliferation (GO:0001937)","12/37",0.165483022148082,0.99999537209541,0,0,1.49980165289256,2.69797320798429,"MEF2C;CAV2;STAT1;CAV1;MMRN2;SORD;NF1;PTPRM;PPARG;NR2F2;THBS1;CNMD"
"Regulation Of Cellular Component Biogenesis (GO:0044087)","12/37",0.165483022148082,0.99999537209541,0,0,1.49980165289256,2.69797320798429,"RAP1B;RAP1A;BBS10;ROCK1;FAM110C;RDX;MSN;CD36;SNCAIP;ANKRA2;EZR;IRGM"
"Regulation Of Sodium Ion Transmembrane Transporter Activity (GO:2000649)","12/37",0.165483022148082,0.99999537209541,0,0,1.49980165289256,2.69797320798429,"CAMK2D;FGF14;NETO1;PRKCE;HECW2;NEDD4;FXYD1;STK39;NEDD4L;GPD1L;UTRN;FGF12"
"Glucose Metabolic Process (GO:0006006)","18/59",0.165610305389192,0.99999537209541,0,0,1.37201933459136,2.46705239893769,"GPI;TKTL1;KCNJ11;ADPGK;MDH2;SORD;IRS2;HK2;BRS3;HK1;PER2;G6PC3;HKDC1;HECTD4;APOD;SLC25A12;FBP1;SLC25A13"
"Regulation Of Vesicle-Mediated Transport (GO:0060627)","26/89",0.165886960737582,0.99999537209541,0,0,1.2900032232813,2.31742459023418,"RAB3B;STON2;PLD1;RIMS2;RAB21;PACSIN2;ABL2;MAPK1;STXBP5;MBTPS1;PTPN1;MAP2K1;USP7;RAB4A;SLC30A8;TSC2;CPLANE2;ARFGAP3;RAB33B;STXBP5L;ZFYVE16;RIT2;RAB12;CDH13;GAS1;PICALM"
"Regulation Of mRNA Stability (GO:0043488)","22/74",0.166984430300522,0.99999537209541,0,0,1.32231247013856,2.3667471930438,"YTHDF1;ROCK1;IREB2;PRKCA;AXIN2;TENT5C;GIGYF2;ZAR1;ZFP36L1;PUM2;FXR1;METTL14;RIDA;LARP1;GDNF;THRAP3;NOCT;DHX36;IGF2BP1;PABPC1;VIM;DCP2"
"Innate Immune Response Activating Cell Surface Receptor Signaling Pathway (GO:0002220)","10/30",0.170480544914378,0.99999537209541,0,0,1.56216439487815,2.76367829272901,"FCN1;LYN;SYK;KIR2DS2;CLEC6A;TRAF6;FFAR2;FYN;MAP3K7;MBL2"
"Negative Regulation Of Axon Extension (GO:0030517)","10/30",0.170480544914378,0.99999537209541,0,0,1.56216439487815,2.76367829272901,"SEMA5A;PTPRS;SEMA6A;SEMA3C;SEMA3D;SEMA6D;RNF6;SEMA3E;DIP2B;KIAA0319"
"Regulation Of Cell Migration Involved In Sprouting Angiogenesis (GO:0090049)","10/30",0.170480544914378,0.99999537209541,0,0,1.56216439487815,2.76367829272901,"HDAC5;ANXA1;MMRN2;KDR;ITGB1BP1;MEOX2;THBS1;MAP2K5;JCAD;VEGFA"
"Regulation Of Vasculature Development (GO:1901342)","10/30",0.170480544914378,0.99999537209541,0,0,1.56216439487815,2.76367829272901,"RNH1;BMPER;LEP;ERBB2;KRT1;VASH2;NF1;EMP2;CXCL13;TSPAN12"
"Response To Epidermal Growth Factor (GO:0070849)","10/30",0.170480544914378,0.99999537209541,0,0,1.56216439487815,2.76367829272901,"EEF1A1;FOXC1;GAREM1;ERBB2;MAPK1;SOX9;PTPN12;KNSTRN;EGFR;ZFP36L1"
"Activation Of Cysteine-Type Endopeptidase Activity (GO:0097202)","6/16",0.170506679250565,0.99999537209541,0,0,1.87428807263723,3.31557963016271,"CYFIP2;ASPH;RIPK2;PERP;CYCS;LGMN"
"Autonomic Nervous System Development (GO:0048483)","6/16",0.170506679250565,0.99999537209541,0,0,1.87428807263723,3.31557963016271,"GDNF;FN1;NF1;SOX11;PHOX2B;SOX4"
"Cell Surface Receptor Signaling Pathway Involved In Heart Development (GO:0061311)","6/16",0.170506679250565,0.99999537209541,0,0,1.87428807263723,3.31557963016271,"NOTCH2;HEYL;JAG1;HEY2;RBPJ;BMPR1A"
"Chondroitin Sulfate Metabolic Process (GO:0030204)","6/16",0.170506679250565,0.99999537209541,0,0,1.87428807263723,3.31557963016271,"CHST9;CHST7;CHST11;CSGALNACT2;DSE;CHST3"
"Male Meiosis I (GO:0007141)","6/16",0.170506679250565,0.99999537209541,0,0,1.87428807263723,3.31557963016271,"FOXJ3;FOXJ2;TDRD9;MOV10L1;SLC25A31;MYBL1"
"Positive Regulation Of Autophagosome Assembly (GO:2000786)","6/16",0.170506679250565,0.99999537209541,0,0,1.87428807263723,3.31557963016271,"LRSAM1;SNX18;PIP4K2A;WIPI1;SNX7;RAB3GAP1"
"Protein Localization To Endoplasmic Reticulum (GO:0070972)","6/16",0.170506679250565,0.99999537209541,0,0,1.87428807263723,3.31557963016271,"RYR2;SEC16B;VAPA;GBF1;BCAP29;KDELR2"
"Regulation Of Golgi Organization (GO:1903358)","6/16",0.170506679250565,0.99999537209541,0,0,1.87428807263723,3.31557963016271,"MAP2K1;STX18;PDE4DIP;MAPK1;CAMSAP2;RAB33B"
"Regulation Of Synaptic Transmission, GABAergic (GO:0032228)","6/16",0.170506679250565,0.99999537209541,0,0,1.87428807263723,3.31557963016271,"USP46;NLGN1;SLC38A1;SYN3;DRD2;CNTNAP4"
"Positive Regulation Of Protein Targeting To Membrane (GO:0090314)","8/23",0.17321841550411,0.99999537209541,0,0,1.66617120836774,2.9211346339116,"TCAF2;CEMIP;KCNB1;MTCL1;ERBB2;FYN;ITGB1BP1;ANK3"
"Regulation Of Extracellular Matrix Organization (GO:1903053)","8/23",0.17321841550411,0.99999537209541,0,0,1.66617120836774,2.9211346339116,"RB1;RIC1;LAMA2;LAMA1;SLC2A10;AXIN2;AGT;DDR2"
"Protein Localization To Lysosome (GO:0061462)","13/41",0.174559714543571,0.99999537209541,0,0,1.45071295722257,2.53220262723147,"GLMP;ATG14;SORL1;AP4M1;LMBRD1;ZFYVE16;SNX16;NEDD4;MFSD1;SH3BP4;PIK3C3;CACNG3;CACNG4"
"Regulation Of Release Of Cytochrome C From Mitochondria (GO:0090199)","13/41",0.174559714543571,0.99999537209541,0,0,1.45071295722257,2.53220262723147,"PRKN;BNIP3;HGF;GHITM;IGF1;CLU;BCL2L11;FAM162A;GPER1;TNFSF10;PPIF;DNM1L;BCL2L1"
"Regulation Of Phosphorylation (GO:0042325)","24/82",0.175027826087501,0.99999537209541,0,0,1.29331771562438,2.25400745081571,"ROPN1B;LYN;APP;CDKN1A;CDKN2B;MCM7;ROCK1;FN1;EMP2;LDB2;BCL10;PSEN1;IGF1;INHBA;ATG14;SIRT1;THBS1;BMP7;EGFR;FLCN;FER;NDUFS4;CCDC88C;FNIP2"
"Transmembrane Receptor Protein Tyrosine Kinase Signaling Pathway (GO:0007169)","76/284",0.178182359590009,0.99999537209541,0,0,1.14297448782373,1.97157128370334,"ALK;BCAR3;GSK3B;CSF1;IRS2;PIK3CB;SIPA1L1;AKT2;KDR;PDK4;GRB10;BLNK;SAMD12;EPHB4;ANKS1B;EPHB3;EPHA5;EPHA4;EPHA6;MUSK;SYK;HGF;TSC2;FRS2;NGF;MTSS1;TIAM1;HCK;COL4A2;DOK5;DDIT4;LCP2;PRKD1;EPHA1;ARHGEF7;MET;DDR2;FOXC1;ARHGEF28;NEDD9;ADRB2;EFNA5;KALRN;GIGYF2;EGFR;EFNB2;EFNB1;FLRT3;PDGFC;CHN1;NTF3;ERBB2;MAPK1;ALKAL2;FYN;MPZL1;LYN;KL;NTRK2;YES1;GDF15;CAV2;INSR;NTRK3;STAT3;IL31RA;IGF1;MERTK;VEGFA;EFNA1;FER;TEK;MUC20;FRK;BCAR1;CDK5R1"
"Plasma Membrane Bounded Cell Projection Organization (GO:0120036)","37/132",0.180051819158147,0.99999537209541,0,0,1.21760069956824,2.08758928809146,"RB1;ROPN1B;APP;CNTNAP2;GSK3B;NLGN1;ROCK1;RASGRF1;STMN2;PTPRM;STMN4;FRY;FLRT3;NPY;CCR7;MAP4;KIFAP3;RAB6B;LYN;CARMIL1;UNC5A;ODF1;MYOC;TPM1;DTNBP1;VPS13B;POU4F1;MANF;GPRIN3;GDNF;VAPA;MAP1B;NEDD4;CNTN4;LRP12;FRYL;CDK5R1"
"Cellular Response To Peptide (GO:1901653)","17/56",0.180105127593887,0.99999537209541,0,0,1.36214567920876,2.3350099512233,"APP;GSK3B;EPHA4;RIPK2;CAV1;LDOC1;NOD1;ADRB2;PSEN1;IGF1;ZFP36L1;CYP11A1;GPER1;FYN;CD36;VIM;LGMN"
"Peptide Metabolic Process (GO:0006518)","17/56",0.180105127593887,0.99999537209541,0,0,1.36214567920876,2.3350099512233,"PCSK1;MME;ERAP2;CPQ;LVRN;ERAP1;NPEPPSP1;LNPEP;PSEN1;TRHDE;NPEPPS;IMMP2L;DNPEP;CPE;GGT3P;GGT1;SEC11C"
"Positive Regulation Of Cellular Metabolic Process (GO:0031325)","17/56",0.180105127593887,0.99999537209541,0,0,1.36214567920876,2.3350099512233,"CDKN1A;CXCL8;MUSK;GADD45A;IL10RB;PRKCE;SORD;GHITM;SIRT1;THBS1;AGT;RNF41;TGFBR2;SLCO1C1;EEF1E1;B2M;IFNAR1"
"Extracellular Structure Organization (GO:0043062)","31/109",0.180751152580039,0.99999537209541,0,0,1.24234784782389,2.12520251963644,"APP;HPSE2;COL13A1;COL14A1;ADAMTS12;MMP20;ADAMTS16;ADAMTS3;MMP24;ADAMTS1;SPOCK2;ADAMTS8;ATP7A;ADAMTS9;COL28A1;MMP7;COL24A1;COL23A1;TEX14;NPNT;OTOL1;SMOC2;COL4A2;MMP15;SMOC1;GFOD2;PXDN;ST7;NF1;RECK;MATN2"
"Negative Regulation Of Cell Migration (GO:0030336)","45/163",0.180832169361991,0.99999537209541,0,0,1.19238187248116,2.03919468834549,"PTPRU;KANK1;PTPRR;MCTP1;CITED2;NEDD9;ADARB1;ROBO1;FLCN;DUSP10;WNT11;SIN3B;SIN3A;ADORA3;EMILIN2;SRGAP3;SUDS3;ARID2;DRD2;CLASP1;CLASP2;EPHA4;JAG1;LIMCH1;MAGI2;TPM1;TET1;MITF;ALOX15B;RNF41;TMEFF2;STK24;KRT16;DLG5;STK26;BRMS1L;CDH11;MMRN2;NF1;ITGB1BP1;ADTRP;EPHA1;RECK;VCL;BMPR1A"
"ATP Metabolic Process (GO:0046034)","11/34",0.181710473533933,0.99999537209541,0,0,1.49425648671223,2.54821634824601,"PARG;PARP1;FIGNL1;OLA1;PRKAG2;CTNS;AK4;ATP1A2;ENPP3;ATP1B1;SLC25A13"
"Apoptotic Mitochondrial Changes (GO:0008637)","11/34",0.181710473533933,0.99999537209541,0,0,1.49425648671223,2.54821634824601,"GGCT;BNIP3;NAIF1;BCL2;DNM1L;CLU;HK2;TIMM50;BOK;MCL1;BCL2L1"
"Protein Targeting To Vacuole (GO:0006623)","11/34",0.181710473533933,0.99999537209541,0,0,1.49425648671223,2.54821634824601,"AP4M1;ZFYVE16;SNX16;SMURF1;NEDD4;VPS13D;VPS13A;PIK3C3;ATG14;IRGM;SORL1"
"Regulation Of Blood Circulation (GO:1903522)","11/34",0.181710473533933,0.99999537209541,0,0,1.49425648671223,2.54821634824601,"CYP2J2;PER2;KCNG2;CAMK2D;ADORA3;KCNMB2;TPM1;FXYD1;ECE1;AGT;TBX2"
"Regulation Of Metal Ion Transport (GO:0010959)","11/34",0.181710473533933,0.99999537209541,0,0,1.49425648671223,2.54821634824601,"NKAIN2;PER1;NKAIN3;SLN;WNK1;BCL2;ORAI1;ATP1A1;ANK3;DRD2;B2M"
"I-kappaB kinase/NF-kappaB Signaling (GO:0007249)","14/45",0.182571396672285,0.99999537209541,0,0,1.41112696528824,2.39978222753865,"ROCK1;RIPK2;NLRC3;BCL10;TANK;TRIM8;NFKBIA;IRAK1BP1;TBK1;IRAK2;TRAF6;TLR7;MAP3K7;ZNF675"
"Positive Regulation Of mRNA Catabolic Process (GO:0061014)","14/45",0.182571396672285,0.99999537209541,0,0,1.41112696528824,2.39978222753865,"YTHDF1;PNPT1;ROCK1;PRR5L;ZC3HAV1;TOB1;GIGYF2;ZFP36L1;FXR1;METTL14;RIDA;DHX36;PABPC1;TNRC6B"
"Regulation Of Protein Phosphorylation (GO:0001932)","71/265",0.18445688255051,0.99999537209541,0,0,1.14470940600358,1.93494757275424,"ROPN1B;APP;CDKN1A;FBH1;ITGB3;PARK7;SMG8;FLCN;CCND3;BMPER;AKT2;GPER1;RB1CC1;KDR;SOX9;CDK5RAP3;NKX3-1;TSPYL2;MUSK;LIMCH1;HGF;SORD;AXIN2;ATG14;SIRT1;MOB3A;CCNY;INCENP;NDUFS4;ADTRP;TNIK;WDFY2;PLPP3;PRKN;PPP1R15B;FAXDC2;CHRNA7;PELI2;PRR5L;EFNA5;STK4;EGFR;CAMKK2;TTN;FXR1;ERBB2;P2RY1;DVL2;FYN;FNIP2;LYN;NIBAN1;WWTR1;NTRK2;INSR;NTRK3;FN1;IGF1;BMP7;IRGM;VEGFA;EFNA1;DAB2;FER;IBTK;SLCO3A1;LEP;CCDC88C;CDK2AP1;TEK;FGF10"
"Positive Regulation Of Neurogenesis (GO:0050769)","22/75",0.184857219665322,0.99999537209541,0,0,1.29727723739209,2.19002650838145,"ROBO2;CHODL;CDKL3;NTRK2;SMARCD3;MME;NRDC;SOX11;HAPLN2;ROBO1;VEGFA;TIAM1;CUX2;CUX1;SLITRK1;GPER1;PLXNA2;MAP6;PLXNA1;DRD2;PLXNA4;TGM2"
"Regulation Of Cell Adhesion (GO:0030155)","40/144",0.18556142906996,0.99999537209541,0,0,1.20244261142017,2.02535741696813,"SEMA5A;RIPOR2;ADAMDEC1;CXCL8;LAMA2;ROCK1;LAMA1;ADAM22;CXCR4;PRKX;EFNA5;FLCN;PPP3CA;NUAK1;ERBB2;PLXNA2;DACT2;ABL2;PLXNA1;CCR7;ITGAV;PLXNA4;CYTH1;EPHB3;TGM2;LYN;EPHA4;ZFHX3;PPP1R12A;TESC;TPM1;PRKCA;VEGFA;EFNA1;FRMD5;PKP2;CDH13;ATM;ITGB1BP1;CBLL1"
"Positive Regulation Of Protein Serine/Threonine Kinase Activity (GO:0071902)","33/117",0.185581606547792,0.99999537209541,0,0,1.22805561319776,2.06836564240097,"CEMIP;DIRAS2;ADRB2;THBS1;EGFR;ROBO1;RPTOR;CCND3;PDGFC;ERBB2;NTF3;TNFSF11;MAP2K5;SNCA;MAP2K1;MEF2C;INSR;NTRK3;WNT5A;SH2D1A;HMGA2;SIRT1;IRGM;ADRA2A;VEGFA;ETAA1;CCNY;NEK10;ADAM9;CAMK1;DIPK2A;FERMT2;LTF"
"Branching Involved In Blood Vessel Morphogenesis (GO:0001569)","5/13",0.187725248036229,0.99999537209541,0,0,1.95223849804002,3.26565737727998,"KDR;NRARP;SEMA3E;TGFBR2;VEGFA"
"Catecholamine Metabolic Process (GO:0006584)","5/13",0.187725248036229,0.99999537209541,0,0,1.95223849804002,3.26565737727998,"PRKN;DDC;RNF180;SNCAIP;DRD2"
"Chondroitin Sulfate Biosynthetic Process (GO:0030206)","5/13",0.187725248036229,0.99999537209541,0,0,1.95223849804002,3.26565737727998,"CHST9;CHST7;CHST11;CSGALNACT2;CHST3"
"Cotranslational Protein Targeting To Membrane (GO:0006613)","5/13",0.187725248036229,0.99999537209541,0,0,1.95223849804002,3.26565737727998,"SRP19;SEC61A1;TRAM1;SIL1;SRP9"
"Microvillus Organization (GO:0032528)","5/13",0.187725248036229,0.99999537209541,0,0,1.95223849804002,3.26565737727998,"RAP1B;RAP1A;STK26;TNIK;MAP4K4"
"Negative Regulation Of Endoplasmic Reticulum Unfolded Protein Response (GO:1900102)","5/13",0.187725248036229,0.99999537209541,0,0,1.95223849804002,3.26565737727998,"PPP1R15B;PTPN1;DNAJB9;BFAR;NCK1"
"Positive Regulation Of Potassium Ion Transmembrane Transporter Activity (GO:1901018)","5/13",0.187725248036229,0.99999537209541,0,0,1.95223849804002,3.26565737727998,"GAL;LRRC38;ANK2;ATP1B1;LRRC55"
"Regulation Of ERBB Signaling Pathway (GO:1901184)","5/13",0.187725248036229,0.99999537209541,0,0,1.95223849804002,3.26565737727998,"FER;SH3TC2;PTPN12;RBPJ;LGMN"
"Regulation Of IRE1-mediated Unfolded Protein Response (GO:1903894)","5/13",0.187725248036229,0.99999537209541,0,0,1.95223849804002,3.26565737727998,"PTPN1;BCL2L11;TMEM33;DNAJB9;BFAR"
"Regulation Of T Cell Chemotaxis (GO:0010819)","5/13",0.187725248036229,0.99999537209541,0,0,1.95223849804002,3.26565737727998,"WNK1;WNT5A;STK39;CXCL13;CCR2"
"Regulation Of cAMP-dependent Protein Kinase Activity (GO:2000479)","5/13",0.187725248036229,0.99999537209541,0,0,1.95223849804002,3.26565737727998,"PKIA;PRKAR2A;HTT;ADRB2;SIRT1"
"Relaxation Of Muscle (GO:0090075)","5/13",0.187725248036229,0.99999537209541,0,0,1.95223849804002,3.26565737727998,"CAMK2D;RGS2;ATP1A2;ATP1B1;SLC8A1"
"Activation Of Phospholipase C Activity (GO:0007202)","9/27",0.187870487870382,0.99999537209541,0,0,1.56204831715879,2.61174860995787,"CD86;PHB1;AVPR1B;PTH;TXK;GNAQ;NMUR1;ARHGAP6;EGFR"
"Cellular Response To Epidermal Growth Factor Stimulus (GO:0071364)","9/27",0.187870487870382,0.99999537209541,0,0,1.56204831715879,2.61174860995787,"EEF1A1;FOXC1;GAREM1;ERBB2;SOX9;PTPN12;KNSTRN;EGFR;ZFP36L1"
"Clathrin-Dependent Endocytosis (GO:0072583)","9/27",0.187870487870382,0.99999537209541,0,0,1.56204831715879,2.61174860995787,"LMBRD1;CLTC;FCHO2;MAGI2;GPR107;STON2;AP2B1;FNBP1L;PICALM"
"Dorsal/Ventral Pattern Formation (GO:0009953)","9/27",0.187870487870382,0.99999537209541,0,0,1.56204831715879,2.61174860995787,"GREM1;BMP1;TLL2;TLL1;BMPR1B;DSCAML1;GLI2;ANKS1B;BMPR1A"
"Peptide Cross-Linking (GO:0018149)","9/27",0.187870487870382,0.99999537209541,0,0,1.56204831715879,2.61174860995787,"DSP;ANXA1;KRT1;FN1;F13A1;THBS1;TGM4;TGM3;TGM2"
"Positive Regulation Of Calcium Ion Transmembrane Transporter Activity (GO:1901021)","9/27",0.187870487870382,0.99999537209541,0,0,1.56204831715879,2.61174860995787,"VMP1;RYR2;PPP3CA;JPH2;STAC3;HTT;AKAP6;ANK2;ATP1B1"
"Positive Regulation Of Cysteine-Type Endopeptidase Activity (GO:2001056)","19/64",0.190800642530298,0.99999537209541,0,0,1.31943352415109,2.18567613912859,"CYFIP2;APAF1;SYK;RIPK2;NOD1;BCL10;SIRT1;ASPH;GPER1;PERP;ARL6IP5;TNFSF10;USP50;CYCS;FYN;SOX7;MAP3K5;NKX3-1;LGMN"
"Response To Metal Ion (GO:0010038)","19/64",0.190800642530298,0.99999537209541,0,0,1.31943352415109,2.18567613912859,"AHCYL1;SLC30A8;TRPC3;HOMER1;HAAO;CAV1;MT1X;THBS1;LOXL2;TTN;PPP3CA;IMPA2;NEDD4;KCNMA1;BCL2;SLC25A12;PAM;SLC25A13;SNCA"
"Calcium-Dependent Cell-Cell Adhesion Via Plasma Membrane Cell Adhesion Molecules (GO:0016339)","12/38",0.191373973304239,0.99999537209541,0,0,1.44202161474889,2.38441992951722,"NLGN1;CDH4;CDH2;CDH11;CDH23;CDH12;CDHR3;CDH13;CDH9;CDH17;CDH18;CDH7"
"Cellular Response To Estradiol Stimulus (GO:0071392)","7/20",0.191412646263722,0.99999537209541,0,0,1.68206715884734,2.78100154869279,"FAM210B;CRHBP;NCOA3;GPER1;ZNF703;POU4F1;EGFR"
"Endoplasmic Reticulum Calcium Ion Homeostasis (GO:0032469)","7/20",0.191412646263722,0.99999537209541,0,0,1.68206715884734,2.78100154869279,"CAMK2D;BCL2;ATP2A2;TUNAR;PSEN1;PML;TGM2"
"Endothelial Cell Development (GO:0001885)","7/20",0.191412646263722,0.99999537209541,0,0,1.68206715884734,2.78100154869279,"RAP1B;ROBO4;RAP1A;RDX;MSN;F2RL1;MET"
"Negative Regulation Of miRNA Transcription (GO:1902894)","7/20",0.191412646263722,0.99999537209541,0,0,1.68206715884734,2.78100154869279,"NCOR2;NCOR1;NFIB;SRF;NFATC3;PPARG;SOX9"
"Negative Regulation Of Protein Localization To Cell Periphery (GO:1904376)","7/20",0.191412646263722,0.99999537209541,0,0,1.68206715884734,2.78100154869279,"DAB2;CLTC;TMBIM1;PPP2R5A;GBP1;BCL2L1;PICALM"
"Regulation Of Cardiac Muscle Contraction By Calcium Ion Signaling (GO:0010882)","7/20",0.191412646263722,0.99999537209541,0,0,1.68206715884734,2.78100154869279,"RYR2;CAMK2D;ATP2A2;ATP1A2;CACNA1C;ATP1B1;SLC8A1"
"Xenobiotic Transport (GO:0042908)","7/20",0.191412646263722,0.99999537209541,0,0,1.68206715884734,2.78100154869279,"SLC22A4;ABCC1;ABCC2;SLC15A2;ABCC5;NR1I2;SLC22A1"
"Regulation Of Canonical Wnt Signaling Pathway (GO:0060828)","56/207",0.193653093747967,0.99999537209541,0,0,1.15967500510911,1.90382326086537,"INVS;SEMA5A;PTPRU;GSK3B;CTNND2;PTPRO;JADE1;NRARP;TMEM131L;LIMD1;GLI3;HHEX;RUVBL1;SOX9;SOST;SOX7;SOX4;IGFBP1;TLE4;IGFBP2;WNT5A;ATP6AP2;SOX13;KREMEN1;AXIN2;RBX1;GREM1;GPRC5B;LATS2;CCNY;RBMS3;PRKN;KANK1;AMER3;PSEN1;STK4;LYPD6;EGFR;SCEL;WNT11;ZNF703;TBL1X;WWTR1;SIAH2;CAV1;TMEM64;DAB2;APC;PTK7;WNK1;GNAQ;CCDC88C;OTULIN;CDK14;LGR5;FGF10"
"Cell-Cell Junction Organization (GO:0045216)","20/68",0.195460560872702,0.99999537209541,0,0,1.30208333333333,2.12551647731039,"DSP;SMAD3;CTNND2;CDH9;CDH7;FLCN;CDH4;CDH2;CDH11;CDH12;CDHR3;FSCN1;PKP2;CDH13;PKP1;F2RL1;CSK;TLN2;CDH17;CDH18"
"Positive Regulation Of Protein Phosphorylation (GO:0001934)","99/377",0.195815780858359,0.99999537209541,0,0,1.11412405947323,1.81666947322788,"APP;CSF1;PARK7;CCND3;TBK1;AKT2;KDR;ENPP2;SOX9;IL6R;MAP3K5;MUSK;LIMCH1;HGF;ATG14;MOB3A;TOM1L1;PRKD1;ADTRP;TNIK;WDFY2;RAF1;CEMIP;FAXDC2;CHRNA7;EFNA5;STK4;FXR1;RAP1A;PDGFC;DVL2;LYN;NIBAN1;SMAD4;RBPMS;INSR;CAV1;TNK2;SH2D1A;BRAF;IGF1;INHBA;BMP7;BMP6;EFNA1;BMP3;DAB2;CLEC6A;TAB2;BMPR1A;FGF10;BCAR3;CDKN1A;FBH1;ITGB3;PRKAG2;RPTOR;FLCN;GPER1;RB1CC1;CCR7;NKX3-1;MMD;RIPK2;AXIN2;NGF;SIRT1;TGFBR2;TRAF4;INCENP;PPARG;LCP2;CACUL1;CD44;DDR2;PELI2;TTK;EGFR;THBS4;CAMKK2;NTF3;ERBB2;P2RY1;MAPK1;FNIP2;STOX1;SNCA;ANGPT4;NTRK2;GDF15;NTRK3;IRGM;AGT;VEGFA;SLCO3A1;LEP;NEK10;CDK2AP1;TEK"
"External Encapsulating Structure Organization (GO:0045229)","31/110",0.195983346761434,0.99999537209541,0,0,1.2265405307476,1.99892448873854,"APP;HPSE2;COL13A1;COL14A1;ADAMTS12;MMP20;ADAMTS16;ADAMTS3;MMP24;ADAMTS1;SPOCK2;ADAMTS8;ATP7A;ADAMTS9;TGM3;COL28A1;MMP7;COL24A1;COL23A1;NPNT;OTOL1;SMOC2;COL4A2;MMP15;SMOC1;GFOD2;PXDN;ST7;NF1;RECK;MATN2"
"Carboxylic Acid Transport (GO:0046942)","16/53",0.196055810135866,0.99999537209541,0,0,1.35121722218496,2.20161377300185,"SLC36A1;ABCC1;SLC38A1;SLC36A2;SLC6A15;SLC43A1;SLC6A11;SLC16A10;SLC7A1;SLC7A2;SLC6A6;PDPN;SLC16A7;SLC16A9;SLC38A2;SLC38A4"
"Response To Endoplasmic Reticulum Stress (GO:0034976)","32/114",0.198297472465698,0.99999537209541,0,0,1.21979556725028,1.973613357722,"PRKN;GSK3B;PPP1R15B;CXCL8;RASGRF2;SEL1L;RASGRF1;ITPR1;DERL1;ATP2A2;THBS1;THBS4;BCL2L11;CREB3L1;CREB3L2;DNAJB9;CDK5RAP3;MARCHF6;MAP3K5;NCK1;NIBAN1;MBTPS1;ATG10;DNAJB12;TNFRSF10B;ERP44;GORASP2;TMEM33;TMEM117;BCL2;ATF6;CFTR"
"Cellular Response To Hypoxia (GO:0071456)","21/72",0.199733549822964,0.99999537209541,0,0,1.286775360113,2.07270049992361,"BNIP3L;ANGPT4;KCND2;EPAS1;BNIP3;GATA6;AK4;FMN2;SIRT1;BMP7;MTOR;AQP1;ZFP36L1;VEGFA;RPTOR;NPEPPS;FAM162A;PPARG;CPEB2;STOX1;NKX3-1"
"Branching Morphogenesis Of An Epithelial Tube (GO:0048754)","13/42",0.199773627112693,0.99999537209541,0,0,1.40059573437088,2.2557580572328,"NRARP;SEMA3E;NPNT;GLI2;TGFBR2;VEGFA;SALL1;GDNF;WT1;KDR;MET;NKX3-1;FGF10"
"acyl-CoA Metabolic Process (GO:0006637)","10/31",0.200015736607092,0.99999537209541,0,0,1.48767726834641,2.39420714678474,"SUCLA2;GPAT4;ACSM1;OGDH;ACSM2A;SUCLG2;ACSM5;ACSM4;BAAT;ACACB"
"Cellular Response To cAMP (GO:0071320)","10/31",0.200015736607092,0.99999537209541,0,0,1.48767726834641,2.39420714678474,"RAP1B;CRHBP;RAP1A;WT1;AKAP6;EZR;SLC26A3;CFTR;AQP1;ZFP36L1"
"Glutamine Family Amino Acid Metabolic Process (GO:0009064)","10/31",0.200015736607092,0.99999537209541,0,0,1.48767726834641,2.39420714678474,"ADSL;SLC38A1;GLYATL1;GOT1;TAT;UCP2;GOT2;MTHFS;GGT1;GCLM"
"Positive Regulation Of Rho Protein Signal Transduction (GO:0035025)","10/31",0.200015736607092,0.99999537209541,0,0,1.48767726834641,2.39420714678474,"GPR17;PRAG1;SYNPO2L;LPAR6;MCF2L;ARHGEF3;APOA1;F2RL1;ROBO1;F2RL3"
"Regulation Of Long-Term Synaptic Potentiation (GO:1900271)","10/31",0.200015736607092,0.99999537209541,0,0,1.48767726834641,2.39420714678474,"FXR1;APP;GSK3B;SCGN;EPHA4;YTHDF1;CHRNA7;FAM107A;ADCY1;LGMN"
"Response To Estradiol (GO:0032355)","10/31",0.200015736607092,0.99999537209541,0,0,1.48767726834641,2.39420714678474,"FOXA1;FAM210B;CRHBP;GPER1;NCOA3;ZNF703;STAT3;POU4F1;EGFR;STRN3"
"Positive Regulation Of Protein Secretion (GO:0050714)","22/76",0.20366314426557,0.99999537209541,0,0,1.27316923548808,2.02597880361684,"SLC30A8;OR51E2;IRS2;ACSL4;FRMD4A;MYRIP;IGF1;ISL1;BMP6;TTN;C1QTNF3;GPER1;MYO18A;ADAM9;F2RL1;PPARG;DNM1L;EZR;CD33;SOX4;ABCG1;EXPH5"
"Regulation Of MAPK Cascade (GO:0043408)","55/204",0.204135069073823,0.99999537209541,0,0,1.15416794333147,1.83394216215813,"PAGE4;BCAR3;PEBP1;SLA;ETFA;ADRA1B;SPRED1;GPER1;KDR;DUSP4;DUSP5;DUSP2;MAP2K1;GPR37;AVPR1B;MYOC;SYK;ATP6AP2;DUSP29;ADRA2A;RNF41;GREM1;TGFBR3;DOK5;IAPP;TNIK;RAF1;PPEF2;JCAD;ROCK1;CHRNA7;PELI2;ADRB2;PRDM11;STK4;STYXL2;EGFR;ERBB2;MAPK1;MAP4K4;LYN;NTRK2;GDF15;CAV2;INSR;CAV1;FN1;IGF1;RIT2;TAOK3;LEP;NEK10;NF1;TEK;FGF10"
"BMP Signaling Pathway (GO:0030509)","18/61",0.206941469012364,0.99999537209541,0,0,1.30803128999047,2.06056691532144,"SMAD4;DLX5;SMURF1;USP9Y;SMAD9;INHBA;RGMB;SMAD6;BMP7;BMP6;RGMA;TMEM100;TGFBR3;BMP3;HIVEP1;PPARG;BMPR1B;BMPR1A"
"CRD-mediated mRNA Stabilization (GO:0070934)","4/10",0.207054333419411,0.99999537209541,0,0,2.08223322332233,3.27904682504634,"IGF2BP1;IGF2BP3;IGF2BP2;PABPC1"
"N-acetylneuraminate Metabolic Process (GO:0006054)","4/10",0.207054333419411,0.99999537209541,0,0,2.08223322332233,3.27904682504634,"ST6GAL1;GNPDA2;NPL;GNE"
"UDP-N-acetylglucosamine Metabolic Process (GO:0006047)","4/10",0.207054333419411,0.99999537209541,0,0,2.08223322332233,3.27904682504634,"SLC35A3;GNPDA2;GNPNAT1;UAP1"
"Cellular Response To Interleukin-15 (GO:0071350)","4/10",0.207054333419411,0.99999537209541,0,0,2.08223322332233,3.27904682504634,"STAT5A;IL15RA;MFAP3;STAT3"
"Hematopoietic Stem Cell Proliferation (GO:0071425)","4/10",0.207054333419411,0.99999537209541,0,0,2.08223322332233,3.27904682504634,"WNT2B;WNT5A;CD34;ETV6"
"Heme Catabolic Process (GO:0042167)","4/10",0.207054333419411,0.99999537209541,0,0,2.08223322332233,3.27904682504634,"ABCC2;AMBP;BLVRB;UGT1A4"
"Interleukin-15-Mediated Signaling Pathway (GO:0035723)","4/10",0.207054333419411,0.99999537209541,0,0,2.08223322332233,3.27904682504634,"STAT5A;IL15RA;MFAP3;STAT3"
"miRNA Catabolic Process (GO:0010587)","4/10",0.207054333419411,0.99999537209541,0,0,2.08223322332233,3.27904682504634,"PARN;ELOC;TENT4B;SND1"
"Midbrain Dopaminergic Neuron Differentiation (GO:1904948)","4/10",0.207054333419411,0.99999537209541,0,0,2.08223322332233,3.27904682504634,"FZD1;WNT5A;WNT9B;WNT2"
"Monoamine Transport (GO:0015844)","4/10",0.207054333419411,0.99999537209541,0,0,2.08223322332233,3.27904682504634,"SLC22A1;SLC18A1;SLC29A3;SLC6A3"
"Negative Regulation Of Activin Receptor Signaling Pathway (GO:0032926)","4/10",0.207054333419411,0.99999537209541,0,0,2.08223322332233,3.27904682504634,"SKI;IGSF1;MAGI2;DACT2"
"Negative Regulation Of Centrosome Duplication (GO:0010826)","4/10",0.207054333419411,0.99999537209541,0,0,2.08223322332233,3.27904682504634,"KAT2B;TMEM67;CCNF;CDK5RAP2"
"Negative Regulation Of Exocytosis (GO:0045920)","4/10",0.207054333419411,0.99999537209541,0,0,2.08223322332233,3.27904682504634,"PRKN;STXBP6;RAB33B;SNCA"
"Negative Regulation Of Glycolytic Process (GO:0045820)","4/10",0.207054333419411,0.99999537209541,0,0,2.08223322332233,3.27904682504634,"HDAC4;FLCN;NCOR1;FBP1"
"Negative Regulation Of Pathway-Restricted SMAD Protein Phosphorylation (GO:0060394)","4/10",0.207054333419411,0.99999537209541,0,0,2.08223322332233,3.27904682504634,"GREM1;SNX25;PPARG;SMAD6"
"Nuclear Pore Complex Assembly (GO:0051292)","4/10",0.207054333419411,0.99999537209541,0,0,2.08223322332233,3.27904682504634,"FXR1;NUP93;NUP205;NUP98"
"Phenol-Containing Compound Biosynthetic Process (GO:0046189)","4/10",0.207054333419411,0.99999537209541,0,0,2.08223322332233,3.27904682504634,"MOXD1;OCA2;DDC;TYRP1"
"Positive Regulation Of Actin Filament Depolymerization (GO:0030836)","4/10",0.207054333419411,0.99999537209541,0,0,2.08223322332233,3.27904682504634,"SEMA5A;CARMIL1;CRACD;F2RL1"
"Positive Regulation Of Chondrocyte Differentiation (GO:0032332)","4/10",0.207054333419411,0.99999537209541,0,0,2.08223322332233,3.27904682504634,"SOX9;BMPR1B;SOX6;LOXL2"
"Positive Regulation Of Defense Response To Bacterium (GO:1900426)","4/10",0.207054333419411,0.99999537209541,0,0,2.08223322332233,3.27904682504634,"MMRN2;EMILIN2;KLK3;PGC"
"Positive Regulation Of Phospholipid Transport (GO:2001140)","4/10",0.207054333419411,0.99999537209541,0,0,2.08223322332233,3.27904682504634,"CETP;ABCB4;APOA1;PRAP1"
"Positive Regulation Of Post-Transcriptional Gene Silencing By RNA (GO:1900370)","4/10",0.207054333419411,0.99999537209541,0,0,2.08223322332233,3.27904682504634,"FXR1;LIMD1;WTIP;PUM2"
"Positive Regulation Of Protein Depolymerization (GO:1901881)","4/10",0.207054333419411,0.99999537209541,0,0,2.08223322332233,3.27904682504634,"SEMA5A;SLN;STMN2;F2RL1"
"Positive Regulation Of Transforming Growth Factor Beta Production (GO:0071636)","4/10",0.207054333419411,0.99999537209541,0,0,2.08223322332233,3.27904682504634,"GATA6;THBS1;CD200;BMPR1A"
"Prostaglandin Transport (GO:0015732)","4/10",0.207054333419411,0.99999537209541,0,0,2.08223322332233,3.27904682504634,"SLCO3A1;LEP;SLC22A1;SLCO2A1"
"Protein Oxidation (GO:0018158)","4/10",0.207054333419411,0.99999537209541,0,0,2.08223322332233,3.27904682504634,"CHCHD4;TMX3;LOXL2;SUMF1"
"Protein Prenylation (GO:0018342)","4/10",0.207054333419411,0.99999537209541,0,0,2.08223322332233,3.27904682504634,"PLPP6;FNTB;CHML;RCE1"
"Regulation Of Lamellipodium Morphogenesis (GO:2000392)","4/10",0.207054333419411,0.99999537209541,0,0,2.08223322332233,3.27904682504634,"KANK1;PDPN;ENPP2;CD44"
"Regulation Of Mitochondrial Depolarization (GO:0051900)","4/10",0.207054333419411,0.99999537209541,0,0,2.08223322332233,3.27904682504634,"MYOC;BCL2;KDR;DCN"
"Regulation Of Opsonization (GO:1903027)","4/10",0.207054333419411,0.99999537209541,0,0,2.08223322332233,3.27904682504634,"FCN1;MYO18A;PLA2G5;MBL2"
"Regulation Of Peptidyl-Lysine Acetylation (GO:2000756)","4/10",0.207054333419411,0.99999537209541,0,0,2.08223322332233,3.27904682504634,"FLCN;DIP2B;KLF15;SIRT1"
"Regulation Of Toll-Like Receptor 2 Signaling Pathway (GO:0034135)","4/10",0.207054333419411,0.99999537209541,0,0,2.08223322332233,3.27904682504634,"LYN;MFHAS1;F2RL1;TNFAIP3"
"Serine Family Amino Acid Biosynthetic Process (GO:0009070)","4/10",0.207054333419411,0.99999537209541,0,0,2.08223322332233,3.27904682504634,"PSAT1;GGT1;SEPHS1;SERINC5"
"Negative Regulation Of Cellular Metabolic Process (GO:0031324)","14/46",0.207138164689712,0.99999537209541,0,0,1.36693881769326,2.15206643587861,"HDAC4;PRKN;ITGB3;HMGA2;SIRT1;TERF2;CIDEC;TBX2;FLCN;CDK6;NCOR1;ITGAV;UGT1A8;FBP1"
"Glycoprotein Biosynthetic Process (GO:0009101)","23/80",0.207286516086044,0.99999537209541,0,0,1.26099624708904,1.98437091443224,"ARFGEF1;CHST9;ST6GALNAC1;CANT1;CSGALNACT2;ST8SIA3;XYLT1;IGF1;SERP1;NPC1;CHST11;DAD1;B3GALT2;GCNT2;ST3GAL4;GALNTL5;ST8SIA5;ST3GAL6;ST8SIA6;ATP7A;BMPR1B;ALG10B;ST3GAL3"
"Gliogenesis (GO:0042063)","8/24",0.207718562324675,0.99999537209541,0,0,1.56193228736581,2.45468776988425,"METTL14;ANXA1;CDK6;MMP24;CDH2;NFIB;PHOX2B;HAPLN2"
"Lipid Translocation (GO:0034204)","8/24",0.207718562324675,0.99999537209541,0,0,1.56193228736581,2.45468776988425,"ABCC1;ATP8A2;ATP8B2;TMEM30B;ATP8B1;ABCB4;ATP11A;ATP9B"
"mRNA Polyadenylation (GO:0006378)","8/24",0.207718562324675,0.99999537209541,0,0,1.56193228736581,2.45468776988425,"APP;PNPT1;PCF11;PAPOLG;TUT1;PEX2;PABPC1;TENT4B"
"Positive Regulation Of Peptidyl-Threonine Phosphorylation (GO:0010800)","8/24",0.207718562324675,0.99999537209541,0,0,1.56193228736581,2.45468776988425,"RPTOR;CEMIP;RIPK2;PRKAG2;MAPK1;BMP7;IRGM;STOX1"
"Regulation Of Endoplasmic Reticulum Stress-Induced Intrinsic Apoptotic Signaling Pathway (GO:1902235)","8/24",0.207718562324675,0.99999537209541,0,0,1.56193228736581,2.45468776988425,"PRKN;PTPN1;BCL2L11;CREB3L1;TMBIM6;PARK7;BOK;NCK1"
"Regulation Of Heterotypic Cell-Cell Adhesion (GO:0034114)","8/24",0.207718562324675,0.99999537209541,0,0,1.56193228736581,2.45468776988425,"WNK1;GCNT2;APOA1;BMP7;CD44;MAP2K5;SKAP1;MBL2"
"Dendrite Morphogenesis (GO:0048813)","11/35",0.21024593165029,0.99999537209541,0,0,1.43190112235764,2.23301733965435,"DOCK10;FARP1;KLF7;CHRNA7;CTNND2;BTBD3;MAP6;PHACTR1;WASL;CTNNA2;EPHB3"
"Endoderm Formation (GO:0001706)","11/35",0.21024593165029,0.99999537209541,0,0,1.43190112235764,2.23301733965435,"DUSP4;DUSP5;DUSP2;ITGB5;COL4A2;MMP15;FN1;HMGA2;ITGAV;INHBA;SOX7"
"Response To Nutrient Levels (GO:0031667)","11/35",0.21024593165029,0.99999537209541,0,0,1.43190112235764,2.23301733965435,"PRR5;RPTOR;KCNB1;MAPKAP1;FAM107A;UCP1;MEAK7;PRKAG2;FLNB;RICTOR;MTOR"
"Regulation Of ERK1 And ERK2 Cascade (GO:0070372)","65/244",0.211322148084728,0.99999537209541,0,0,1.13550666201409,1.76499924079729,"APP;PHB1;PTPRR;ARHGAP8;PSCA;FLCN;RPS6KA6;SPRED1;DUSP10;BMPER;GLIPR2;GPER1;KDR;CCR7;CD36;DUSP4;EPHA4;MAP2K1;SEMA6A;MUSK;SYK;PRKCA;DUSP29;NPNT;MTURN;TGFBR3;GAREM1;FSHR;CNKSR3;ITGB1BP1;EZR;CD44;DDR2;NOTCH2;CHRNA7;GATA4;PLA2G5;EGFR;RAP1A;PDGFC;ERBB2;P2RY1;GCNT2;ALKAL2;CCL18;GBP1;CCR1;LYN;NTRK2;PTPN1;SMAD4;NTRK3;FN1;BRAF;IGF1;SCIMP;MFHAS1;DLG1;MFAP3;NEK10;F2RL1;ACKR3;TEK;FERMT2;FGF10"
"Autophagosome Assembly (GO:0000045)","19/65",0.211625414994611,0.99999537209541,0,0,1.29066472350417,2.00432162006878,"RAB1A;SMURF1;MAP1LC3B2;ATP2A2;WIPI1;WIPI2;ATG14;IRGM;AP4M1;VMP1;MAP1LC3A;ATG16L2;MAP1LC3C;ATG101;ATG16L1;RB1CC1;ULK2;PIK3C3;ATG7"
"Negative Regulation Of Transmembrane Receptor Protein Serine/Threonine Kinase Signaling Pathway (GO:0090101)","31/111",0.211851079160734,0.99999537209541,0,0,1.21112839659822,1.87951589336047,"DLX1;IGSF1;UBE2D1;CHRDL1;SPRED1;BMPER;SIN3A;SNX25;CAPN5;PRDM16;VWC2L;SUDS3;SOST;SMURF1;SLC2A10;CAV1;MAGI2;CRIM1;TET1;SMAD6;SIRT1;SORL1;SPART;GREM1;SKI;CD109;BRMS1L;VEPH1;VWC2;PPARG;TRIM33"
"G Protein-Coupled Acetylcholine Receptor Signaling Pathway (GO:0007213)","6/17",0.21240903756245,0.99999537209541,0,0,1.70378569016621,2.63957539743136,"CHRM3;CHRM1;HRH3;GNAQ;RGS8;CDK5R1"
"Hippo Signaling (GO:0035329)","6/17",0.21240903756245,0.99999537209541,0,0,1.70378569016621,2.63957539743136,"YAP1;WWTR1;LATS2;AMOTL1;STK4;TEAD1"
"Long-Chain fatty-acyl-CoA Biosynthetic Process (GO:0035338)","6/17",0.21240903756245,0.99999537209541,0,0,1.70378569016621,2.63957539743136,"HACD1;ACSL1;ACSL5;ACSL4;ELOVL6;ELOVL7"
"Mesenchyme Development (GO:0060485)","6/17",0.21240903756245,0.99999537209541,0,0,1.70378569016621,2.63957539743136,"WNT11;HMGA2;GATA4;BMP7;ISL1;SOX4"
"Microtubule Depolymerization (GO:0007019)","6/17",0.21240903756245,0.99999537209541,0,0,1.70378569016621,2.63957539743136,"KIF2A;STMN2;KIF24;STMN4;CKAP5;NCKAP5"
"Negative Regulation Of Rho Protein Signal Transduction (GO:0035024)","6/17",0.21240903756245,0.99999537209541,0,0,1.70378569016621,2.63957539743136,"KANK1;RIPOR2;FLCN;MYOC;MET;ARHGAP35"
"Positive Regulation Of Dendrite Extension (GO:1903861)","6/17",0.21240903756245,0.99999537209541,0,0,1.70378569016621,2.63957539743136,"RIMS2;RNF157;SYT4;RIMS1;SMURF1;NEDD4L"
"Positive Regulation Of Lymphocyte Chemotaxis (GO:0140131)","6/17",0.21240903756245,0.99999537209541,0,0,1.70378569016621,2.63957539743136,"WNK1;WNT5A;STK39;NEDD9;CXCL13;CCR2"
"Regulation Of Adenylate Cyclase Activity (GO:0045761)","6/17",0.21240903756245,0.99999537209541,0,0,1.70378569016621,2.63957539743136,"GRM3;NF1;ORAI1;CACNA1D;CACNA1C;CCR2"
"Regulation Of Brown Fat Cell Differentiation (GO:0090335)","6/17",0.21240903756245,0.99999537209541,0,0,1.70378569016621,2.63957539743136,"FLCN;LEP;SOX13;NAPEPLD;PIM1;SIRT1"
"Regulation Of Oxidative Phosphorylation (GO:0002082)","6/17",0.21240903756245,0.99999537209541,0,0,1.70378569016621,2.63957539743136,"MLXIPL;UQCC2;PPIF;AK4;ATP7A;SLC25A33"
"Regulation Of Receptor Recycling (GO:0001919)","6/17",0.21240903756245,0.99999537209541,0,0,1.70378569016621,2.63957539743136,"AP1AR;ECE1;OPTN;SNCA;TBC1D16;VAMP3"
"Regulation Of Telomere Maintenance Via Telomere Lengthening (GO:1904356)","6/17",0.21240903756245,0.99999537209541,0,0,1.70378569016621,2.63957539743136,"PARP1;PINX1;DHX36;SLX1A;TERF2;SMG6"
"Sensory Perception Of Taste (GO:0050909)","6/17",0.21240903756245,0.99999537209541,0,0,1.70378569016621,2.63957539743136,"SCNN1G;GNAT3;SCNN1B;SCNN1A;CD36;ASIC2"
"Transepithelial Transport (GO:0070633)","6/17",0.21240903756245,0.99999537209541,0,0,1.70378569016621,2.63957539743136,"ABCC1;ABCC2;SLC1A1;SLC1A2;SLC1A3;BEST1"
"Triglyceride Biosynthetic Process (GO:0019432)","6/17",0.21240903756245,0.99999537209541,0,0,1.70378569016621,2.63957539743136,"LPGAT1;GPAM;MOGAT2;GPAT4;GPAT3;LPIN2"
"Ventricular Cardiac Muscle Cell Action Potential (GO:0086005)","6/17",0.21240903756245,0.99999537209541,0,0,1.70378569016621,2.63957539743136,"KCNH2;RYR2;KCNE4;PKP2;NEDD4L;GPD1L"
"Regulation Of Signal Transduction (GO:0009966)","52/193",0.213379320361244,0.99999537209541,0,0,1.15302009456265,1.7810515191813,"SEMA5A;APP;MTCH1;PRAG1;FRMPD1;ZDHHC7;NUCKS1;CLU;RGS2;CD36;RGS8;RGS6;NCK1;TSPYL2;IGFBP1;IGFBP2;TSC2;GLRX2;SIRT1;DOK5;GAS1;VWA2;ITGB1BP1;PRKD1;SIK2;SLC24A4;INTU;CHRNA7;CDKN2AIP;RIC8B;IGFBPL1;GRK5;SH3TC2;IRAK2;TMEM204;GRK7;GNG7;IGFBP7;CSK;FYN;CD55;GIT2;PTPN1;TCF7L1;HOMER1;DTNBP1;FBXL17;KAZALD1;GDNF;VEPH1;RGS12;CDC42SE2"
"Regulation Of Epithelial Cell Migration (GO:0010632)","15/50",0.213643625633433,0.99999537209541,0,0,1.33905313210668,2.06675613745918,"DOCK5;MACF1;PTPRR;PRKCE;EMP2;DUSP10;BMPER;GLIPR2;ENPP2;CTSH;SOX9;DOCK1;CLASP1;CLASP2;FGF10"
"Phospholipid Metabolic Process (GO:0006644)","20/69",0.215888857607231,0.99999537209541,0,0,1.27542573320719,1.95521687400335,"AGPAT5;MBOAT1;MBOAT2;PLAAT3;FITM2;PLA2G5;CLN8;PLD1;ALOX15B;AGPAT3;AGPAT4;OC90;ABHD12;SMPD3;PLPP6;ACP6;ENPP2;PIP5K1A;LCP1;PLPP3"
"Regulation Of Monoatomic Ion Transmembrane Transporter Activity (GO:0032412)","20/69",0.215888857607231,0.99999537209541,0,0,1.27542573320719,1.95521687400335,"APP;CHRM3;MEF2C;NLGN1;HOMER1;STK39;NEDD4L;ANK2;CACNA1D;WWP2;CRHBP;NEDD4;FXYD1;PPIF;GPD1L;UTRN;CACNG3;CNIH3;FGF12;CACNG4"
"Positive Regulation Of Angiogenesis (GO:0045766)","33/119",0.215967006097145,0.99999537209541,0,0,1.19933692698958,1.83813931367446,"SEMA5A;ITGB1;CXCL8;CHRNA7;GATA6;GATA4;THBS1;HK2;AQP1;MTDH;BMPER;KDR;CTSH;EMILIN2;CD34;CCR3;ANGPT4;PRKCB;WNT5A;VASH2;HMGA2;PRKCA;EMP2;ISL1;SIRT1;VEGFA;SMOC2;CNTN1;AGGF1;PRKD1;ANGPTL4;TEK;EPHA1"
"Negative Regulation Of Transport (GO:0051051)","12/39",0.218978041622669,0.99999537209541,0,0,1.38852157943067,2.10886410960962,"PRKN;LRSAM1;MTMR2;NDFIP2;MCTP1;ITGB3;ARL6IP5;ITGAV;WWP2;PRKD1;CRYAA;SNCA"
"Vesicle Cytoskeletal Trafficking (GO:0099518)","12/39",0.218978041622669,0.99999537209541,0,0,1.38852157943067,2.10886410960962,"MYO1D;RAB1A;SYT4;MYO1E;MYO1B;FBXW11;MYO5C;MYO7B;HTT;WASL;FNBP1L;TANC2"
"Epidermal Cell Differentiation (GO:0009913)","16/54",0.219427728410977,0.99999537209541,0,0,1.31557180793174,1.99537032801338,"CERS3;DSP;ASAH1;ANXA1;JAG1;OPN3;WNT5A;GATA6;USH2A;BCR;PPP3CA;SCEL;KRT16;ADAM9;PIP5K1A;TGM3"
"Regulation Of Exocytosis (GO:0017157)","16/54",0.219427728410977,0.99999537209541,0,0,1.31557180793174,1.99537032801338,"RAB3B;CADPS;RAB27A;CPLANE2;RAB33B;STXBP5L;RIMS2;RAB21;RAB12;STXBP5;STXBP6;CFTR;CLASP1;CLASP2;EXPH5;SNCA"
"Regulation Of Myoblast Differentiation (GO:0045661)","16/54",0.219427728410977,0.99999537209541,0,0,1.31557180793174,1.99537032801338,"RIPOR2;MEF2C;PBRM1;SMARCC1;SMARCD2;SMARCD3;TMEM182;ARID1A;ARID1B;SMARCA2;ZFP36L1;MYF6;DPF3;SOX9;ARID2;SOX4"
"Positive Regulation Of Secretion By Cell (GO:1903532)","21/73",0.219782709599245,0.99999537209541,0,0,1.26194608537809,1.91199458438915,"KCNB1;CADPS;DTNBP1;RAB27A;FRMD4A;SOX11;IGF1;BMP6;TTN;GPER1;MYO18A;ADAM9;STXBP5;DNM1L;EZR;CD33;CFTR;CLASP1;CLASP2;EXPH5;SNCA"
"Apoptotic Cell Clearance (GO:0043277)","9/28",0.22080472679702,0.99999537209541,0,0,1.4797374398209,2.23510871368006,"FCN1;ANXA1;XKR9;ITGB3;ITGAV;TIMD4;THBS1;TGM2;XKR5"
"Glycosaminoglycan Metabolic Process (GO:0030203)","9/28",0.22080472679702,0.99999537209541,0,0,1.4797374398209,2.23510871368006,"EXT1;CHST9;GALNT5;HEXB;GCNT2;HYAL4;XYLT1;IDS;PXYLP1"
"Membrane Fusion (GO:0061025)","9/28",0.22080472679702,0.99999537209541,0,0,1.4797374398209,2.23510871368006,"DPP4;RIMS1;DCSTAMP;VAPA;VPS33B;DNM1L;NAPG;STX11;VAMP3"
"Negative Regulation Of Actin Filament Bundle Assembly (GO:0032232)","9/28",0.22080472679702,0.99999537209541,0,0,1.4797374398209,2.23510871368006,"PRKN;TMEFF2;MYOC;ARHGAP28;RHPN2;ARHGAP6;MET;CLASP1;CLASP2"
"Regulation Of Bone Resorption (GO:0045124)","9/28",0.22080472679702,0.99999537209541,0,0,1.4797374398209,2.23510871368006,"DCSTAMP;SIGLEC15;SYK;ITGB3;NF1;TNFAIP3;TNFSF11;PRKCA;TMEM64"
"Regulation Of Monoatomic Ion Transport (GO:0043269)","9/28",0.22080472679702,0.99999537209541,0,0,1.4797374398209,2.23510871368006,"KCNJ5;CLDN10;CHRM1;KCNJ11;NEDD4;KCNJ15;NEDD4L;WWP2;KCNJ3"
"Regulation Of Plasma Membrane Bounded Cell Projection Organization (GO:0120035)","9/28",0.22080472679702,0.99999537209541,0,0,1.4797374398209,2.23510871368006,"NTNG1;GSK3B;HOMER1;NCS1;MBOAT1;ZNF804A;PSEN1;CTNNA2;FBXO7"
"Glycosaminoglycan Biosynthetic Process (GO:0006024)","17/58",0.224599808260026,0.99999537209541,0,0,1.29552803490806,1.93478702789433,"CHST9;CEMIP;GALNT5;CHST7;SLC10A7;CSGALNACT2;XYLT1;EXT1;CHST11;DSE;UST;GCNT2;ST3GAL4;PXYLP1;ST3GAL6;CHST3;ST3GAL3"
"Peptidyl-Threonine Phosphorylation (GO:0018107)","17/58",0.224599808260026,0.99999537209541,0,0,1.29552803490806,1.93478702789433,"GPI;GSK3B;DYRK3;CAMK2D;DYRK2;ROCK1;STK39;LMTK2;PRKCA;CDC42BPB;CDC42BPA;TGFBR2;TBK1;WNK1;MAPK1;PRKD1;CDK5R1"
"Glycerophospholipid Biosynthetic Process (GO:0046474)","30/108",0.226291112093108,0.99999537209541,0,0,1.20202278020611,1.78612531826497,"DGKG;AGPAT5;MTMR1;VAC14;MTMR2;SLC44A3;MTMR3;ABHD5;PLD1;LCLAT1;AGPAT3;MTM1;AGPAT4;PGS1;GPAT4;ACP6;PIP5K1A;GPAT3;CEPT1;CHKA;APOA1;MBOAT2;FIG4;INPP4B;SYNJ1;GPAM;ETNK2;ETNK1;FAR1;SFI1"
"SCF-dependent Proteasomal Ubiquitin-Dependent Protein Catabolic Process (GO:0031146)","13/43",0.22651442702452,0.99999537209541,0,0,1.35381965970931,2.01034995568391,"FBXW11;FBXO38;CCNF;FBXL17;FBXL18;FBXL13;FBXO44;FBXL21P;RBX1;FBXO4;FBXL5;FBXL4;FBXL7"
"Positive Regulation Of Biomineral Tissue Development (GO:0070169)","13/43",0.22651442702452,0.99999537209541,0,0,1.35381965970931,2.01034995568391,"FBN2;KL;MEF2C;ADGRV1;SLC20A2;PTH;BMP7;SLC8A1;BMP6;RXRA;BMPR1B;AMELX;BMPR1A"
"Positive Regulation Of Receptor-Mediated Endocytosis (GO:0048260)","13/43",0.22651442702452,0.99999537209541,0,0,1.35381965970931,2.01034995568391,"SGIP1;INSR;MAGI2;WASL;CBL;CLU;VEGFA;RAB21;GREM1;DAB2;TBC1D5;NTF3;B2M"
"Macromolecule Modification (GO:0043412)","23/81",0.226626747837008,0.99999537209541,0,0,1.23917281367599,1.8394911953861,"PRMT6;CHRM3;CDKL3;ST6GAL1;ST6GAL2;YES1;PARP1;PARN;WWP2;FBXW2;RNF2;LOXL2;UBE2L3;GNMT;SERP1;MMP15;AKT2;ST3GAL4;ABL2;CPE;ST3GAL6;SEPHS1;TGM3"
"ADP Transport (GO:0015866)","3/7",0.228353620894853,0.99999537209541,0,0,2.34233862652093,3.45930594920882,"SLC25A42;SLC25A4;SLC25A25"
"L-alanine Transport (GO:0015808)","3/7",0.228353620894853,0.99999537209541,0,0,2.34233862652093,3.45930594920882,"SLC36A1;SLC36A3;SLC36A2"
"Benzene-Containing Compound Metabolic Process (GO:0042537)","3/7",0.228353620894853,0.99999537209541,0,0,2.34233862652093,3.45930594920882,"ACSM1;KYAT1;ACAA1"
"Cardiac Muscle Hypertrophy (GO:0003300)","3/7",0.228353620894853,0.99999537209541,0,0,2.34233862652093,3.45930594920882,"HDAC4;RYR2;TTN"
"Catecholamine Transport (GO:0051937)","3/7",0.228353620894853,0.99999537209541,0,0,2.34233862652093,3.45930594920882,"SLC22A1;SLC29A3;SLC6A3"
"Cellular Response To Epinephrine Stimulus (GO:0071872)","3/7",0.228353620894853,0.99999537209541,0,0,2.34233862652093,3.45930594920882,"RYR2;PDE4B;SNCA"
"Cellular Response To Leptin Stimulus (GO:0044320)","3/7",0.228353620894853,0.99999537209541,0,0,2.34233862652093,3.45930594920882,"LEP;STAT3;SIRT1"
"Coronary Vasculature Morphogenesis (GO:0060977)","3/7",0.228353620894853,0.99999537209541,0,0,2.34233862652093,3.45930594920882,"TGFBR3;SPRED1;VEGFA"
"Dermatan Sulfate Proteoglycan Biosynthetic Process (GO:0050651)","3/7",0.228353620894853,0.99999537209541,0,0,2.34233862652093,3.45930594920882,"CSGALNACT2;DSE;UST"
"Dopamine Uptake (GO:0090494)","3/7",0.228353620894853,0.99999537209541,0,0,2.34233862652093,3.45930594920882,"SLC22A1;SLC6A3;SNCA"
"Establishment Of Centrosome Localization (GO:0051660)","3/7",0.228353620894853,0.99999537209541,0,0,2.34233862652093,3.45930594920882,"DLG1;EZR;PARD3B"
"Foam Cell Differentiation (GO:0090077)","3/7",0.228353620894853,0.99999537209541,0,0,2.34233862652093,3.45930594920882,"STAT1;WNT5A;PPARG"
"Fructose Metabolic Process (GO:0006000)","3/7",0.228353620894853,0.99999537209541,0,0,2.34233862652093,3.45930594920882,"SORD;ALDOB;FBP1"
"Fructose Transmembrane Transport (GO:0015755)","3/7",0.228353620894853,0.99999537209541,0,0,2.34233862652093,3.45930594920882,"SLC2A9;SLC2A3;SLC2A7"
"Hyperosmotic Response (GO:0006972)","3/7",0.228353620894853,0.99999537209541,0,0,2.34233862652093,3.45930594920882,"NFAT5;RCSD1;ICOSLG"
"Inhibitory Postsynaptic Potential (GO:0060080)","3/7",0.228353620894853,0.99999537209541,0,0,2.34233862652093,3.45930594920882,"INSYN1;INSYN2A;INSYN2B"
"Kidney Epithelium Development (GO:0072073)","3/7",0.228353620894853,0.99999537209541,0,0,2.34233862652093,3.45930594920882,"SALL1;WT1;WNT7B"
"Lactate Metabolic Process (GO:0006089)","3/7",0.228353620894853,0.99999537209541,0,0,2.34233862652093,3.45930594920882,"PER2;LDHD;PARK7"
"Macromolecule Depalmitoylation (GO:0098734)","3/7",0.228353620894853,0.99999537209541,0,0,2.34233862652093,3.45930594920882,"LYPLA2;ABHD17C;LYPLAL1"
"Negative Regulation Of SMAD Protein Signal Transduction (GO:0060392)","3/7",0.228353620894853,0.99999537209541,0,0,2.34233862652093,3.45930594920882,"SLC2A10;VEPH1;PPARG"
"Negative Regulation Of T Cell Apoptotic Process (GO:0070233)","3/7",0.228353620894853,0.99999537209541,0,0,2.34233862652093,3.45930594920882,"PTCRA;PIP;TSC22D3"
"Negative Regulation Of Appetite (GO:0032099)","3/7",0.228353620894853,0.99999537209541,0,0,2.34233862652093,3.45930594920882,"LEP;NENF;BBS4"
"Negative Regulation Of Circadian Rhythm (GO:0042754)","3/7",0.228353620894853,0.99999537209541,0,0,2.34233862652093,3.45930594920882,"PER2;PIWIL2;SIN3A"
"Negative Regulation Of Mitochondrial Fusion (GO:0010637)","3/7",0.228353620894853,0.99999537209541,0,0,2.34233862652093,3.45930594920882,"PRKN;BNIP3;SLC18A1"
"Negative Regulation Of Muscle Hypertrophy (GO:0014741)","3/7",0.228353620894853,0.99999537209541,0,0,2.34233862652093,3.45930594920882,"RGS2;SMAD4;GLRX3"
"Negative Regulation Of Peptidyl-Lysine Acetylation (GO:2000757)","3/7",0.228353620894853,0.99999537209541,0,0,2.34233862652093,3.45930594920882,"CTBP1;KLF15;SIRT1"
"Neuron Projection Arborization (GO:0140058)","3/7",0.228353620894853,0.99999537209541,0,0,2.34233862652093,3.45930594920882,"NLGN1;ROCK1;PHACTR1"
"Osteoblast Development (GO:0002076)","3/7",0.228353620894853,0.99999537209541,0,0,2.34233862652093,3.45930594920882,"LIMD1;PTHLH;GLI2"
"Phosphatidylserine Acyl-Chain Remodeling (GO:0036150)","3/7",0.228353620894853,0.99999537209541,0,0,2.34233862652093,3.45930594920882,"OSBPL8;MBOAT1;MBOAT2"
"Positive Regulation By Host Of Viral Genome Replication (GO:0044829)","3/7",0.228353620894853,0.99999537209541,0,0,2.34233862652093,3.45930594920882,"VAPA;NUCKS1;PIK3C3"
"Positive Regulation Of Adipose Tissue Development (GO:1904179)","3/7",0.228353620894853,0.99999537209541,0,0,2.34233862652093,3.45930594920882,"PPARG;SIRT1;SORL1"
"Positive Regulation Of Cardiac Epithelial To Mesenchymal Transition (GO:0062043)","3/7",0.228353620894853,0.99999537209541,0,0,2.34233862652093,3.45930594920882,"JAG1;EMP2;TGFBR2"
"Positive Regulation Of Cell Migration By Vascular Endothelial Growth Factor Signaling Pathway (GO:0038089)","3/7",0.228353620894853,0.99999537209541,0,0,2.34233862652093,3.45930594920882,"KDR;PRKD1;VEGFA"
"Positive Regulation Of Neuron Projection Arborization (GO:0150012)","3/7",0.228353620894853,0.99999537209541,0,0,2.34233862652093,3.45930594920882,"WNT5A;DVL2;MAP3K13"
"Postsynapse Organization (GO:0099173)","3/7",0.228353620894853,0.99999537209541,0,0,2.34233862652093,3.45930594920882,"CHRNA7;WNT5A;LGMN"
"Protein Depalmitoylation (GO:0002084)","3/7",0.228353620894853,0.99999537209541,0,0,2.34233862652093,3.45930594920882,"LYPLA2;ABHD17C;LYPLAL1"
"protein-RNA Complex Disassembly (GO:0032988)","3/7",0.228353620894853,0.99999537209541,0,0,2.34233862652093,3.45930594920882,"DYRK3;KLC1;DNAJC17"
"Regulation Of CD4-positive, Alpha-Beta T Cell Activation (GO:2000514)","3/7",0.228353620894853,0.99999537209541,0,0,2.34233862652093,3.45930594920882,"HLA-DRB3;CD55;SH3RF1"
"Regulation Of Cdc42 Protein Signal Transduction (GO:0032489)","3/7",0.228353620894853,0.99999537209541,0,0,2.34233862652093,3.45930594920882,"RIT2;ABL1;APOA1"
"Regulation Of Alpha-Beta T Cell Differentiation (GO:0046637)","3/7",0.228353620894853,0.99999537209541,0,0,2.34233862652093,3.45930594920882,"IHH;PRDM1;SH3RF1"
"Regulation Of Cardiac Muscle Cell Action Potential Involved In Regulation Of Contraction (GO:0098909)","3/7",0.228353620894853,0.99999537209541,0,0,2.34233862652093,3.45930594920882,"CAMK2D;CAV1;ATP2A2"
"Regulation Of Collateral Sprouting (GO:0048670)","3/7",0.228353620894853,0.99999537209541,0,0,2.34233862652093,3.45930594920882,"PTPRS;ULK2;NGF"
"Regulation Of Dopamine Receptor Signaling Pathway (GO:0060159)","3/7",0.228353620894853,0.99999537209541,0,0,2.34233862652093,3.45930594920882,"DTNBP1;DRD2;RGS8"
"Regulation Of Leukocyte Degranulation (GO:0043300)","3/7",0.228353620894853,0.99999537209541,0,0,2.34233862652093,3.45930594920882,"LYN;FER;SYK"
"Regulation Of Mesenchymal Stem Cell Differentiation (GO:2000739)","3/7",0.228353620894853,0.99999537209541,0,0,2.34233862652093,3.45930594920882,"SLC4A11;SOX9;SOX6"
"Regulation Of Myeloid Leukocyte Differentiation (GO:0002761)","3/7",0.228353620894853,0.99999537209541,0,0,2.34233862652093,3.45930594920882,"PRXL2A;IRF7;MTOR"
"Regulation Of Oxidative Stress-Induced Cell Death (GO:1903201)","3/7",0.228353620894853,0.99999537209541,0,0,2.34233862652093,3.45930594920882,"PRKN;GATA4;PARK7"
"Regulation Of Protein Localization To Nucleolus (GO:1904749)","3/7",0.228353620894853,0.99999537209541,0,0,2.34233862652093,3.45930594920882,"NVL;POLR1A;PINX1"
"Regulation Of Skeletal Muscle Fiber Development (GO:0048742)","3/7",0.228353620894853,0.99999537209541,0,0,2.34233862652093,3.45930594920882,"NIBAN2;MYF6;LMOD3"
"Regulation Of Transcription From RNA Polymerase II Promoter In Response To Hypoxia (GO:0061418)","3/7",0.228353620894853,0.99999537209541,0,0,2.34233862652093,3.45930594920882,"RBPJ;STOX1;VEGFA"
"Regulation Of Wound Healing, Spreading Of Epidermal Cells (GO:1903689)","3/7",0.228353620894853,0.99999537209541,0,0,2.34233862652093,3.45930594920882,"FERMT2;MTOR;CLASP2"
"Response To Epinephrine (GO:0071871)","3/7",0.228353620894853,0.99999537209541,0,0,2.34233862652093,3.45930594920882,"RYR2;PDE4B;SNCA"
"Single Strand Break Repair (GO:0000012)","3/7",0.228353620894853,0.99999537209541,0,0,2.34233862652093,3.45930594920882,"TDP1;TNP1;SIRT1"
"Ventricular Cardiac Muscle Cell Membrane Repolarization (GO:0099625)","3/7",0.228353620894853,0.99999537209541,0,0,2.34233862652093,3.45930594920882,"KCNH2;KCNJ5;KCNJ3"
"Fat Cell Differentiation (GO:0045444)","18/62",0.229247821191985,0.99999537209541,0,0,1.27821867830143,1.88275433933533,"OSBPL8;STEAP4;CTBP2;CTBP1;ERAP1;UCP1;HMGA2;SMAD6;SIRT1;PER2;C1QTNF3;AKT2;ZNF516;PRDM16;FFAR2;PPARG;BBS4;ADIG"
"Positive Regulation Of Endothelial Cell Migration (GO:0010595)","24/85",0.229644467091824,0.99999537209541,0,0,1.2294674507993,1.80882074376971,"SEMA5A;STAT5A;GPI;BCAS3;ANGPT4;ITGB3;WNT5A;PRKCA;PIK3CB;SIRT1;THBS1;AGT;VEGFA;SMOC2;KDR;ABL1;ITGB1BP1;PRKD1;TEK;PLPP3;MET;RIN2;BCAR1;LGMN"
"Regulation Of Kinase Activity (GO:0043549)","24/85",0.229644467091824,0.99999537209541,0,0,1.2294674507993,1.80882074376971,"RB1;TSPYL2;VAC14;NTRK2;MUSK;INSR;NTRK3;IRS2;EMP2;LDB2;MERTK;SMG8;EGFR;CAMKK2;TTN;RBL2;CCNY;ERBB2;KDR;TEK;EPHA1;MET;EPHB4;DDR2"
"Positive Regulation Of Intracellular Signal Transduction (GO:1902533)","135/525",0.229649895575107,0.99999537209541,0,0,1.08300582182287,1.59331743178819,"SEMA5A;CD86;APP;PHB1;TRAF3IP2;PARK7;NR3C2;TBK1;FAM110C;KDR;TNFSF10;TNFSF11;SOX9;MAP3K7;CDK5RAP3;TGM2;MUSK;PRKCB;HGF;WNT5A;SOX11;TICAM1;NUP93;EDAR;DOK5;IAPP;PRKD1;RAF1;JCAD;TSPYL5;CHRNA7;BCL10;ADRB2;MTDH;PDGFC;DHX36;SLC38A9;KIAA0319;LYN;OSBPL8;NDFIP2;SMAD4;RBPMS;CAV2;PLK2;INSR;CAV1;FN1;TNFRSF10B;IGF1;BMP7;BMP6;MFHAS1;DAB2;CLEC6A;DLG5;CNTN1;UBE2N;CD27;TAB2;FERMT2;BMPR1A;FGF10;BCAR3;ITGB1;PLEKHF1;ETFA;SPATC1L;PIK3CB;ADRA1B;EDA2R;TRIM8;RPTOR;FLCN;GPER1;ITGAV;CCR7;DNM1L;BOK;NKX3-1;GPR37;ADGRV1;MYOC;VWF;AVPR1B;PARP1;RIPK2;TNFRSF19;SIRT1;ADRA2A;DCN;GPRC5B;TRAF6;FSHR;CDH13;PPARG;TLR7;ITGB1BP1;DDR2;LTF;PRKN;NFAT5;NLGN1;CANT1;ROCK1;PELI2;NOD1;SEMA3E;CXXC5;ATP2C1;CBL;THBS1;EGFR;WNT11;ERBB2;GCNT2;RICTOR;EXTL3;TRIM44;BRD4;NTRK2;GDF15;NTRK3;OR51E2;AGT;VEGFA;POMC;RIT2;VAPA;LEP;NEDD4;F2RL1;LTBR;TEK;PIK3AP1"
"Cellular Response To Nerve Growth Factor Stimulus (GO:1990090)","7/21",0.230608849228151,0.99999537209541,0,0,1.56181630546956,2.29123496224036,"NTRK2;RAP1A;NTRK3;MAGI2;NTF3;STMN2;NGF"
"Modulation By Host Of Viral Genome Replication (GO:0044827)","7/21",0.230608849228151,0.99999537209541,0,0,1.56181630546956,2.29123496224036,"PRKN;EEF1A1;PHB1;VAPA;NUCKS1;PIK3C3;SMC6"
"Negative Regulation Of Double-Strand Break Repair Via Homologous Recombination (GO:2000042)","7/21",0.230608849228151,0.99999537209541,0,0,1.56181630546956,2.29123496224036,"SMCHD1;FBH1;KLHL15;RADX;SHLD1;KMT5A;TRAPPC13"
"Negative Regulation Of miRNA Metabolic Process (GO:2000629)","7/21",0.230608849228151,0.99999537209541,0,0,1.56181630546956,2.29123496224036,"NCOR2;NCOR1;NFIB;SRF;NFATC3;PPARG;SOX9"
"Positive Regulation Of T Cell Cytokine Production (GO:0002726)","7/21",0.230608849228151,0.99999537209541,0,0,1.56181630546956,2.29123496224036,"DENND1B;FZD5;IL1R1;TRAF6;MAP3K7;CD55;IL18R1"
"Positive Regulation Of Vacuole Organization (GO:0044090)","7/21",0.230608849228151,0.99999537209541,0,0,1.56181630546956,2.29123496224036,"LRSAM1;SNX18;PIP4K2A;WIPI1;SNX7;IRGM;RAB3GAP1"
"Regulation Of Cardiac Conduction (GO:1903779)","7/21",0.230608849228151,0.99999537209541,0,0,1.56181630546956,2.29123496224036,"RYR2;ATP2A2;ANK2;TNNI3K;AGT;SLC8A1;CORIN"
"Regulation Of Lipopolysaccharide-Mediated Signaling Pathway (GO:0031664)","7/21",0.230608849228151,0.99999537209541,0,0,1.56181630546956,2.29123496224036,"CD180;LY86;PRKCA;CD36;SCIMP;CD55;LTF"
"Regulation Of Neurotransmitter Transport (GO:0051588)","7/21",0.230608849228151,0.99999537209541,0,0,1.56181630546956,2.29123496224036,"RIMS1;FER1L5;MEF2C;MCTP1;MYOF;DYSF;SNCAIP"
"Regulation Of Transferase Activity (GO:0051338)","7/21",0.230608849228151,0.99999537209541,0,0,1.56181630546956,2.29123496224036,"KAT2B;FEM1B;PINX1;EMP2;SPTSSB;LDB2;SMG6"
"Sodium Ion Import Across Plasma Membrane (GO:0098719)","7/21",0.230608849228151,0.99999537209541,0,0,1.56181630546956,2.29123496224036,"SCNN1G;SLC9A7;SCNN1B;SCNN1A;SLC9A9;SLC8A1;SLC9C2"
"Mitochondrial Membrane Organization (GO:0007006)","10/32",0.231542208336143,0.99999537209541,0,0,1.41996169877211,2.07739416280959,"HSPA9;MTX2;BNIP3;BCL2;PPIF;GHITM;SLC25A31;SLC25A4;TIMM50;BCL2L1"
"Muscle Cell Development (GO:0055001)","10/32",0.231542208336143,0.99999537209541,0,0,1.41996169877211,2.07739416280959,"BIN1;HEY2;SDC1;ANK2;ALPK3;IGF1;ALPK2;SLC8A1;TTN;VEGFA"
"Proteoglycan Biosynthetic Process (GO:0030166)","10/32",0.231542208336143,0.99999537209541,0,0,1.41996169877211,2.07739416280959,"EXT1;CHST9;CANT1;CHST11;CSGALNACT2;XYLT1;PXYLP1;IGF1;BMPR1B;EXTL3"
"Purine Ribonucleoside Triphosphate Metabolic Process (GO:0009205)","10/32",0.231542208336143,0.99999537209541,0,0,1.41996169877211,2.07739416280959,"EFNA1;FIGNL1;OLA1;MFN1;CTNS;AK4;ATP1A2;ENPP3;ATP1B1;RAN"
"Respiratory System Development (GO:0060541)","10/32",0.231542208336143,0.99999537209541,0,0,1.41996169877211,2.07739416280959,"SMCHD1;ZIC3;WT1;WNT7B;PDPN;PHOX2B;GLI2;DISP1;VEGFA;CCDC40"
"Very Long-Chain Fatty Acid Metabolic Process (GO:0000038)","10/32",0.231542208336143,0.99999537209541,0,0,1.41996169877211,2.07739416280959,"HACD1;ABCD3;ACOX2;ACSL1;ELOVL6;PEX2;ELOVL7;HACD3;ACAA1;TECRL"
"Response To Reactive Oxygen Species (GO:0000302)","19/66",0.233443370124294,0.99999537209541,0,0,1.2631201271401,1.83760706460625,"ERCC6L2;TPM1;UCP1;PEX2;PEX10;FOS;GLRX2;SIRT1;EGFR;CAMKK2;FER;STK24;STK25;STK26;MAPK1;APOD;FYN;ATM;COA8"
"Regulation Of Endothelial Cell Proliferation (GO:0001936)","26/93",0.235005871888279,0.99999537209541,0,0,1.21266646461023,1.75611660865579,"SEMA5A;ITGB3;PTPRM;NRARP;THBS1;THBS4;KDR;CNMD;STAT5A;CAV2;STAT1;CAV1;WNT5A;SORD;VASH2;PRKCA;NR2F2;SIRT1;VEGFA;LEP;CNTN1;NF1;CDH13;AGGF1;PRKD1;TEK"
"Regulation Of Peptidyl-Serine Phosphorylation (GO:0033135)","26/93",0.235005871888279,0.99999537209541,0,0,1.21266646461023,1.75611660865579,"BCAR3;APP;PARK7;STK4;EGFR;RPTOR;TBK1;NTF3;FNIP2;STOX1;NCK1;SNCA;RIPK2;CAV1;NTRK3;SH2D1A;BRAF;NGF;IRGM;VEGFA;MLXIPL;CNKSR3;PRKD1;GPD1L;RAF1;CD44"
"L-glutamate Transmembrane Transport (GO:0015813)","5/14",0.237012628670155,0.99999537209541,0,0,1.73520849093368,2.49807876851063,"SLC1A1;SLC1A2;SLC1A3;SLC25A12;SLC25A13"
"Aorta Development (GO:0035904)","5/14",0.237012628670155,0.99999537209541,0,0,1.73520849093368,2.49807876851063,"ROBO2;JAG1;ROBO1;TBX2;TGFBR2"
"Cardiac Cell Development (GO:0055006)","5/14",0.237012628670155,0.99999537209541,0,0,1.73520849093368,2.49807876851063,"JAG1;ALPK3;SLC8A1;TTN;VEGFA"
"Contractile Actin Filament Bundle Assembly (GO:0030038)","5/14",0.237012628670155,0.99999537209541,0,0,1.73520849093368,2.49807876851063,"ITGB1;FAM171A1;ITGB5;PHACTR1;FHDC1"
"Endoderm Development (GO:0007492)","5/14",0.237012628670155,0.99999537209541,0,0,1.73520849093368,2.49807876851063,"DUSP4;DUSP5;DUSP2;GATA4;SOX7"
"Histone mRNA Catabolic Process (GO:0071044)","5/14",0.237012628670155,0.99999537209541,0,0,1.73520849093368,2.49807876851063,"TUT7;XRN1;TUT1;TENT4B;DCP2"
"Icosanoid Transport (GO:0071715)","5/14",0.237012628670155,0.99999537209541,0,0,1.73520849093368,2.49807876851063,"ABCC2;SLCO3A1;ABCC6;SLC22A1;SLCO2A1"
"Mammary Gland Epithelium Development (GO:0061180)","5/14",0.237012628670155,0.99999537209541,0,0,1.73520849093368,2.49807876851063,"WNT7B;AKT2;ZNF703;IRF6;WNT2"
"Mitotic Recombination (GO:0006312)","5/14",0.237012628670155,0.99999537209541,0,0,1.73520849093368,2.49807876851063,"GEN1;MSH3;NSMCE2;SMC6;RAD54B"
"Negative Regulation Of Androgen Receptor Signaling Pathway (GO:0060766)","5/14",0.237012628670155,0.99999537209541,0,0,1.73520849093368,2.49807876851063,"NCOR2;HEYL;PHB1;NCOR1;SIRT1"
"Negative Regulation Of Cilium Assembly (GO:1902018)","5/14",0.237012628670155,0.99999537209541,0,0,1.73520849093368,2.49807876851063,"YAP1;MPHOSPH9;GDI2;KIF24;MAP4"
"Nuclear Pore Organization (GO:0006999)","5/14",0.237012628670155,0.99999537209541,0,0,1.73520849093368,2.49807876851063,"FXR1;NUP93;NUP205;NUP35;NUP98"
"Pancreas Development (GO:0031016)","5/14",0.237012628670155,0.99999537209541,0,0,1.73520849093368,2.49807876851063,"ZIC3;NKX6-1;ISL1;MET;CCDC40"
"Polarized Epithelial Cell Differentiation (GO:0030859)","5/14",0.237012628670155,0.99999537209541,0,0,1.73520849093368,2.49807876851063,"YAP1;MSN;ZDHHC7;EZR;MYO9A"
"Positive Regulation Of Membrane Protein Ectodomain Proteolysis (GO:0051044)","5/14",0.237012628670155,0.99999537209541,0,0,1.73520849093368,2.49807876851063,"NRDC;ADAM9;TNFRSF1B;ADRA2A;SH3D19"
"Positive Regulation Of Nuclear-Transcribed mRNA Catabolic Process, Deadenylation-Dependent Decay (GO:1900153)","5/14",0.237012628670155,0.99999537209541,0,0,1.73520849093368,2.49807876851063,"DHX36;PABPC1;TOB1;ZFP36L1;TNRC6B"
"Positive Regulation Of Protein-Containing Complex Disassembly (GO:0043243)","5/14",0.237012628670155,0.99999537209541,0,0,1.73520849093368,2.49807876851063,"FYCO1;SLN;BNIP3;INSR;IRGM"
"Positive Regulation Of Transcription From RNA Polymerase II Promoter Involved In Cellular Response To Chemical Stimulus (GO:1901522)","5/14",0.237012628670155,0.99999537209541,0,0,1.73520849093368,2.49807876851063,"SMAD4;DLX5;SMAD9;RBPJ;VEGFA"
"Protein Localization To Vacuole (GO:0072665)","5/14",0.237012628670155,0.99999537209541,0,0,1.73520849093368,2.49807876851063,"LMBRD1;GLMP;MFSD1;SH3BP4;GBP1"
"Regulation Of Bone Remodeling (GO:0046850)","5/14",0.237012628670155,0.99999537209541,0,0,1.73520849093368,2.49807876851063,"GREM1;SIGLEC15;ITGB3;LEP;NF1"
"Regulation Of Feeding Behavior (GO:0060259)","5/14",0.237012628670155,0.99999537209541,0,0,1.73520849093368,2.49807876851063,"SLC24A4;SGIP1;STAT3;GPR171;QRFP"
"Regulation Of Integrin Activation (GO:0033623)","5/14",0.237012628670155,0.99999537209541,0,0,1.73520849093368,2.49807876851063,"FARP2;RAP1B;PIEZO1;FERMT2;SKAP1"
"Regulation Of Leukocyte Activation (GO:0002694)","5/14",0.237012628670155,0.99999537209541,0,0,1.73520849093368,2.49807876851063,"LYN;MFHAS1;GPER1;MYO18A;CD200"
"Stress Fiber Assembly (GO:0043149)","5/14",0.237012628670155,0.99999537209541,0,0,1.73520849093368,2.49807876851063,"ITGB1;FAM171A1;ITGB5;PHACTR1;FHDC1"
"Striated Muscle Cell Development (GO:0055002)","5/14",0.237012628670155,0.99999537209541,0,0,1.73520849093368,2.49807876851063,"TMOD1;TMOD3;SDC1;PGM5;LMOD3"
"Striated Muscle Tissue Development (GO:0014706)","5/14",0.237012628670155,0.99999537209541,0,0,1.73520849093368,2.49807876851063,"SGCD;GATA5;PGM5;BMP7;TBX2"
"Regulation Of Smoothened Signaling Pathway (GO:0008589)","15/51",0.238845245981745,0.99999537209541,0,0,1.30177107022259,1.86405734137199,"TTC23;INTU;MGRN1;IHH;ARMC9;FBXL17;TUBD1;GLI3;HERC4;MOSMO;KCTD21;SUFU;DLG5;PDCL;GAS1"
"Blood Vessel Diameter Maintenance (GO:0097746)","11/36",0.240508815034496,0.99999537209541,0,0,1.37453418715141,1.95870920596434,"PER2;ROCK1;ADORA2B;GPER1;KCNMB2;F2RL1;ECE1;ITGB1BP1;GCLM;AGT;KLF2"
"Regulation Of Receptor Internalization (GO:0002090)","11/36",0.240508815034496,0.99999537209541,0,0,1.37453418715141,1.95870920596434,"GREM1;MKLN1;ARF1;MTMR2;ATXN2;TBC1D5;INSR;NTF3;MAGI2;RIN3;VEGFA"
"Organonitrogen Compound Catabolic Process (GO:1901565)","22/78",0.243856628533679,0.99999537209541,0,0,1.22753623188406,1.732268214153,"PRKN;BCHE;LRSAM1;ERAP2;CPQ;LVRN;ERAP1;NPEPPSP1;FMO1;ETFA;LNPEP;NPL;PLA2G5;CLN8;PLA2G6;TRHDE;MTOR;NPEPPS;RIDA;GNPDA2;RAB12;ENPP2"
"Metanephros Development (GO:0001656)","8/25",0.244613870312948,0.99999537209541,0,0,1.4699567688347,2.06980842361772,"ROBO2;GDNF;WT1;WNT7B;NF1;CTSH;BMP7;FGF10"
"Myotube Differentiation (GO:0014902)","8/25",0.244613870312948,0.99999537209541,0,0,1.4699567688347,2.06980842361772,"ITGB1;SKI;DOCK5;MEF2C;TMEM182;IGF1;DOCK2;DOCK1"
"Negative Regulation Of Protein Localization To Membrane (GO:1905476)","8/25",0.244613870312948,0.99999537209541,0,0,1.4699567688347,2.06980842361772,"DAB2;CLTC;TMBIM1;PPP2R5A;ITGB1BP1;GBP1;BCL2L1;PICALM"
"Negative Regulation Of Stress Fiber Assembly (GO:0051497)","8/25",0.244613870312948,0.99999537209541,0,0,1.4699567688347,2.06980842361772,"TMEFF2;MYOC;ARHGAP28;RHPN2;ARHGAP6;MET;CLASP1;CLASP2"
"Positive Regulation Of T Cell Migration (GO:2000406)","8/25",0.244613870312948,0.99999537209541,0,0,1.4699567688347,2.06980842361772,"APP;WNK1;DOCK8;WNT5A;STK39;ABL2;CXCL13;CCR2"
"Proteoglycan Metabolic Process (GO:0006029)","8/25",0.244613870312948,0.99999537209541,0,0,1.4699567688347,2.06980842361772,"CHST9;CANT1;CHST11;CSGALNACT2;XYLT1;IGF1;BMPR1B;CNMD"
"Regulation Of Glycogen Biosynthetic Process (GO:0005979)","8/25",0.244613870312948,0.99999537209541,0,0,1.4699567688347,2.06980842361772,"GSK3B;DYRK2;PTH;AKT2;INSR;IRS2;PPP1R3A;IGF1"
"Regulation Of Hippo Signaling (GO:0035330)","8/25",0.244613870312948,0.99999537209541,0,0,1.4699567688347,2.06980842361772,"DLG5;WWC2;WWC3;SOX11;LIMD1;WTIP;MARK3;CIT"
"Negative Regulation Of Apoptotic Signaling Pathway (GO:2001234)","23/82",0.246741581091501,0.99999537209541,0,0,1.21808915766678,1.70461067995078,"RB1;PRKN;SLC35F6;HGF;SIAH2;AKR1B1;HTT;GATA4;GHITM;PARK7;IGF1;CLU;THBS1;SH3RF1;TMBIM1;PPIF;BCL2;ITGAV;BIRC6;TMBIM6;SLC25A31;SLC25A4;BCL2L1"
"Central Nervous System Development (GO:0007417)","74/283",0.247359407024388,0.99999537209541,0,0,1.10703363301896,1.54642957465735,"ROBO2;APP;CNTNAP2;SLC2A1;MSI1;UBE3A;MSI2;PHF8;RPS6KA6;CDH2;ZIC3;DNER;NRCAM;SOX9;SOX6;JARID2;CDK5RAP3;SOX4;CDK5RAP2;MBL2;PROP1;ATP6AP2;VPS13B;SOX11;PAX6;EML1;TGFBR2;ALDH3A2;CYP26C1;DDIT4;NDUFS4;DSCAML1;PAFAH1B2;PRKN;DLX2;TUBGCP2;ADAM22;CXCR4;PCDH18;NPAS1;NPAS2;UGT8;SNTG2;ATXN1;PDGFC;APOD;FLNB;ASIC2;BRINP3;NHEJ1;ARNT2;GIT2;ZFHX3;KDM4B;STAT3;PBX3;CTNS;FOXJ1;ELP3;SMARCA1;GRHL2;DCLK1;POU6F1;MARCKS;NFASC;RNF103;SYNJ1;NFIB;CNTN1;NF1;CNTN4;RAB3GAP1;ADGRL3;CDK5R1"
"Establishment Or Maintenance Of Epithelial Cell Apical/Basal Polarity (GO:0045197)","12/40",0.248103847324523,0.99999537209541,0,0,1.33884297520661,1.8662237748996,"CRB1;PATJ;DLG1;WDR1;MTCL1;DLG5;ERBIN;MSN;LIN7A;EZR;MYO9A;PARD3B"
"Phospholipid Transport (GO:0015914)","17/59",0.248476511015122,0.99999537209541,0,0,1.26459841433988,1.76083563498506,"OSBPL8;PRELID2;ABCC1;ATP8A2;ATP8B2;TMEM30B;ATP8B1;ABCB4;PITPNA;APOA1;ATP11A;ABCA12;VAPA;ATP9B;ABCG1;PRELID3A;PRELID3B"
"Positive Regulation Of Multicellular Organismal Process (GO:0051240)","100/387",0.249005487177541,0.99999537209541,0,0,1.08965672990063,1.51492833536139,"OXTR;EHMT1;GRPR;TSKU;LOXL2;SLN;GRB10;TNFSF11;SOX9;SOX6;GHSR;SMARCC1;PRKCH;ACSL1;WNT5A;RFX3;PRKCA;SOX11;TIAM1;HHLA2;EPAS1;TXK;GATA5;ADRB1;ADRB2;GHRHR;PDGFC;PRDM16;ZNF703;TRPM8;SUDS3;NKX6-1;WWTR1;SMAD4;NIBAN2;SMAD3;CADM1;CAV1;ESRRG;INHBA;SMARCA2;PHOX2B;GADD45G;DAB2;BMP1;GDNF;CLEC6A;NOX5;MAP3K13;BMPR1B;FERMT2;BMPR1A;THRA;C1QTNF3;ACADL;CPT2;SIN3A;GLIPR2;CD36;CCR2;AVPR1B;SYK;NCOA3;RBM19;TET1;ELOVL6;PTH2R;AXIN2;ARID1A;SIRT1;ADRA2A;TGFBR2;DCSTAMP;ZNF516;MMRN2;PPARG;LCP1;FOXC1;ROCK1;LEF1;UCP1;CXCR4;UCP2;PDPN;GCNT2;IL33;FOXJ1;TMEM64;SORL1;AGT;MTOR;BATF;VEGFA;PER2;GATM;APC;SCD;LEP;BRMS1L;F2RL1"
"Regulation Of DNA Repair (GO:0006282)","35/129",0.251413146172402,0.99999537209541,0,0,1.16363146480329,1.60657673292713,"INO80C;SMARCD2;PARG;SMARCD3;MEAF6;NPAS2;EGFR;BABAM2;SMCHD1;ATXN7;DPF1;RUVBL1;DPF3;ARID2;SMARCC1;PBRM1;PARP1;EYA1;RADX;EYA2;EYA3;USP22;PPP4R3B;AXIN2;ARID1A;SMARCA2;ARID1B;SIRT1;PML;KAT2B;TMEM98;UBE2V2;UBE2N;TRIP12;FGF10"
"Endomembrane System Organization (GO:0010256)","52/196",0.251638548878831,0.99999537209541,0,0,1.12877314814815,1.55743778956226,"PLEKHF2;WASHC5;PLEKHF1;SNX10;SYNE1;LAPTM4B;GOLGA8CP;SEC61A1;SERP1;TRAPPC12;MYO18A;DNM1L;GOLGA8S;BCAS3;COG5;VPS33B;COG2;VPS13B;ANK3;GOLGA8O;NUP93;RAB30;GORASP2;PRKD1;ARHGEF7;OPTN;RAB1A;ATL3;ATL1;ATL2;HTT;GOLGA8IP;USP50;SPTSSB;RAB6B;LNPK;CLASP1;CLASP2;ARFGEF1;SEC16B;ATP8B2;ATP8B1;CAV2;GBF1;TRAPPC8;HOOK3;VMP1;NPLOC4;VAPA;REEP4;GOLGB1;TMCC1"
"Cellular Response To Ketone (GO:1901655)","13/44",0.254612743251807,0.99999537209541,0,0,1.31006139631622,1.79217911097029,"PTGFR;PTGER2;AKR1B1;MSN;ADCY1;NR3C1;GNAI1;AQP1;SCNN1G;LARP1;SCNN1B;SCNN1A;CFTR"
"Regulation Of Insulin Receptor Signaling Pathway (GO:0046626)","13/44",0.254612743251807,0.99999537209541,0,0,1.31006139631622,1.79217911097029,"KANK1;PTPN1;PRKCB;TSC2;NUCKS1;SIRT1;SORL1;PTPRE;GRB10;PIP4K2A;VWA2;SIK2;NCK1"
"Protein Phosphorylation (GO:0006468)","128/500",0.254640319576581,0.99999537209541,0,0,1.07625212823104,1.47220877433588,"APP;PRAG1;MYLK3;TBK1;AKT2;PIM1;KDR;PDK4;NEK2;MAP3K9;MAP3K6;MAP3K7;EPHB4;MAP3K5;EPHB3;EPHA5;CDKL3;EPHA4;MAP2K1;PRKCH;EPHA6;MUSK;PRKCB;PRKCE;LMTK2;PRKCA;VRK1;TNNI3K;ATG14;RUNX3;SIK3;ULK2;PRKD1;TNIK;SIK2;EPHA1;CTBP1;TXK;STK39;STK4;TTBK2;NUAK1;GRK3;GRK5;ATG101;GRK7;ABL1;ABL2;MAP3K21;MARK3;IP6K3;LYN;SRPK2;CDK18;PLK2;INSR;BRAF;CDC7;DCLK1;CLK3;MEX3B;FER;CDK6;STK24;STK25;WNK1;STK26;ATM;MAP3K13;BMPR1B;CDK14;BMPR1A;ALK;GPI;GSK3B;DYRK3;DYRK2;MAST2;PRKAG2;EEF2K;RB1CC1;PRKG2;TLK1;PRKG1;CAMK1D;SYK;TGFBR2;TGFBR3;HCK;LATS2;MYO3B;INCENP;FAM20C;BIRC6;PIK3C3;SGK3;TLR7;TOP1;CAMK1G;DDR2;CAMK2D;ROCK1;TTK;PRKX;EGFR;CAMKK2;WNT11;ERBB2;MAPK1;RICTOR;CSK;FYN;MAPK6;FNIP2;MAP4K4;NTRK2;CDC42BPB;CDC42BPA;MTOR;MAPK10;SNRK;TAOK3;STK17B;NEK10;CAMK1;TEK;TAF3;CDK5R1"
"TOR Signaling (GO:0031929)","9/29",0.255731977163162,0.99999537209541,0,0,1.40565765021681,1.91679040126337,"PRR5;RPTOR;FLCN;LARP1;MAPKAP1;MEAK7;PRR5L;RICTOR;MTOR"
"Heterotypic Cell-Cell Adhesion (GO:0034113)","9/29",0.255731977163162,0.99999537209541,0,0,1.40565765021681,1.91679040126337,"ITGB1;DSP;ITGB3;PKP2;CTNNA3;ITGAV;PARVA;CD58;CD200"
"Autophagy Of Nucleus (GO:0044804)","6/18",0.257375149813745,0.99999537209541,0,0,1.56170037144036,2.11957180824943,"RB1CC1;ULK2;WIPI1;WIPI2;SNX7;ATG7"
"Cardiac Muscle Cell Contraction (GO:0086003)","6/18",0.257375149813745,0.99999537209541,0,0,1.56170037144036,2.11957180824943,"CAMK2D;PKP2;CACNA1D;CACNA1C;FGF12;SCN1A"
"Dendritic Cell Migration (GO:0036336)","6/18",0.257375149813745,0.99999537209541,0,0,1.56170037144036,2.11957180824943,"CCR1;EPS8;CXCR4;CCR7;CLU;CCR2"
"Epithelial Cell Development (GO:0002064)","6/18",0.257375149813745,0.99999537209541,0,0,1.56170037144036,2.11957180824943,"WNT7B;TMEM79;DACT2;GRHL2;SIPA1L3;EXPH5"
"Establishment Of Vesicle Localization (GO:0051650)","6/18",0.257375149813745,0.99999537209541,0,0,1.56170037144036,2.11957180824943,"SYNJ1;KIF5C;RAB27A;SPG11;TMEM230;DNM2"
"Maintenance Of Protein Localization In Organelle (GO:0072595)","6/18",0.257375149813745,0.99999537209541,0,0,1.56170037144036,2.11957180824943,"KDELR2;TAF3;HK2;PML;BBS4;HK1"
"Melanosome Assembly (GO:1903232)","6/18",0.257375149813745,0.99999537209541,0,0,1.56170037144036,2.11957180824943,"RAB32;AP1G1;HPS1;AP1B1;AP3B1;AP3S2"
"Membrane Repolarization (GO:0086009)","6/18",0.257375149813745,0.99999537209541,0,0,1.56170037144036,2.11957180824943,"KCNH2;SLC24A4;KCND3;KCNE4;ATP1A2;ATP1B1"
"Mesenchyme Morphogenesis (GO:0072132)","6/18",0.257375149813745,0.99999537209541,0,0,1.56170037144036,2.11957180824943,"HEYL;APC;SOX9;ISL1;TBX2;BMPR1A"
"Negative Regulation Of Nervous System Development (GO:0051961)","6/18",0.257375149813745,0.99999537209541,0,0,1.56170037144036,2.11957180824943,"ROBO2;PAX6;HOOK3;SORL1;B2M;ELAPOR2"
"Neutrophil Activation (GO:0042119)","6/18",0.257375149813745,0.99999537209541,0,0,1.56170037144036,2.11957180824943,"CXCL8;SYK;F2RL1;DNASE1;DNASE1L3;CAMP"
"Nucleosome Disassembly (GO:0006337)","6/18",0.257375149813745,0.99999537209541,0,0,1.56170037144036,2.11957180824943,"SMARCC1;SMARCD2;SMARCD3;HMGA1;ARID2;TNP1"
"Positive Regulation Of Neutrophil Chemotaxis (GO:0090023)","6/18",0.257375149813745,0.99999537209541,0,0,1.56170037144036,2.11957180824943,"RIPOR2;CAMK1D;CXCL8;CCR7;DNM1L;THBS4"
"Regulation Of T Cell Cytokine Production (GO:0002724)","6/18",0.257375149813745,0.99999537209541,0,0,1.56170037144036,2.11957180824943,"FZD5;TRAF6;TNFRSF1B;MAP3K7;CD55;CCR2"
"Regulation Of Epithelial Cell Differentiation (GO:0030856)","6/18",0.257375149813745,0.99999537209541,0,0,1.56170037144036,2.11957180824943,"KLF7;CAV1;PRKX;SOX9;ALOX15B;BLTP1"
"Regulation Of Lymphocyte Proliferation (GO:0050670)","6/18",0.257375149813745,0.99999537209541,0,0,1.56170037144036,2.11957180824943,"LEP;SOX11;TNFSF8;TNFRSF1B;IKZF3;FGF10"
"Regulation Of Oligodendrocyte Differentiation (GO:0048713)","6/18",0.257375149813745,0.99999537209541,0,0,1.56170037144036,2.11957180824943,"SLC45A3;TENM4;TMEM98;OPALIN;NF1;TNFRSF1B"
"Regulation Of Synaptic Vesicle Exocytosis (GO:2000300)","6/18",0.257375149813745,0.99999537209541,0,0,1.56170037144036,2.11957180824943,"RAP1B;RIMS2;RIMS1;NLGN1;RAP1A;RAB3GAP1"
"Cellular Component Assembly (GO:0022607)","68/260",0.257427870897172,0.99999537209541,0,0,1.10721502229654,1.50250818086444,"CYFIP2;SPAG16;SPAG17;LRGUK;SYCP2;ELN;FAM107A;SLC2A1;WASL;EPS8;RIMS1;PCLO;HYDIN;SOX9;BSN;KIFAP3;DNM1L;TEAD1;WNT5A;MYO7B;DNAJB12;MITF;ANK3;TRAF1;DARS1;TIAM1;NEMF;SLC7A9;GORASP2;FSCN1;PKP2;GEMIN5;PKP1;LCP1;EZR;VAMP3;CCDC40;SPACA9;YAP1;NLGN1;TUBGCP2;NEDD9;LIN7A;NAPG;ADD1;CALD1;MICAL1;REPS2;WASF3;FZD1;YTHDF1;FOXJ1;PDE4DIP;GRHL2;MYO9A;IRGM;PML;VMP1;MYO1B;RSPH1;PARVG;TTLL3;APC;STK25;CAPZA1;CAPZA2;APBA1;PICALM"
"Myelination (GO:0042552)","14/48",0.260245400604487,0.99999537209541,0,0,1.28636043090241,1.73160868153651,"ARHGEF10;CMTM8;MYOC;LGI4;CXCR4;SKI;NFASC;SCN8A;ADGRG6;NF1;DEGS1;SBF2;BCAS1;MBL2"
"Negative Regulation Of Canonical Wnt Signaling Pathway (GO:0090090)","31/114",0.262953300996877,0.99999537209541,0,0,1.16712025450901,1.55901452257526,"INVS;PRKN;GSK3B;PTPRU;PTPRO;JADE1;TMEM131L;STK4;LIMD1;GLI3;WNT11;SOX9;SOST;IGFBP1;TLE4;WWTR1;CAV1;SIAH2;IGFBP2;WNT5A;SOX13;KREMEN1;AXIN2;TMEM64;RBX1;GREM1;DAB2;LATS2;APC;CCDC88C;RBMS3"
"Endocytosis (GO:0006897)","50/189",0.264099053145004,0.99999537209541,0,0,1.12430671872331,1.49693686929719,"ITGB1;APP;DENND1B;LRSAM1;CLTC;LDLRAD3;VLDLR;DNER;ADORA1;CD36;ANXA1;CD93;TSC2;TBC1D2B;EPS15L1;EPN1;DNM2;EPN2;DNM3;BIN1;MYL1;ENTHD1;RIN3;PIK3C3;MET;RAB1A;ADRB2;RHOBTB1;RHOBTB2;PACSIN2;REPS2;ATP6V1H;PIP5K1A;MAPK1;RAB11FIP2;ATP9B;CAV1;INSR;MERTK;SORL1;BLTP1;IGF2R;MIB1;MYO1E;DAB2;SNX18;TAFA4;EHD4;LRP12;PICALM"
"Actin Filament Bundle Organization (GO:0061572)","10/33",0.264768899706471,0.99999537209541,0,0,1.35813443959557,1.80482201835264,"EPS8;MYO1B;CALD1;MICAL1;FAM107A;RFLNB;FSCN1;NEDD9;LCP1;EZR"
"Negative Regulation Of Blood Vessel Endothelial Cell Migration (GO:0043537)","10/33",0.264768899706471,0.99999537209541,0,0,1.35813443959557,1.80482201835264,"HDAC5;ANGPT4;MEF2C;GADD45A;MMRN2;ITGB1BP1;PPARG;MEOX2;THBS1;MAP2K5"
"Negative Regulation Of Double-Strand Break Repair (GO:2000780)","10/33",0.264768899706471,0.99999537209541,0,0,1.35813443959557,1.80482201835264,"SMCHD1;RNF169;FBH1;KLHL15;RADX;SHLD1;HMGA2;KMT5A;TRAPPC13;NUDT16L1"
"Vasculogenesis (GO:0001570)","10/33",0.264768899706471,0.99999537209541,0,0,1.35813443959557,1.80482201835264,"TGFBR3;SPRED1;WT1;CAV1;WNT7B;HEY2;KDR;AGGF1;TGFBR2;VEGFA"
"Receptor-Mediated Endocytosis (GO:0006898)","33/122",0.265672356943107,0.99999537209541,0,0,1.15867901168362,1.53581914672354,"ITGB1;CALCRL;CXCL8;CLTC;LDLRAD3;ADRB2;STON2;VLDLR;FNBP1L;DPP4;GRK3;FCHO2;CD36;SNCA;SYK;CAV2;CAV1;INSR;MAGI2;AP2B1;SORL1;IGF2R;DNM2;DNM3;ENTREP1;DAB2;LMBRD1;RAB31;NEDD4;ACKR3;GPR107;RAMP1;PICALM"
"P-body Assembly (GO:0033962)","4/11",0.266493954597288,0.99999537209541,0,0,1.78465346534653,2.36003238161271,"LIMD1;LSM14A;LSM3;EDC3"
"Aspartate Family Amino Acid Catabolic Process (GO:0009068)","4/11",0.266493954597288,0.99999537209541,0,0,1.78465346534653,2.36003238161271,"GOT1;GOT2;CRYM;DDO"
"Biogenic Amine Biosynthetic Process (GO:0042401)","4/11",0.266493954597288,0.99999537209541,0,0,1.78465346534653,2.36003238161271,"MOXD1;SMOX;HDC;SLC38A2"
"Cell Part Morphogenesis (GO:0032990)","4/11",0.266493954597288,0.99999537209541,0,0,1.78465346534653,2.36003238161271,"PNPT1;PACSIN2;DNM1L;MTM1"
"Cellular Response To Fluid Shear Stress (GO:0071498)","4/11",0.266493954597288,0.99999537209541,0,0,1.78465346534653,2.36003238161271,"MEF2C;KLF2;MAP2K5;MTSS1"
"Cellular Response To Nitrogen Levels (GO:0043562)","4/11",0.266493954597288,0.99999537209541,0,0,1.78465346534653,2.36003238161271,"MAP1LC3A;MAP1LC3C;MAP1LC3B2;ATG7"
"Cellular Response To Nitrogen Starvation (GO:0006995)","4/11",0.266493954597288,0.99999537209541,0,0,1.78465346534653,2.36003238161271,"MAP1LC3A;MAP1LC3C;MAP1LC3B2;ATG7"
"Cochlea Morphogenesis (GO:0090103)","4/11",0.266493954597288,0.99999537209541,0,0,1.78465346534653,2.36003238161271,"MYO3B;SOX9;NEUROG1;POU3F4"
"Double-Strand Break Repair Via Break-Induced Replication (GO:0000727)","4/11",0.266493954597288,0.99999537209541,0,0,1.78465346534653,2.36003238161271,"GINS2;MCM7;MCMDC2;CDC7"
"Epithelial Cell-Cell Adhesion (GO:0090136)","4/11",0.266493954597288,0.99999537209541,0,0,1.78465346534653,2.36003238161271,"DSP;ITGB5;THBS4;VCL"
"Exit From Mitosis (GO:0010458)","4/11",0.266493954597288,0.99999537209541,0,0,1.78465346534653,2.36003238161271,"EPS8;CTDP1;CLASP1;CLASP2"
"Lipoprotein Transport (GO:0042953)","4/11",0.266493954597288,0.99999537209541,0,0,1.78465346534653,2.36003238161271,"VMP1;PRKCB;PPARG;CD36"
"Negative Regulation Of Cellular Response To Vascular Endothelial Growth Factor Stimulus (GO:1902548)","4/11",0.266493954597288,0.99999537209541,0,0,1.78465346534653,2.36003238161271,"SEMA6A;SORD;PIK3CB;DCN"
"Negative Regulation Of Nuclear-Transcribed mRNA Catabolic Process, Deadenylation-Dependent Decay (GO:1900152)","4/11",0.266493954597288,0.99999537209541,0,0,1.78465346534653,2.36003238161271,"IGF2BP1;PABPC1;TENT4B;TOB1"
"Negative Regulation Of Platelet-Derived Growth Factor Receptor Signaling Pathway (GO:0010642)","4/11",0.266493954597288,0.99999537209541,0,0,1.78465346534653,2.36003238161271,"PHF14;APOD;PTPN12;SNCA"
"Negative Regulation Of Reactive Oxygen Species Biosynthetic Process (GO:1903427)","4/11",0.266493954597288,0.99999537209541,0,0,1.78465346534653,2.36003238161271,"PAGE4;FYN;PARK7;COA8"
"Positive Regulation Of Circadian Rhythm (GO:0042753)","4/11",0.266493954597288,0.99999537209541,0,0,1.78465346534653,2.36003238161271,"NLGN1;FBXW11;THRAP3;CLOCK"
"Positive Regulation Of Platelet Aggregation (GO:1901731)","4/11",0.266493954597288,0.99999537209541,0,0,1.78465346534653,2.36003238161271,"PDPN;EMILIN2;GP6;IL6ST"
"Programmed Necrotic Cell Death (GO:0097300)","4/11",0.266493954597288,0.99999537209541,0,0,1.78465346534653,2.36003238161271,"ITPK1;PPIF;TRPM7;DNM1L"
"Regulation Of Response To Oxidative Stress (GO:1902882)","4/11",0.266493954597288,0.99999537209541,0,0,1.78465346534653,2.36003238161271,"PRKN;HEBP2;MCTP1;STOX1"
"Regulation Of Type II Interferon-Mediated Signaling Pathway (GO:0060334)","4/11",0.266493954597288,0.99999537209541,0,0,1.78465346534653,2.36003238161271,"TXK;PPARG;PARP14;IRGM"
"Skeletal Muscle Fiber Development (GO:0048741)","4/11",0.266493954597288,0.99999537209541,0,0,1.78465346534653,2.36003238161271,"SKI;PPP3CA;CAV2;LMOD3"
"Sphingoid Metabolic Process (GO:0046519)","4/11",0.266493954597288,0.99999537209541,0,0,1.78465346534653,2.36003238161271,"NAAA;DEGS2;PLPP3;SGPP2"
"Tyrosine Metabolic Process (GO:0006570)","4/11",0.266493954597288,0.99999537209541,0,0,1.78465346534653,2.36003238161271,"OCA2;IYD;TAT;HPD"
"Golgi Organization (GO:0007030)","35/130",0.268023340707721,0.99999537209541,0,0,1.15130622903532,1.51590327880805,"RAB1A;ATL3;ATL2;HTT;SYNE1;GOLGA8CP;GOLGA8IP;TRAPPC12;VTI1A;MYO18A;RAB6B;CLASP1;CLASP2;GOLGA8S;SEC16B;BCAS3;ATP8B2;COG5;ATP8B1;GBF1;COG2;VPS13B;VRK1;TRAPPC8;GOLGA8O;FHDC1;VMP1;RAB30;NPLOC4;STK25;GORASP2;GOLGB1;PRKD1;ARHGEF7;OPTN"
"Regulation Of Autophagy (GO:0010506)","63/241",0.268403292523083,0.99999537209541,0,0,1.1063626616239,1.45515965104732,"GSK3B;PLEKHF1;PIK3CB;RPTOR;TRIM8;FLCN;TBK1;RB1CC1;KAT8;PIP4K2A;DNM1L;RNF152;BOK;ATP6V0E1;HGF;TFEB;ATG14;TICAM1;DCN;EEF1A1;CCNY;ULK2;VDAC1;PIK3C3;PRKD1;ATP6V0D1;ATF6;ATP6V0D2;MET;OPTN;PRKN;MTMR3;ROCK1;DAPL1;ITPR1;MTMR9;VPS26B;AMBRA1;MTDH;ATG101;ABL2;ATP6V1H;TBC1D14;SH3BP4;DRAM2;EIF4E;ATP6V1C1;ATP6V1C2;MCL1;KDM4A;FZD5;PLK2;BNIP3;STAT3;IRGM;MTOR;DAP;NEDD4;LEP;BCL2;ATM;TAB2;CDK5R1"
"post-Golgi Vesicle-Mediated Transport (GO:0006892)","16/56",0.269477792280481,0.99999537209541,0,0,1.24962779156328,1.63859855380589,"MON2;GBF1;VPS13A;EXOC6B;SORCS1;COMMD1;SORL1;DNM2;KLHL20;AP4M1;MYO1B;VTI1A;EXOC6;CCDC93;GOLGA7;VPS35L"
"Regulation Of Cation Channel Activity (GO:2001257)","16/56",0.269477792280481,0.99999537209541,0,0,1.24962779156328,1.63859855380589,"ITGB1;KCNG1;S100G;CAMK2D;AHNAK;HOMER1;ANK2;ANK3;JPH1;JPH4;JPH2;DLG1;FGF14;NETO1;KCNS1;FGF12"
"Protein Localization To Cell Periphery (GO:1990778)","38/142",0.270975342099639,0.99999537209541,0,0,1.14184589818159,1.49093953384406,"RAB3B;PLEKHF1;ROCK1;ZDHHC7;LIN7A;TSPAN33;AP4M1;RAP1A;FCHO2;P2RY1;MAP7;PIP5K1A;CLASP2;FYB2;FYB1;SMURF1;KCNB1;CAV1;TESC;RDX;TTC7B;ANK2;WDR72;EMP2;ANK3;TTC7A;ATP1B1;EFR3B;DLG1;TSPAN14;EHD4;PACS1;RAB12;PKP2;ITGB1BP1;TNIK;EZR;RAMP1"
"Positive Regulation Of MAP Kinase Activity (GO:0043406)","25/91",0.271847945668876,0.99999537209541,0,0,1.18352574847292,1.54155695396146,"DIRAS2;THBS1;EGFR;ROBO1;ERBB2;NTF3;PDGFC;DVL2;TNFSF11;MAP3K7;MAP3K4;MAP2K5;MAP3K5;PTPN1;MEF2C;INSR;NTRK3;WNT5A;ADRA2A;VEGFA;TAOK3;TRAF6;NEK10;ADAM9;MAP3K13"
"Cellular Response To Topologically Incorrect Protein (GO:0035967)","7/22",0.272176174504188,0.99999537209541,0,0,1.45759889920881,1.89678178787826,"PRKN;PTPN1;PACRG;DNAJB12;TMBIM6;OPTN;DNAJC18"
"Inositol Phosphate Metabolic Process (GO:0043647)","7/22",0.272176174504188,0.99999537209541,0,0,1.45759889920881,1.89678178787826,"NUDT11;NUDT9;INPP4B;PPIP5K1;SYNJ1;NUDT3;IP6K3"
"Oligosaccharide Biosynthetic Process (GO:0009312)","7/22",0.272176174504188,0.99999537209541,0,0,1.45759889920881,1.89678178787826,"ST6GALNAC1;B4GALT1;B3GALT2;ST3GAL4;ST3GAL6;ST6GALNAC5;ST3GAL3"
"Platelet Dense Granule Organization (GO:0060155)","7/22",0.272176174504188,0.99999537209541,0,0,1.45759889920881,1.89678178787826,"AP1G1;HPS1;AP1B1;DTNBP1;AP3B1;AP3S2;F2RL3"
"Positive Regulation Of Cholesterol Efflux (GO:0010875)","7/22",0.272176174504188,0.99999537209541,0,0,1.45759889920881,1.89678178787826,"NFKBIA;EEPD1;RXRA;CAV1;APOA1;PPARG;SIRT1"
"Positive Regulation Of Receptor Internalization (GO:0002092)","7/22",0.272176174504188,0.99999537209541,0,0,1.45759889920881,1.89678178787826,"GREM1;TBC1D5;INSR;MAGI2;NTF3;APLN;VEGFA"
"Regulation Of Dopamine Secretion (GO:0014059)","7/22",0.272176174504188,0.99999537209541,0,0,1.45759889920881,1.89678178787826,"PRKN;SYT4;GDNF;DTNBP1;SYT13;SYT9;SNCA"
"Positive Regulation Of Signaling (GO:0023056)","11/37",0.272250494448159,0.99999537209541,0,0,1.3215800931149,1.71941891815407,"RIMS2;RIMS1;CLSTN2;HOMER1;CLSTN1;GATA6;ECE1;SOX11;CDKN2AIP;SNCA;VAMP3"
"Regulation Of Phosphoprotein Phosphatase Activity (GO:0043666)","11/37",0.272250494448159,0.99999537209541,0,0,1.3215800931149,1.71941891815407,"GSK3B;PPP1R15B;NUAK1;PPP1R12A;PPP6R2;GNA12;PPP6R3;ITGA1;MAGI2;HTT;MTOR"
"Regulation Of Vascular Associated Smooth Muscle Cell Proliferation (GO:1904705)","11/37",0.272250494448159,0.99999537209541,0,0,1.3215800931149,1.71941891815407,"CDKN1A;MEF2C;GPER1;TPM1;FOXJ2;PPARG;IGF1;MEF2D;PRKG1;APLN;BMPR1A"
"Peptidyl-Serine Phosphorylation (GO:0018105)","42/158",0.274049946165343,0.99999537209541,0,0,1.13152197290128,1.46469285150806,"GPI;GSK3B;DYRK3;CAMK2D;DYRK2;ROCK1;MAST2;STK39;PRKX;TTK;STK4;TTBK2;TBK1;AKT2;TLK1;MAPK1;RICTOR;MARK3;SRPK2;PRKCH;CAMK1D;PRKCB;PRKCE;PLK2;LMTK2;PRKCA;VRK1;CDC7;MTOR;TGFBR2;LATS2;MYO3B;WNK1;ULK2;ATM;SGK3;PRKD1;TOP1;CAMK1;MAP3K13;CAMK1G;CDK5R1"
"Peptidyl-Serine Modification (GO:0018209)","44/166",0.275287755922881,0.99999537209541,0,0,1.12712419192057,1.45392071273012,"GSK3B;DYRK3;CAMK2D;DYRK2;GALNT16;ROCK1;MAST2;STK39;PRKX;TTK;STK4;TTBK2;TBK1;AKT2;TLK1;MAPK1;RICTOR;MARK3;SRPK2;PRKCH;CAMK1D;PRKCB;GALNT2;PRKCE;PLK2;GALNT1;LMTK2;PRKCA;VRK1;CDC7;MTOR;TGFBR2;LATS2;MYO3B;WNK1;ULK2;ATM;SGK3;PRKD1;TOP1;CAMK1;MAP3K13;CAMK1G;CDK5R1"
"Negative Regulation Of Cell Death (GO:0060548)","18/64",0.276684557257374,0.99999537209541,0,0,1.22248205644799,1.57073932683027,"PRKN;CHGA;BNIP3L;PACRG;CSF1;BNIP3;GATA4;PARK7;TNFRSF1B;POU4F1;SORL1;XPNPEP1;CHMP1B;CCN5;AGR3;FYN;CD200;SNCA"
"Regulation Of Secretion By Cell (GO:1903530)","18/64",0.276684557257374,0.99999537209541,0,0,1.22248205644799,1.57073932683027,"RAB3B;MEF2C;FER1L5;MCTP1;RIC1;MYOF;DYSF;CPLANE2;SNCAIP;RAB33B;STXBP5L;RIMS2;RAB21;RIMS1;RAB12;SCG5;STXBP5;VAMP3"
"Monoatomic Ion Transport (GO:0006811)","29/107",0.278464792999945,0.99999537209541,0,0,1.16171443457365,1.48520966945566,"SLC24A4;CHRNA2;SLC24A3;SLC20A2;CHRNA7;SLC1A1;SLC1A2;ATP1A4;SLC1A3;SLC8A1;PANX2;PIEZO2;PIEZO1;CNGA3;PANX3;SLC36A1;SLC15A2;SLC36A2;CTNS;SLC5A8;GLRB;SLC9A7;WNK1;SLC9A9;VDAC1;SLC26A4;SLC26A3;SLC24A5;CNGB1"
"Axoneme Assembly (GO:0035082)","12/41",0.278535899838071,0.99999537209541,0,0,1.29259048161869,1.65219991268389,"SPAG16;DNAI4;SPAG17;LRGUK;TTC12;RSPH1;TTLL3;DNAAF2;HYDIN;FOXJ1;CCDC40;SPACA9"
"Non-Canonical Wnt Signaling Pathway (GO:0035567)","12/41",0.278535899838071,0.99999537209541,0,0,1.29259048161869,1.65219991268389,"FZD1;GPI;TIAM1;WNT11;FZD5;SMURF1;TMEM67;WNT5A;CCDC88C;PRICKLE2;DVL2;WNT9B"
"Response To Amino Acid Starvation (GO:1990928)","12/41",0.278535899838071,0.99999537209541,0,0,1.29259048161869,1.65219991268389,"FLCN;CDKN1A;DAP;LARP1;DAPL1;TFEB;MAPK1;PEX2;PRKD1;RNF152;MTOR;MAP3K5"
"Visual System Development (GO:0150063)","12/41",0.278535899838071,0.99999537209541,0,0,1.29259048161869,1.65219991268389,"FOXC1;SIX6;SMOC1;CPAMD8;SH3PXD2B;MAB21L2;PBX3;PAX6;BMPR1B;CHRDL1;SIPA1L3;ATF6"
"Regulation Of Protein Kinase Activity (GO:0045859)","32/119",0.282163410581804,0.99999537209541,0,0,1.14931082176754,1.45418724579431,"RB1;CDKN1A;CSF1;PRKAG2;PARK7;SMG8;CAMKK2;TTN;SPRED1;DEPTOR;RAP1A;CCR7;MAP3K5;RTRAF;SNCA;TSPYL2;WWTR1;MMD;DTNBP1;TSC2;AXIN2;SIRT1;CCNY;TRAF4;GNAQ;NF1;TAB2;ITGB1BP1;LCP2;EPHA1;CACUL1;DDR2"
"cAMP-mediated Signaling (GO:0019933)","8/26",0.283430653521484,0.99999537209541,0,0,1.3882007523626,1.75022656437484,"ATF1;GLP1R;EPHA5;GHRHR;GAL;ADGRG6;AKAP6;SOX9"
"Meiosis I (GO:0007127)","8/26",0.283430653521484,0.99999537209541,0,0,1.3882007523626,1.75022656437484,"PTTG2;FOXJ3;FOXJ2;TDRD9;MOV10L1;SLC25A31;MYBL1;PTTG3P"
"Negative Regulation Of Insulin Receptor Signaling Pathway (GO:0046627)","8/26",0.283430653521484,0.99999537209541,0,0,1.3882007523626,1.75022656437484,"KANK1;PTPN1;PTPRE;PRKCB;GRB10;PIP4K2A;TSC2;NCK1"
"Protein Localization To Cell Surface (GO:0034394)","8/26",0.283430653521484,0.99999537209541,0,0,1.3882007523626,1.75022656437484,"FCN1;PTPRU;WNT11;SMURF1;ANK2;EMP2;VCL;FGF10"
"Regulation Of Interferon-Alpha Production (GO:0032647)","8/26",0.283430653521484,0.99999537209541,0,0,1.3882007523626,1.75022656437484,"PTPRS;TBK1;RIPK2;STAT1;DHX36;IRF7;NLRC3;TLR7"
"Regulation Of Reactive Oxygen Species Biosynthetic Process (GO:1903426)","8/26",0.283430653521484,0.99999537209541,0,0,1.3882007523626,1.75022656437484,"PAGE4;UCP1;RAB27A;PARK7;CD36;COA8;SLC25A33;SNCA"
"Triglyceride Metabolic Process (GO:0006641)","13/45",0.283879537665962,0.99999537209541,0,0,1.2690380243852,1.59797939853171,"CETP;LPGAT1;MOGAT2;CAV1;SEL1L;PLAAT3;SIRT1;GPAM;GPAT4;PNPLA4;GPAT3;LCP1;LPIN2"
"Vesicle-Mediated Transport (GO:0016192)","105/411",0.286499165091117,0.99999537209541,0,0,1.07285509527173,1.3410899582009,"APP;WASHC5;WIPF3;FNBP1L;GOLGA4;ANKFY1;PIP4K2A;WASHC3;VPS33B;AP1B1;TSC2;TBC1D2B;ATG14;SYTL3;CTAGE1;RAB30;ZFYVE16;RAB36;BIN1;MYL1;ENTHD1;RIN3;CTAGE6;PRKD1;ARL6;ADRB2;KALRN;RHOBTB1;MTM1;RHOBTB2;HMGXB4;SCFD2;ATP6V1H;AP4S1;RAB11FIP3;EXPH5;SPTBN2;CCR1;TBC1D8B;SYT4;RAB4A;SLC10A7;CAV2;RAB3IP;EXOC6B;RAB27A;HOOK3;DCLK1;BLTP1;EHD4;SPIRE1;TMCC1;OSBPL1A;LRP12;PICALM;PLEKHF2;DENND1B;SNAP25;ARF1;PLEKHF1;GDI2;DPY30;FMN2;WASL;AP4M1;SCRN1;AP1G1;CHMP1B;DNER;AP3S2;VPS13B;AP3B1;EPS15L1;COMMD1;ARFGAP3;EPN1;DNM2;EPN2;DNM3;TBC1D4;LRRC7;EXOC6;PIK3C3;VAMP3;RAB1A;MGRN1;GOSR2;TGFBRAP1;STX11;CYTH3;CECR2;ALS2CL;REPS2;CHML;ATP9B;CYTH1;ARFGEF1;RPH3AL;CADPS;AP2B1;MIB1;MYO1E;SNX18;SNX16;RAB12"
"Negative Regulation Of Protein Serine/Threonine Kinase Activity (GO:0071901)","22/80",0.287049987817034,0.99999537209541,0,0,1.18505033197687,1.4790600214856,"RB1;LYN;PTPN1;CDKN1A;GADD45A;SPRY4;PIK3CB;NR2F2;SIRT1;BMP7;SORL1;SLC8A1;AGT;HHEX;RGS2;LATS2;APC;PRKAR2A;PKIA;NF1;PPARG;CDK5RAP3"
"Positive Regulation Of Double-Strand Break Repair (GO:2000781)","23/84",0.289032940332316,0.99999537209541,0,0,1.17799564787877,1.46214541688164,"PBRM1;SMARCC1;SMARCD2;SMARCD3;PARP1;MEAF6;MGMT;SETMAR;FMN2;ARID1A;ARID1B;SIRT1;SMARCA2;SMCHD1;DPF1;RUVBL1;SHLD1;UBE2V2;UBE2N;DPF3;SPIRE1;TRAPPC13;ARID2"
"L-glutamate Import (GO:0051938)","5/15",0.289280539848863,0.99999537209541,0,0,1.56158448524861,1.93692433302016,"SLC1A1;SLC1A2;SLC1A3;SLC25A12;SLC25A13"
"Adenylate Cyclase-Activating Adrenergic Receptor Signaling Pathway (GO:0071880)","5/15",0.289280539848863,0.99999537209541,0,0,1.56158448524861,1.93692433302016,"ADRB1;ADRB2;ADRA1B;DRD2;ADRA2A"
"Dendritic Cell Chemotaxis (GO:0002407)","5/15",0.289280539848863,0.99999537209541,0,0,1.56158448524861,1.93692433302016,"CCR1;CXCR4;CCR7;CLU;CCR2"
"miRNA Metabolic Process (GO:0010586)","5/15",0.289280539848863,0.99999537209541,0,0,1.56158448524861,1.93692433302016,"TUT7;PARN;TENT4B;SND1;DIS3L2"
"Negative Regulation Of Endoplasmic Reticulum Stress-Induced Intrinsic Apoptotic Signaling Pathway (GO:1902236)","5/15",0.289280539848863,0.99999537209541,0,0,1.56158448524861,1.93692433302016,"PRKN;PTPN1;CREB3L1;TMBIM6;PARK7"
"Negative Regulation Of Telomere Maintenance (GO:0032205)","5/15",0.289280539848863,0.99999537209541,0,0,1.56158448524861,1.93692433302016,"PARP1;PINX1;SLX1A;TERF2;SMG6"
"Positive Regulation Of DNA Damage Response, Signal Transduction By P53 Class Mediator (GO:0043517)","5/15",0.289280539848863,0.99999537209541,0,0,1.56158448524861,1.93692433302016,"ING4;SPRED1;ATM;EEF1E1;HIC1"
"Positive Regulation Of Potassium Ion Transport (GO:0043268)","5/15",0.289280539848863,0.99999537209541,0,0,1.56158448524861,1.93692433302016,"KCNH2;DLG1;AKAP6;ANK2;ADRA2A"
"Positive Regulation Of Syncytium Formation By Plasma Membrane Fusion (GO:0060143)","5/15",0.289280539848863,0.99999537209541,0,0,1.56158448524861,1.93692433302016,"CD53;RIPOR2;DCSTAMP;SCGB3A1;CAMK1"
"Protein Localization To Microtubule Organizing Center (GO:1905508)","5/15",0.289280539848863,0.99999537209541,0,0,1.56158448524861,1.93692433302016,"C2CD3;CCDC14;SNX10;CEP192;HOOK3"
"Regulation Of Amyloid Fibril Formation (GO:1905906)","5/15",0.289280539848863,0.99999537209541,0,0,1.56158448524861,1.93692433302016,"APP;CHRNA7;IAPP;PSEN1;CLU"
"Regulation Of Clathrin-Dependent Endocytosis (GO:2000369)","5/15",0.289280539848863,0.99999537209541,0,0,1.56158448524861,1.93692433302016,"NEU3;DAB2;TNK2;PIK3CB;WASL"
"Regulation Of miRNA-mediated Gene Silencing (GO:0060964)","5/15",0.289280539848863,0.99999537209541,0,0,1.56158448524861,1.93692433302016,"FXR1;PPARG;LIMD1;WTIP;PUM2"
"Regulation Of Monocyte Differentiation (GO:0045655)","5/15",0.289280539848863,0.99999537209541,0,0,1.56158448524861,1.93692433302016,"DCSTAMP;CDK6;CSF1;IRF7;ZFP36L1"
"Regulation Of Systemic Arterial Blood Pressure By Hormone (GO:0001990)","5/15",0.289280539848863,0.99999537209541,0,0,1.56158448524861,1.93692433302016,"OXTR;AVPR1B;RASL10B;ECE1;CORIN"
"Sympathetic Nervous System Development (GO:0048485)","5/15",0.289280539848863,0.99999537209541,0,0,1.56158448524861,1.93692433302016,"GDNF;NF1;SOX11;PHOX2B;SOX4"
"tRNA Wobble Base Modification (GO:0002097)","5/15",0.289280539848863,0.99999537209541,0,0,1.56158448524861,1.93692433302016,"TRMT9B;ALKBH1;ELP1;ELP3;ELP5"
"Vasodilation (GO:0042311)","5/15",0.289280539848863,0.99999537209541,0,0,1.56158448524861,1.93692433302016,"GPER1;F2RL1;ADRB1;ADRB2;KLF2"
"Positive Regulation Of JUN Kinase Activity (GO:0043507)","9/30",0.292268301466074,0.99999537209541,0,0,1.33863307867025,1.64662987088675,"PTPN1;TAOK3;TRAF6;WNT5A;DVL2;MAP3K13;MAP3K7;MAP3K4;MAP3K5"
"Positive Regulation Of Cell Communication (GO:0010647)","9/30",0.292268301466074,0.99999537209541,0,0,1.33863307867025,1.64662987088675,"RIMS2;RIMS1;CLSTN2;HOMER1;CLSTN1;GATA6;SOX11;ANK3;CDKN2AIP"
"Positive Regulation Of Phosphate Metabolic Process (GO:0045937)","9/30",0.292268301466074,0.99999537209541,0,0,1.33863307867025,1.64662987088675,"APP;ROCK1;AVPR1B;PTH;BCL10;PSEN1;THBS1;EGFR;SNCA"
"Regulation Of Dendritic Spine Morphogenesis (GO:0061001)","9/30",0.292268301466074,0.99999537209541,0,0,1.33863307867025,1.64662987088675,"EFNA1;EPHA4;NLGN1;CUX2;SIPA1L1;DHX36;PDLIM5;TANC2;CDK5R1"
"Regulation Of Potassium Ion Transport (GO:0043266)","9/30",0.292268301466074,0.99999537209541,0,0,1.33863307867025,1.64662987088675,"KCNH2;DLG1;KCNIP1;CACNA1D;KCNN2;ANK2;ANK3;DRD2;ADRA2A"
"mRNA Stabilization (GO:0048255)","15/53",0.292437837198506,0.99999537209541,0,0,1.23309358780453,1.51609245944537,"RBM47;IREB2;ELAVL4;DAZ2;AXIN2;TENT5C;ZAR1;LARP1;GDNF;THRAP3;NOCT;IGF2BP1;IGF2BP3;PABPC1;IGF2BP2"
"Negative Regulation Of Cellular Process (GO:0048523)","136/537",0.294953838296894,0.99999537209541,0,0,1.06053356853837,1.29484405340884,"RB1;SEMA5A;APP;RIPOR2;ADAMDEC1;PHB1;ATP8A2;JADE1;ADARB1;PARK7;CLU;ADORA3;RPS6KA2;CCN5;ARID2;SOX7;SOX4;TSPYL2;EPHA4;MAP2K1;SMARCC1;MAGI2;TSC2;LDOC1;RUNX3;RNF41;SULT2B1;ST7L;FRMD5;GMNC;RAF1;CBLL1;CTBP2;CTBP1;NAIF1;PRDM11;CDKN2AIP;BRINP2;BRINP1;ATG101;PLXNA2;TP53BP2;PLXNA1;IGFBP7;DRD2;BRINP3;S100A11;PLXNA4;LYN;SMAD4;NIBAN2;SMAD3;HMGA1;TDRD9;INHBA;SMAD6;ALOX15B;SMARCA2;BMP7;ST18;HOPX;ESR2;CDK6;TMEM98;DLG5;PHF14;ST20;SCGB3A1;STRN;CD200;PIWIL2;COL18A1;PTPRU;CDKN1A;CXCL8;PINX1;AKR1B1;ING4;FLCN;ADAMTS1;CHMP1B;GPER1;RB1CC1;DACT2;ADAMTS8;MYBL1;CD33;DIS3L2;NKX3-1;PACRG;PBRM1;TESC;ITGA1;APOA1;AXIN2;PPP2R5C;NGF;SIRT1;TENT5C;KAT2B;DCSTAMP;MMRN2;CDH13;MYH9;ITGB1BP1;IRF6;CRYAA;EEF1E1;FBP1;VAMP3;HPGD;ADAM22;MALSU1;TOB2;THBS1;TOB1;PTHLH;RNF2;TBRG1;WNT11;CLMN;PDPN;AGR2;AGR3;SH3BP4;TP53I11;E2F7;CDKN2B;SUSD2;DHRS2;MYO16;PML;SKI;APC;WT1;FABP7"
"Membrane Lipid Biosynthetic Process (GO:0046467)","16/57",0.295897959494399,0.99999537209541,0,0,1.21906836934374,1.48450906645714,"CERS3;CERS4;HACD1;ELOVL6;ELOVL7;HACD3;SGPP2;SPTLC2;ST3GAL4;SPTSSB;ST3GAL6;ST8SIA6;DEGS1;PRKD1;DEGS2;PLPP3"
"Organophosphate Biosynthetic Process (GO:0090407)","10/34",0.299376573291745,0.99999537209541,0,0,1.30145945201707,1.56962914881411,"AGPAT5;PPIP5K1;TPK1;MBOAT1;PIP5K1A;FITM2;DCK;IP6K3;AGPAT4;DDR2"
"Positive Regulation Of Neuron Death (GO:1901216)","10/34",0.299376573291745,0.99999537209541,0,0,1.30145945201707,1.56962914881411,"EFNB2;SRPK2;WNT5A;NF1;FYN;CLU;MAP3K5;SNCA;CDK5R1;PICALM"
"Semaphorin-Plexin Signaling Pathway (GO:0071526)","10/34",0.299376573291745,0.99999537209541,0,0,1.30145945201707,1.56962914881411,"SEMA5A;FARP2;SEMA6A;SEMA3C;SEMA3D;SEMA6D;PLXNA2;SEMA3E;MET;PLXNA4"
"Regulation Of Protein Kinase B Signaling (GO:0051896)","36/136",0.3030724752035,0.99999537209541,0,0,1.12485049833887,1.34282775114399,"SEMA5A;ITGB1;PHB1;GATA4;PARK7;PIK3CB;THBS1;EGFR;MTDH;FLCN;FAM110C;GPER1;GCNT2;CCR7;RICTOR;DRD2;OSBPL8;NTRK2;MYOC;GDF15;INSR;NTRK3;MAGI2;SORD;TSC2;IGF1;SIRT1;RNF41;MFHAS1;LEP;CNTN1;IAPP;ITGB1BP1;TEK;FERMT2;TSPYL5"
"CD40 Signaling Pathway (GO:0023035)","3/8",0.303096600597677,0.99999537209541,0,0,1.87374716436379,2.2366989425076,"CD86;ITGB1;PHB1"
"DNA Topological Change (GO:0006265)","3/8",0.303096600597677,0.99999537209541,0,0,1.87374716436379,2.2366989425076,"TOP3B;TOP3A;TOP1"
"UDP-N-acetylglucosamine Biosynthetic Process (GO:0006048)","3/8",0.303096600597677,0.99999537209541,0,0,1.87374716436379,2.2366989425076,"GNPDA2;GNPNAT1;UAP1"
"Androgen Biosynthetic Process (GO:0006702)","3/8",0.303096600597677,0.99999537209541,0,0,1.87374716436379,2.2366989425076,"SRD5A2;SRD5A1;HSD17B6"
"Anoikis (GO:0043276)","3/8",0.303096600597677,0.99999537209541,0,0,1.87374716436379,2.2366989425076,"TSC2;MAP3K7;MTOR"
"Astral Microtubule Organization (GO:0030953)","3/8",0.303096600597677,0.99999537209541,0,0,1.87374716436379,2.2366989425076,"DLG1;EZR;CLASP1"
"Bone Resorption (GO:0045453)","3/8",0.303096600597677,0.99999537209541,0,0,1.87374716436379,2.2366989425076,"IL7;PTH;ZNF675"
"Brown Fat Cell Differentiation (GO:0050873)","3/8",0.303096600597677,0.99999537209541,0,0,1.87374716436379,2.2366989425076,"PRDM16;ZNF516;UCP1"
"Bundle Of His Cell To Purkinje Myocyte Communication (GO:0086069)","3/8",0.303096600597677,0.99999537209541,0,0,1.87374716436379,2.2366989425076,"DSP;PKP2;TNNI3K"
"Cardioblast Differentiation (GO:0010002)","3/8",0.303096600597677,0.99999537209541,0,0,1.87374716436379,2.2366989425076,"SRF;RBPJ;TBXT"
"Cell Surface Pattern Recognition Receptor Signaling Pathway (GO:0002752)","3/8",0.303096600597677,0.99999537209541,0,0,1.87374716436379,2.2366989425076,"FCN1;FFAR2;MBL2"
"Commissural Neuron Axon Guidance (GO:0071679)","3/8",0.303096600597677,0.99999537209541,0,0,1.87374716436379,2.2366989425076,"GDNF;NFIB;VEGFA"
"Complement Activation, Lectin Pathway (GO:0001867)","3/8",0.303096600597677,0.99999537209541,0,0,1.87374716436379,2.2366989425076,"FCN1;KRT1;MBL2"
"Epithelial To Mesenchymal Transition Involved In Endocardial Cushion Formation (GO:0003198)","3/8",0.303096600597677,0.99999537209541,0,0,1.87374716436379,2.2366989425076,"HEYL;HEY2;RBPJ"
"Glucan Metabolic Process (GO:0044042)","3/8",0.303096600597677,0.99999537209541,0,0,1.87374716436379,2.2366989425076,"GSK3B;GBE1;PRKAG2"
"Glutamine Transport (GO:0006868)","3/8",0.303096600597677,0.99999537209541,0,0,1.87374716436379,2.2366989425076,"SLC38A1;SLC38A9;SLC38A2"
"Integrin Activation (GO:0033622)","3/8",0.303096600597677,0.99999537209541,0,0,1.87374716436379,2.2366989425076,"FN1;ITGB1BP1;FERMT2"
"Isoprenoid Metabolic Process (GO:0006720)","3/8",0.303096600597677,0.99999537209541,0,0,1.87374716436379,2.2366989425076,"PLPP6;PDSS2;HMGCR"
"Negative Regulation By Host Of Viral Genome Replication (GO:0044828)","3/8",0.303096600597677,0.99999537209541,0,0,1.87374716436379,2.2366989425076,"PRKN;VAPA;SMC6"
"Negative Regulation Of Alpha-Beta T Cell Differentiation (GO:0046639)","3/8",0.303096600597677,0.99999537209541,0,0,1.87374716436379,2.2366989425076,"IHH;RUNX3;GLI3"
"Negative Regulation Of Cholesterol Storage (GO:0010887)","3/8",0.303096600597677,0.99999537209541,0,0,1.87374716436379,2.2366989425076,"PPARG;ABCG1;TTC39B"
"Negative Regulation Of Mitotic Nuclear Division (GO:0045839)","3/8",0.303096600597677,0.99999537209541,0,0,1.87374716436379,2.2366989425076,"TOM1L1;USP44;BMP7"
"Negative Regulation Of Oxidative Stress-Induced Neuron Death (GO:1903204)","3/8",0.303096600597677,0.99999537209541,0,0,1.87374716436379,2.2366989425076,"PRKN;PARK7;FBXO7"
"Negative Regulation Of Platelet Aggregation (GO:0090331)","3/8",0.303096600597677,0.99999537209541,0,0,1.87374716436379,2.2366989425076,"C1QTNF1;SERPINE2;PRKG1"
"Negative Regulation Of Regulated Secretory Pathway (GO:1903306)","3/8",0.303096600597677,0.99999537209541,0,0,1.87374716436379,2.2366989425076,"RAP1B;SYT4;RAP1A"
"Negative Regulation Of Smooth Muscle Cell Differentiation (GO:0051151)","3/8",0.303096600597677,0.99999537209541,0,0,1.87374716436379,2.2366989425076,"NFATC3;NFATC2;NFATC1"
"Negative Regulation Of Triglyceride Metabolic Process (GO:0090209)","3/8",0.303096600597677,0.99999537209541,0,0,1.87374716436379,2.2366989425076,"SIRT1;SORL1;CIDEC"
"Neuronal Action Potential (GO:0019228)","3/8",0.303096600597677,0.99999537209541,0,0,1.87374716436379,2.2366989425076,"CHRNA1;GPER1;KCNMB2"
"Nuclear Membrane Disassembly (GO:0051081)","3/8",0.303096600597677,0.99999537209541,0,0,1.87374716436379,2.2366989425076,"PRKCB;PRKCA;VRK1"
"Nucleic Acid Transport (GO:0050657)","3/8",0.303096600597677,0.99999537209541,0,0,1.87374716436379,2.2366989425076,"CKAP5;RTRAF;SIDT2"
"p38MAPK Cascade (GO:0038066)","3/8",0.303096600597677,0.99999537209541,0,0,1.87374716436379,2.2366989425076,"MAP3K7;MAP2K6;ZFP36L1"
"Positive Regulation Of Adaptive Immune Response (GO:0002821)","3/8",0.303096600597677,0.99999537209541,0,0,1.87374716436379,2.2366989425076,"IL6ST;SIRT1;SKAP1"
"Positive Regulation Of Blood Pressure (GO:0045777)","3/8",0.303096600597677,0.99999537209541,0,0,1.87374716436379,2.2366989425076,"GLP1R;OR51E2;QRFP"
"Positive Regulation Of Inositol Phosphate Biosynthetic Process (GO:0060732)","3/8",0.303096600597677,0.99999537209541,0,0,1.87374716436379,2.2366989425076,"PTH;GPER1;SNCA"
"Positive Regulation Of Ligase Activity (GO:0051351)","3/8",0.303096600597677,0.99999537209541,0,0,1.87374716436379,2.2366989425076,"ATPSCKMT;GCLM;NHEJ1"
"Positive Regulation Of Macrophage Cytokine Production (GO:0060907)","3/8",0.303096600597677,0.99999537209541,0,0,1.87374716436379,2.2366989425076,"GPRC5B;WNT5A;SIRT1"
"Positive Regulation Of Megakaryocyte Differentiation (GO:0045654)","3/8",0.303096600597677,0.99999537209541,0,0,1.87374716436379,2.2366989425076,"PITHD1;TESC;MTURN"
"Positive Regulation Of Mitochondrial Membrane Permeability Involved In Apoptotic Process (GO:1902110)","3/8",0.303096600597677,0.99999537209541,0,0,1.87374716436379,2.2366989425076,"STPG1;BNIP3L;BNIP3"
"Positive Regulation Of Protein Kinase C Signaling (GO:0090037)","3/8",0.303096600597677,0.99999537209541,0,0,1.87374716436379,2.2366989425076,"WNT11;WNT5A;VEGFA"
"Pyrimidine-Containing Compound Catabolic Process (GO:0072529)","3/8",0.303096600597677,0.99999537209541,0,0,1.87374716436379,2.2366989425076,"DPYSL5;DPYD;UPB1"
"Pyrimidine-Containing Compound Metabolic Process (GO:0072527)","3/8",0.303096600597677,0.99999537209541,0,0,1.87374716436379,2.2366989425076,"ERH;ENPP3;DCK"
"Regulation Of Dendritic Cell Antigen Processing And Presentation (GO:0002604)","3/8",0.303096600597677,0.99999537209541,0,0,1.87374716436379,2.2366989425076,"CCR7;NOD1;THBS1"
"Regulation Of Dendritic Spine Maintenance (GO:1902950)","3/8",0.303096600597677,0.99999537209541,0,0,1.87374716436379,2.2366989425076,"HOMER1;NEDD9;FYN"
"Regulation Of Fibroblast Apoptotic Process (GO:2000269)","3/8",0.303096600597677,0.99999537209541,0,0,1.87374716436379,2.2366989425076,"STK17B;PRDM11;TP63"
"Regulation Of Gap Junction Assembly (GO:1903596)","3/8",0.303096600597677,0.99999537209541,0,0,1.87374716436379,2.2366989425076,"CNTNAP2;CAV1;AGT"
"Regulation Of Generation Of Precursor Metabolites And Energy (GO:0043467)","3/8",0.303096600597677,0.99999537209541,0,0,1.87374716436379,2.2366989425076,"PNPT1;PRDM16;RUBCNL"
"Regulation Of Helicase Activity (GO:0051095)","3/8",0.303096600597677,0.99999537209541,0,0,1.87374716436379,2.2366989425076,"MSH6;MSH3;SIRT1"
"Regulation Of Nuclear Cell Cycle DNA Replication (GO:0033262)","3/8",0.303096600597677,0.99999537209541,0,0,1.87374716436379,2.2366989425076,"DBF4;ATRX;CDC7"
"Regulation Of Organ Growth (GO:0046620)","3/8",0.303096600597677,0.99999537209541,0,0,1.87374716436379,2.2366989425076,"LATS2;WWC2;WWC3"
"Regulation Of Podosome Assembly (GO:0071801)","3/8",0.303096600597677,0.99999537209541,0,0,1.87374716436379,2.2366989425076,"HCK;FSCN1;LCP1"
"Regulation Of Skeletal Muscle Cell Differentiation (GO:2001014)","3/8",0.303096600597677,0.99999537209541,0,0,1.87374716436379,2.2366989425076,"MEF2C;UQCC2;NR1D2"
"Regulation Of Tumor Necrosis Factor Superfamily Cytokine Production (GO:1903555)","3/8",0.303096600597677,0.99999537209541,0,0,1.87374716436379,2.2366989425076,"CD47;PARK7;LTF"
"Response To Leptin (GO:0044321)","3/8",0.303096600597677,0.99999537209541,0,0,1.87374716436379,2.2366989425076,"LEP;STAT3;SIRT1"
"Response To Misfolded Protein (GO:0051788)","3/8",0.303096600597677,0.99999537209541,0,0,1.87374716436379,2.2366989425076,"DNAJB12;CLU;DNAJC18"
"Sensory Organ Morphogenesis (GO:0090596)","3/8",0.303096600597677,0.99999537209541,0,0,1.87374716436379,2.2366989425076,"SKI;INTU;GLI3"
"Skeletal Myofibril Assembly (GO:0014866)","3/8",0.303096600597677,0.99999537209541,0,0,1.87374716436379,2.2366989425076,"ACTC1;LMOD3;TTN"
"Somatic Recombination Of Immunoglobulin Gene Segments (GO:0016447)","3/8",0.303096600597677,0.99999537209541,0,0,1.87374716436379,2.2366989425076,"MSH6;MSH3;NHEJ1"
"Type B Pancreatic Cell Differentiation (GO:0003309)","3/8",0.303096600597677,0.99999537209541,0,0,1.87374716436379,2.2366989425076,"CDK6;CDH2;BMP6"
"Ubiquitin-Dependent Protein Catabolic Process Via The C-end Degron Rule Pathway (GO:0140627)","3/8",0.303096600597677,0.99999537209541,0,0,1.87374716436379,2.2366989425076,"FEM1B;FEM1C;KLHDC10"
"Unsaturated Fatty Acid Biosynthetic Process (GO:0006636)","3/8",0.303096600597677,0.99999537209541,0,0,1.87374716436379,2.2366989425076,"SCD;DEGS1;ALOX15B"
"Establishment Of Protein Localization To Membrane (GO:0090150)","19/69",0.303961872447133,0.99999537209541,0,0,1.18709704117525,1.41365807873795,"RTP4;RTP1;ARL6;FRMPD1;RAB3IP;RDX;ZDHHC7;ZDHHC21;BRAF;ZDHHC11;ZDHHC1;ZDHHC14;EGFR;GOLGA7B;NPC1;ZDHHC9;GORASP2;GOLGA7;RAB3GAP1"
"DNA Catabolic Process (GO:0006308)","6/19",0.304536552096615,0.99999537209541,0,0,1.44147433251849,1.71386131793011,"ISG20;CECR2;FBH1;SETMAR;DNASE1;DNASE1L3"
"RNA Destabilization (GO:0050779)","6/19",0.304536552096615,0.99999537209541,0,0,1.44147433251849,1.71386131793011,"FXR1;YTHDF1;METTL14;RIDA;ROCK1;GIGYF2"
"Bicarbonate Transport (GO:0015701)","6/19",0.304536552096615,0.99999537209541,0,0,1.44147433251849,1.71386131793011,"CYB5R2;CYB5R4;SLC4A11;RHAG;SLC4A4;CFTR"
"Glycogen Metabolic Process (GO:0005977)","6/19",0.304536552096615,0.99999537209541,0,0,1.44147433251849,1.71386131793011,"PER2;GSK3B;PYGB;GBE1;PRKAG2;GYG1"
"Inositol Phosphate-Mediated Signaling (GO:0048016)","6/19",0.304536552096615,0.99999537209541,0,0,1.44147433251849,1.71386131793011,"NFAT5;PPP3CA;NFATC3;NFATC2;NFATC1;NMUR1"
"Negative Regulation Of Axon Extension Involved In Axon Guidance (GO:0048843)","6/19",0.304536552096615,0.99999537209541,0,0,1.44147433251849,1.71386131793011,"SEMA5A;SEMA6A;SEMA3C;SEMA3D;SEMA6D;SEMA3E"
"Negative Regulation Of Calcium Ion Transmembrane Transport (GO:1903170)","6/19",0.304536552096615,0.99999537209541,0,0,1.44147433251849,1.71386131793011,"PPP3CA;SLN;BIN1;ATP1A2;TMBIM6;VDAC1"
"Positive Regulation Of Alpha-Beta T Cell Activation (GO:0046635)","6/19",0.304536552096615,0.99999537209541,0,0,1.44147433251849,1.71386131793011,"HSPH1;SYK;IHH;HLA-DRB3;GLI3;CD55"
"Positive Regulation Of Mitochondrial Fission (GO:0090141)","6/19",0.304536552096615,0.99999537209541,0,0,1.44147433251849,1.71386131793011,"PRKN;BNIP3;KDR;SPIRE1;DNM1L;DCN"
"Protein Insertion Into Membrane (GO:0051205)","6/19",0.304536552096615,0.99999537209541,0,0,1.44147433251849,1.71386131793011,"RTP4;SEC61A1;TRAM1;RTP1;TRAM1L1;EGFR"
"Purine Ribonucleotide Transport (GO:0015868)","6/19",0.304536552096615,0.99999537209541,0,0,1.44147433251849,1.71386131793011,"ABCC5;ABCC6;LRRC8D;SLC25A42;SLC25A4;SLC25A25"
"Regulation Of B Cell Differentiation (GO:0045577)","6/19",0.304536552096615,0.99999537209541,0,0,1.44147433251849,1.71386131793011,"SYK;PPP2R3C;CD27;INHBA;IKZF3;ZFP36L1"
"Regulation Of Behavior (GO:0050795)","6/19",0.304536552096615,0.99999537209541,0,0,1.44147433251849,1.71386131793011,"ZFHX3;STAT3;GPR171;QRFP;MTOR;CNTNAP4"
"Regulation Of Fibroblast Growth Factor Receptor Signaling Pathway (GO:0040036)","6/19",0.304536552096615,0.99999537209541,0,0,1.44147433251849,1.71386131793011,"SMOC2;CREB3L1;SPRY4;SHISA2;FGFBP3;THBS1"
"Regulation Of Integrin-Mediated Signaling Pathway (GO:2001044)","6/19",0.304536552096615,0.99999537209541,0,0,1.44147433251849,1.71386131793011,"LAMA2;LAMA1;SLC2A10;EMP2;ITGB1BP1;PRKD1"
"Sphingosine Metabolic Process (GO:0006670)","6/19",0.304536552096615,0.99999537209541,0,0,1.44147433251849,1.71386131793011,"ASAH1;SPTLC2;NAAA;SPTSSB;PLPP3;SGPP2"
"Superoxide Anion Generation (GO:0042554)","6/19",0.304536552096615,0.99999537209541,0,0,1.44147433251849,1.71386131793011,"DUOX1;TAFA4;NCF4;SH3PXD2B;NOX3;NOX5"
"Fatty Acid Transport (GO:0015908)","11/38",0.305200184154157,0.99999537209541,0,0,1.27254852456257,1.51024452453188,"KDM5A;SLCO3A1;ACSL1;FABP7;SLC22A1;GOT2;SLCO2A1;PMP2;PPARG;CD36;SLC27A3"
"Positive Regulation Of Cation Channel Activity (GO:2001259)","11/38",0.305200184154157,0.99999537209541,0,0,1.27254852456257,1.51024452453188,"PPP3CA;JPH2;GAL;LRRC38;STAC3;HTT;ATPSCKMT;AKAP6;ANK2;ANK3;LRRC55"
"Cellular Response To Decreased Oxygen Levels (GO:0036294)","20/73",0.306056395160246,0.99999537209541,0,0,1.17885480444833,1.395747462018,"BNIP3L;ANGPT4;KCND2;EPAS1;BNIP3;GATA6;AK4;FMN2;SIRT1;BMP7;MTOR;AQP1;ZFP36L1;VEGFA;RPTOR;NPEPPS;FAM162A;PPARG;CPEB2;NKX3-1"
"Apoptotic Process (GO:0006915)","59/228",0.306795645955041,0.99999537209541,0,0,1.09104006459124,1.28914392017411,"CYFIP2;APP;CSRNP1;AHCYL1;IFNA2;JADE1;HK2;TP53AIP1;FAM162A;RFK;DPF1;IFT57;RNF152;MAP3K7;TP63;BOK;SEMA6A;PARP1;APAF1;RIPK2;PRKCE;TNFRSF19;KREMEN1;TSC2;EMP2;GLRX2;CIT;TGFBR2;DDIT4;ELMO1;VDAC1;IAPP;RAF1;NOTCH2;CXCR4;MRPS30;EFNA5;STK4;AKAP1;FXR1;BCL2L13;BCL2L10;BCL2L11;BCL2L14;GADD45A;FEM1B;BNIP3;MX1;TNFRSF10B;DHCR24;TNFRSF10A;ALOX15B;CIDEC;MTOR;NFKBIA;DAP;BCL2;NOX5;BCL2L1"
"Cellular Response To Lipid (GO:0071396)","59/228",0.306795645955041,0.99999537209541,0,0,1.09104006459124,1.28914392017411,"CD86;GSK3B;CXCL8;AKR1B1;TNFAIP3;CXCL13;NR3C1;AQP1;UBE2L3;CRHBP;MEIOSIN;GPER1;PDK4;PDE4B;FFAR2;SOX9;NKX3-1;MEF2C;SYK;NCOA3;TESC;CD180;WNT5A;WNT9B;LDOC1;PEX2;TICAM1;TNFRSF1B;FAM210B;TRAF6;ADAM9;ADTRP;LCP1;CFTR;MGST1;UCP1;ATP1A2;BCL10;ADCY1;ATP1A1;TFPI;EGFR;GNAI1;WNT11;ZNF703;ABL2;BRINP3;WNT2;LYN;WNT7B;DEFA5;OR51E2;MSN;POU4F1;IRGM;PTK7;ATM;VIM;PF4"
"Cell Morphogenesis Involved In Neuron Differentiation (GO:0048667)","21/77",0.307919592276758,0.99999537209541,0,0,1.17149658455806,1.37992526691546,"RB1;NTNG1;APP;FARP1;MEF2C;ATL1;ANK3;ISL1;POU4F1;KLF7;ISL2;SLITRK1;MAP1B;BTBD3;SLITRK3;MAP6;NRCAM;CTNNA2;CNTN4;DRD2;DSCAML1"
"Ceramide Biosynthetic Process (GO:0046513)","12/42",0.310040804776591,0.99999537209541,0,0,1.24942148760331,1.46313673458701,"CERS3;CERS4;ASAH1;SPTLC2;ST8SIA3;SPTSSB;ST8SIA6;DEGS1;DEGS2;CLN8;CYP4F22;ST6GALNAC5"
"Monoatomic Cation Transport (GO:0006812)","12/42",0.310040804776591,0.99999537209541,0,0,1.24942148760331,1.46313673458701,"TRPM1;PANX2;NDFIP2;PIEZO2;SLC41A1;PIEZO1;ATP1A2;CNGA3;TRPM7;ATP1B1;PANX3;CNGB1"
"Positive Regulation Of Amide Metabolic Process (GO:0034250)","23/85",0.311064145549029,0.99999537209541,0,0,1.15891889725382,1.35333464909033,"PIWIL2;NIBAN1;EPHA4;YTHDF1;CHRNA7;PYM1;PLA2G6;PLD1;CLU;THBS1;MTOR;FXR1;EFNA1;METTL14;LARP1;LRRTM3;ERBB2;PRR16;GSAP;VIM;SOX4;ABCG1;PICALM"
"Positive Regulation Of Peptidyl-Serine Phosphorylation (GO:0033138)","24/89",0.312390636943234,0.99999537209541,0,0,1.15350200752023,1.34210054643038,"BCAR3;IFNA5;APP;RIPK2;CAV1;NTRK3;IFNA2;SH2D1A;BRAF;PARK7;NGF;STK4;IRGM;EGFR;VEGFA;RPTOR;TBK1;NTF3;PRKD1;RAF1;FNIP2;CD44;STOX1;SNCA"
"Positive Regulation Of Protein Kinase B Signaling (GO:0051897)","25/93",0.313577732667356,0.99999537209541,0,0,1.14856383821397,1.33199867002422,"ITGB1;SEMA5A;PHB1;PARK7;PIK3CB;THBS1;EGFR;MTDH;FAM110C;GCNT2;CCR7;RICTOR;OSBPL8;MYOC;GDF15;INSR;IGF1;MFHAS1;LEP;CNTN1;IAPP;ITGB1BP1;TEK;FERMT2;TSPYL5"
"Positive Regulation Of Cell-Cell Adhesion (GO:0022409)","13/46",0.314110983524648,0.99999537209541,0,0,1.2305009174197,1.42493101974573,"FOXA1;PTPRU;CITED2;ANK3;CXCL13;BMP7;GCNT2;PIEZO1;TNFSF11;CD47;PLPP3;CD44;SKAP1"
"Positive Regulation Of Peptide Hormone Secretion (GO:0090277)","13/46",0.314110983524648,0.99999537209541,0,0,1.2305009174197,1.42493101974573,"SLC30A8;RASL10B;ILDR1;IRS2;ACSL4;MYRIP;ISL1;GHRHR;GPER1;TNFSF11;FLNB;DRD2;SOX4"
"Regulation Of mRNA Catabolic Process (GO:0061013)","13/46",0.314110983524648,0.99999537209541,0,0,1.2305009174197,1.42493101974573,"YTHDF1;PNPT1;PRR5L;PRKCA;ZC3HAV1;MAGOHB;ZFP36L1;PUM2;FXR1;DHX36;PKP1;VIM;DCP2"
"Regulation Of Nervous System Development (GO:0051960)","13/46",0.314110983524648,0.99999537209541,0,0,1.2305009174197,1.42493101974573,"YAP1;HES6;TENM4;LGI4;LEF1;TNFRSF1B;ELAPOR2;FXR1;PER2;HEYL;GBX2;HEY2;HES2"
"Response To Hydrogen Peroxide (GO:0042542)","13/46",0.314110983524648,0.99999537209541,0,0,1.2305009174197,1.42493101974573,"ANXA1;TNFAIP3;GLRX2;CLU;SIRT1;AQP1;STK24;STK25;STK26;PPIF;ADAM9;FYN;MAP3K5"
"Cytosolic Pattern Recognition Receptor Signaling Pathway (GO:0002753)","7/23",0.315470187744797,0.99999537209541,0,0,1.36640866873065,1.57641351127512,"PHB1;TBK1;TRAF6;IRF7;TNFAIP3;MAP3K7;MAP2K6"
"Diacylglycerol Metabolic Process (GO:0046339)","7/23",0.315470187744797,0.99999537209541,0,0,1.36640866873065,1.57641351127512,"DGKG;PGS1;DAGLA;GPAM;MOGAT2;DAGLB;DGKK"
"Endocardial Cushion Development (GO:0003197)","7/23",0.315470187744797,0.99999537209541,0,0,1.36640866873065,1.57641351127512,"HEYL;APC;GATA4;SOX9;ISL1;TBX2;BMPR1A"
"Long-Chain fatty-acyl-CoA Metabolic Process (GO:0035336)","7/23",0.315470187744797,0.99999537209541,0,0,1.36640866873065,1.57641351127512,"HACD1;ACSL1;ACSL5;ACSL4;ELOVL6;FAR1;ELOVL7"
"Microtubule Nucleation (GO:0007020)","7/23",0.315470187744797,0.99999537209541,0,0,1.36640866873065,1.57641351127512,"NEDD1;CCDC57;TUBGCP2;TUBGCP5;SLAIN1;CLASP1;CLASP2"
"Negative Regulation Of Extrinsic Apoptotic Signaling Pathway Via Death Domain Receptors (GO:1902042)","7/23",0.315470187744797,0.99999537209541,0,0,1.36640866873065,1.57641351127512,"GSK3B;SCRT2;TMBIM1;TNFAIP3;PARK7;RFFL;BCL2L1"
"Negative Regulation Of Oxidative Stress-Induced Cell Death (GO:1903202)","7/23",0.315470187744797,0.99999537209541,0,0,1.36640866873065,1.57641351127512,"PRKN;GPR37;GATA4;FYN;PARK7;SIRT1;FBXO7"
"Positive Regulation Of Oxidoreductase Activity (GO:0051353)","7/23",0.315470187744797,0.99999537209541,0,0,1.36640866873065,1.57641351127512,"FTMT;GDNF;RFK;PPM1H;ABL2;PARK7;AGT"
"Potassium Ion Homeostasis (GO:0055075)","7/23",0.315470187744797,0.99999537209541,0,0,1.36640866873065,1.57641351127512,"KCNH2;ATP4B;KCNMA1;ATP1A4;ATP1A2;ATP1A1;ATP1B1"
"Protein Localization To Cell Junction (GO:1902414)","7/23",0.315470187744797,0.99999537209541,0,0,1.36640866873065,1.57641351127512,"DSP;NLGN1;PCLO;STAU2;BSN;FERMT2;NECTIN1"
"Regulation Of T Cell Migration (GO:2000404)","7/23",0.315470187744797,0.99999537209541,0,0,1.36640866873065,1.57641351127512,"APP;RIPOR2;LRCH1;DOCK8;ABL2;APOD;CD200"
"Regulation Of Axon Extension Involved In Axon Guidance (GO:0048841)","7/23",0.315470187744797,0.99999537209541,0,0,1.36640866873065,1.57641351127512,"SEMA5A;SEMA6A;SEMA3C;SEMA3D;SEMA6D;SEMA3E;VEGFA"
"Cell-Matrix Adhesion (GO:0007160)","29/109",0.31720389326529,0.99999537209541,0,0,1.13252125233257,1.30037281089495,"ITGB1;COL13A1;ITGB5;ITGB3;ADAMTS12;PIP5K1A;ITGAV;ADAMTS9;CD34;CD96;ITGA2;ITGA1;FN1;EMP2;NPNT;BCR;TIAM1;MKLN1;PARVG;ITGA11;CDH11;ADAM9;ITGB1BP1;VWA2;ARHGEF7;VCL;FERMT2;CD44;ITGA9"
"Dicarboxylic Acid Metabolic Process (GO:0043648)","14/50",0.317565194273731,0.99999537209541,0,0,1.21473519819944,1.39338890993135,"DHFR2;GOT1;MDH2;TAT;GPT2;HAAO;GOT2;OGDHL;MTHFS;DHFR;OGDH;GGT1;GCLM;MDH1B"
"Positive Regulation Of Transcription By RNA Polymerase II (GO:0045944)","234/938",0.319790599774864,0.99999537209541,0,0,1.03962508366471,1.18526499007051,"ATF1;APP;TCERG1;EHF;RBPJ;ELK4;TBK1;ZMIZ2;MYB;TNFSF11;SOX9;TP63;SOX4;MEF2C;MRTFB;RFX3;MED9;SOX11;BHLHA15;ISL1;ISL2;ATF7;HOXB1;MAML3;PRKD1;ATF6;SKAP1;CTBP2;EPAS1;TXK;GATA6;GATA5;GATA4;PRDM10;MED12L;GALR1;DHX36;HIVEP1;HOXC4;STAT5A;WWTR1;ZNF143;JAG1;FZD5;BCL11B;NFATC3;NFATC1;NR1D2;NR2F2;IGF1;SMARCA1;SMARCA2;ST18;MLLT10;CREBRF;NANOG;ATM;CSRNP1;SETD3;CITED2;HNF4G;AKR1B1;TCF20;WASL;EFCAB7;MEOX2;GLI3;GLI2;PHF8;PPP3CA;HEY2;TEAD1;PARP1;RIPK2;NCOA3;TCF12;TFEB;TET1;PAX6;FOS;MED27;SIRT1;RGMA;TOX3;KAT2B;TOX2;GAL;NR5A2;TFEC;PPARG;PRKN;YAP1;FOXC1;NFIX;PTH;NR1I2;EGFR;RXRA;HSF2;STAT4;TBL1X;MEF2D;BRD4;RTRAF;IL33;ARNT2;CDX2;STAT1;ATAD2;STAT3;GRHL3;POU4F1;GRHL2;VEGFA;SKI;HEYL;PER1;NFIA;WT1;NFIB;F2RL1;CAMK1;NEUROG1;PF4;FOXA1;CRTC3;CRTC1;UBP1;NUCKS1;PARK7;NR3C1;ETS2;HOXA10;SALL1;HGF;WNT5A;UBE2E1;MITF;LMO7;POU3F2;GTF2F2;MYCN;GLYR1;DLX1;KMT2D;DLX5;KMT2C;GLIS3;ABL1;DVL2;RPRD1B;NKX6-1;WNT2;MAP2K5;TFAP2C;ZFHX3;SMAD4;POU2F1;SMAD3;AUTS2;HMGA1;HMGA2;GLMP;SMAD9;ESRRG;INHBA;SUPT5H;BMP6;PHOX2B;NFKBIA;MLXIPL;DAB2;TFCP2;GDNF;MKRN2;MYF6;TCF4;BMPR1B;BMPR1A;CALCOCO1;THRA;CHD6;LDB2;MYSM1;IRF2BPL;FLCN;HHEX;ZIC3;SIN3A;GPER1;MYBL1;NCK1;NKX3-1;ACTR3;BCAS3;PPP1R12A;OLIG3;ATRX;ETV1;PEX2;KLF15;DCN;GREM1;THRAP3;TRAF6;IRF7;CDH13;ITGB1BP1;IRF6;EAPP;MET;HDAC4;HDAC5;NFAT5;SRF;LEF1;BARX2;TBXT;ATAD2B;E2F7;MLXIP;FOXJ3;FOXJ2;FOXJ1;USF3;KLF2;ASXL1;POMC;KLF7;KLF6;POU2AF1;ASXL3;TAF3;LPIN2"
"Endoplasmic Reticulum Organization (GO:0007029)","15/54",0.32051864426974,0.99999537209541,0,0,1.20139628822697,1.36696651569205,"SEC16B;TRAM1;ATL3;CAV2;ATL2;STX18;SEC61A1;VAPA;TMEM33;REEP4;SPTSSB;TMCC1;DNM1L;TRAM1L1;LNPK"
"Peptidyl-Tyrosine Modification (GO:0018212)","15/54",0.32051864426974,0.99999537209541,0,0,1.20139628822697,1.36696651569205,"LYN;EPHA4;SYK;INSR;EGFR;HCK;FER;ERBB2;KDR;ABL1;ABL2;FYN;TEK;EPHA1;DDR2"
"Protein Localization To Plasma Membrane (GO:0072659)","36/137",0.320605425428055,0.99999537209541,0,0,1.11363935396862,1.26681389469507,"RAB3B;PLEKHF1;ROCK1;ZDHHC7;TSPAN33;RAP1A;FCHO2;P2RY1;MAP7;PIP5K1A;CLASP2;FYB2;FYB1;SMURF1;KCNB1;TESC;RDX;TTC7B;ANK2;WDR72;EMP2;ANK3;TTC7A;ATP1B1;EFR3B;DLG1;TSPAN14;EHD4;GORASP2;PACS1;RAB12;PKP2;ITGB1BP1;TNIK;EZR;RAMP1"
"Brain Development (GO:0007420)","44/169",0.321828411558886,0.99999537209541,0,0,1.09985357737105,1.24694442999406,"ROBO2;CNTNAP2;DLX2;TUBGCP2;CXCR4;UBE3A;PCDH18;PHF8;ATXN1;CDH2;NRCAM;APOD;FLNB;CTNNA2;SOX6;CDK5RAP3;BBS4;CDK5RAP2;ARNT2;GIT2;ZFHX3;KDM4B;FBXW11;PBX3;CTNS;FOXJ1;SMARCA1;EML1;GRHL2;POU6F1;TGFBR2;NFASC;SYNJ1;NFIB;DDIT4;NDUFS4;CNTN1;NF1;CNTN4;DSCAML1;PAFAH1B2;RAB3GAP1;ADGRL3;CDK5R1"
"Cardiac Muscle Cell Differentiation (GO:0055007)","8/27",0.323666506358053,0.99999537209541,0,0,1.31505063236125,1.48343181237201,"GREM1;MEF2C;WT1;ALPK3;ALPK2;SLC8A1;TTN;VEGFA"
"Cortical Cytoskeleton Organization (GO:0030865)","8/27",0.323666506358053,0.99999537209541,0,0,1.31505063236125,1.48343181237201,"STRIP1;NLGN1;DLG1;FMNL2;ROCK1;PPP2R3C;LCP1;EZR"
"Negative Regulation Of Cellular Response To Insulin Stimulus (GO:1900077)","8/27",0.323666506358053,0.99999537209541,0,0,1.31505063236125,1.48343181237201,"KANK1;PTPN1;PTPRE;PRKCB;GRB10;PIP4K2A;TSC2;NCK1"
"Phospholipid Biosynthetic Process (GO:0008654)","8/27",0.323666506358053,0.99999537209541,0,0,1.31505063236125,1.48343181237201,"AGPAT5;VAPA;MBOAT1;PIP5K1A;FITM2;FAR1;AGPAT3;AGPAT4"
"Positive Regulation Of Filopodium Assembly (GO:0051491)","8/27",0.323666506358053,0.99999537209541,0,0,1.31505063236125,1.48343181237201,"RIPOR2;BCAS3;NLGN1;MYO3B;FSCN1;CCR7;WASL;FNBP1L"
"Positive Regulation Of Mitotic Cell Cycle (GO:0045931)","8/27",0.323666506358053,0.99999537209541,0,0,1.31505063236125,1.48343181237201,"FOXA1;SMOC2;CCDC57;USP22;PRKCA;EIF4E;NKX3-1;LGMN"
"Positive Regulation Of Response To Wounding (GO:1903036)","8/27",0.323666506358053,0.99999537209541,0,0,1.31505063236125,1.48343181237201,"ITGB1;ARFGEF1;KANK1;DUOX1;ANXA1;PRKCE;ADRA2A;MYLK"
"Regulation Of Catecholamine Secretion (GO:0050433)","8/27",0.323666506358053,0.99999537209541,0,0,1.31505063236125,1.48343181237201,"PRKN;SYT4;HRH3;KCNB1;DTNBP1;SYT13;SYT9;SNCA"
"Regulation Of Mitochondrial Fission (GO:0090140)","8/27",0.323666506358053,0.99999537209541,0,0,1.31505063236125,1.48343181237201,"PRKN;BNIP3;KDR;SPIRE1;PPARG;DNM1L;CYRIB;DCN"
"Protein Lipidation (GO:0006497)","17/62",0.325254944243351,0.99999537209541,0,0,1.18005745145352,1.32537675957144,"PGAP2;SLC30A5;ATG10;PIGZ;ZDHHC7;WIPI1;ZDHHC21;WIPI2;ZDHHC1;PIGV;ZDHHC14;PIGC;ATG16L2;ZDHHC9;ATG16L1;PIK3C3;ATG7"
"Protein-Containing Complex Disassembly (GO:0032984)","17/62",0.325254944243351,0.99999537209541,0,0,1.18005745145352,1.32537675957144,"GSK3B;VPS33B;PYM1;PEX2;PEX10;WIPI2;ATG14;IRGM;GSPT1;FRAT2;MAP1LC3A;MAP1LC3C;CHMP1B;LAMP2;RUBCNL;PIK3C3;TECPR1"
"C4-dicarboxylate Transport (GO:0015740)","4/12",0.328401312936289,0.99999537209541,0,0,1.56146864686469,1.73872485540162,"SLC1A1;UCP2;SLC25A12;SLC25A13"
"Adipose Tissue Development (GO:0060612)","4/12",0.328401312936289,0.99999537209541,0,0,1.56146864686469,1.73872485540162,"SPTLC2;SH3PXD2B;ZNF516;VPS13B"
"Adult Locomotory Behavior (GO:0008344)","4/12",0.328401312936289,0.99999537209541,0,0,1.56146864686469,1.73872485540162,"PRKN;GDNF;BTBD9;DRD2"
"Atrial Cardiac Muscle Cell Action Potential (GO:0086014)","4/12",0.328401312936289,0.99999537209541,0,0,1.56146864686469,1.73872485540162,"KCNJ5;KCNN2;CACNA1C;KCNJ3"
"Biogenic Amine Metabolic Process (GO:0006576)","4/12",0.328401312936289,0.99999537209541,0,0,1.56146864686469,1.73872485540162,"DDC;MAOA;SMS;ATP7A"
"cAMP Metabolic Process (GO:0046058)","4/12",0.328401312936289,0.99999537209541,0,0,1.56146864686469,1.73872485540162,"ADCY10;PTH;ADCY7;PTHLH"
"Calcium Ion Import (GO:0070509)","4/12",0.328401312936289,0.99999537209541,0,0,1.56146864686469,1.73872485540162,"CACNA1D;MICU1;SLC24A5;SLC8A1"
"Cardiolipin Metabolic Process (GO:0032048)","4/12",0.328401312936289,0.99999537209541,0,0,1.56146864686469,1.73872485540162,"PGS1;PLA2G5;PLA2G6;LCLAT1"
"Endothelium Development (GO:0003158)","4/12",0.328401312936289,0.99999537209541,0,0,1.56146864686469,1.73872485540162,"JAG1;SCUBE1;KDR;CD34"
"Epithelial Cell Morphogenesis (GO:0003382)","4/12",0.328401312936289,0.99999537209541,0,0,1.56146864686469,1.73872485540162,"DACT2;GRHL2;MET;SIPA1L3"
"Fatty Acid Elongation (GO:0030497)","4/12",0.328401312936289,0.99999537209541,0,0,1.56146864686469,1.73872485540162,"HACD1;ELOVL6;ELOVL7;HACD3"
"Glucose Import (GO:0046323)","4/12",0.328401312936289,0.99999537209541,0,0,1.56146864686469,1.73872485540162,"SLC2A14;SLC2A1;SLC2A3;ZDHHC7"
"Granulocyte Differentiation (GO:0030851)","4/12",0.328401312936289,0.99999537209541,0,0,1.56146864686469,1.73872485540162,"LYN;STAT5A;LEF1;LBR"
"Icosanoid Secretion (GO:0032309)","4/12",0.328401312936289,0.99999537209541,0,0,1.56146864686469,1.73872485540162,"ANXA1;LEP;PLA2G5;DRD2"
"Lipoprotein Localization (GO:0044872)","4/12",0.328401312936289,0.99999537209541,0,0,1.56146864686469,1.73872485540162,"VMP1;PRKCB;PPARG;CD36"
"Negative Regulation By Host Of Viral Process (GO:0044793)","4/12",0.328401312936289,0.99999537209541,0,0,1.56146864686469,1.73872485540162,"PRKN;VAPA;SMC6;LTF"
"Negative Regulation Of Cardiac Muscle Hypertrophy (GO:0010614)","4/12",0.328401312936289,0.99999537209541,0,0,1.56146864686469,1.73872485540162,"RGS2;SMAD4;GLRX3;PPARG"
"Negative Regulation Of Mitochondrial Membrane Permeability (GO:0035795)","4/12",0.328401312936289,0.99999537209541,0,0,1.56146864686469,1.73872485540162,"SLC35F6;MTRNR2L5;SLC25A31;SLC25A4"
"Nuclear Body Organization (GO:0030575)","4/12",0.328401312936289,0.99999537209541,0,0,1.56146864686469,1.73872485540162,"SRPK2;DYRK3;USP50;PML"
"Nucleotide Metabolic Process (GO:0009117)","4/12",0.328401312936289,0.99999537209541,0,0,1.56146864686469,1.73872485540162,"ENPP3;PARK7;REXO2;DCK"
"Positive Regulation Of Alcohol Biosynthetic Process (GO:1902932)","4/12",0.328401312936289,0.99999537209541,0,0,1.56146864686469,1.73872485540162,"AVPR1B;PTH;BMP6;SNCA"
"Positive Regulation Of Regulated Secretory Pathway (GO:1903307)","4/12",0.328401312936289,0.99999537209541,0,0,1.56146864686469,1.73872485540162,"SYT4;NLGN1;KCNB1;RAB27A"
"Positive Regulation Of Sodium Ion Transport (GO:0010765)","4/12",0.328401312936289,0.99999537209541,0,0,1.56146864686469,1.73872485540162,"CNKSR3;PKP2;ANK3;GPD1L"
"Regulation Of Chemokine (C-X-C Motif) Ligand 2 Production (GO:2000341)","4/12",0.328401312936289,0.99999537209541,0,0,1.56146864686469,1.73872485540162,"F2RL1;LCP1;MAP2K5;MBL2"
"Regulation Of Platelet-Derived Growth Factor Receptor Signaling Pathway (GO:0010640)","4/12",0.328401312936289,0.99999537209541,0,0,1.56146864686469,1.73872485540162,"CNTN1;APOD;CBL;SNCA"
"Response To Iron Ion (GO:0010039)","4/12",0.328401312936289,0.99999537209541,0,0,1.56146864686469,1.73872485540162,"BCL2;B2M;BMP6;SNCA"
"Spinal Cord Development (GO:0021510)","4/12",0.328401312936289,0.99999537209541,0,0,1.56146864686469,1.73872485540162,"NF1;SOX11;SOX4;GLI2"
"Steroid Catabolic Process (GO:0006706)","4/12",0.328401312936289,0.99999537209541,0,0,1.56146864686469,1.73872485540162,"HSD11B1;STS;SULT1E1;HSD17B6"
"Synaptic Membrane Adhesion (GO:0099560)","4/12",0.328401312936289,0.99999537209541,0,0,1.56146864686469,1.73872485540162,"NTNG1;PTPRS;SLITRK1;SLITRK3"
"Bile Acid Metabolic Process (GO:0008206)","9/31",0.330007980781765,0.99999537209541,0,0,1.27770164999155,1.41650916483302,"OSBPL9;ABCD3;ACOX2;NPC1;AKR1D1;ACAA1;BAAT;OSBPL1A;CYP8B1"
"Negative Chemotaxis (GO:0050919)","9/31",0.330007980781765,0.99999537209541,0,0,1.27770164999155,1.41650916483302,"SEMA6A;SEMA3C;SEMA3D;ITGB3;SEMA6D;LRTM1;SEMA3E;ITGAV;ROBO1"
"Negative Regulation Of Chemotaxis (GO:0050922)","9/31",0.330007980781765,0.99999537209541,0,0,1.27770164999155,1.41650916483302,"ROBO2;SEMA5A;SEMA6A;SEMA3C;SEMA3D;SEMA6D;SEMA3E;THBS1;ROBO1"
"Phospholipid Translocation (GO:0045332)","9/31",0.330007980781765,0.99999537209541,0,0,1.27770164999155,1.41650916483302,"ABCC1;ATP8A2;ATP8B2;TMEM30B;ATP8B1;PLSCR2;ABCB4;ATP11A;ATP9B"
"Positive Regulation Of G1/S Transition Of Mitotic Cell Cycle (GO:1900087)","9/31",0.330007980781765,0.99999537209541,0,0,1.27770164999155,1.41650916483302,"RPTOR;LSM11;ANXA1;ADAMTS1;RDX;UBE2E2;EGFR;STOX1;FGF10"
"Positive Regulation Of Extrinsic Apoptotic Signaling Pathway (GO:2001238)","9/31",0.330007980781765,0.99999537209541,0,0,1.27770164999155,1.41650916483302,"PPP2R1B;GPER1;CAV1;TNFSF10;BCL10;INHBA;LTBR;THBS1;PML"
"Presynaptic Endocytosis (GO:0140238)","9/31",0.330007980781765,0.99999537209541,0,0,1.27770164999155,1.41650916483302,"DNM3;NLGN1;SYNJ1;FCHO2;STON2;AP2B1;BLTP1;SNCA;DNM2"
"Regulation Of Centrosome Duplication (GO:0010824)","9/31",0.330007980781765,0.99999537209541,0,0,1.27770164999155,1.41650916483302,"C10ORF90;GEN1;CHMP1B;TMEM67;PLK2;CCNF;CEP120;CEP76;SIRT1"
"Regulation Of Dendrite Morphogenesis (GO:0048814)","9/31",0.330007980781765,0.99999537209541,0,0,1.27770164999155,1.41650916483302,"GSK3B;CDKL3;CUX2;CUX1;DPYSL5;HECW2;NEDD4;NEDD4L;TNIK"
"Regulation Of Extrinsic Apoptotic Signaling Pathway Via Death Domain Receptors (GO:1902041)","9/31",0.330007980781765,0.99999537209541,0,0,1.27770164999155,1.41650916483302,"GSK3B;SCRT2;FEM1B;TMBIM1;TNFAIP3;ETFA;RFFL;THBS1;BCL2L1"
"Regulation Of Macrophage Activation (GO:0043030)","9/31",0.330007980781765,0.99999537209541,0,0,1.27770164999155,1.41650916483302,"IL33;MFHAS1;WNT5A;MYO18A;IL31RA;SPACA3;THBS1;IRGM;CD200"
"Fatty Acid Metabolic Process (GO:0006631)","32/122",0.337994540898378,0.99999537209541,0,0,1.11077916090364,1.20489051937565,"FAAH;ABCD3;HPGD;ACSM1;ACSM2A;ACSM5;ACSM4;ACACB;CPT2;CD36;ACAA1;GGT1;HAO2;UGT1A8;CBR4;CYP2J2;ACSL1;ACSL5;CYP4B1;ACSL4;PEX2;BAAT;ACADSB;PER2;ACOX2;PCCA;GPAM;FASN;NAAA;LCP1;SLC27A3;LPIN2"
"Protein-Containing Complex Organization (GO:0043933)","33/126",0.338168202330852,0.99999537209541,0,0,1.10854882220244,1.20190178845651,"YAP1;NUP205;TUBGCP2;SLC2A1;LIN7A;WASL;NAPG;RIMS1;REPS2;SOX9;KIFAP3;DNM1L;TEAD1;WASF3;DNAJB12;PDE4DIP;MITF;TRAF1;IRGM;DARS1;PML;TIAM1;NEMF;APC;SLC7A9;CAPZA1;CAPZA2;GEMIN5;NUP35;APBA1;NUP98;PICALM;VAMP3"
"Carboxylic Acid Transmembrane Transport (GO:1905039)","11/39",0.339073162716736,0.99999537209541,0,0,1.22701921090684,1.32706959129178,"ABCC1;SLC38A1;SLC7A9;ABCC5;SLC38A10;SLC7A13;SLC16A7;SLC38A9;SLC16A9;SLC38A2;SLC38A4"
"Regulation Of Mitochondrial Membrane Potential (GO:0051881)","11/39",0.339073162716736,0.99999537209541,0,0,1.22701921090684,1.32706959129178,"SPART;HEBP2;AKT2;ABL1;ARL6IP5;BCL2;SLC4A11;PARK7;SLC25A33;STOX1;BCL2L1"
"Retina Homeostasis (GO:0001895)","11/39",0.339073162716736,0.99999537209541,0,0,1.22701921090684,1.32706959129178,"POTEI;POTEJ;PIP;KRT1;POTEE;POTEF;LYZ;B2M;BBS4;CNGB1;LTF"
"Positive Regulation Of Stress Fiber Assembly (GO:0051496)","12/43",0.342373590345673,0.99999537209541,0,0,1.20903758997601,1.29591028826496,"ARHGEF10;CARMIL1;WNT11;MYOC;SYNPO2L;LIMCH1;TPM1;APOA1;ITGB1BP1;CD47;EPHA1;FERMT2"
"Regulation Of JUN Kinase Activity (GO:0043506)","12/43",0.342373590345673,0.99999537209541,0,0,1.20903758997601,1.29591028826496,"PTPN1;DUSP10;TAOK3;TRAF6;WNT5A;DVL2;MAP3K13;MAP3K7;PPEF2;ZNF675;MAP3K4;MAP3K5"
"Regulation Of Filopodium Assembly (GO:0051489)","12/43",0.342373590345673,0.99999537209541,0,0,1.20903758997601,1.29591028826496,"FXR1;RIPOR2;BCAS3;NLGN1;CAPZB;MYO10;MYO3B;FSCN1;CCR7;WASL;FNBP1L;CLU"
"Cellular Response To Fatty Acid (GO:0071398)","5/16",0.343268647513151,0.99999537209541,0,0,1.41952848059718,1.51781934315295,"OR51E2;UCP1;PDK4;FFAR2;LCP1"
"Dicarboxylic Acid Catabolic Process (GO:0043649)","5/16",0.343268647513151,0.99999537209541,0,0,1.41952848059718,1.51781934315295,"ALDH1L1;GOT1;GOT2;MTHFS;DDO"
"Endoplasmic Reticulum Tubular Network Organization (GO:0071786)","5/16",0.343268647513151,0.99999537209541,0,0,1.41952848059718,1.51781934315295,"REEP4;TMEM33;ATL1;ATL2;LNPK"
"Negative Regulation Of Biosynthetic Process (GO:0009890)","5/16",0.343268647513151,0.99999537209541,0,0,1.41952848059718,1.51781934315295,"PAGE4;ASXL3;GPER1;PARK7;COA8"
"Negative Regulation Of Viral-Induced Cytoplasmic Pattern Recognition Receptor Signaling Pathway (GO:0039532)","5/16",0.343268647513151,0.99999537209541,0,0,1.41952848059718,1.51781934315295,"PTPRS;NPLOC4;TNFAIP3;F2RL1;IRGM"
"Phosphatidylinositol Dephosphorylation (GO:0046856)","5/16",0.343268647513151,0.99999537209541,0,0,1.41952848059718,1.51781934315295,"MTMR1;MTMR2;MTMR3;SYNJ1;MTM1"
"Positive Regulation Of Homotypic Cell-Cell Adhesion (GO:0034112)","5/16",0.343268647513151,0.99999537209541,0,0,1.41952848059718,1.51781934315295,"PDPN;EMILIN2;TNFSF11;GP6;IL6ST"
"Protein Alpha-1,2-Demannosylation (GO:0036508)","5/16",0.343268647513151,0.99999537209541,0,0,1.41952848059718,1.51781934315295,"RNF103;EDEM1;EDEM2;MAN1C1;MARCHF6"
"Protein Kinase A Signaling (GO:0010737)","5/16",0.343268647513151,0.99999537209541,0,0,1.41952848059718,1.51781934315295,"GAL;RDX;LCP1;EZR;TTN"
"Regulation Of Cardiac Muscle Contraction By Regulation Of The Release Of Sequestered Calcium Ion (GO:0010881)","5/16",0.343268647513151,0.99999537209541,0,0,1.41952848059718,1.51781934315295,"RYR2;CAMK2D;ATP1A2;CACNA1C;SLC8A1"
"Regulation Of Establishment Of Endothelial Barrier (GO:1903140)","5/16",0.343268647513151,0.99999537209541,0,0,1.41952848059718,1.51781934315295,"PPP1R12A;ROCK1;ZDHHC21;VCL;VEGFA"
"Regulation Of Protein Kinase C Signaling (GO:0090036)","5/16",0.343268647513151,0.99999537209541,0,0,1.41952848059718,1.51781934315295,"DGKG;WNT11;WNT5A;GPD1L;VEGFA"
"Regulation Of Stem Cell Proliferation (GO:0072091)","5/16",0.343268647513151,0.99999537209541,0,0,1.41952848059718,1.51781934315295,"YAP1;HMGA2;SOX11;NANOG;ZFP36L1"
"Regulation Of Transforming Growth Factor Beta Production (GO:0071634)","5/16",0.343268647513151,0.99999537209541,0,0,1.41952848059718,1.51781934315295,"SMAD4;SMAD3;FN1;ITGAV;LTBP1"
"Negative Regulation Of Signal Transduction (GO:0009968)","68/267",0.343899865792897,0.99999537209541,0,0,1.06776776860893,1.13974039002604,"RB1;GPI;CXCL8;TNFAIP3;NRARP;PIK3CB;TSKU;GLI3;CRHBP;HERC4;RGS2;HHEX;CREB3L1;SUFU;GRB10;PIP4K2A;SOST;NCK1;NKX3-1;SEMA6A;PRKCB;SLC2A10;SORD;TSC2;SHISA2;HIC1;DCN;EPN2;MOSMO;CYP26C1;MMRN2;TMBIM1;PPARG;TAX1BP3;TMBIM6;CD47;TRABD2B;LTF;KANK1;MGRN1;GATA4;ADAMTS12;APCDD1;THBS1;HMGXB4;WIF1;KCTD21;APOD;DRD2;SNCA;LYN;PTPN1;NIBAN2;GDF15;SPRY4;NR0B1;WWP2;PTPN12;AGT;APLN;ASXL1;CYP26A1;ENTREP1;MFHAS1;PTPRE;NEDD4;BCL2;LGMN"
"Regulation Of T Cell Differentiation (GO:0045580)","13/47",0.345093453967341,0.99999537209541,0,0,1.19423069909923,1.27058983097949,"SMARCD2;PBRM1;SMARCC1;SMARCD3;IFNA2;ZBTB1;PRDM1;ARID1A;ARID1B;SMARCA2;IL7;ARID2;CCR2"
"Regulation Of Signal Transduction By P53 Class Mediator (GO:1901796)","13/47",0.345093453967341,0.99999537209541,0,0,1.19423069909923,1.27058983097949,"USP7;DYRK2;URB2;HAPSTR1;MTOR;NUAK1;KAT6A;ATM;KMT5A;RFFL;CDK5RAP3;SOX4;MAP2K6"
"Regulation Of Wound Healing (GO:0061041)","13/47",0.345093453967341,0.99999537209541,0,0,1.19423069909923,1.27058983097949,"ITGB1;ARFGEF1;KANK1;ANXA1;CAV1;PRKCE;TNFAIP3;ADRA2A;MYLK;AJAP1;DUOX1;CD109;F2RL1"
"Response To Organonitrogen Compound (GO:0010243)","13/47",0.345093453967341,0.99999537209541,0,0,1.19423069909923,1.27058983097949,"ATF1;PRKN;CHRNA7;SEL1L;DERL1;DNAJB12;MEAK7;CLU;MTOR;ADORA1;DRD2;ATF6;MARCHF6"
"SMAD Protein Signal Transduction (GO:0060395)","14/51",0.347351115253286,0.99999537209541,0,0,1.18182630749807,1.24968577082284,"SMAD4;SMAD3;GDF15;MAGI2;SMAD9;FOS;INHBA;SMAD6;BMP7;BMP6;NUP93;SKI;BMP3;ZMIZ2"
"Negative Regulation Of MAP Kinase Activity (GO:0043407)","14/51",0.347351115253286,0.99999537209541,0,0,1.18182630749807,1.24968577082284,"LYN;PTPN1;SPRY4;PIK3CB;BMP7;SORL1;AGT;RGS2;DUSP10;NF1;PPARG;ZNF675;CDK5RAP3;ANKS1B"
"Regulated Exocytosis (GO:0045055)","14/51",0.347351115253286,0.99999537209541,0,0,1.18182630749807,1.24968577082284,"LYN;SNAP25;SYT13;SYT9;RIMS2;CRHBP;RIMS1;PCLO;RAB31;RAB11FIP1;TMEM79;MYH9;RAB11FIP2;SNCA"
"Regulation Of Stress-Activated MAPK Cascade (GO:0032872)","14/51",0.347351115253286,0.99999537209541,0,0,1.18182630749807,1.24968577082284,"PAGE4;MAP2K1;SCIMP;EGFR;GREM1;TGFBR3;PER1;TAOK3;STK25;ARL6IP5;MAPK1;F2RL1;KLHDC10;MAP4K4"
"Positive Regulation Of Phosphorylation (GO:0042327)","59/231",0.348025957729861,0.99999537209541,0,0,1.07179559337988,1.13125689525645,"ALK;APP;CDKN1A;FBH1;ITGB3;AKR1B1;FLCN;CCND3;AKT2;GPER1;RB1CC1;KDR;SOX9;EPHB4;NKX3-1;MUSK;LIMCH1;HGF;AXIN2;ATG14;SIRT1;MOB3A;INCENP;ADTRP;TNIK;WDFY2;EPHA1;MET;DDR2;VAC14;FAXDC2;CHRNA7;PELI2;BCL10;PSEN1;EFNA5;STK4;THBS1;EGFR;CAMKK2;FXR1;ERBB2;P2RY1;DVL2;LYN;NIBAN1;NTRK2;INSR;NTRK3;MERTK;IRGM;VEGFA;EFNA1;DAB2;SLCO3A1;LEP;CDK2AP1;TEK;FGF10"
"Negative Regulation Of Cell Differentiation (GO:0045596)","53/207",0.350641884269432,0.99999537209541,0,0,1.07528083502245,1.12688340001965,"RB1;FOXA1;ITGB3;TMEM182;LIMD1;TSKU;METTL14;SPRED1;SUFU;GPER1;MYB;TUNAR;ITGAV;SOX9;SOX4;EPHA4;SMARCC1;ADGRV1;WNT5A;SORD;PEX2;SIRT1;TENT5C;GREM1;DISP3;PKP2;PPARG;ABCG1;YAP1;CETP;ADAMTS12;EGFR;PTHLH;NOCT;WWTR1;JAG1;SMAD3;CAV1;CRIM1;TMEM64;SMAD6;USF3;SMARCA2;BMP7;USH2A;HOPX;SKI;EFNA1;NFKBIA;ASXL1;CDK6;CNTN4;FERMT2"
"Regulation Of Multicellular Organismal Development (GO:2000026)","16/59",0.3508108328242,0.99999537209541,0,0,1.16221363033066,1.21742823658443,"INO80C;MEAF6;INSR;EHMT1;MYSM1;ALOX15B;BLTP1;KAT2B;TADA2A;GBX2;KAT6B;KAT6A;RUVBL1;DHX36;MBIP;TRIP12"
"COPI Coating Of Golgi Vesicle (GO:0048205)","2/5",0.351579024246209,0.99999537209541,0,0,2.08178694158076,2.17613513489779,"GBF1;ARFGAP3"
"COPI-coated Vesicle Budding (GO:0035964)","2/5",0.351579024246209,0.99999537209541,0,0,2.08178694158076,2.17613513489779,"GBF1;ARFGAP3"
"ERBB2-EGFR Signaling Pathway (GO:0038134)","2/5",0.351579024246209,0.99999537209541,0,0,2.08178694158076,2.17613513489779,"ERBB2;EGFR"
"Golgi Disassembly (GO:0090166)","2/5",0.351579024246209,0.99999537209541,0,0,2.08178694158076,2.17613513489779,"GBF1;VRK1"
"Golgi Transport Vesicle Coating (GO:0048200)","2/5",0.351579024246209,0.99999537209541,0,0,2.08178694158076,2.17613513489779,"GBF1;ARFGAP3"
"ISG15-protein Conjugation (GO:0032020)","2/5",0.351579024246209,0.99999537209541,0,0,2.08178694158076,2.17613513489779,"UBE2E1;UBE2E2"
"L-aspartate Import Across Plasma Membrane (GO:0140009)","2/5",0.351579024246209,0.99999537209541,0,0,2.08178694158076,2.17613513489779,"SLC1A2;SLC1A3"
"L-aspartate Transmembrane Transport (GO:0070778)","2/5",0.351579024246209,0.99999537209541,0,0,2.08178694158076,2.17613513489779,"SLC1A2;SLC1A3"
"L-ornithine Transmembrane Transport (GO:1903352)","2/5",0.351579024246209,0.99999537209541,0,0,2.08178694158076,2.17613513489779,"SLC7A1;SLC7A2"
"L-phenylalanine Catabolic Process (GO:0006559)","2/5",0.351579024246209,0.99999537209541,0,0,2.08178694158076,2.17613513489779,"HGD;TAT"
"L-phenylalanine Metabolic Process (GO:0006558)","2/5",0.351579024246209,0.99999537209541,0,0,2.08178694158076,2.17613513489779,"HGD;TAT"
"R-loop Processing (GO:0062176)","2/5",0.351579024246209,0.99999537209541,0,0,2.08178694158076,2.17613513489779,"SRPK2;NFAT5"
"RNA Decapping (GO:0110154)","2/5",0.351579024246209,0.99999537209541,0,0,2.08178694158076,2.17613513489779,"NUDT3;NUDT12"
"Activation Of Cysteine-Type Endopeptidase Activity Involved In Apoptotic Process By Cytochrome C (GO:0008635)","2/5",0.351579024246209,0.99999537209541,0,0,2.08178694158076,2.17613513489779,"CYCS;BOK"
"Aminophospholipid Transport (GO:0015917)","2/5",0.351579024246209,0.99999537209541,0,0,2.08178694158076,2.17613513489779,"ATP8A2;TMEM30B"
"Amylin Receptor Signaling Pathway (GO:0097647)","2/5",0.351579024246209,0.99999537209541,0,0,2.08178694158076,2.17613513489779,"IAPP;RAMP1"
"Aromatic Compound Biosynthetic Process (GO:0019438)","2/5",0.351579024246209,0.99999537209541,0,0,2.08178694158076,2.17613513489779,"PSAT1;HDC"
"Axo-Dendritic Transport (GO:0008088)","2/5",0.351579024246209,0.99999537209541,0,0,2.08178694158076,2.17613513489779,"APP;SPG11"
"Axonemal Central Apparatus Assembly (GO:1904158)","2/5",0.351579024246209,0.99999537209541,0,0,2.08178694158076,2.17613513489779,"SPAG17;HYDIN"
"Bundle Of His cell-Purkinje Myocyte Adhesion Involved In Cell Communication (GO:0086073)","2/5",0.351579024246209,0.99999537209541,0,0,2.08178694158076,2.17613513489779,"DSP;PKP2"
"Cell-Cell Signaling Involved In Cardiac Conduction (GO:0086019)","2/5",0.351579024246209,0.99999537209541,0,0,2.08178694158076,2.17613513489779,"RYR2;PKP2"
"Cellular Response To Cold (GO:0070417)","2/5",0.351579024246209,0.99999537209541,0,0,2.08178694158076,2.17613513489779,"NFKBIA;SAXO1"
"Cellular Response To Magnesium Ion (GO:0071286)","2/5",0.351579024246209,0.99999537209541,0,0,2.08178694158076,2.17613513489779,"SLC41A1;FBP1"
"Cilium Disassembly (GO:0061523)","2/5",0.351579024246209,0.99999537209541,0,0,2.08178694158076,2.17613513489779,"NEDD9;MAP4"
"Dermatan Sulfate Metabolic Process (GO:0030205)","2/5",0.351579024246209,0.99999537209541,0,0,2.08178694158076,2.17613513489779,"DSE;UST"
"Dermatan Sulfate Proteoglycan Metabolic Process (GO:0050655)","2/5",0.351579024246209,0.99999537209541,0,0,2.08178694158076,2.17613513489779,"CSGALNACT2;DSE"
"Determination Of Liver Left/Right Asymmetry (GO:0071910)","2/5",0.351579024246209,0.99999537209541,0,0,2.08178694158076,2.17613513489779,"ZIC3;CCDC40"
"Epithelial Tube Branching Involved In Lung Morphogenesis (GO:0060441)","2/5",0.351579024246209,0.99999537209541,0,0,2.08178694158076,2.17613513489779,"CTSH;FGF10"
"Erythrose 4-Phosphate/Phosphoenolpyruvate Family Amino Acid Catabolic Process (GO:1902222)","2/5",0.351579024246209,0.99999537209541,0,0,2.08178694158076,2.17613513489779,"HGD;TAT"
"fatty-acyl-CoA Catabolic Process (GO:0036115)","2/5",0.351579024246209,0.99999537209541,0,0,2.08178694158076,2.17613513489779,"NUDT7;FITM2"
"Female Gonad Development (GO:0008585)","2/5",0.351579024246209,0.99999537209541,0,0,2.08178694158076,2.17613513489779,"FSHR;NR2F2"
"Galactolipid Biosynthetic Process (GO:0019375)","2/5",0.351579024246209,0.99999537209541,0,0,2.08178694158076,2.17613513489779,"UGT8;B3GALT2"
"Galactosylceramide Biosynthetic Process (GO:0006682)","2/5",0.351579024246209,0.99999537209541,0,0,2.08178694158076,2.17613513489779,"UGT8;B3GALT2"
"Gamma-Aminobutyric Acid Metabolic Process (GO:0009448)","2/5",0.351579024246209,0.99999537209541,0,0,2.08178694158076,2.17613513489779,"SLC38A1;ALDH1A1"
"Glomerulus Vasculature Development (GO:0072012)","2/5",0.351579024246209,0.99999537209541,0,0,2.08178694158076,2.17613513489779,"TEK;CD34"
"Glycosyl Compound Biosynthetic Process (GO:1901659)","2/5",0.351579024246209,0.99999537209541,0,0,2.08178694158076,2.17613513489779,"TYW1;TYW1B"
"Heme Transport (GO:0015886)","2/5",0.351579024246209,0.99999537209541,0,0,2.08178694158076,2.17613513489779,"ABCC5;FLVCR2"
"Heterocycle Catabolic Process (GO:0046700)","2/5",0.351579024246209,0.99999537209541,0,0,2.08178694158076,2.17613513489779,"CYP2A6;GOT2"
"Hexose Import Across Plasma Membrane (GO:0140271)","2/5",0.351579024246209,0.99999537209541,0,0,2.08178694158076,2.17613513489779,"SLC2A10;SLC2A3"
"Insulin Processing (GO:0030070)","2/5",0.351579024246209,0.99999537209541,0,0,2.08178694158076,2.17613513489779,"SLC30A8;SLC30A5"
"Interleukin-27-Mediated Signaling Pathway (GO:0070106)","2/5",0.351579024246209,0.99999537209541,0,0,2.08178694158076,2.17613513489779,"STAT1;MX1"
"Intracellular Oxygen Homeostasis (GO:0032364)","2/5",0.351579024246209,0.99999537209541,0,0,2.08178694158076,2.17613513489779,"WNT7B;CIAO3"
"Maintenance Of DNA Repeat Elements (GO:0043570)","2/5",0.351579024246209,0.99999537209541,0,0,2.08178694158076,2.17613513489779,"MSH6;MSH3"
"Medium-Chain fatty-acyl-CoA Metabolic Process (GO:0036112)","2/5",0.351579024246209,0.99999537209541,0,0,2.08178694158076,2.17613513489779,"NUDT7;ACSM2A"
"Negative Regulation Of Axon Regeneration (GO:0048681)","2/5",0.351579024246209,0.99999537209541,0,0,2.08178694158076,2.17613513489779,"EPHA4;PTPRS"
"Negative Regulation Of Calcium Ion Import (GO:0090281)","2/5",0.351579024246209,0.99999537209541,0,0,2.08178694158076,2.17613513489779,"SLN;SLC30A1"
"Negative Regulation Of Cell Size (GO:0045792)","2/5",0.351579024246209,0.99999537209541,0,0,2.08178694158076,2.17613513489779,"DEPTOR;RDX"
"Negative Regulation Of Cellular Response To Hypoxia (GO:1900038)","2/5",0.351579024246209,0.99999537209541,0,0,2.08178694158076,2.17613513489779,"EPHA4;TMBIM6"
"Negative Regulation Of Cytokinesis (GO:0032466)","2/5",0.351579024246209,0.99999537209541,0,0,2.08178694158076,2.17613513489779,"ZFYVE19;E2F7"
"Negative Regulation Of Erythrocyte Differentiation (GO:0045647)","2/5",0.351579024246209,0.99999537209541,0,0,2.08178694158076,2.17613513489779,"HSPA9;ZFP36L1"
"Negative Regulation Of Gene Expression Via CpG Island Methylation (GO:0044027)","2/5",0.351579024246209,0.99999537209541,0,0,2.08178694158076,2.17613513489779,"USP7;UHRF2"
"Negative Regulation Of Glial Cell Proliferation (GO:0060253)","2/5",0.351579024246209,0.99999537209541,0,0,2.08178694158076,2.17613513489779,"SKI;SOX11"
"Negative Regulation Of Heterochromatin Formation (GO:0031452)","2/5",0.351579024246209,0.99999537209541,0,0,2.08178694158076,2.17613513489779,"TET1;PHF8"
"Negative Regulation Of Mast Cell Activation (GO:0033004)","2/5",0.351579024246209,0.99999537209541,0,0,2.08178694158076,2.17613513489779,"FER;ENPP3"
"Negative Regulation Of Protein Kinase Activity By Regulation Of Protein Phosphorylation (GO:0044387)","2/5",0.351579024246209,0.99999537209541,0,0,2.08178694158076,2.17613513489779,"ADARB1;CDK5RAP3"
"Negative Regulation Of Relaxation Of Muscle (GO:1901078)","2/5",0.351579024246209,0.99999537209541,0,0,2.08178694158076,2.17613513489779,"PDE4B;NEUROG1"
"Negative Regulation Of Sequestering Of Triglyceride (GO:0010891)","2/5",0.351579024246209,0.99999537209541,0,0,2.08178694158076,2.17613513489779,"OSBPL8;PPARG"
"Negative Regulation Of Transcription From RNA Polymerase II Promoter In Response To Stress (GO:0097201)","2/5",0.351579024246209,0.99999537209541,0,0,2.08178694158076,2.17613513489779,"CITED2;NCK1"
"Nephron Tubule Development (GO:0072080)","2/5",0.351579024246209,0.99999537209541,0,0,2.08178694158076,2.17613513489779,"MEF2C;MTSS1"
"Notochord Development (GO:0030903)","2/5",0.351579024246209,0.99999537209541,0,0,2.08178694158076,2.17613513489779,"COL18A1;COL2A1"
"Nucleobase Transport (GO:0015851)","2/5",0.351579024246209,0.99999537209541,0,0,2.08178694158076,2.17613513489779,"SLC28A1;SLC29A3"
"Nucleoside Transport (GO:0015858)","2/5",0.351579024246209,0.99999537209541,0,0,2.08178694158076,2.17613513489779,"SLC29A3;SLC28A3"
"Nucleoside Triphosphate Biosynthetic Process (GO:0009142)","2/5",0.351579024246209,0.99999537209541,0,0,2.08178694158076,2.17613513489779,"AK4;AK8"
"Ornithine Transport (GO:0015822)","2/5",0.351579024246209,0.99999537209541,0,0,2.08178694158076,2.17613513489779,"SLC7A1;SLC7A2"
"Pericardium Morphogenesis (GO:0003344)","2/5",0.351579024246209,0.99999537209541,0,0,2.08178694158076,2.17613513489779,"FLRT3;BMP7"
"Plasma Membrane Raft Organization (GO:0044857)","2/5",0.351579024246209,0.99999537209541,0,0,2.08178694158076,2.17613513489779,"COLEC12;EMP2"
"Plus-End-Directed Organelle Transport Along Microtubule (GO:0072386)","2/5",0.351579024246209,0.99999537209541,0,0,2.08178694158076,2.17613513489779,"KIF3B;KIFAP3"
"Podocyte Cell Migration (GO:0090521)","2/5",0.351579024246209,0.99999537209541,0,0,2.08178694158076,2.17613513489779,"KANK1;ROCK1"
"Positive Regulation Of T Cell Differentiation In Thymus (GO:0033089)","2/5",0.351579024246209,0.99999537209541,0,0,2.08178694158076,2.17613513489779,"IHH;GLI2"
"Positive Regulation Of T Cell Mediated Immune Response To Tumor Cell (GO:0002842)","2/5",0.351579024246209,0.99999537209541,0,0,2.08178694158076,2.17613513489779,"HLA-DRB3;MR1"
"Positive Regulation Of T-helper 1 Cell Cytokine Production (GO:2000556)","2/5",0.351579024246209,0.99999537209541,0,0,2.08178694158076,2.17613513489779,"IL1R1;IL18R1"
"Positive Regulation Of Animal Organ Morphogenesis (GO:0110110)","2/5",0.351579024246209,0.99999537209541,0,0,2.08178694158076,2.17613513489779,"GDNF;CD34"
"Positive Regulation Of Antigen Processing And Presentation (GO:0002579)","2/5",0.351579024246209,0.99999537209541,0,0,2.08178694158076,2.17613513489779,"CCR7;NOD1"
"Positive Regulation Of Autophagy Of Mitochondrion In Response To Mitochondrial Depolarization (GO:1904925)","2/5",0.351579024246209,0.99999537209541,0,0,2.08178694158076,2.17613513489779,"PRKN;HK2"
"Positive Regulation Of Cardiac Muscle Cell Differentiation (GO:2000727)","2/5",0.351579024246209,0.99999537209541,0,0,2.08178694158076,2.17613513489779,"EFNB2;MEF2C"
"Positive Regulation Of Dendritic Cell Antigen Processing And Presentation (GO:0002606)","2/5",0.351579024246209,0.99999537209541,0,0,2.08178694158076,2.17613513489779,"CCR7;NOD1"
"Positive Regulation Of Gonad Development (GO:1905941)","2/5",0.351579024246209,0.99999537209541,0,0,2.08178694158076,2.17613513489779,"WT1;SOX9"
"Positive Regulation Of Granulocyte Differentiation (GO:0030854)","2/5",0.351579024246209,0.99999537209541,0,0,2.08178694158076,2.17613513489779,"TESC;LEF1"
"Positive Regulation Of Growth Hormone Secretion (GO:0060124)","2/5",0.351579024246209,0.99999537209541,0,0,2.08178694158076,2.17613513489779,"GHRHR;DRD2"
"Positive Regulation Of Male Gonad Development (GO:2000020)","2/5",0.351579024246209,0.99999537209541,0,0,2.08178694158076,2.17613513489779,"WT1;SOX9"
"Positive Regulation Of Necroptotic Process (GO:0060545)","2/5",0.351579024246209,0.99999537209541,0,0,2.08178694158076,2.17613513489779,"PARP1;IGF2BP1"
"Positive Regulation Of Nuclear Cell Cycle DNA Replication (GO:0010571)","2/5",0.351579024246209,0.99999537209541,0,0,2.08178694158076,2.17613513489779,"DBF4;CDC7"
"Positive Regulation Of Podosome Assembly (GO:0071803)","2/5",0.351579024246209,0.99999537209541,0,0,2.08178694158076,2.17613513489779,"FSCN1;LCP1"
"Positive Regulation Of Programmed Necrotic Cell Death (GO:0062100)","2/5",0.351579024246209,0.99999537209541,0,0,2.08178694158076,2.17613513489779,"PARP1;IGF2BP1"
"Positive Regulation Of Protein Localization To Cilium (GO:1903566)","2/5",0.351579024246209,0.99999537209541,0,0,2.08178694158076,2.17613513489779,"GSK3B;EFCAB7"
"Positive Regulation Of Skeletal Muscle Fiber Development (GO:0048743)","2/5",0.351579024246209,0.99999537209541,0,0,2.08178694158076,2.17613513489779,"NIBAN2;MYF6"
"Positive Regulation Of Sterol Transport (GO:0032373)","2/5",0.351579024246209,0.99999537209541,0,0,2.08178694158076,2.17613513489779,"CETP;ABCB4"
"Positive Regulation Of Toll-Like Receptor 2 Signaling Pathway (GO:0034137)","2/5",0.351579024246209,0.99999537209541,0,0,2.08178694158076,2.17613513489779,"MFHAS1;F2RL1"
"Positive Regulation Of Transcription Of Notch Receptor Target (GO:0007221)","2/5",0.351579024246209,0.99999537209541,0,0,2.08178694158076,2.17613513489779,"MAML3;RBPJ"
"Positive Regulation Of Vesicle Fusion (GO:0031340)","2/5",0.351579024246209,0.99999537209541,0,0,2.08178694158076,2.17613513489779,"ANXA1;SNCA"
"Protein Import (GO:0017038)","2/5",0.351579024246209,0.99999537209541,0,0,2.08178694158076,2.17613513489779,"LAMP2;CLU"
"Protein Modification By Small Protein Conjugation Or Removal (GO:0070647)","2/5",0.351579024246209,0.99999537209541,0,0,2.08178694158076,2.17613513489779,"SENP6;ATG7"
"Purine Nucleobase Transmembrane Transport (GO:1904823)","2/5",0.351579024246209,0.99999537209541,0,0,2.08178694158076,2.17613513489779,"SLC29A3;SLC28A3"
"Purine Ribonucleoside Catabolic Process (GO:0046130)","2/5",0.351579024246209,0.99999537209541,0,0,2.08178694158076,2.17613513489779,"TADA2A;SORD"
"Pyrimidine Nucleoside Transport (GO:0015864)","2/5",0.351579024246209,0.99999537209541,0,0,2.08178694158076,2.17613513489779,"SLC29A3;SLC28A3"
"Radial Glial Cell Differentiation (GO:0060019)","2/5",0.351579024246209,0.99999537209541,0,0,2.08178694158076,2.17613513489779,"METTL14;STAT3"
"Regulation Of T-helper 1 Cell Cytokine Production (GO:2000554)","2/5",0.351579024246209,0.99999537209541,0,0,2.08178694158076,2.17613513489779,"IL1R1;IL18R1"
"Regulation Of Blood Vessel Remodeling (GO:0060312)","2/5",0.351579024246209,0.99999537209541,0,0,2.08178694158076,2.17613513489779,"CST3;TMBIM1"
"Regulation Of cGMP-mediated Signaling (GO:0010752)","2/5",0.351579024246209,0.99999537209541,0,0,2.08178694158076,2.17613513489779,"PDE11A;THBS1"
"Regulation Of Circadian Sleep/Wake Cycle, Sleep (GO:0045187)","2/5",0.351579024246209,0.99999537209541,0,0,2.08178694158076,2.17613513489779,"FXR1;PARP1"
"Regulation Of Enamel Mineralization (GO:0070173)","2/5",0.351579024246209,0.99999537209541,0,0,2.08178694158076,2.17613513489779,"CFTR;MMP20"
"Regulation Of Glomerular Filtration (GO:0003093)","2/5",0.351579024246209,0.99999537209541,0,0,2.08178694158076,2.17613513489779,"PTPRO;F2RL1"
"Regulation Of Immature T Cell Proliferation In Thymus (GO:0033084)","2/5",0.351579024246209,0.99999537209541,0,0,2.08178694158076,2.17613513489779,"IHH;TMEM131L"
"Regulation Of Lysosome Organization (GO:1905671)","2/5",0.351579024246209,0.99999537209541,0,0,2.08178694158076,2.17613513489779,"LAPTM4B;IRGM"
"Regulation Of Macrophage Proliferation (GO:0120040)","2/5",0.351579024246209,0.99999537209541,0,0,2.08178694158076,2.17613513489779,"IL33;MAPK1"
"Regulation Of Mast Cell Chemotaxis (GO:0060753)","2/5",0.351579024246209,0.99999537209541,0,0,2.08178694158076,2.17613513489779,"RIN3;VEGFA"
"Regulation Of Mitotic Spindle Checkpoint (GO:1903504)","2/5",0.351579024246209,0.99999537209541,0,0,2.08178694158076,2.17613513489779,"USP44;CDK5RAP2"
"Regulation Of Neutrophil Activation (GO:1902563)","2/5",0.351579024246209,0.99999537209541,0,0,2.08178694158076,2.17613513489779,"PLPP6;SYK"
"Regulation Of Pentose-Phosphate Shunt (GO:0043456)","2/5",0.351579024246209,0.99999537209541,0,0,2.08178694158076,2.17613513489779,"RPTOR;MTOR"
"Regulation Of Relaxation Of Cardiac Muscle (GO:1901897)","2/5",0.351579024246209,0.99999537209541,0,0,2.08178694158076,2.17613513489779,"CHGA;PDE4B"
"Regulation Of Retinal Ganglion Cell Axon Guidance (GO:0090259)","2/5",0.351579024246209,0.99999537209541,0,0,2.08178694158076,2.17613513489779,"PTPRO;VEGFA"
"Regulation Of Retrograde Transport, Endosome To Golgi (GO:1905279)","2/5",0.351579024246209,0.99999537209541,0,0,2.08178694158076,2.17613513489779,"PRKN;USP7"
"Regulation Of Superoxide Metabolic Process (GO:0090322)","2/5",0.351579024246209,0.99999537209541,0,0,2.08178694158076,2.17613513489779,"DHFR;SYK"
"Regulation Of T-Circle Formation (GO:1904429)","2/5",0.351579024246209,0.99999537209541,0,0,2.08178694158076,2.17613513489779,"SLX1A;TERF2"
"Regulation Of Voltage-Gated Sodium Channel Activity (GO:1905150)","2/5",0.351579024246209,0.99999537209541,0,0,2.08178694158076,2.17613513489779,"FGF14;FGF12"
"Renal System Process Involved In Regulation Of Blood Volume (GO:0001977)","2/5",0.351579024246209,0.99999537209541,0,0,2.08178694158076,2.17613513489779,"PTPRO;EMP2"
"Resolution Of Recombination Intermediates (GO:0071139)","2/5",0.351579024246209,0.99999537209541,0,0,2.08178694158076,2.17613513489779,"GEN1;TOP3A"
"Response To Gonadotropin (GO:0034698)","2/5",0.351579024246209,0.99999537209541,0,0,2.08178694158076,2.17613513489779,"TGFBR3;WT1"
"Response To Testosterone (GO:0033574)","2/5",0.351579024246209,0.99999537209541,0,0,2.08178694158076,2.17613513489779,"MSN;NKX3-1"
"Retinal Ganglion Cell Axon Guidance (GO:0031290)","2/5",0.351579024246209,0.99999537209541,0,0,2.08178694158076,2.17613513489779,"ROBO2;PTPRM"
"Uridine Transport (GO:0015862)","2/5",0.351579024246209,0.99999537209541,0,0,2.08178694158076,2.17613513489779,"SLC29A3;SLC28A3"
"Valine Metabolic Process (GO:0006573)","2/5",0.351579024246209,0.99999537209541,0,0,2.08178694158076,2.17613513489779,"HIBADH;HIBCH"
"Vascular Endothelial Growth Factor Receptor-2 Signaling Pathway (GO:0036324)","2/5",0.351579024246209,0.99999537209541,0,0,2.08178694158076,2.17613513489779,"KDR;VEGFA"
"Ventricular Compact Myocardium Morphogenesis (GO:0003223)","2/5",0.351579024246209,0.99999537209541,0,0,2.08178694158076,2.17613513489779,"DSP;TGFBR3"
"Wybutosine Biosynthetic Process (GO:0031591)","2/5",0.351579024246209,0.99999537209541,0,0,2.08178694158076,2.17613513489779,"TYW1;TYW1B"
"Wybutosine Metabolic Process (GO:0031590)","2/5",0.351579024246209,0.99999537209541,0,0,2.08178694158076,2.17613513489779,"TYW1;TYW1B"
"Protein Polymerization (GO:0051258)","17/63",0.352131657251593,0.99999537209541,0,0,1.15432759318376,1.20482959510806,"PRKN;WASHC5;ARL6;FAM107A;COBL;WASL;FHDC1;ARHGAP6;CKAP5;DIAPH2;DIAPH3;MSRB2;SPIRE1;MAP4;WASF3;WASHC3;GAS7"
"Activation Of Adenylate Cyclase Activity (GO:0007190)","6/20",0.353018215614856,0.99999537209541,0,0,1.33842344201403,1.39361416390256,"GLP1R;ADORA2B;ADORA3;ADRB1;ADRB2;RAF1"
"Adenine Nucleotide Transport (GO:0051503)","6/20",0.353018215614856,0.99999537209541,0,0,1.33842344201403,1.39361416390256,"ABCC5;ABCC6;LRRC8D;SLC25A42;SLC25A4;SLC25A25"
"Mesoderm Formation (GO:0001707)","6/20",0.353018215614856,0.99999537209541,0,0,1.33842344201403,1.39361416390256,"ITGB1;MESP2;ITGA2;ITGB3;HMGA2;TBXT"
"Negative Regulation Of Microtubule Depolymerization (GO:0007026)","6/20",0.353018215614856,0.99999537209541,0,0,1.33842344201403,1.39361416390256,"ATXN7;STMN2;CLASP1;CAMSAP2;TTBK2;CLASP2"
"Negative Regulation Of Phosphate Metabolic Process (GO:0045936)","6/20",0.353018215614856,0.99999537209541,0,0,1.33842344201403,1.39361416390256,"CDKN1A;CDKN2B;ROCK1;INHBA;BMP7;SIRT1"
"Negative Regulation Of Stem Cell Population Maintenance (GO:1902455)","6/20",0.353018215614856,0.99999537209541,0,0,1.33842344201403,1.39361416390256,"SIN3A;BRMS1L;WNT9B;TET1;SUDS3;LOXL2"
"Positive Regulation Of Epithelial Cell Differentiation (GO:0030858)","6/20",0.353018215614856,0.99999537209541,0,0,1.33842344201403,1.39361416390256,"SULT2B1;TMEM100;FOXJ1;RFX3;SOX9;NKX6-1"
"Positive Regulation Of Leukocyte Activation (GO:0002696)","6/20",0.353018215614856,0.99999537209541,0,0,1.33842344201403,1.39361416390256,"IL33;PLPP6;WNT5A;SPACA3;IRGM;THBS1"
"protein-DNA Complex Disassembly (GO:0032986)","6/20",0.353018215614856,0.99999537209541,0,0,1.33842344201403,1.39361416390256,"SMARCC1;SMARCD2;SMARCD3;HMGA1;ARID2;TNP1"
"Regulation Of Cardiac Muscle Cell Proliferation (GO:0060043)","6/20",0.353018215614856,0.99999537209541,0,0,1.33842344201403,1.39361416390256,"TGFBR3;MEF2C;PIM1;RBPJ;TBX2;BMPR1A"
"Regulation Of Phosphatase Activity (GO:0010921)","6/20",0.353018215614856,0.99999537209541,0,0,1.33842344201403,1.39361416390256,"ROCK1;PPP6R2;PPP6R3;HTT;MTMR9;CDK5RAP3"
"Regulation Of Smooth Muscle Contraction (GO:0006940)","6/20",0.353018215614856,0.99999537209541,0,0,1.33842344201403,1.39361416390256,"CHRM3;SETD3;CAV1;SRF;TACR2;ZDHHC21"
"Stress-Activated Protein Kinase Signaling Cascade (GO:0031098)","6/20",0.353018215614856,0.99999537209541,0,0,1.33842344201403,1.39361416390256,"STK26;MAPK1;MAP3K13;MAP3K7;MAP2K6;MAP3K5"
"Sulfur Compound Catabolic Process (GO:0044273)","6/20",0.353018215614856,0.99999537209541,0,0,1.33842344201403,1.39361416390256,"NUDT7;SUCLA2;NAGLU;FMO1;SUCLG2;FITM2"
"Activation Of Cysteine-Type Endopeptidase Activity Involved In Apoptotic Process (GO:0006919)","18/67",0.353237900690086,0.99999537209541,0,0,1.14740823925764,1.19400851458237,"MTCH1;SMAD3;APAF1;SORD;NOD1;ROBO1;BCL2L13;BCL2L10;DAP;FAM162A;CNTN1;CYCS;ST20;PPARG;IFT57;BOK;NKX3-1;SNCA"
"Negative Regulation Of Cellular Catabolic Process (GO:0031330)","18/67",0.353237900690086,0.99999537209541,0,0,1.14740823925764,1.19400851458237,"KDM4A;MTMR2;ROCK1;DAPL1;HGF;STAT3;MTMR9;SORL1;MTOR;RPTOR;DAP;LEP;BCL2;TBC1D14;TAB2;MET;EIF4E;MCL1"
"Myeloid Leukocyte Differentiation (GO:0002573)","19/71",0.354162174818815,0.99999537209541,0,0,1.14128825860669,1.18465761165253,"FARP2;IL33;CSF1;PARP1;IL31RA;SNX10;THOC5;SIRT1;DHRS2;TGFBR2;VEGFA;DCSTAMP;IL1RL1;UCP2;TNFSF11;MYH9;F2RL1;CCR7;PPARG"
"Negative Regulation Of Phosphorylation (GO:0042326)","20/75",0.354930859587174,0.99999537209541,0,0,1.13583684527393,1.17653645801863,"PRKN;LYN;NIBAN1;PPP1R15B;WWTR1;CDKN1A;CDKN2B;ROCK1;NTRK3;SORD;IRS2;PRR5L;PARK7;INHBA;ATG14;SIRT1;BMP7;IBTK;PLPP3;CDK5RAP3"
"Regulation Of Stress Fiber Assembly (GO:0051492)","20/75",0.354930859587174,0.99999537209541,0,0,1.13583684527393,1.17653645801863,"ARHGEF10;CARMIL1;MYOC;ROCK1;LIMCH1;TPM1;APOA1;ARHGAP28;ARHGAP6;TMEFF2;WNT11;SYNPO2L;ITGB1BP1;CD47;RHPN2;EPHA1;MET;CLASP1;FERMT2;CLASP2"
"Positive Regulation Of Endocytosis (GO:0045807)","21/79",0.355565533822718,0.99999537209541,0,0,1.13095025660426,1.16945425433353,"IL15RA;NLGN1;CAMK1D;SGIP1;APOA1;NEDD4L;RAB27A;PLA2G5;CBL;MERTK;CLU;RAB21;DAB2;ANKFY1;SPACA3;CD47;DOCK2;B2M;CBLL1;MBL2;SNCA"
"Response To Insulin (GO:0032868)","21/79",0.355565533822718,0.99999537209541,0,0,1.13095025660426,1.16945425433353,"HDAC5;PARP1;GOT1;INSIG2;INSR;SLC2A1;MEAK7;IRS2;SIRT1;ZFP36L1;KAT2B;GHRHR;FER;RAB31;TBC1D4;AKT2;LEP;PPARG;CPEB2;LPIN2;SLC25A33"
"Regulation Of Epithelial Cell Proliferation (GO:0050678)","24/91",0.356829553311459,0.99999537209541,0,0,1.11892072363947,1.1530445081601,"YAP1;CDKN2B;KRT4;PEX2;NLRC3;IGF1;RUNX3;SGPP2;MTSS1;EGFR;BMP6;RAB33B;ZFP36L1;VEGFA;TGFBR3;DUSP10;CDK6;LEP;ERBB2;SOX9;PRKD1;B2M;NKX3-1;FGF10"
"Negative Regulation Of Inflammatory Response (GO:0050728)","29/111",0.357460023687293,0.99999537209541,0,0,1.10475212776179,1.1364935841344,"RB1;TNFAIP3;NLRC3;FXR1;C1QTNF3;GPER1;FYN;ENPP3;EXTL3;LYN;GHSR;IL33;YES1;SYK;PLK2;STAT3;APOA1;IGF1;TNFRSF1B;ISL1;IRGM;IL22RA1;MFHAS1;HCK;OTULIN;MKRN2;PPARG;TEK;CD200"
"Regulation Of Transforming Growth Factor Beta Receptor Signaling Pathway (GO:0017015)","29/111",0.357460023687293,0.99999537209541,0,0,1.10475212776179,1.1364935841344,"CITED2;NREP;THBS1;FLCN;SPRED1;SIN3A;SNX25;CAPN5;PRDM16;ZNF703;SUDS3;SMAD4;CDKN2B;SMAD3;SMURF1;SLC2A10;CAV1;TET1;SOX11;SMAD6;SIRT1;SKI;DAB2;LATS2;CD109;BRMS1L;VEPH1;PPARG;TRIM33"
"Acylglycerol Catabolic Process (GO:0046464)","7/24",0.359838494244603,0.99999537209541,0,0,1.28594670066169,1.31436609097514,"LYPLA2;FAAH;DAGLA;ABHD2;PNPLA4;LCP1;DAGLB"
"Amyloid Fibril Formation (GO:1990000)","7/24",0.359838494244603,0.99999537209541,0,0,1.28594670066169,1.31436609097514,"PRKN;SERF1A;SIAH2;CD36;B2M;CAMP;SNCA"
"Mononuclear Cell Differentiation (GO:1903131)","7/24",0.359838494244603,0.99999537209541,0,0,1.28594670066169,1.31436609097514,"LYN;IL31RA;MYH9;PPARG;THOC5;CLU;VEGFA"
"Negative Regulation Of Ossification (GO:0030279)","7/24",0.359838494244603,0.99999537209541,0,0,1.28594670066169,1.31436609097514,"CCR1;GREM1;MEF2C;SOST;SOX9;RBPJ;SMAD6"
"Peroxisome Organization (GO:0007031)","7/24",0.359838494244603,0.99999537209541,0,0,1.28594670066169,1.31436609097514,"SEC16B;TMEM135;ABCD3;PEX10;PEX2;PLAAT3;DNM1L"
"Photoperiodism (GO:0009648)","7/24",0.359838494244603,0.99999537209541,0,0,1.28594670066169,1.31436609097514,"PER2;PER1;CRTC1;FBXL17;CLOCK;FBXL21P;PML"
"Positive Regulation Of ERBB Signaling Pathway (GO:1901186)","7/24",0.359838494244603,0.99999537209541,0,0,1.28594670066169,1.31436609097514,"BCAR3;NEU3;GPER1;AGR2;CBL;RBPJ;AGT"
"Positive Regulation Of Cellular Response To Transforming Growth Factor Beta Stimulus (GO:1903846)","7/24",0.359838494244603,0.99999537209541,0,0,1.28594670066169,1.31436609097514,"FLCN;CDKN2B;SMAD4;DAB2;CITED2;SLC2A10;THBS1"
"Positive Regulation Of Transforming Growth Factor Beta Receptor Signaling Pathway (GO:0030511)","7/24",0.359838494244603,0.99999537209541,0,0,1.28594670066169,1.31436609097514,"FLCN;CDKN2B;SMAD4;DAB2;CITED2;SLC2A10;THBS1"
"Regulation Of Cytokine Production Involved In Immune Response (GO:0002718)","7/24",0.359838494244603,0.99999537209541,0,0,1.28594670066169,1.31436609097514,"TRIL;WNT5A;F2RL1;FFAR2;TNFRSF1B;SCIMP;CCR2"
"Regulation Of Microtubule Depolymerization (GO:0031114)","7/24",0.359838494244603,0.99999537209541,0,0,1.28594670066169,1.31436609097514,"ATXN7;MAP1B;STMN2;CLASP1;CAMSAP2;TTBK2;CLASP2"
"Establishment Of Endothelial Barrier (GO:0061028)","8/28",0.364811208837914,0.99999537209541,0,0,1.24921552436003,1.259678073236,"RAP1B;RAB1A;ROBO4;RAP1A;RDX;MSN;F2RL1;EZR"
"Primary Neural Tube Formation (GO:0014020)","8/28",0.364811208837914,0.99999537209541,0,0,1.24921552436003,1.259678073236,"SKI;MTHFD1L;DVL2;COBL;TSC2;GRHL3;BCL10;GRHL2"
"Protein Depolymerization (GO:0051261)","8/28",0.364811208837914,0.99999537209541,0,0,1.24921552436003,1.259678073236,"WDR1;KIF2A;MICAL1;STMN2;KIF24;STMN4;NCKAP5;CKAP5"
"Regulation Of DNA Damage Response, Signal Transduction By P53 Class Mediator (GO:0043516)","8/28",0.364811208837914,0.99999537209541,0,0,1.24921552436003,1.259678073236,"SPRED1;ATM;KMT5A;EEF1E1;SIRT1;SOX4;HIC1;CD44"
"Regulation Of Chromosome Segregation (GO:0051983)","8/28",0.364811208837914,0.99999537209541,0,0,1.24921552436003,1.259678073236,"CDCA2;NCAPG2;NCAPG;SMC6;MKI67;BUB1;RAD18;PUM2"
"Regulation Of Glucose Metabolic Process (GO:0010906)","8/28",0.364811208837914,0.99999537209541,0,0,1.24921552436003,1.259678073236,"PRKN;SLC45A3;AKT2;PDK4;IRS2;SIRT1;FBP1;GNMT"
"Regulation Of Lipid Biosynthetic Process (GO:0046890)","8/28",0.364811208837914,0.99999537209541,0,0,1.24921552436003,1.259678073236,"RPTOR;MLXIPL;ASAH1;GPER1;ASXL3;PDK4;FITM2;MTOR"
"Regulation Of Protein Targeting To Membrane (GO:0090313)","8/28",0.364811208837914,0.99999537209541,0,0,1.24921552436003,1.259678073236,"TCAF2;CEMIP;MTCL1;KCNB1;ERBB2;FYN;ITGB1BP1;ANK3"
"Regulation Of Protein Transport (GO:0051223)","8/28",0.364811208837914,0.99999537209541,0,0,1.24921552436003,1.259678073236,"PTPN1;NDFIP2;SH3TC2;STXBP5;WWP2;LCP1;GAPVD1;STXBP5L"
"Regulation Of Sodium Ion Transmembrane Transport (GO:1902305)","8/28",0.364811208837914,0.99999537209541,0,0,1.24921552436003,1.259678073236,"CAMK2D;DLG1;FXYD1;NEDD4L;COMMD1;GPD1L;UTRN;FGF12"
"Female Gamete Generation (GO:0007292)","9/32",0.368538056864783,0.99999537209541,0,0,1.22206860641536,1.2198826893798,"PIWIL2;KMT2D;MEIOSIN;DIAPH2;FSHR;DMC1;PARN;FMN2;TOB2"
"Heterochromatin Formation (GO:0031507)","9/32",0.368538056864783,0.99999537209541,0,0,1.22206860641536,1.2198826893798,"RB1;HDAC5;KMT2D;CTBP1;SCMH1;HMGA2;TRIP12;TNP1;SIRT1"
"Negative Regulation Of Fat Cell Differentiation (GO:0045599)","9/32",0.368538056864783,0.99999537209541,0,0,1.22206860641536,1.2198826893798,"YAP1;ASXL1;FLCN;WWTR1;SMAD3;GPER1;WNT5A;SIRT1;FERMT2"
"Positive Regulation Of Synapse Assembly (GO:0051965)","9/32",0.368538056864783,0.99999537209541,0,0,1.22206860641536,1.2198826893798,"NLGN1;CUX2;CLSTN2;SLITRK1;DLG5;CLSTN1;SLITRK3;SYNDIG1;EPHB3"
"Regulation Of Calcium Ion Transmembrane Transporter Activity (GO:1901019)","9/32",0.368538056864783,0.99999537209541,0,0,1.22206860641536,1.2198826893798,"JPH4;S100G;CAMK2D;JPH2;AHNAK;SLN;ANK2;JPH1;STRIT1"
"Regulation Of Cholesterol Efflux (GO:0010874)","9/32",0.368538056864783,0.99999537209541,0,0,1.22206860641536,1.2198826893798,"NFKBIA;CETP;EEPD1;RXRA;CAV1;APOA1;PPARG;SIRT1;TTC39B"
"Vesicle Budding From Membrane (GO:0006900)","9/32",0.368538056864783,0.99999537209541,0,0,1.22206860641536,1.2198826893798,"VAPA;TRAPPC10;MYO18A;TRAPPC2B;WASL;TRAPPC13;TRAPPC9;FNBP1L;PICALM"
"Generation Of Neurons (GO:0048699)","44/172",0.37065014909553,0.99999537209541,0,0,1.07386127287854,1.06580372193743,"WNT2B;MYT1L;TUBGCP2;VXN;SH3RF1;WNT11;DNER;ERBB2;NRCAM;KIAA0319;WNT2;FZD1;IRX1;IRX2;NTRK2;MAP2K1;MEF2C;AUTS2;FZD5;WNT7B;WNT5A;EN2;WNT9B;EN1;ACSL4;SOX11;NAV1;ELP3;SMARCA1;EML1;POU3F2;RUNX3;PHOX2B;CIT;CDK6;LHX2;MAP1B;DDIT4;ASTN2;MET;LRP12;SDCCAG8;ADGRL3;CDK5R1"
"Receptor Signaling Pathway Via JAK-STAT (GO:0007259)","10/36",0.371382664953744,0.99999537209541,0,0,1.20118832014743,1.18980382483864,"STAT5A;FER;STAT1;LEP;STAT3;STAT4;IL31RA;SOCS6;CCR2;IFNAR1"
"Regulation Of Peptidyl-Threonine Phosphorylation (GO:0010799)","10/36",0.371382664953744,0.99999537209541,0,0,1.20118832014743,1.18980382483864,"RPTOR;CEMIP;SPRED1;RIPK2;PRKAG2;MAPK1;BMP7;IRGM;PPEF2;STOX1"
"L-alpha-amino Acid Transmembrane Transport (GO:1902475)","11/40",0.373578757187976,0.99999537209541,0,0,1.18462984991702,1.16641786475655,"SLC38A1;SLC1A1;SLC43A1;SLC1A2;SLC1A3;SLC38A9;SLC25A12;SLC7A1;SLC38A2;SLC7A2;SLC25A13"
"mRNA 3'-End Processing (GO:0031124)","11/40",0.373578757187976,0.99999537209541,0,0,1.18462984991702,1.16641786475655,"APP;CPSF7;LSM11;PCF11;PAPOLG;TUT1;RPRD1B;PEX2;RPRD1A;PABPC1;TENT4B"
"Positive Regulation Of Catalytic Activity (GO:0043085)","11/40",0.373578757187976,0.99999537209541,0,0,1.18462984991702,1.16641786475655,"DAOA;MSH6;BCAS3;FTMT;MSH3;CAV1;ABL2;APOA1;PSEN1;ATP7A;NHEJ1"
"Protein Localization To Cilium (GO:0061512)","11/40",0.373578757187976,0.99999537209541,0,0,1.18462984991702,1.16641786475655,"INVS;ROPN1B;FAM149B1;ARL6;IFT140;TCTN2;TTC21B;CFAP58;SNX10;ZNF423;BBS4"
"Regulation Of Autophagosome Assembly (GO:2000785)","11/40",0.373578757187976,0.99999537209541,0,0,1.18462984991702,1.16641786475655,"EFNB1;LRSAM1;SNX18;MTMR3;FEZ2;PIP4K2A;TBC1D14;WIPI1;SNX7;RAB3GAP1;MTM1"
"Autophagosome Maturation (GO:0097352)","12/44",0.375283900537107,0.99999537209541,0,0,1.17117768595041,1.14783900905269,"VMP1;MAP1LC3A;MAP1LC3C;CHMP1B;LAMP2;VPS33B;RUBCNL;ATP2A2;PIK3C3;WIPI2;IRGM;TECPR1"
"Mitotic Spindle Assembly (GO:0090307)","12/44",0.375283900537107,0.99999537209541,0,0,1.17117768595041,1.14783900905269,"MAP10;ARHGEF10;STAG1;KIF3B;KIF2A;INCENP;KIF4B;CEP192;LSM14A;CLASP1;MAP9;CLASP2"
"Positive Regulation Of Cytokine-Mediated Signaling Pathway (GO:0001961)","12/44",0.375283900537107,0.99999537209541,0,0,1.17117768595041,1.14783900905269,"PRKN;RBM47;CSF1;IL7;TXK;WNT5A;IGF2BP1;CXCR4;PARP14;IRGM;USP29;TRIM44"
"Regulation Of Transport (GO:0051049)","12/44",0.375283900537107,0.99999537209541,0,0,1.17117768595041,1.14783900905269,"PRKN;MBTPS1;CLDN10;DISP3;POFUT2;PTPRN2;SLC30A8;ICA1;ARL6IP5;PLD1;GAPVD1;SNCA"
"Response To Unfolded Protein (GO:0006986)","12/44",0.375283900537107,0.99999537209541,0,0,1.17117768595041,1.14783900905269,"PRKN;PTPN1;ERP44;TRAM1;PACRG;HSPH1;HSPA4;DNAJB4;DERL1;TMBIM6;STT3B;OPTN"
"Cellular Response To Mechanical Stimulus (GO:0071260)","13/48",0.376608438089752,0.99999537209541,0,0,1.16003306468279,1.13282942745345,"MAP2K4;GADD45A;BNIP3;TNFRSF10B;TNFRSF10A;BCL10;TMEM150C;AQP1;PIEZO2;PIEZO1;TLR7;SOX9;LTBR"
"Oligosaccharide Metabolic Process (GO:0009311)","13/48",0.376608438089752,0.99999537209541,0,0,1.16003306468279,1.13282942745345,"ST6GALNAC1;B4GALT1;ST6GAL2;ST8SIA3;NEU3;B3GALT2;B3GALT1;ST3GAL4;ST8SIA5;ST3GAL6;ST8SIA6;ST6GALNAC5;ST3GAL3"
"Cardiac Muscle Tissue Development (GO:0048738)","14/52",0.377632079915486,0.99999537209541,0,0,1.15064946367573,1.1205425949414,"NOTCH2;SMAD4;MSX2;GATA6;GATA5;GATA4;BMP7;TTN;TBX2;GREM1;SGCD;HEY2;ADAMTS9;BMPR1A"
"Neurotransmitter Transport (GO:0006836)","14/52",0.377632079915486,0.99999537209541,0,0,1.15064946367573,1.1205425949414,"SNAP25;SLC38A1;PTPRN2;SLC6A15;SLC1A1;SLC22A1;SLC1A2;SLC1A3;LIN7A;SYN3;SLC6A3;HRH3;SYNJ1;SLC38A2"
"Regulation Of Protein Localization To Nucleus (GO:1900180)","14/52",0.377632079915486,0.99999537209541,0,0,1.15064946367573,1.1205425949414,"ILRUN;YAP1;GSK3B;WWTR1;NVL;SUMO4;PARK7;MTOR;FLCN;MFHAS1;LATS2;SIN3A;CDK5RAP3;FERMT2"
"Positive Regulation Of Protein Modification Process (GO:0031401)","57/225",0.377762447750177,0.99999537209541,0,0,1.0599582898853,1.0318585052155,"APP;CDKN1A;FBH1;ITGB3;FLCN;CCND3;AKT2;GPER1;RB1CC1;KDR;SOX9;NKX3-1;MUSK;LIMCH1;HGF;ATG10;PPP2R5A;AXIN2;ATG14;SIRT1;MOB3A;INCENP;ADTRP;TNIK;WDFY2;ALG10B;TRABD2B;CDCA2;FAXDC2;CHRNA7;PELI2;AMBRA1;EFNA5;STK4;EGFR;CAMKK2;FXR1;ERBB2;P2RY1;DVL2;ATG7;LYN;NIBAN1;NTRK2;INSR;NTRK3;IRGM;VEGFA;EFNA1;DAB2;SLCO3A1;LEP;CDK2AP1;TEK;RAMP1;RAB3GAP1;FGF10"
"Small GTPase Mediated Signal Transduction (GO:0007264)","29/112",0.378014356789869,0.99999537209541,0,0,1.09136941712527,1.06170938305979,"RB1;CDKN1A;ARHGAP8;RASGRF2;RASGRF1;PARK7;HACD3;PLD1;RASGEF1A;G3BP2;USP50;RALGPS1;PLK2;SIAH2;TNK2;IGF1;ADRA2A;BCR;TIAM1;ARHGAP32;RIT2;DOK5;CCDC88C;NF1;RAPGEF5;SOS1;RIN2;SOS2;NUCB2"
"Golgi Inheritance (GO:0048313)","3/9",0.378582329730903,0.99999537209541,0,0,1.56135285625902,1.51657593243188,"STK25;GBF1;VRK1"
"IMP Metabolic Process (GO:0046040)","3/9",0.378582329730903,0.99999537209541,0,0,1.56135285625902,1.51657593243188,"SORD;AMPD2;ADSS2"
"SNARE Complex Assembly (GO:0035493)","3/9",0.378582329730903,0.99999537209541,0,0,1.56135285625902,1.51657593243188,"STXBP6;SNCA;VAMP3"
"T-helper 1 Type Immune Response (GO:0042088)","3/9",0.378582329730903,0.99999537209541,0,0,1.56135285625902,1.51657593243188,"TMEM98;LEF1;STAT4"
"Amino Sugar Biosynthetic Process (GO:0046349)","3/9",0.378582329730903,0.99999537209541,0,0,1.56135285625902,1.51657593243188,"GNPDA2;GNPNAT1;UAP1"
"Amino Sugar Metabolic Process (GO:0006040)","3/9",0.378582329730903,0.99999537209541,0,0,1.56135285625902,1.51657593243188,"ST6GAL1;SLC35A3;GNE"
"Aminoglycan Metabolic Process (GO:0006022)","3/9",0.378582329730903,0.99999537209541,0,0,1.56135285625902,1.51657593243188,"CHST9;HEXB;XYLT1"
"Apical Protein Localization (GO:0045176)","3/9",0.378582329730903,0.99999537209541,0,0,1.56135285625902,1.51657593243188,"ATP8B1;INSC;SHROOM3"
"Arachidonate Transport (GO:1903963)","3/9",0.378582329730903,0.99999537209541,0,0,1.56135285625902,1.51657593243188,"ANXA1;PLA2G5;DRD2"
"Arachidonic Acid Secretion (GO:0050482)","3/9",0.378582329730903,0.99999537209541,0,0,1.56135285625902,1.51657593243188,"ANXA1;PLA2G5;DRD2"
"Carbohydrate Phosphorylation (GO:0046835)","3/9",0.378582329730903,0.99999537209541,0,0,1.56135285625902,1.51657593243188,"HKDC1;HK2;HK1"
"Cell Differentiation In Spinal Cord (GO:0021515)","3/9",0.378582329730903,0.99999537209541,0,0,1.56135285625902,1.51657593243188,"SOX13;SOX6;ISL1"
"Dicarboxylic Acid Biosynthetic Process (GO:0043650)","3/9",0.378582329730903,0.99999537209541,0,0,1.56135285625902,1.51657593243188,"GOT1;MTHFD1L;HAAO"
"Excitatory Synapse Assembly (GO:1904861)","3/9",0.378582329730903,0.99999537209541,0,0,1.56135285625902,1.51657593243188,"NLGN1;WNT5A;SRGAP3"
"Homologous Recombination (GO:0035825)","3/9",0.378582329730903,0.99999537209541,0,0,1.56135285625902,1.51657593243188,"RBBP8;NUCKS1;TOPBP1"
"Insulin Metabolic Process (GO:1901142)","3/9",0.378582329730903,0.99999537209541,0,0,1.56135285625902,1.51657593243188,"ERO1B;SLC30A8;SLC30A5"
"Myelin Maintenance (GO:0043217)","3/9",0.378582329730903,0.99999537209541,0,0,1.56135285625902,1.51657593243188,"CXCR4;DEGS1;CLU"
"Myeloid Dendritic Cell Differentiation (GO:0043011)","3/9",0.378582329730903,0.99999537209541,0,0,1.56135285625902,1.51657593243188,"DCSTAMP;DHRS2;TGFBR2"
"Necroptotic Process (GO:0070266)","3/9",0.378582329730903,0.99999537209541,0,0,1.56135285625902,1.51657593243188,"ITPK1;TRPM7;DNM1L"
"Negative Regulation Of Extracellular Matrix Organization (GO:1903054)","3/9",0.378582329730903,0.99999537209541,0,0,1.56135285625902,1.51657593243188,"CST3;DPP4;TNFRSF1B"
"Negative Regulation Of Hormone Secretion (GO:0046888)","3/9",0.378582329730903,0.99999537209541,0,0,1.56135285625902,1.51657593243188,"RAB11FIP1;NPVF;RAB11FIP3"
"Negative Regulation Of Muscle Cell Apoptotic Process (GO:0010656)","3/9",0.378582329730903,0.99999537209541,0,0,1.56135285625902,1.51657593243188,"IGF1;DIPK2A;BMP7"
"Negative Regulation Of Toll-Like Receptor 4 Signaling Pathway (GO:0034144)","3/9",0.378582329730903,0.99999537209541,0,0,1.56135285625902,1.51657593243188,"LYN;MFHAS1;TNFAIP3"
"Phosphatidylglycerol Biosynthetic Process (GO:0006655)","3/9",0.378582329730903,0.99999537209541,0,0,1.56135285625902,1.51657593243188,"PGS1;GPAM;PLA2G6"
"Positive Regulation Of RNA Biosynthetic Process (GO:1902680)","3/9",0.378582329730903,0.99999537209541,0,0,1.56135285625902,1.51657593243188,"GINS2;PRIM2;GINS3"
"Positive Regulation Of Cardiocyte Differentiation (GO:1905209)","3/9",0.378582329730903,0.99999537209541,0,0,1.56135285625902,1.51657593243188,"EFNB2;MEF2C;GPER1"
"Positive Regulation Of Epidermis Development (GO:0045684)","3/9",0.378582329730903,0.99999537209541,0,0,1.56135285625902,1.51657593243188,"SULT2B1;TMEM79;ELAPOR2"
"Positive Regulation Of Mesenchymal Cell Proliferation (GO:0002053)","3/9",0.378582329730903,0.99999537209541,0,0,1.56135285625902,1.51657593243188,"STAT1;SOX9;TGFBR2"
"Positive Regulation Of Monocyte Differentiation (GO:0045657)","3/9",0.378582329730903,0.99999537209541,0,0,1.56135285625902,1.51657593243188,"DCSTAMP;CSF1;ZFP36L1"
"Positive Regulation Of Myoblast Fusion (GO:1901741)","3/9",0.378582329730903,0.99999537209541,0,0,1.56135285625902,1.51657593243188,"CD53;RIPOR2;SCGB3A1"
"Positive Regulation Of Protein Kinase A Signaling (GO:0010739)","3/9",0.378582329730903,0.99999537209541,0,0,1.56135285625902,1.51657593243188,"IAPP;SPATC1L;ADRB2"
"Positive Regulation Of Receptor Recycling (GO:0001921)","3/9",0.378582329730903,0.99999537209541,0,0,1.56135285625902,1.51657593243188,"ECE1;SNCA;VAMP3"
"Positive Regulation Of Smooth Muscle Contraction (GO:0045987)","3/9",0.378582329730903,0.99999537209541,0,0,1.56135285625902,1.51657593243188,"GPER1;SRF;TACR2"
"Positive Regulation Of Vascular Endothelial Growth Factor Receptor Signaling Pathway (GO:0030949)","3/9",0.378582329730903,0.99999537209541,0,0,1.56135285625902,1.51657593243188,"PRKCB;ITGB3;GRB10"
"Protein O-linked Glycosylation Via Threonine (GO:0018243)","3/9",0.378582329730903,0.99999537209541,0,0,1.56135285625902,1.51657593243188,"GALNT16;GALNT2;GALNT1"
"Regulation Of Cellular Response To Oxidative Stress (GO:1900407)","3/9",0.378582329730903,0.99999537209541,0,0,1.56135285625902,1.51657593243188,"DHFR;PRKN;BMP7"
"Regulation Of Hair Cycle (GO:0042634)","3/9",0.378582329730903,0.99999537209541,0,0,1.56135285625902,1.51657593243188,"PER1;CLOCK;TSKU"
"Regulation Of Inflammatory Response To Wounding (GO:0106014)","3/9",0.378582329730903,0.99999537209541,0,0,1.56135285625902,1.51657593243188,"IL33;STAT3;EXTL3"
"Regulation Of Leukocyte Mediated Cytotoxicity (GO:0001910)","3/9",0.378582329730903,0.99999537209541,0,0,1.56135285625902,1.51657593243188,"LEP;DNASE1;DNASE1L3"
"Regulation Of Mast Cell Activation Involved In Immune Response (GO:0033006)","3/9",0.378582329730903,0.99999537209541,0,0,1.56135285625902,1.51657593243188,"LYN;FER;ENPP3"
"Regulation Of Protein Acetylation (GO:1901983)","3/9",0.378582329730903,0.99999537209541,0,0,1.56135285625902,1.51657593243188,"GSK3B;PARK7;SIRT1"
"Regulation Of Receptor Binding (GO:1900120)","3/9",0.378582329730903,0.99999537209541,0,0,1.56135285625902,1.51657593243188,"GREM2;ATP2A2;B2M"
"Regulation Of Store-Operated Calcium Entry (GO:2001256)","3/9",0.378582329730903,0.99999537209541,0,0,1.56135285625902,1.51657593243188,"GRAMD2A;HOMER1;HOMER2"
"Regulation Of Tau-Protein Kinase Activity (GO:1902947)","3/9",0.378582329730903,0.99999537209541,0,0,1.56135285625902,1.51657593243188,"RB1;CLU;SORL1"
"Response To Laminar Fluid Shear Stress (GO:0034616)","3/9",0.378582329730903,0.99999537209541,0,0,1.56135285625902,1.51657593243188,"SMAD6;KLF2;MAP2K5"
"Skeletal Muscle Tissue Regeneration (GO:0043403)","3/9",0.378582329730903,0.99999537209541,0,0,1.56135285625902,1.51657593243188,"PPP3CA;ANXA1;TMEM182"
"Positive Regulation Of Kinase Activity (GO:0033674)","27/104",0.378726382873721,0.99999537209541,0,0,1.09526142251531,1.06343452702059,"ALK;VAC14;CDKN1A;CSF1;PRKAG2;EGFR;RAP1A;ERBB2;KDR;CCR7;EPHB4;MAP3K5;NTRK2;MUSK;MMD;INSR;NTRK3;AXIN2;MERTK;TRAF4;TAB2;LCP2;TEK;EPHA1;CACUL1;MET;DDR2"
"Positive Regulation Of T Cell Differentiation (GO:0045582)","17/64",0.379421027937257,0.99999537209541,0,0,1.12969262249995,1.09479506043602,"PBRM1;SMARCC1;SMARCD2;SMARCD3;LEF1;IHH;ZBTB1;AMBRA1;ARID1A;ARID1B;SMARCA2;GLI3;GLI2;DUSP10;IL7;ARID2;SOX4"
"Neuropeptide Signaling Pathway (GO:0007218)","18/68",0.379707980692147,0.99999537209541,0,0,1.12438560198593,1.08880193871086,"GPR37;OPRK1;SORCS1;QRFP;SORCS2;MCHR1;SORL1;SSTR4;CYSLTR2;GAL;GLRB;GALR1;NPVF;NPY;PENK;GPR149;CPE;NMUR1"
"Regulation Of Double-Strand Break Repair (GO:2000779)","23/88",0.37973934937826,0.99999537209541,0,0,1.10521050703283,1.07014238133839,"PBRM1;SMARCC1;SMARCD2;SMARCD3;MEAF6;MGMT;FMN2;PPP4R3B;ARID1A;ARID1B;SIRT1;SMARCA2;PML;RNF169;FIGNL1;DPF1;RUVBL1;UBE2V2;UBE2N;DPF3;SPIRE1;TRIP12;ARID2"
"Regulation Of Cysteine-Type Endopeptidase Activity Involved In Apoptotic Process (GO:0043281)","22/84",0.379876342662777,0.99999537209541,0,0,1.10830160956388,1.0727356492985,"SYK;HGF;SIAH2;NOD1;DHCR24;BCL10;SIRT1;THBS1;SH3RF1;AQP1;VEGFA;GPER1;ARL6IP5;TNFSF10;CYCS;RAF1;SOX7;CD44;MAP2K5;MAP3K5;NKX3-1;SNCA"
"Wound Healing (GO:0042060)","21/80",0.379952418051188,0.99999537209541,0,0,1.11170793147364,1.07581004831483,"DSP;SFTA3;MACF1;SMAD3;DST;ITGB3;SRF;MYOF;TPM1;WNT5A;GATA4;IGF1;TSKU;PPP3CA;CHMP1B;ERBB2;NF1;MYH9;PLPP3;RAF1;FGF10"
"Regulation Of Ras Protein Signal Transduction (GO:0046578)","20/76",0.379957902701356,0.99999537209541,0,0,1.11548013245033,1.07944434014375,"NOTCH2;KANK1;GIT2;ARHGEF28;MAPKAP1;RASGRF1;RDX;SPRY4;ETFA;IGF1;ARFGAP3;NGF;EPS8;BCR;FLCN;RASGEF1A;RAF1;FBP1;RALGPS1;FGF10"
"Negative Regulation Of Apoptotic Process (GO:0043066)","120/482",0.388141172826095,0.99999537209541,0,0,1.03580652241936,0.980272955230795,"RB1;PAGE4;PARK7;CLU;AQP1;FOXQ1;COMP;AKT2;PIM1;KDR;PDK4;SOX9;BNIP3L;MEF2C;PRKCH;HGF;WNT5A;PRKCA;ISL1;PRAP1;POU3F4;PPIF;VDAC1;IL6ST;RAF1;NOTCH2;MAPKAP1;GATA6;GATA4;PSEN1;MTDH;BCL2L10;GRK5;FIGNL1;MAP2K5;MCL1;HSPA9;NIBAN2;OPN3;PLK2;SIAH2;CAV1;IL31RA;HMGA2;BRAF;DHCR24;BFAR;IGF1;SMAD6;TNFRSF10D;KLHL20;LSM8;DAB2;GDNF;IL7;BCL2;CD27;RETREG1;LGMN;BCL2L1;FANK1;ITGB1;PRR5;GSK3B;TNFAIP8;CITED2;MTRNR2L5;MTRNR2L7;FMN2;MTRNR2L2;SH3RF1;RNF157;BABAM2;MYO18A;CD38;CTSH;ANXA1;ANXA4;VSTM2L;NGF;SIRT1;GREM1;HCK;RNF144B;TOX3;TMBIM1;NAA35;BIRC6;TMBIM6;ANGPTL4;CRYAA;CD44;LTF;PRKN;YAP1;LEF1;SEMA3E;CBL;THBS1;EGFR;NTF3;PDPN;ERBB2;RICTOR;MAP4K4;SNCA;ANGPT4;NTRK2;FOXB1;MGMT;BNIP3;MERTK;DHRS2;POU4F1;MTOR;VEGFA;KRT18;WT1;TEK;TPT1"
"ATP Transport (GO:0015867)","4/13",0.390923990102947,0.99999537209541,0,0,1.38788045471214,1.30355580364078,"CD47;SLC25A42;SLC25A4;SLC25A25"
"ERBB2 Signaling Pathway (GO:0038128)","4/13",0.390923990102947,0.99999537209541,0,0,1.38788045471214,1.30355580364078,"PTPRR;MYOC;ERBB2;EGFR"
"N-terminal Protein Amino Acid Modification (GO:0031365)","4/13",0.390923990102947,0.99999537209541,0,0,1.38788045471214,1.30355580364078,"NAA20;NTMT2;NAA35;METAP1"
"Atrial Septum Development (GO:0003283)","4/13",0.390923990102947,0.99999537209541,0,0,1.38788045471214,1.30355580364078,"NOTCH2;HEY2;GATA4;ISL1"
"Body Fluid Secretion (GO:0007589)","4/13",0.390923990102947,0.99999537209541,0,0,1.38788045471214,1.30355580364078,"FOXB1;OXTR;GPAT4;VEGFA"
"Cranial Nerve Development (GO:0021545)","4/13",0.390923990102947,0.99999537209541,0,0,1.38788045471214,1.30355580364078,"SALL1;ISL1;POU4F1;NEUROG1"
"Embryonic Hemopoiesis (GO:0035162)","4/13",0.390923990102947,0.99999537209541,0,0,1.38788045471214,1.30355580364078,"KITLG;KDR;THOC5;TGFBR2"
"Endoplasmic Reticulum Mannose Trimming (GO:1904380)","4/13",0.390923990102947,0.99999537209541,0,0,1.38788045471214,1.30355580364078,"RNF103;EDEM1;EDEM2;MARCHF6"
"Ether Lipid Metabolic Process (GO:0046485)","4/13",0.390923990102947,0.99999537209541,0,0,1.38788045471214,1.30355580364078,"NCEH1;PLAAT3;FAR1;PLA2G6"
"Extracellular Transport (GO:0006858)","4/13",0.390923990102947,0.99999537209541,0,0,1.38788045471214,1.30355580364078,"SPAG17;DNAAF2;WWP2;CCDC40"
"Glutamine Metabolic Process (GO:0006541)","4/13",0.390923990102947,0.99999537209541,0,0,1.38788045471214,1.30355580364078,"SLC38A1;GLYATL1;UCP2;GLS"
"Killing By Host Of Symbiont Cells (GO:0051873)","4/13",0.390923990102947,0.99999537209541,0,0,1.38788045471214,1.30355580364078,"DEFA5;CFHR5;CAMP;PF4"
"Mature B Cell Differentiation Involved In Immune Response (GO:0002313)","4/13",0.390923990102947,0.99999537209541,0,0,1.38788045471214,1.30355580364078,"NOTCH2;DOCK10;POU2AF1;PHF14"
"Membrane Depolarization During Action Potential (GO:0086010)","4/13",0.390923990102947,0.99999537209541,0,0,1.38788045471214,1.30355580364078,"KCNH2;CACNA1D;CACNA1C;SLC8A1"
"Microtubule-Based Transport (GO:0099111)","4/13",0.390923990102947,0.99999537209541,0,0,1.38788045471214,1.30355580364078,"SPAG17;DNAAF2;HTT;CCDC40"
"Mitochondrial Fission (GO:0000266)","4/13",0.390923990102947,0.99999537209541,0,0,1.38788045471214,1.30355580364078,"PRKN;MTFP1;UCP2;GDAP1"
"Myeloid Dendritic Cell Activation (GO:0001773)","4/13",0.390923990102947,0.99999537209541,0,0,1.38788045471214,1.30355580364078,"DCSTAMP;DOCK2;DHRS2;TGFBR2"
"Negative Regulation Of T Cell Differentiation (GO:0045581)","4/13",0.390923990102947,0.99999537209541,0,0,1.38788045471214,1.30355580364078,"IFNA2;IHH;FOXJ1;GLI3"
"Negative Regulation Of Cartilage Development (GO:0061037)","4/13",0.390923990102947,0.99999537209541,0,0,1.38788045471214,1.30355580364078,"GREM1;WNT11;SOX9;PTHLH"
"Negative Regulation Of Fibroblast Growth Factor Receptor Signaling Pathway (GO:0040037)","4/13",0.390923990102947,0.99999537209541,0,0,1.38788045471214,1.30355580364078,"CREB3L1;SPRY4;SHISA2;THBS1"
"Outer Mitochondrial Membrane Organization (GO:0007008)","4/13",0.390923990102947,0.99999537209541,0,0,1.38788045471214,1.30355580364078,"MTCH1;MTCH2;HSPA4;MTX2"
"Peptidyl-Methionine Modification (GO:0018206)","4/13",0.390923990102947,0.99999537209541,0,0,1.38788045471214,1.30355580364078,"LSM8;NAA20;NAA35;METAP1"
"Peptidyl-Tyrosine Autophosphorylation (GO:0038083)","4/13",0.390923990102947,0.99999537209541,0,0,1.38788045471214,1.30355580364078,"ALK;ABL1;KDR;EGFR"
"Plasma Membrane Tubulation (GO:0097320)","4/13",0.390923990102947,0.99999537209541,0,0,1.38788045471214,1.30355580364078,"SNX18;CAVIN2;PACSIN2;FNBP1L"
"Positive Regulation Of Alpha-Beta T Cell Differentiation (GO:0046638)","4/13",0.390923990102947,0.99999537209541,0,0,1.38788045471214,1.30355580364078,"IHH;RUNX3;GLI3;TGFBR2"
"Positive Regulation Of Cyclase Activity (GO:0031281)","4/13",0.390923990102947,0.99999537209541,0,0,1.38788045471214,1.30355580364078,"NF1;ORAI1;CACNA1D;CACNA1C"
"Positive Regulation Of Double-Strand Break Repair Via Nonhomologous End Joining (GO:2001034)","4/13",0.390923990102947,0.99999537209541,0,0,1.38788045471214,1.30355580364078,"SMCHD1;SHLD1;SETMAR;TRAPPC13"
"Positive Regulation Of Fatty Acid Biosynthetic Process (GO:0045723)","4/13",0.390923990102947,0.99999537209541,0,0,1.38788045471214,1.30355580364078,"KAT2B;MLXIPL;LPGAT1;SLC45A3"
"Positive Regulation Of Histone Deacetylation (GO:0031065)","4/13",0.390923990102947,0.99999537209541,0,0,1.38788045471214,1.30355580364078,"CTBP1;PRKD1;SIRT1;VEGFA"
"Potassium Ion Export Across Plasma Membrane (GO:0097623)","4/13",0.390923990102947,0.99999537209541,0,0,1.38788045471214,1.30355580364078,"KCNH2;KCNT2;KCND3;KCNE4"
"Protein Insertion Into Mitochondrial Outer Membrane (GO:0045040)","4/13",0.390923990102947,0.99999537209541,0,0,1.38788045471214,1.30355580364078,"MTCH1;MTCH2;HSPA4;MTX2"
"Regulation Of Cell Projection Organization (GO:0031344)","4/13",0.390923990102947,0.99999537209541,0,0,1.38788045471214,1.30355580364078,"NTNG1;MACF1;FAM110C;MYO9A"
"Regulation Of Cellular Ketone Metabolic Process (GO:0010565)","4/13",0.390923990102947,0.99999537209541,0,0,1.38788045471214,1.30355580364078,"NCOR2;PDK4;PRKAG2;SIRT1"
"Regulation Of Humoral Immune Response (GO:0002920)","4/13",0.390923990102947,0.99999537209541,0,0,1.38788045471214,1.30355580364078,"GATA6;CCR7;CXCL13;CD55"
"Regulation Of Lamellipodium Organization (GO:1902743)","4/13",0.390923990102947,0.99999537209541,0,0,1.38788045471214,1.30355580364078,"CARMIL1;FER;PDPN;CD44"
"Regulation Of Myoblast Fusion (GO:1901739)","4/13",0.390923990102947,0.99999537209541,0,0,1.38788045471214,1.30355580364078,"CD53;RIPOR2;SCGB3A1;TMEM182"
"Response To Nerve Growth Factor (GO:1990089)","4/13",0.390923990102947,0.99999537209541,0,0,1.38788045471214,1.30355580364078,"RAP1A;NTRK3;MAGI2;STMN2"
"Response To Progesterone (GO:0032570)","4/13",0.390923990102947,0.99999537209541,0,0,1.38788045471214,1.30355580364078,"YAP1;CAV1;UBE3A;THBS1"
"Cellular Response To Alkaloid (GO:0071312)","5/17",0.39779346874791,0.99999537209541,0,0,1.301148476721,1.19942772195544,"RYR2;CRHBP;MTRNR2L5;SLC8A1;TGM2"
"Cellular Response To Unfolded Protein (GO:0034620)","5/17",0.39779346874791,0.99999537209541,0,0,1.301148476721,1.19942772195544,"PRKN;PTPN1;PACRG;TMBIM6;OPTN"
"Embryo Development Ending In Birth Or Egg Hatching (GO:0009792)","5/17",0.39779346874791,0.99999537209541,0,0,1.301148476721,1.19942772195544,"SCEL;NR5A2;USP22;RICTOR;RAI2"
"Embryonic Digit Morphogenesis (GO:0042733)","5/17",0.39779346874791,0.99999537209541,0,0,1.301148476721,1.19942772195544,"SALL1;INTU;ECE1;GLI3;TBX2"
"Myeloid Cell Activation Involved In Immune Response (GO:0002275)","5/17",0.39779346874791,0.99999537209541,0,0,1.301148476721,1.19942772195544,"SYK;DYSF;ENPP3;DOCK2;DNASE1L3"
"Negative Regulation Of Cellular Senescence (GO:2000773)","5/17",0.39779346874791,0.99999537209541,0,0,1.301148476721,1.19942772195544,"CDK6;HMGA2;SIRT1;TERF2;TBX2"
"Negative Regulation Of Fibroblast Proliferation (GO:0048147)","5/17",0.39779346874791,0.99999537209541,0,0,1.301148476721,1.19942772195544,"SKI;NF1;MED9;NLRC3;PEX2"
"Negative Regulation Of Insulin Secretion (GO:0046676)","5/17",0.39779346874791,0.99999537209541,0,0,1.301148476721,1.19942772195544,"CHGA;PRKN;KLF7;KCNJ11;KCNB1"
"Negative Regulation Of Leukocyte Activation (GO:0002695)","5/17",0.39779346874791,0.99999537209541,0,0,1.301148476721,1.19942772195544,"GPER1;FN1;IL31RA;CD200;CD33"
"Negative Regulation Of Striated Muscle Cell Differentiation (GO:0051154)","5/17",0.39779346874791,0.99999537209541,0,0,1.301148476721,1.19942772195544,"HDAC4;HDAC5;FRS2;BHLHA15;SOX6"
"Polyol Metabolic Process (GO:0019751)","5/17",0.39779346874791,0.99999537209541,0,0,1.301148476721,1.19942772195544,"INPP4B;PPIP5K1;SYNJ1;IMPA2;IP6K3"
"Positive Chemotaxis (GO:0050918)","5/17",0.39779346874791,0.99999537209541,0,0,1.301148476721,1.19942772195544,"SEMA5A;TSC2;MET;VEGFA;FGF10"
"Positive Regulation Of Cartilage Development (GO:0061036)","5/17",0.39779346874791,0.99999537209541,0,0,1.301148476721,1.19942772195544,"BMP1;SOX9;BMPR1B;SOX6;LOXL2"
"Positive Regulation Of Heart Rate (GO:0010460)","5/17",0.39779346874791,0.99999537209541,0,0,1.301148476721,1.19942772195544,"RYR2;TPM1;ATP2A2;ADRB1;ADRA1B"
"Positive Regulation Of Macrophage Activation (GO:0043032)","5/17",0.39779346874791,0.99999537209541,0,0,1.301148476721,1.19942772195544,"IL33;WNT5A;SPACA3;IRGM;THBS1"
"Positive Regulation Of Transcription From RNA Polymerase II Promoter In Response To Stress (GO:0036003)","5/17",0.39779346874791,0.99999537209541,0,0,1.301148476721,1.19942772195544,"CREB3L1;RBPJ;ATF6;KLF2;VEGFA"
"Regulation Of Hematopoietic Progenitor Cell Differentiation (GO:1901532)","5/17",0.39779346874791,0.99999537209541,0,0,1.301148476721,1.19942772195544,"FOXC1;KITLG;METTL14;DHX36;MYB"
"Regulation Of Leukocyte Chemotaxis (GO:0002688)","5/17",0.39779346874791,0.99999537209541,0,0,1.301148476721,1.19942772195544,"LYN;CAMK1D;MTUS1;F2RL1;IL6R"
"Regulation Of Vacuole Organization (GO:0044088)","5/17",0.39779346874791,0.99999537209541,0,0,1.301148476721,1.19942772195544,"EFNB1;LAPTM4B;MTMR3;TBC1D14;MTM1"
"Toll-Like Receptor 4 Signaling Pathway (GO:0034142)","5/17",0.39779346874791,0.99999537209541,0,0,1.301148476721,1.19942772195544,"PRKCE;TRIL;PIK3AP1;RAB11FIP2;SCIMP"
"Protein Ubiquitination (GO:0016567)","108/434",0.397795229136631,0.99999537209541,0,0,1.03506657424554,0.95414290178779,"UBE3C;CCNF;FBXO25;UBE2D1;UBE3A;UBE2L3;NPEPPS;HERC4;HERC2;RNF19A;FBXO4;FBXO7;FAAP100;ARRDC4;USP7;WSB1;NHLRC3;WSB2;FBXW11;UBE2E1;LMO7;UBE4B;RBX1;RNF41;KLHL42;HECW2;UBE2V2;TRIM14;CBLL1;TRIM64C;TRIM64B;ANAPC16;MYCBP2;NEDD4L;DTX2;RFPL4B;RNF217;TRIM49B;UBE2H;SMURF1;LNPEP;BFAR;KLHL20;RNF103;BCL2;MKRN2;UBE2N;MKRN3;FBXL5;RAD18;FBXL7;RNF187;LRSAM1;FBH1;PRPF19;SH3RF1;RNF157;BABAM2;TRIM2;ARIH2;ELOC;TRIM64;RNF152;PCMTD1;TRIM61;SHPRH;TRIM63;PEX2;SIRT1;RNF144B;UBE2R2;GAN;TRAF6;BIRC6;TRIM55;PRKN;UHRF2;MGRN1;HERC2P3;PELI2;RNF38;RNF6;AMBRA1;CBL;FBXL21P;C10ORF90;CAND1;RMND5A;RNF138;TRIM48;TRIM43;MARCHF3;TRIM44;MARCHF6;ANKIB1;FBXL17;WWP2;KLHL3;PEX10;UBE2G1;MIB1;SH3RF3;NEDD4;OTULIN;TRIM35;TRIP12;ASB5;TRIM33"
"DNA Replication Initiation (GO:0006270)","6/21",0.401981947570628,0.99999537209541,0,0,1.2491126702435,1.13837645610441,"ORC5;PRIM2;MCM7;RPA4;MCM10;TOPBP1"
"Lipid Catabolic Process (GO:0016042)","6/21",0.401981947570628,0.99999537209541,0,0,1.2491126702435,1.13837645610441,"PNLIPRP1;HSD11B1;STS;PLAAT3;LCP1;PNLIP"
"Negative Regulation Of GTPase Activity (GO:0034260)","6/21",0.401981947570628,0.99999537209541,0,0,1.2491126702435,1.13837645610441,"BCAS3;LRCH1;WNK1;RDX;SH3BP4;CPEB2"
"Outer Dynein Arm Assembly (GO:0036158)","6/21",0.401981947570628,0.99999537209541,0,0,1.2491126702435,1.13837645610441,"CLXN;ODAD2;DNAH8;DNAH5;DNAI1;DNAL1"
"Positive Regulation Of Dendritic Spine Development (GO:0060999)","6/21",0.401981947570628,0.99999537209541,0,0,1.2491126702435,1.13837645610441,"NLGN1;CUX2;DLG5;DHX36;PSEN1;CAMK1"
"Positive Regulation Of Granulocyte Chemotaxis (GO:0071624)","6/21",0.401981947570628,0.99999537209541,0,0,1.2491126702435,1.13837645610441,"RIPOR2;CAMK1D;CXCL8;CCR7;DNM1L;THBS4"
"Positive Regulation Of Heart Contraction (GO:0045823)","6/21",0.401981947570628,0.99999537209541,0,0,1.2491126702435,1.13837645610441,"CHGA;RYR2;RGS2;ATP2A2;ATP1A2;APLN"
"Positive Regulation Of Interferon-Alpha Production (GO:0032727)","6/21",0.401981947570628,0.99999537209541,0,0,1.2491126702435,1.13837645610441,"TBK1;RIPK2;STAT1;DHX36;IRF7;TLR7"
"Regulation Of Histone Deacetylation (GO:0031063)","6/21",0.401981947570628,0.99999537209541,0,0,1.2491126702435,1.13837645610441,"KAT2B;CAMK2D;TADA2A;CTBP1;MBIP;SIRT1"
"Regulation Of Lipid Storage (GO:0010883)","6/21",0.401981947570628,0.99999537209541,0,0,1.2491126702435,1.13837645610441,"NFKBIA;ITGB3;ITGAV;PPARG;LCP1;SIRT1"
"Regulation Of Membrane Protein Ectodomain Proteolysis (GO:0051043)","6/21",0.401981947570628,0.99999537209541,0,0,1.2491126702435,1.13837645610441,"ROCK1;NRDC;ADAM9;TNFRSF1B;ADRA2A;SH3D19"
"Regulation Of Steroid Metabolic Process (GO:0019218)","6/21",0.401981947570628,0.99999537209541,0,0,1.2491126702435,1.13837645610441,"UGT1A10;ASAH1;ACADL;UGT1A8;ABCG1;TTC39B"
"Negative Regulation Of Amide Metabolic Process (GO:0034249)","24/93",0.402496240013697,0.99999537209541,0,0,1.08634415186773,0.98864870491672,"EPHA4;NTRK2;NHLRC3;ROCK1;CHRNA7;CNOT10;MALSU1;IGF1;CLU;TOB1;SORL1;GIGYF2;ZAR1;FXR1;DHFR;RIDA;LARP1;BIN1;TRIM2;DHX36;IGF2BP1;IGF2BP3;IGF2BP2;LSM14A"
"Cellular Response To Chemical Stress (GO:0062197)","23/89",0.403209349858105,0.99999537209541,0,0,1.08839272827676,0.988586433065147,"VKORC1L1;PNPT1;SRXN1;PARP1;CAV1;GSR;SUMO4;SLC4A11;PRR5L;PARK7;DHRS2;MTOR;RBX1;SERPINB6;RPTOR;ABL1;LRRC8D;ATM;PRKD1;ATG7;CPEB2;STOX1;SNCA"
"Cellular Response To Peptide Hormone Stimulus (GO:0071375)","23/89",0.403209349858105,0.99999537209541,0,0,1.08839272827676,0.988586433065147,"HDAC5;PARP1;GOT1;INSIG2;CAV1;INSR;IRS2;ZFP36L1;CRHBP;KAT2B;SCNN1G;FER;RAB31;TBC1D4;CYP11A1;AKT2;GPER1;SCNN1B;SCNN1A;PPARG;CPEB2;LPIN2;SLC25A33"
"Negative Regulation Of Cell Cycle (GO:0045786)","22/85",0.40390599322693,0.99999537209541,0,0,1.090637221072,0.988742386255737,"RB1;TSPYL2;CDKN1A;FOXC1;HPGD;NR2F2;RUNX3;SIRT1;BMP7;HHEX;BRINP2;LATS2;BRINP1;CDK6;APC;GPER1;RPS6KA2;TP53BP2;TRIM35;GAS1;GMNC;BRINP3"
"Bile Acid Biosynthetic Process (GO:0006699)","7/25",0.404648056922982,0.99999537209541,0,0,1.21442495126706,1.09873589747929,"OSBPL9;ABCD3;ACOX2;AKR1D1;BAAT;OSBPL1A;CYP8B1"
"Cardiac Conduction System Development (GO:0003161)","7/25",0.404648056922982,0.99999537209541,0,0,1.21442495126706,1.09873589747929,"NOTCH2;SMAD4;MSX2;HEY2;GATA6;GATA4;BMPR1A"
"Chemical Synaptic Transmission, Postsynaptic (GO:0099565)","7/25",0.404648056922982,0.99999537209541,0,0,1.21442495126706,1.09873589747929,"GSK3B;MEF2C;INSYN1;DRD2;INSYN2A;RAB3GAP1;INSYN2B"
"Mitotic Cell Cycle Checkpoint Signaling (GO:0007093)","7/25",0.404648056922982,0.99999537209541,0,0,1.21442495126706,1.09873589747929,"BABAM2;INTS3;ZFYVE19;RBBP8;SETMAR;NABP1;CDK5RAP3"
"Negative Regulation Of Response To Endoplasmic Reticulum Stress (GO:1903573)","7/25",0.404648056922982,0.99999537209541,0,0,1.21442495126706,1.09873589747929,"PRKN;PTPN1;CREB3L1;TMBIM6;PARK7;CLU;BCL2L1"
"Negative Regulation Of Smoothened Signaling Pathway (GO:0045879)","7/25",0.404648056922982,0.99999537209541,0,0,1.21442495126706,1.09873589747929,"HERC4;MOSMO;MGRN1;KCTD21;SUFU;GLI3;GLI2"
"Negative Regulation Of Telomere Maintenance Via Telomere Lengthening (GO:1904357)","7/25",0.404648056922982,0.99999537209541,0,0,1.21442495126706,1.09873589747929,"PARP1;XRN1;PINX1;SLX1A;TENT4B;TERF2;DCP2"
"Positive Regulation Of Release Of Cytochrome C From Mitochondria (GO:0090200)","7/25",0.404648056922982,0.99999537209541,0,0,1.21442495126706,1.09873589747929,"BCL2L11;FAM162A;GPER1;BNIP3;TNFSF10;PPIF;DNM1L"
"Regulation Of Neutrophil Chemotaxis (GO:0090022)","7/25",0.404648056922982,0.99999537209541,0,0,1.21442495126706,1.09873589747929,"DPP4;RIPOR2;CXCL8;CAMK1D;CCR7;DNM1L;THBS4"
"Regulation Of Postsynapse Organization (GO:0099175)","7/25",0.404648056922982,0.99999537209541,0,0,1.21442495126706,1.09873589747929,"EPHA4;SIPA1L1;HOMER1;WNT5A;PDLIM5;TANC2;CDK5R1"
"Regulation Of Synapse Organization (GO:0050807)","7/25",0.404648056922982,0.99999537209541,0,0,1.21442495126706,1.09873589747929,"EPHA4;MEF2C;CTTNBP2;NEDD4;WNT5A;CTNNA2;PDLIM5"
"Vesicle-Mediated Transport Between Endosomal Compartments (GO:0098927)","7/25",0.404648056922982,0.99999537209541,0,0,1.21442495126706,1.09873589747929,"MYO1D;SNX16;LMTK2;EMP2;PIK3C3;HOOK3;ATG14"
"Embryonic Organ Development (GO:0048568)","20/77",0.405234496770715,0.99999537209541,0,0,1.09583769025212,0.989858542397025,"COL18A1;CXCL8;WNT7B;TFEB;PBX3;COBL;RBPJ;TBX4;GLI3;GLI2;TGFBR2;TBX2;KITLG;SALL1;COL2A1;GDNF;HEY2;KDR;TEAD1;BMPR1A"
"Negative Regulation Of Transforming Growth Factor Beta Receptor Signaling Pathway (GO:0030512)","20/77",0.405234496770715,0.99999537209541,0,0,1.09583769025212,0.989858542397025,"FBN2;SLC2A10;SMURF1;CAV1;TET1;SMAD6;SIRT1;LTBP1;SKI;SPRED1;SIN3A;CD109;SNX25;BRMS1L;VEPH1;CAPN5;PRDM16;PPARG;SUDS3;FBN1"
"Positive Regulation Of Response To Stimulus (GO:0048584)","20/77",0.405234496770715,0.99999537209541,0,0,1.09583769025212,0.989858542397025,"INO80C;EYA1;HOMER1;EYA2;EYA3;WNT5A;LRRC70;SIRT1;CDKN2AIP;EGFR;NPAS2;BABAM2;SMCHD1;C7;RUVBL1;CNKSR3;UBE2N;VDAC1;EXTL3;FGF10"
"Sphingolipid Biosynthetic Process (GO:0030148)","20/77",0.405234496770715,0.99999537209541,0,0,1.09583769025212,0.989858542397025,"CERS3;CERS4;ASAH1;HACD1;ST8SIA3;ELOVL6;ELOVL7;CLN8;CYP4F22;HACD3;SGPP2;SPTLC2;VAPA;ST8SIA5;SPTSSB;DEGS1;PRKD1;DEGS2;PLPP3;ST6GALNAC5"
"Cellular Response To Reactive Oxygen Species (GO:0034614)","19/73",0.405856512694388,0.99999537209541,0,0,1.09887271919136,0.990914626960719,"ANXA1;ERCC6L2;TPM1;UCP1;TNFAIP3;PEX2;PEX10;FOS;CLU;SIRT1;EGFR;AQP1;CAMKK2;FER;PPIF;MAPK1;FYN;ATM;MAP3K5"
"Chondrocyte Differentiation (GO:0002062)","8/29",0.406365189722162,0.99999537209541,0,0,1.18965042664465,1.0712838276315,"MEF2C;WNT2B;NFIB;CREB3L2;HMGA2;SOX9;SOX6;BMPR1B"
"Positive Regulation Of Endopeptidase Activity (GO:0010950)","8/29",0.406365189722162,0.99999537209541,0,0,1.18965042664465,1.0712838276315,"LYN;EFNA1;EPHA4;STAT3;USP50;FYN;MBL2;PICALM"
"Regulation Of Monoatomic Ion Transmembrane Transport (GO:0034765)","8/29",0.406365189722162,0.99999537209541,0,0,1.18965042664465,1.0712838276315,"KCNJ5;KCNJ11;WNK1;NEDD4;KCNJ15;NEDD4L;WWP2;KCNJ3"
"Tube Closure (GO:0060606)","8/29",0.406365189722162,0.99999537209541,0,0,1.18965042664465,1.0712838276315,"SKI;MTHFD1L;DVL2;COBL;TSC2;GRHL3;BCL10;GRHL2"
"Cellular Response To Calcium Ion (GO:0071277)","18/69",0.406441894575901,0.99999537209541,0,0,1.10226581323469,0.992385675140913,"SYT4;MEF2C;CAMK2D;NLGN1;ADGRV1;CPNE5;CPNE4;WNT5A;BRAF;ADCY1;SYT13;SYT9;CLU;ADD1;CDKN2AIP;CRHBP;PPIF;LGMN"
"Phagocytosis (GO:0006909)","18/69",0.406441894575901,0.99999537209541,0,0,1.10226581323469,0.992385675140913,"ITGB1;ANXA1;CD93;ITGB3;TIMD4;MERTK;BLTP1;TAFA4;ADORA1;ELMO1;MYH9;PIP5K1A;ITGAV;CD36;RAB11FIP2;DOCK1;MET;TGM2"
"Fatty Acid Biosynthetic Process (GO:0006633)","17/65",0.406982344034082,0.99999537209541,0,0,1.10608410892796,0.994353548311334,"HACD1;ABCD3;ACSM1;ABHD2;ACSM2A;ACSM5;ELOVL6;ACSM4;ELOVL7;HACD3;TECRL;ACACB;SCD;FASN;DEGS1;LCP1;CBR4"
"Actin Filament Bundle Assembly (GO:0051017)","9/33",0.407451479568602,0.99999537209541,0,0,1.17107164980384,1.05142726667298,"EPS8;MYO1B;CALD1;MICAL1;FAM107A;FSCN1;NEDD9;LCP1;EZR"
"intra-Golgi Vesicle-Mediated Transport (GO:0006891)","9/33",0.407451479568602,0.99999537209541,0,0,1.17107164980384,1.05142726667298,"COG5;GOSR2;TRAPPC10;VTI1A;COG2;COPG2;RAB6B;NAPG;RAB33B"
"Positive Regulation Of Epidermal Growth Factor Receptor Signaling Pathway (GO:0045742)","9/33",0.407451479568602,0.99999537209541,0,0,1.17107164980384,1.05142726667298,"BCAR3;NEU3;AFAP1L2;GPER1;AGR2;CBL;AREG;ADRA2A;AGT"
"Regulation Of Sprouting Angiogenesis (GO:1903670)","9/33",0.407451479568602,0.99999537209541,0,0,1.17107164980384,1.05142726667298,"SEMA6A;BMPER;CREB3L1;PIK3CB;THBS1;EPN1;KLF2;EPN2;VEGFA"
"Signal Transduction By P53 Class Mediator (GO:0072331)","9/33",0.407451479568602,0.99999537209541,0,0,1.17107164980384,1.05142726667298,"GREM1;HINT1;ATRX;JMY;TP53BP2;POU4F1;E2F7;BOK;BATF"
"Ventricular Cardiac Muscle Tissue Morphogenesis (GO:0055010)","9/33",0.407451479568602,0.99999537209541,0,0,1.17107164980384,1.05142726667298,"DSP;TGFBR3;RYR2;SMAD4;TPM1;PKP2;RBPJ;ISL1;BMPR1A"
"Negative Regulation Of Autophagy (GO:0010507)","16/61",0.407467431140509,0.99999537209541,0,0,1.11041264589652,0.996922114238008,"KDM4A;DAPL1;HGF;STAT3;MTMR9;MTOR;RPTOR;DAP;LEP;BCL2;TBC1D14;TAB2;MET;EIF4E;MCL1;SNCA"
"Positive Regulation Of Organelle Assembly (GO:1902117)","16/61",0.407467431140509,0.99999537209541,0,0,1.11041264589652,0.996922114238008,"GSK3B;LRSAM1;CEP120;STX18;HTT;WIPI1;SNX18;FSCN1;G3BP2;PIP4K2A;SDC1;LCP1;SAXO1;SNX7;BBS4;RAB3GAP1"
"Regulation Of Pathway-Restricted SMAD Protein Phosphorylation (GO:0060393)","16/61",0.407467431140509,0.99999537209541,0,0,1.11041264589652,0.996922114238008,"SMAD4;RBPMS;GDF15;TTK;INHBA;SMAD6;BMP7;BMP6;TGFBR2;GREM1;BMP3;DAB2;BMPER;SNX25;PPARG;BMPR1A"
"Endosome To Lysosome Transport (GO:0008333)","15/57",0.407883890686264,0.99999537209541,0,0,1.11536076080215,1.00022511075256,"PLEKHF2;PLEKHF1;MGRN1;VPS33B;TGFBRAP1;HOOK3;ATG14;LYST;MTM1;HMGXB4;SNX16;BIN1;RAB12;CACNG3;CACNG4"
"RNA Stabilization (GO:0043489)","10/37",0.408098273238162,0.99999537209541,0,0,1.15662337264981,1.03662053761294,"LARP1;GDNF;THRAP3;NOCT;IREB2;DHX36;PARN;PABPC1;TENT5C;ZAR1"
"Axonemal Dynein Complex Assembly (GO:0070286)","10/37",0.408098273238162,0.99999537209541,0,0,1.15662337264981,1.03662053761294,"CLXN;DNAI4;TTC12;ODAD2;DNAH8;DNAAF2;DNAH5;DNAI1;DNAL1;CCDC40"
"Melanosome Organization (GO:0032438)","10/37",0.408098273238162,0.99999537209541,0,0,1.15662337264981,1.03662053761294,"RAB32;AP1G1;ASIP;TYRP1;HPS1;AP1B1;DTNBP1;AP3S2;AP3B1;LYST"
"Negative Regulation Of Stress-Activated MAPK Cascade (GO:0032873)","10/37",0.408098273238162,0.99999537209541,0,0,1.15662337264981,1.03662053761294,"PRKN;PER1;DLG1;DUSP10;NCOR1;TAOK3;F2RL1;EZR;ZNF675;ANKS1B"
"Positive Regulation Of Exocytosis (GO:0045921)","10/37",0.408098273238162,0.99999537209541,0,0,1.15662337264981,1.03662053761294,"SMPD3;CADPS;RAB27A;SDC1;STXBP5;CLASP1;CFTR;CLASP2;EXPH5;SNCA"
"Blood Vessel Morphogenesis (GO:0048514)","14/53",0.408214620466161,0.99999537209541,0,0,1.12107143235709,1.00443764071376,"CCBE1;SYK;CAV1;SLC1A1;RBPJ;TGFBR2;VEGFA;EFNB2;CDH2;WT1;HEY2;KDR;NF1;AGGF1"
"Negative Regulation Of Cysteine-Type Endopeptidase Activity (GO:2000117)","14/53",0.408214620466161,0.99999537209541,0,0,1.12107143235709,1.00443764071376,"CAST;HGF;SIAH2;DHCR24;THBS1;SH3RF1;AQP1;VEGFA;CST3;RAF1;CD44;MAP2K5;LTF;SNCA"
"Negative Regulation Of mRNA Catabolic Process (GO:1902373)","11/41",0.408427795200447,0.99999537209541,0,0,1.14506644632652,1.02533845470305,"LARP1;GDNF;THRAP3;NOCT;IREB2;IGF2BP1;PKP1;AXIN2;PABPC1;TENT5C;ZAR1"
"Regulation Of Amide Metabolic Process (GO:0034248)","11/41",0.408427795200447,0.99999537209541,0,0,1.14506644632652,1.02533845470305,"ATXN2;ROCK1;ELP1;GEMIN5;MSI1;ELP3;MSI2;ELP5;EIF4E;METAP1;PICALM"
"Autophagy Of Mitochondrion (GO:0000422)","13/49",0.408437225114874,0.99999537209541,0,0,1.12773529884503,1.00979341242043,"PRKN;BNIP3;MAP1LC3B2;WIPI1;WIPI2;ATG14;MAP1LC3A;MAP1LC3C;RB1CC1;SNX7;FBXO7;ATG7;FBXL4"
"Negative Regulation Of Cysteine-Type Endopeptidase Activity Involved In Apoptotic Process (GO:0043154)","13/49",0.408437225114874,0.99999537209541,0,0,1.12773529884503,1.00979341242043,"HGF;SIAH2;DHCR24;PARK7;THBS1;SH3RF1;AQP1;VEGFA;RAF1;RFFL;CD44;MAP2K5;SNCA"
"Positive Regulation Of Nervous System Development (GO:0051962)","13/49",0.408437225114874,0.99999537209541,0,0,1.12773529884503,1.00979341242043,"NLGN1;CLSTN2;MME;CLSTN1;SOX11;CUX2;SLITRK1;GPER1;DLG5;SLITRK3;SYNDIG1;EPHB3;TGM2"
"Hexose Metabolic Process (GO:0019318)","12/45",0.4085218415255,0.99999537209541,0,0,1.13561232156273,1.01661139110419,"KCNJ11;ADPGK;HECTD4;HKDC1;SORD;IRS2;APOD;ALDOB;FBP1;HK2;BRS3;HK1"
"Positive Regulation Of Gene Expression (GO:0010628)","119/480",0.40923635781189,0.99999537209541,0,0,1.02987218287582,0.920152070036536,"APP;PHB1;CSF1;PARK7;RBPJ;CLU;RIMS1;SOX9;SOX4;MEF2C;MAP2K1;MUSK;WNT5A;TRAPPC2B;SOX11;MITF;ANK2;ANK3;TICAM1;MYCN;PRR16;PKP1;ADTRP;EZR;GLYR1;HHLA2;TXK;GATA5;PSEN1;PLD1;FXR1;LARP1;DHX36;MBIP;SLC38A2;SRPK2;NIBAN1;SEC16B;SMAD3;CADM1;RDX;FN1;PYM1;RAB27A;HMGA2;MSN;BRAF;IGF1;INHBA;BMP7;BMP6;CLEC6A;PIP;CNTN1;NOX5;ATM;BMPR1B;BMPR1A;FGF10;PIWIL2;GSK3B;CALCOCO1;CXCL8;CITED2;ELAVL4;AKR1B1;DPY30;PIK3CB;TENT4B;ROBO1;C1QTNF3;METTL14;C1QTNF1;GPER1;CTSH;CD36;CD34;NKX3-1;SLC2A10;TESC;PAX6;NGF;ARID1A;TERF2;ARID1B;ADRA2A;KAT2B;RBM20;PPARG;RBMS3;PRKN;YAP1;SLC24A3;ROCK1;LEF1;THBS1;TTN;NWD1;CUX2;ERBB2;AGR2;STOX1;NTRK2;IL33;YTHDF1;NTRK3;STAT3;DTNBP1;ZNF804A;POU4F1;AGT;MTOR;BATF;VEGFA;ACTC1;WT1;FAM98B;VIM;PF4"
"Regulation Of Cell Cycle Process (GO:0010564)","33/130",0.415237961178655,0.99999537209541,0,0,1.06255308133826,0.9338816461931,"SMARCD2;CDCA2;SMARCD3;MKI67;FLCN;GPER1;DPF1;DPF3;NEK2;RPRD1B;SOX9;ARID2;RAB11FIP3;BUB1;MAP9;BBS4;SMARCC1;PBRM1;CDKN2B;CAV2;HMGA2;ARID1A;KNSTRN;SMARCA2;ARID1B;SND1;PUM2;DBF4;APC;BIN1;BIRC6;PIK3C3;BCL2L1"
"Positive Regulation Of DNA-templated Transcription (GO:0045893)","305/1243",0.418254651973451,0.99999537209541,0,0,1.01616942776769,0.885759137997535,"ATF1;APP;TCERG1;EHF;PHB1;RBPJ;ELK4;TBK1;MSANTD1;ZMIZ2;CREB3L2;MYB;TNFSF11;KAT8;SOX9;TP63;SOX4;CDK5RAP2;MEF2C;SMARCC1;ZNF281;MRTFB;RFX3;MED9;SOX11;BHLHA15;ISL1;RUNX3;ISL2;ATF7;HOXB1;MAML3;PRKD1;ATF6;CLOCK;SKAP1;MEAF6;CTBP2;EPAS1;TXK;GATA6;GATA5;GATA4;BCL10;PRDM11;PRDM10;MED12L;SEC14L2;GALR1;DHX36;PRDM16;HIVEP1;HOXC4;HIVEP3;STAT5A;FZD1;WWTR1;ZNF143;AFAP1L2;JAG1;FZD5;BCL11B;IL31RA;NFATC3;NFATC2;NFATC1;NR1D2;NR2F2;IGF1;SMARCA1;SMARCA2;ST18;MLLT10;TMEM98;CREBRF;NANOG;ATM;FANK1;CSRNP1;SETD3;CITED2;KDM8;HNF4G;AKR1B1;TCF20;WASL;EFCAB7;MEOX2;GLI3;GLI2;PHF8;RPTOR;PPP3CA;HEY2;CD38;TEAD1;PARP1;PRMT2;RIPK2;NCOA3;TESC;TCF12;TFEB;TET1;PAX6;FOS;RGMB;SIRT1;RGMA;TOX3;KAT2B;TOX2;GAL;NR5A2;TFEC;PPARG;PRKN;YAP1;FOXC1;NFIX;PTH;NR1I2;EGFR;CAMKK2;NSD3;RXRA;HSF2;STAT4;TBL1X;MEF2D;BRD4;RTRAF;IL33;ARNT2;CDX2;STAT1;ATAD2;STAT3;GRHL3;POU4F1;GRHL2;AGT;VEGFA;SKI;HEYL;PER1;RYBP;NFIA;WT1;NFIB;F2RL1;CAMK1;NEUROG1;PF4;CD86;FOXA1;CRTC3;CRTC1;UBP1;NUCKS1;PARK7;NR3C1;ETS2;HOXA10;SALL1;RUVBL1;MAP3K5;KCNH2;MAP2K1;FBXW11;HGF;WNT5A;UBE2E1;MITF;LMO7;THOC5;POU3F2;GTF2F2;MYCN;KAT6B;KAT6A;GLYR1;INO80C;DLX1;KMT2D;DLX5;KMT2C;GLIS3;PSEN1;NPAS2;ATXN7;ABL1;DVL2;TASP1;RPRD1B;ZNF423;NKX6-1;ASIC2;WNT2;MAP2K5;TFAP2C;ZFHX3;SMAD4;NIBAN2;POU2F1;SMAD3;AUTS2;HMGA1;HMGA2;GLMP;ESRRG;INHBA;SUPT5H;BMP7;BMP6;PHOX2B;ESR2;NFKBIA;MLXIPL;DAB2;TFCP2;GDNF;LHX2;MKRN2;MYF6;TCF4;BMPR1B;PICALM;RNF187;BMPR1A;KDM5A;CALCOCO1;THRA;CHD6;CHD3;LDB2;MYSM1;IRF2BPL;FLCN;HHEX;ZIC3;SIN3A;GPER1;SOST;CEP290;MYBL1;NCK1;NKX3-1;ACTR3;BCAS3;PPP1R12A;OLIG3;ATRX;ETV1;PEX2;ARID1A;ARID1B;KLF15;DCN;DNM2;GREM1;UBTFL1;ELF2;THRAP3;TRAF6;ZNF516;IRF7;CDH13;ITGB1BP1;IRF6;MET;CREB5;HDAC4;HDAC5;NFAT5;SMARCD3;SRF;LEF1;RNF6;BARX2;TBXT;ATAD2B;WNT11;ERBB2;E2F7;TRIM44;ATF7IP;MLXIP;USP22;FOXJ3;FOXJ2;FOXJ1;USF3;KLF2;MTOR;APLN;ASXL1;POMC;KLF7;KLF6;PITHD1;POU2AF1;ASXL3;TAF3;LPIN2"
"Regulation Of MAP Kinase Activity (GO:0043405)","29/114",0.419679039938217,0.99999537209541,0,0,1.06554865777951,0.925178659125719,"DIRAS2;PIK3CB;THBS1;EGFR;ROBO1;RGS2;PDGFC;ERBB2;NTF3;TNFSF11;CDK5RAP3;MAP2K5;LYN;PTPN1;MEF2C;INSR;NTRK3;SPRY4;BMP7;SORL1;ADRA2A;AGT;VEGFA;NF1;NEK10;ADAM9;PPARG;SOS1;PPEF2"
"Exocytosis (GO:0006887)","22/86",0.428080154653611,0.99999537209541,0,0,1.0735248447205,0.910826597623396,"ARFGEF1;CCR1;SNAP25;RPH3AL;WIPF3;CADPS;RAB3IP;EXOC6B;RAB27A;SYTL3;STX11;CRHBP;RIMS1;RAB31;RAB11FIP1;SCRN1;TMEM79;MYH9;EXOC6;RAB11FIP2;WASHC3;VAMP3"
"Sodium Ion Transmembrane Transport (GO:0035725)","21/82",0.429355913696164,0.99999537209541,0,0,1.07511596893017,0.908977296626218,"SLC24A4;SLC24A3;SLC6A15;ATP1A4;SLC6A11;ATP1A2;ATP1A1;ATP1B1;SLC4A4;SLC6A3;SLC8A1;SLC9C2;ATP4B;SCNN1G;SLC6A6;SLC9A7;SCNN1B;SCNN1A;SLC9A9;ASIC2;KCNK1"
"Positive Regulation Of Transferase Activity (GO:0051347)","36/143",0.430805607645105,0.99999537209541,0,0,1.05077312385506,0.884854279112326,"ALK;PRIM2;VAC14;PARM1;NVL;CHRNA7;PARN;EGFR;UBE2L3;ERBB2;KDR;MAPK1;NEK2;EPHB4;MAP3K4;ARRDC4;GINS2;NTRK2;RFC3;MUSK;INSR;GINS3;NTRK3;APOA1;MERTK;GRHL2;SORL1;AGT;GREM1;UBE2N;TEK;EPHA1;MET;CD200;SERINC5;DDR2"
"Positive Regulation Of Protein Metabolic Process (GO:0051247)","49/196",0.431390566998884,0.99999537209541,0,0,1.04108543271566,0.875283635971027,"CYFIP2;CD86;PIWIL2;APP;GSK3B;CSF1;TNFAIP3;CLU;DCAF1;METTL14;SOX4;FBXW11;WNT5A;ATG10;ISL1;RBX1;RNF41;ASPH;PRR16;EZR;PRKN;RAB1A;CHRNA7;BCL10;PSEN1;PLD1;THBS1;FXR1;LARP1;PERP;ERBB2;ATG7;MAP2K5;NIBAN1;YTHDF1;PLK2;RDX;PYM1;MSN;INHBA;SORL1;AGT;KLF2;MTOR;NFKBIA;APC;NEDD4;ASB5;VIM"
"Positive Regulation Of Programmed Cell Death (GO:0043068)","61/245",0.431873761412482,0.99999537209541,0,0,1.03546051019575,0.869395375198366,"FANK1;FOXA1;ITGB1;MTCH1;MTCH2;TNFAIP8;CLU;ING4;FLCN;FAM162A;RPS6KA2;GPER1;ARL6IP5;TNFSF10;EMILIN2;DNM1L;PHLDA1;SOX4;CTNNBL1;MAP3K5;TGM2;BOK;STPG1;BNIP3L;PRMT2;SYK;APAF1;SIRT1;DNM2;LATS2;BIN1;KCNMA1;IAPP;ARHGEF7;EEF1E1;ATF6;HTT;BCL10;STK4;TMEM164;BCL2L11;IGF2BP1;ATG7;GBP1;MCL1;SNCA;GADD45B;GADD45A;BNIP3;TNFRSF10B;TNFRSF10A;PNMA2;GADD45G;RYBP;APC;STK17B;JMY;BCL2;NF1;TRIM35;ATM"
"Negative Regulation Of Neuron Apoptotic Process (GO:0043524)","19/74",0.431971169191982,0.99999537209541,0,0,1.0788217369223,0.905559115600217,"PRKN;FOXB1;NTRK2;MEF2C;VSTM2L;SEMA3E;PARK7;NGF;CLU;ISL1;POU4F1;FOXQ1;TOX3;GDNF;NTF3;BCL2;IL6ST;RETREG1;LGMN"
"Protein Localization To Membrane (GO:0072657)","48/192",0.432653175680699,0.99999537209541,0,0,1.04107688037746,0.872233836644657,"RAB3B;NLGN1;PLEKHF1;ROCK1;FRMPD1;ZDHHC7;LIN7A;TSPAN33;AP4M1;RAP1A;SH3PXD2B;FCHO2;P2RY1;MAP7;PIP5K1A;RAB6B;CLASP2;FYB2;FYB1;SMURF1;KCNB1;CAV1;TESC;MAGI2;RDX;TTC7B;ANK2;WDR72;BRAF;EMP2;ANK3;TTC7A;ATP1B1;EFR3B;RAB32;DLG1;TSPAN14;EHD4;NPC1;PACS1;RAB12;PKP2;CPE;ITGB1BP1;TNIK;EZR;RAMP1;FERMT2"
"Sensory Organ Development (GO:0007423)","18/70",0.433312030607411,0.99999537209541,0,0,1.08099678558926,0.90403456937231,"FOXC1;OLIG3;MYO7B;PBX3;ECE1;PAX6;BHLHA15;CHRDL1;SIPA1L3;SIX6;SMCHD1;SMOC1;SH3PXD2B;CPAMD8;MAB21L2;BMPR1B;ATF6;NEUROG1"
"Sulfur Compound Biosynthetic Process (GO:0044272)","18/70",0.433312030607411,0.99999537209541,0,0,1.08099678558926,0.90403456937231,"CHST9;CHST7;SLC10A7;CSGALNACT2;XYLT1;PAPSS1;EXT1;CHST11;DSE;UST;ST3GAL4;ST3GAL6;GGT3P;GGT1;CDO1;EXTL3;CHST3;ST3GAL3"
"Negative Regulation Of Immune Response (GO:0050777)","17/66",0.434675850121259,0.99999537209541,0,0,1.08343920815482,0.902672466062758,"LYN;YES1;PARP1;SYK;AMBP;PLK2;TNFAIP3;TRAFD1;NLRC3;FCRLB;HCK;FER;PCBP2;MKRN2;FYN;ENPP3;CCR2"
"Negative Regulation Of Kinase Activity (GO:0033673)","16/62",0.436063070383551,0.99999537209541,0,0,1.08620131621534,0.901512756822528,"RB1;WWTR1;DTNBP1;PRKAG2;PPP2R5A;TSC2;IRS2;PARK7;SPRED1;DEPTOR;GNAQ;NF1;ITGB1BP1;EPHA1;RTRAF;SNCA"
"Memory (GO:0007613)","15/58",0.437473905524619,0.99999537209541,0,0,1.08935001995279,0.900607295884557,"YTHDF1;MUSK;CHRNA7;INSR;PLK2;RASGRF1;VLDLR;PSEN1;NGF;ATXN1;CUX2;NETO1;TAFA2;NTF3;LGMN"
"Regulation Of Bone Mineralization (GO:0030500)","15/58",0.437473905524619,0.99999537209541,0,0,1.08935001995279,0.900607295884557,"FBN2;CCR1;KL;MEF2C;ADGRV1;SLC20A2;PTH;BMP7;SLC8A1;BMP6;GREM1;RXRA;BMPR1B;DDR2;BMPR1A"
"Regulation Of Phagocytosis (GO:0050764)","15/58",0.437473905524619,0.99999537209541,0,0,1.08935001995279,0.900607295884557,"IL15RA;CAMK1D;SYK;DYSF;APOA1;RAB27A;PLA2G5;MERTK;HCK;SPACA3;ITGAV;CD47;DOCK2;MBL2;TGM2"
"Selective Autophagy (GO:0061912)","15/58",0.437473905524619,0.99999537209541,0,0,1.08935001995279,0.900607295884557,"PRKN;PEX2;KLHL3;AMBRA1;ATG14;IRGM;SNX18;MAP1LC3C;RB1CC1;ULK2;PIK3C3;ATM;LGALS8;SNX7;RETREG1"
"Regulation Of Cell Motility (GO:2000145)","31/123",0.437703753089233,0.99999537209541,0,0,1.05231640558066,0.869437452576724,"MACF1;ROBO4;PRAG1;SERPINE2;ROCK1;PRKX;LDB2;TTBK2;DOCK10;DUOX1;AKT2;SPOCK2;ENPP2;ABL1;PLXNA2;ABL2;PLXNA1;CCR7;FYN;PLXNA4;PLEKHG3;MEAK7;CYRIB;FRMD5;CDK6;KIF2A;TMSB15A;SPATA13;SGK3;AMOTL1;RAF1"
"Extracellular Matrix Organization (GO:0030198)","44/176",0.437907817074863,0.99999537209541,0,0,1.04104270660011,0.859637739912568,"APP;COL18A1;COLGALT2;HPSE2;COL13A1;COL14A1;ELN;KLK4;ADAMTS12;LOXL2;MMP20;ADAMTS16;ADAMTS3;MMP24;ADAMTS1;CREB3L1;SPOCK2;SH3PXD2B;ADAMTS8;ATP7A;ADAMTS9;COL28A1;MMP7;COL24A1;COL23A1;NPNT;OTOL1;GREM1;SMOC2;BMP1;COL2A1;COL4A2;MMP15;SMOC1;GFOD2;PXDN;ST7;NF1;TLL2;TLL1;LCP1;RECK;DDR2;MATN2"
"Positive Regulation Of Hydrolase Activity (GO:0051345)","44/176",0.437907817074863,0.99999537209541,0,0,1.04104270660011,0.859637739912568,"BCAR3;ITGB1;GSK3B;ROCK1;DOCK8;RASGRF2;RASGRF1;MTMR9;SNX13;ADRB1;DOCK10;PREX2;FLCN;RAP1A;WNT11;RASGEF1A;ERBB2;CTSH;SRGAP3;RGS8;RAB11FIP2;CCL18;RGS6;RALGPS1;TGM2;MAP4K4;BCAS3;RIC1;CAV2;APOA1;TBC1D2;SNX18;NF1;F2RL1;GNB5;ARHGEF7;RAPGEF5;SOS1;MAPRE2;SOS2;CD200;FERMT2;RAB3GAP1;PICALM"
"Organelle Disassembly (GO:1903008)","14/54",0.438908202726851,0.99999537209541,0,0,1.09297230260438,0.900024429708248,"DYRK3;GFM2;GBF1;NEDD9;PLAAT3;VRK1;KLC1;RB1CC1;ULK2;EIF2D;MAP4;SNX7;PELO;RETREG1"
"tRNA Processing (GO:0008033)","13/50",0.440365225918524,0.99999537209541,0,0,1.0971833581877,0.899855850078497,"ANKRD16;RPP30;ELAC2;ELAC1;NSUN6;THUMPD1;TSEN2;ELP5;TRIT1;DTWD2;TRMT9B;FAM98B;RTRAF"
"Mitotic Cell Cycle Phase Transition (GO:0044772)","28/111",0.442204064362568,0.99999537209541,0,0,1.05351755279826,0.859653276505165,"CDKN1A;CTDP1;CCNF;KDM8;GSPT1;PHF8;EPS8;CCNB3;CCND3;CDC23;EIF4E;CLASP1;CLASP2;CCDC57;PLK2;CDC7;USP29;DNM2;CDK6;DBF4;LATS2;CCNY;CCNP;CDK14;CACUL1;ANAPC1;CCNO;FBXL7"
"Embryonic Heart Tube Morphogenesis (GO:0003143)","11/42",0.44333929641526,0.99999537209541,0,0,1.10805552038702,0.901314406115728,"RYR2;MEF2C;ZIC3;SRF;SETDB2;IHH;DVL2;GATA4;TBX2;TGFBR2;CCDC40"
"Positive Regulation Of T Cell Activation (GO:0050870)","27/107",0.443776274847258,0.99999537209541,0,0,1.0539792746114,0.856289366363727,"CD86;SMARCD2;SMARCD3;DOCK8;ZBTB1;CD1D;SLC7A1;TNFSF11;ABL2;CCR7;ARID2;B2M;CCR2;NCK1;SMARCC1;PBRM1;ANXA1;CYRIB;ARID1A;SMARCA2;ARID1B;GNAO1;IL7;LEP;CD47;IL6ST;HLA-DRB3"
"Regulation Of Cellular Response To Stress (GO:0080135)","27/107",0.443776274847258,0.99999537209541,0,0,1.0539792746114,0.856289366363727,"INO80C;PRKN;GSK3B;DYRK3;PARG;HAPSTR1;CRHBP;BABAM2;ATXN7;RUVBL1;KMT5A;SLC38A2;SOX4;RADX;FEM1B;USP22;CORO2B;SIRT1;WDR76;MTOR;MANF;KAT2B;ETAA1;TMEM98;UBE2V2;UBE2N;ATM"
"RNA 3'-End Processing (GO:0031123)","10/38",0.444847578384659,0.99999537209541,0,0,1.11524163568773,0.903372017814144,"CPSF7;TUT7;PNPT1;ELAC2;ELAC1;RPRD1B;RPRD1A;INTS6;INTS9;TENT4B"
"Connective Tissue Development (GO:0061448)","10/38",0.444847578384659,0.99999537209541,0,0,1.11524163568773,0.903372017814144,"COL2A1;SPTLC2;CREB3L2;SH3PXD2B;ZNF516;VPS13B;SOX9;ATP7A;SOX6;CD44"
"Heart Looping (GO:0001947)","10/38",0.444847578384659,0.99999537209541,0,0,1.11524163568773,0.903372017814144,"MEF2C;ZIC3;SRF;SETDB2;IHH;DVL2;GATA4;TBX2;TGFBR2;CCDC40"
"Tumor Necrosis Factor-Mediated Signaling Pathway (GO:0033209)","10/38",0.444847578384659,0.99999537209541,0,0,1.11524163568773,0.903372017814144,"NFKBIA;TRAF4;STAT1;TRAF3;TRAF6;TNFSF11;TRAF1;TNFRSF1B;COMMD7;ST18"
"Negative Regulation Of Gene Expression (GO:0010629)","83/336",0.445491551823909,0.99999537209541,0,0,1.02463870335177,0.828499284341191,"RB1;PIWIL2;APP;GSK3B;RNH1;CXCL8;CITED2;IFNA2;PARK7;ROBO1;FLCN;CREB3L1;TRIM2;GPER1;HEY2;KDR;CD34;NUDT12;DIS3L2;NKX3-1;EPHA4;MEF2C;NHLRC3;SLC2A10;ZNF281;SORD;SOX11;NUDT16L1;SIRT1;TERF2;SND1;PTBP2;ZAR1;RBL2;KAT2B;MYCN;PPARG;TMBIM6;PABPC1;DCP2;RBMS3;PRKN;YAP1;NOTCH2;SLC24A3;PTH;GATA5;MALSU1;PSEN1;TOB1;GIGYF2;FXR1;RIDA;LARP1;NOCT;DHX36;IGF2BP1;IGF2BP3;IGF2BP2;N4BP1;STOX1;CCR1;KDM4A;NDFIP2;PNPT1;SMAD3;SETDB2;STAT3;WWP2;CNOT10;IGF1;PARP14;POU4F1;VEGFA;APLN;DHFR;TDRD1;LSM6;LSM14A;LGMN;BMPR1A;PICALM;TNRC6B"
"Organic Substance Transport (GO:0071702)","50/201",0.446058286356352,0.99999537209541,0,0,1.03413037062372,0.834859289596662,"RYR2;ABCA12;ABCA13;CLU;SLC6A3;AQP1;SLC22A16;SLN;CHMP1B;ARL6IP5;SLC18A1;CEP290;SLC22A10;ARRDC4;ABCC1;TRPC3;ARRDC2;VPS33B;DISP1;SLC22A25;SLCO2A1;MYH9;SLC29A3;AQP7P3;RD3;SLC22A4;CETP;CALCRL;CHRNA7;SLC22A1;ITPR1;CACNA1D;PSEN1;ATP2C1;CLN8;PDPN;CDH23;TRPM7;FYN;SNX7;CACNG3;CCR1;CHKA;CAV1;SNX18;GRIN3A;SLCO1A2;NMUR1;RAMP1;TPT1"
"Cellular Response To Amyloid-Beta (GO:1904646)","9/34",0.446358432361075,0.99999537209541,0,0,1.12415444972125,0.906780064687319,"APP;GSK3B;EPHA4;FYN;ADRB2;PSEN1;CD36;IGF1;LGMN"
"Cellular Response To Glucose Stimulus (GO:0071333)","9/34",0.446358432361075,0.99999537209541,0,0,1.12415444972125,0.906780064687319,"MLXIPL;PTPRN2;KCNB1;GPER1;UCP2;NKX6-1;RAB11FIP2;ZNF236;SOX4"
"Glial Cell Differentiation (GO:0010001)","9/34",0.446358432361075,0.99999537209541,0,0,1.12415444972125,0.906780064687319,"MMP24;CDH2;NFIB;ADGRG6;STAT3;SOX9;PHOX2B;HAPLN2;FGF10"
"Microtubule Polymerization (GO:0046785)","9/34",0.446358432361075,0.99999537209541,0,0,1.12415444972125,0.906780064687319,"NEDD1;TUBGCP2;CCDC57;TUBGCP5;SLAIN1;MAP4;CKAP5;CLASP1;CLASP2"
"Negative Regulation Of Ras Protein Signal Transduction (GO:0046580)","9/34",0.446358432361075,0.99999537209541,0,0,1.12415444972125,0.906780064687319,"KANK1;RIPOR2;FLCN;MYOC;MAPKAP1;SPRY4;FBP1;MET;ARHGAP35"
"Response To Estrogen (GO:0043627)","9/34",0.446358432361075,0.99999537209541,0,0,1.12415444972125,0.906780064687319,"KMT2D;CRHBP;GHRHR;BCAS3;SLC34A2;CITED2;CAV1;SOX9;ESR2"
"Superoxide Metabolic Process (GO:0006801)","9/34",0.446358432361075,0.99999537209541,0,0,1.12415444972125,0.906780064687319,"DUOX1;CYB5R4;TAFA4;NCF4;SH3PXD2B;NOX3;NOX5;ATP7A;SOD3"
"Artery Morphogenesis (GO:0048844)","8/30",0.44785495244135,0.99999537209541,0,0,1.13550033781248,0.912131372047364,"JAG1;HPGD;HEY2;NF1;TBX2;TGFBR2;VEGFA;BMPR1A"
"Lamellipodium Organization (GO:0097581)","8/30",0.44785495244135,0.99999537209541,0,0,1.13550033781248,0.912131372047364,"ITGB1;CARMIL1;ABLIM3;PTPRO;SPATA13;CDH13;ARHGEF7;VCL"
"Phagocytosis, Engulfment (GO:0006911)","8/30",0.44785495244135,0.99999537209541,0,0,1.13550033781248,0.912131372047364,"XKR9;ELMO1;MYH9;TIMD4;CD36;THBS1;DOCK1;XKR5"
"Protein Palmitoylation (GO:0018345)","8/30",0.44785495244135,0.99999537209541,0,0,1.13550033781248,0.912131372047364,"GOLGA7B;ZDHHC9;ZDHHC21;ZDHHC7;ZDHHC11;ZDHHC1;GOLGA7;ZDHHC14"
"N-acetylneuraminate Catabolic Process (GO:0019262)","2/6",0.448432799731391,0.99999537209541,0,0,1.56123711340206,1.25210661019834,"GNPDA2;NPL"
"SMAD Protein Complex Assembly (GO:0007183)","2/6",0.448432799731391,0.99999537209541,0,0,1.56123711340206,1.25210661019834,"SMAD4;SMAD3"
"TRAIL-activated Apoptotic Signaling Pathway (GO:0036462)","2/6",0.448432799731391,0.99999537209541,0,0,1.56123711340206,1.25210661019834,"TNFRSF10B;TNFRSF10A"
"Adenosine Metabolic Process (GO:0046085)","2/6",0.448432799731391,0.99999537209541,0,0,1.56123711340206,1.25210661019834,"TADA2A;NT5C1B"
"Adenosine To Inosine Editing (GO:0006382)","2/6",0.448432799731391,0.99999537209541,0,0,1.56123711340206,1.25210661019834,"ADARB1;ADARB2"
"Adherens Junction Maintenance (GO:0034334)","2/6",0.448432799731391,0.99999537209541,0,0,1.56123711340206,1.25210661019834,"FERMT2;MTSS1"
"Angiotensin-Activated Signaling Pathway (GO:0038166)","2/6",0.448432799731391,0.99999537209541,0,0,1.56123711340206,1.25210661019834,"AHCYL1;CAV1"
"Antigen Processing And Presentation Of Endogenous Peptide Antigen Via MHC Class I (GO:0019885)","2/6",0.448432799731391,0.99999537209541,0,0,1.56123711340206,1.25210661019834,"ERAP2;ERAP1"
"Antigen Processing And Presentation Of Exogenous Peptide Antigen Via MHC Class I (GO:0042590)","2/6",0.448432799731391,0.99999537209541,0,0,1.56123711340206,1.25210661019834,"MFSD6;LNPEP"
"Atrioventricular Valve Formation (GO:0003190)","2/6",0.448432799731391,0.99999537209541,0,0,1.56123711340206,1.25210661019834,"SMAD4;GATA4"
"Autophagosome Membrane Docking (GO:0016240)","2/6",0.448432799731391,0.99999537209541,0,0,1.56123711340206,1.25210661019834,"VMP1;ATP2A2"
"Bleb Assembly (GO:0032060)","2/6",0.448432799731391,0.99999537209541,0,0,1.56123711340206,1.25210661019834,"EMP2;MYLK"
"Cardiac Muscle Cell-Cardiac Muscle Cell Adhesion (GO:0086042)","2/6",0.448432799731391,0.99999537209541,0,0,1.56123711340206,1.25210661019834,"DSP;PKP2"
"Catecholamine Uptake (GO:0090493)","2/6",0.448432799731391,0.99999537209541,0,0,1.56123711340206,1.25210661019834,"SLC22A1;SLC6A3"
"Cellular Response To Caffeine (GO:0071313)","2/6",0.448432799731391,0.99999537209541,0,0,1.56123711340206,1.25210661019834,"RYR2;SLC8A1"
"Cellular Response To Laminar Fluid Shear Stress (GO:0071499)","2/6",0.448432799731391,0.99999537209541,0,0,1.56123711340206,1.25210661019834,"KLF2;MAP2K5"
"Cleavage Furrow Formation (GO:0036089)","2/6",0.448432799731391,0.99999537209541,0,0,1.56123711340206,1.25210661019834,"SNX18;SPIRE1"
"Copper Ion Import (GO:0015677)","2/6",0.448432799731391,0.99999537209541,0,0,1.56123711340206,1.25210661019834,"STEAP3;STEAP4"
"Dense Core Granule Cytoskeletal Transport (GO:0099519)","2/6",0.448432799731391,0.99999537209541,0,0,1.56123711340206,1.25210661019834,"SYT4;TANC2"
"Detection Of Muscle Stretch (GO:0035995)","2/6",0.448432799731391,0.99999537209541,0,0,1.56123711340206,1.25210661019834,"CDH2;TTN"
"Detection Of Stimulus Involved In Sensory Perception Of Pain (GO:0062149)","2/6",0.448432799731391,0.99999537209541,0,0,1.56123711340206,1.25210661019834,"MMP24;SCN1A"
"Determination Of Digestive Tract Left/Right Asymmetry (GO:0071907)","2/6",0.448432799731391,0.99999537209541,0,0,1.56123711340206,1.25210661019834,"ZIC3;CCDC40"
"Enteric Nervous System Development (GO:0048484)","2/6",0.448432799731391,0.99999537209541,0,0,1.56123711340206,1.25210661019834,"GDNF;PHOX2B"
"Exocrine System Development (GO:0035272)","2/6",0.448432799731391,0.99999537209541,0,0,1.56123711340206,1.25210661019834,"IGSF3;NKX3-1"
"Fatty Acid Elongation, Monounsaturated Fatty Acid (GO:0034625)","2/6",0.448432799731391,0.99999537209541,0,0,1.56123711340206,1.25210661019834,"ELOVL6;ELOVL7"
"Fatty Acid Elongation, Polyunsaturated Fatty Acid (GO:0034626)","2/6",0.448432799731391,0.99999537209541,0,0,1.56123711340206,1.25210661019834,"ELOVL6;ELOVL7"
"Fatty Acid Elongation, Saturated Fatty Acid (GO:0019367)","2/6",0.448432799731391,0.99999537209541,0,0,1.56123711340206,1.25210661019834,"ELOVL6;ELOVL7"
"Fatty Acid Elongation, Unsaturated Fatty Acid (GO:0019368)","2/6",0.448432799731391,0.99999537209541,0,0,1.56123711340206,1.25210661019834,"ELOVL6;ELOVL7"
"Gamma-Aminobutyric Acid Transport (GO:0015812)","2/6",0.448432799731391,0.99999537209541,0,0,1.56123711340206,1.25210661019834,"SLC6A6;SLC6A11"
"Ganglioside Catabolic Process (GO:0006689)","2/6",0.448432799731391,0.99999537209541,0,0,1.56123711340206,1.25210661019834,"NEU3;HEXB"
"Glutathione Biosynthetic Process (GO:0006750)","2/6",0.448432799731391,0.99999537209541,0,0,1.56123711340206,1.25210661019834,"GCLM;GGT1"
"Glycogen Catabolic Process (GO:0005980)","2/6",0.448432799731391,0.99999537209541,0,0,1.56123711340206,1.25210661019834,"PYGB;RB1CC1"
"Glycosylceramide Biosynthetic Process (GO:0046476)","2/6",0.448432799731391,0.99999537209541,0,0,1.56123711340206,1.25210661019834,"UGT8;B3GALT2"
"Heart Trabecula Formation (GO:0060347)","2/6",0.448432799731391,0.99999537209541,0,0,1.56123711340206,1.25210661019834,"TGFBR3;TEK"
"Hemostasis (GO:0007599)","2/6",0.448432799731391,0.99999537209541,0,0,1.56123711340206,1.25210661019834,"GPI;VWF"
"Hepatocyte Growth Factor Receptor Signaling Pathway (GO:0048012)","2/6",0.448432799731391,0.99999537209541,0,0,1.56123711340206,1.25210661019834,"HGF;MUC20"
"Histone H4-K12 Acetylation (GO:0043983)","2/6",0.448432799731391,0.99999537209541,0,0,1.56123711340206,1.25210661019834,"MEAF6;JADE1"
"Host-Mediated Regulation Of Intestinal Microbiota Composition (GO:0048874)","2/6",0.448432799731391,0.99999537209541,0,0,1.56123711340206,1.25210661019834,"ST6GALNAC1;NAPEPLD"
"Inner Ear Receptor Cell Differentiation (GO:0060113)","2/6",0.448432799731391,0.99999537209541,0,0,1.56123711340206,1.25210661019834,"GRXCR1;USH2A"
"Inositol Metabolic Process (GO:0006020)","2/6",0.448432799731391,0.99999537209541,0,0,1.56123711340206,1.25210661019834,"PPIP5K1;IMPA2"
"Insulin Secretion Involved In Cellular Response To Glucose Stimulus (GO:0035773)","2/6",0.448432799731391,0.99999537209541,0,0,1.56123711340206,1.25210661019834,"PTPRN2;RAB11FIP2"
"Interleukin-3-Mediated Signaling Pathway (GO:0038156)","2/6",0.448432799731391,0.99999537209541,0,0,1.56123711340206,1.25210661019834,"STAT5A;SYK"
"Intracellular Triglyceride Homeostasis (GO:0035356)","2/6",0.448432799731391,0.99999537209541,0,0,1.56123711340206,1.25210661019834,"FITM2;SIRT1"
"Leukotriene Transport (GO:0071716)","2/6",0.448432799731391,0.99999537209541,0,0,1.56123711340206,1.25210661019834,"ABCC2;ABCC6"
"Long-Chain Fatty Acid Catabolic Process (GO:0042758)","2/6",0.448432799731391,0.99999537209541,0,0,1.56123711340206,1.25210661019834,"ACADL;ADTRP"
"Lymphocyte Migration Into Lymphoid Organs (GO:0097021)","2/6",0.448432799731391,0.99999537209541,0,0,1.56123711340206,1.25210661019834,"WNK1;NEDD9"
"Marginal Zone B Cell Differentiation (GO:0002315)","2/6",0.448432799731391,0.99999537209541,0,0,1.56123711340206,1.25210661019834,"DOCK10;NOTCH2"
"Mitochondrial tRNA Processing (GO:0090646)","2/6",0.448432799731391,0.99999537209541,0,0,1.56123711340206,1.25210661019834,"METTL8;TRIT1"
"Mitochondrion-Endoplasmic Reticulum Membrane Tethering (GO:1990456)","2/6",0.448432799731391,0.99999537209541,0,0,1.56123711340206,1.25210661019834,"VMP1;ATP2A2"
"Negative Regulation Of Blood Vessel Endothelial Cell Proliferation Involved In Sprouting Angiogenesis (GO:1903588)","2/6",0.448432799731391,0.99999537209541,0,0,1.56123711340206,1.25210661019834,"MMRN2;THBS1"
"Negative Regulation Of Catecholamine Secretion (GO:0033604)","2/6",0.448432799731391,0.99999537209541,0,0,1.56123711340206,1.25210661019834,"CHGA;SYT4"
"Negative Regulation Of Centriole Replication (GO:0046600)","2/6",0.448432799731391,0.99999537209541,0,0,1.56123711340206,1.25210661019834,"KAT2B;CDK5RAP2"
"Negative Regulation Of Double-Strand Break Repair Via Nonhomologous End Joining (GO:2001033)","2/6",0.448432799731391,0.99999537209541,0,0,1.56123711340206,1.25210661019834,"HMGA2;NUDT16L1"
"Negative Regulation Of Hematopoietic Progenitor Cell Differentiation (GO:1901533)","2/6",0.448432799731391,0.99999537209541,0,0,1.56123711340206,1.25210661019834,"METTL14;MYB"
"Negative Regulation Of Lymphocyte Differentiation (GO:0045620)","2/6",0.448432799731391,0.99999537209541,0,0,1.56123711340206,1.25210661019834,"IFNA2;INHBA"
"Negative Regulation Of Neuron Projection Regeneration (GO:0070571)","2/6",0.448432799731391,0.99999537209541,0,0,1.56123711340206,1.25210661019834,"EPHA4;PTPRS"
"Negative Regulation Of Oligodendrocyte Differentiation (GO:0048715)","2/6",0.448432799731391,0.99999537209541,0,0,1.56123711340206,1.25210661019834,"TMEM98;NF1"
"Negative Regulation Of Plasminogen Activation (GO:0010757)","2/6",0.448432799731391,0.99999537209541,0,0,1.56123711340206,1.25210661019834,"SERPINE2;THBS1"
"Negative Regulation Of Response To Type II Interferon (GO:0060331)","2/6",0.448432799731391,0.99999537209541,0,0,1.56123711340206,1.25210661019834,"PPARG;PARP14"
"Negative Regulation Of Retinoic Acid Receptor Signaling Pathway (GO:0048387)","2/6",0.448432799731391,0.99999537209541,0,0,1.56123711340206,1.25210661019834,"CYP26A1;CYP26C1"
"Negative Regulation Of Smooth Muscle Cell Apoptotic Process (GO:0034392)","2/6",0.448432799731391,0.99999537209541,0,0,1.56123711340206,1.25210661019834,"IGF1;DIPK2A"
"Negative Regulation Of Telomere Capping (GO:1904354)","2/6",0.448432799731391,0.99999537209541,0,0,1.56123711340206,1.25210661019834,"TERF2;SMG6"
"Negative Regulation Of Type 2 Immune Response (GO:0002829)","2/6",0.448432799731391,0.99999537209541,0,0,1.56123711340206,1.25210661019834,"IFNA2;CCR2"
"Negative Regulation Of Type II Interferon-Mediated Signaling Pathway (GO:0060336)","2/6",0.448432799731391,0.99999537209541,0,0,1.56123711340206,1.25210661019834,"PPARG;PARP14"
"Neurotransmitter Receptor Transport, Postsynaptic Endosome To Lysosome (GO:0098943)","2/6",0.448432799731391,0.99999537209541,0,0,1.56123711340206,1.25210661019834,"CACNG3;CACNG4"
"Neurotrophin TRK Receptor Signaling Pathway (GO:0048011)","2/6",0.448432799731391,0.99999537209541,0,0,1.56123711340206,1.25210661019834,"DDIT4;BCAR1"
"Norepinephrine Transport (GO:0015874)","2/6",0.448432799731391,0.99999537209541,0,0,1.56123711340206,1.25210661019834,"SLC29A3;SLC6A3"
"Nuclear-Transcribed mRNA Catabolic Process, Deadenylation-Independent Decay (GO:0031086)","2/6",0.448432799731391,0.99999537209541,0,0,1.56123711340206,1.25210661019834,"EDC3;ZFP36L1"
"Nucleobase Catabolic Process (GO:0046113)","2/6",0.448432799731391,0.99999537209541,0,0,1.56123711340206,1.25210661019834,"DPYSL5;DPYD"
"Nucleotide Transport (GO:0006862)","2/6",0.448432799731391,0.99999537209541,0,0,1.56123711340206,1.25210661019834,"ABCC5;SLC25A33"
"Peptide Transport (GO:0015833)","2/6",0.448432799731391,0.99999537209541,0,0,1.56123711340206,1.25210661019834,"CDH17;DISP1"
"Phospholipase C-activating Dopamine Receptor Signaling Pathway (GO:0060158)","2/6",0.448432799731391,0.99999537209541,0,0,1.56123711340206,1.25210661019834,"GNAQ;DRD2"
"Pituitary Gland Development (GO:0021983)","2/6",0.448432799731391,0.99999537209541,0,0,1.56123711340206,1.25210661019834,"SALL1;NR0B1"
"Placenta Blood Vessel Development (GO:0060674)","2/6",0.448432799731391,0.99999537209541,0,0,1.56123711340206,1.25210661019834,"HEY2;RBPJ"
"Positive Regulation Of B Cell Receptor Signaling Pathway (GO:0050861)","2/6",0.448432799731391,0.99999537209541,0,0,1.56123711340206,1.25210661019834,"PRKCH;PRKCB"
"Positive Regulation Of Autophagosome Maturation (GO:1901098)","2/6",0.448432799731391,0.99999537209541,0,0,1.56123711340206,1.25210661019834,"FYCO1;IRGM"
"Positive Regulation Of Blood Circulation (GO:1903524)","2/6",0.448432799731391,0.99999537209541,0,0,1.56123711340206,1.25210661019834,"ATP1A2;APLN"
"Positive Regulation Of cAMP-mediated Signaling (GO:0043950)","2/6",0.448432799731391,0.99999537209541,0,0,1.56123711340206,1.25210661019834,"POMC;OR51E2"
"Positive Regulation Of Catecholamine Secretion (GO:0033605)","2/6",0.448432799731391,0.99999537209541,0,0,1.56123711340206,1.25210661019834,"GDNF;KCNB1"
"Positive Regulation Of Chemokine (C-X-C Motif) Ligand 2 Production (GO:2000343)","2/6",0.448432799731391,0.99999537209541,0,0,1.56123711340206,1.25210661019834,"LCP1;MBL2"
"Positive Regulation Of Cilium Movement (GO:0003353)","2/6",0.448432799731391,0.99999537209541,0,0,1.56123711340206,1.25210661019834,"TACR2;PGAM4"
"Positive Regulation Of Cilium-Dependent Cell Motility (GO:2000155)","2/6",0.448432799731391,0.99999537209541,0,0,1.56123711340206,1.25210661019834,"TACR2;PGAM4"
"Positive Regulation Of Deacetylase Activity (GO:0090045)","2/6",0.448432799731391,0.99999537209541,0,0,1.56123711340206,1.25210661019834,"PRKD1;VEGFA"
"Positive Regulation Of Endoplasmic Reticulum Stress-Induced Intrinsic Apoptotic Signaling Pathway (GO:1902237)","2/6",0.448432799731391,0.99999537209541,0,0,1.56123711340206,1.25210661019834,"BOK;NCK1"
"Positive Regulation Of Flagellated Sperm Motility (GO:1902093)","2/6",0.448432799731391,0.99999537209541,0,0,1.56123711340206,1.25210661019834,"TACR2;PGAM4"
"Positive Regulation Of Helicase Activity (GO:0051096)","2/6",0.448432799731391,0.99999537209541,0,0,1.56123711340206,1.25210661019834,"MSH6;MSH3"
"Positive Regulation Of Humoral Immune Response (GO:0002922)","2/6",0.448432799731391,0.99999537209541,0,0,1.56123711340206,1.25210661019834,"PHB1;CCR7"
"Positive Regulation Of Immune Response To Tumor Cell (GO:0002839)","2/6",0.448432799731391,0.99999537209541,0,0,1.56123711340206,1.25210661019834,"FBXO38;HLA-DRB3"
"Positive Regulation Of Intracellular Estrogen Receptor Signaling Pathway (GO:0033148)","2/6",0.448432799731391,0.99999537209541,0,0,1.56123711340206,1.25210661019834,"YAP1;KMT2D"
"Positive Regulation Of Kidney Development (GO:0090184)","2/6",0.448432799731391,0.99999537209541,0,0,1.56123711340206,1.25210661019834,"PPP3CA;SOX9"
"Positive Regulation Of Mitophagy In Response To Mitochondrial Depolarization (GO:0098779)","2/6",0.448432799731391,0.99999537209541,0,0,1.56123711340206,1.25210661019834,"PRKN;OPTN"
"Positive Regulation Of Multicellular Organism Growth (GO:0040018)","2/6",0.448432799731391,0.99999537209541,0,0,1.56123711340206,1.25210661019834,"GHRHR;GHSR"
"Positive Regulation Of Necrotic Cell Death (GO:0010940)","2/6",0.448432799731391,0.99999537209541,0,0,1.56123711340206,1.25210661019834,"HEBP2;SLC6A6"
"Positive Regulation Of Protein K63-linked Ubiquitination (GO:1902523)","2/6",0.448432799731391,0.99999537209541,0,0,1.56123711340206,1.25210661019834,"UBE2N;UBE2V2"
"Positive Regulation Of Striated Muscle Contraction (GO:0045989)","2/6",0.448432799731391,0.99999537209541,0,0,1.56123711340206,1.25210661019834,"CHGA;RGS2"
"Positive Regulation Of Triglyceride Catabolic Process (GO:0010898)","2/6",0.448432799731391,0.99999537209541,0,0,1.56123711340206,1.25210661019834,"ABHD5;DAGLB"
"Protein Catabolic Process In The Vacuole (GO:0007039)","2/6",0.448432799731391,0.99999537209541,0,0,1.56123711340206,1.25210661019834,"LAMP2;VPS13A"
"Protein Import Into Peroxisome Matrix, Receptor Recycling (GO:0016562)","2/6",0.448432799731391,0.99999537209541,0,0,1.56123711340206,1.25210661019834,"PEX10;PEX2"
"Protein Localization To Basolateral Plasma Membrane (GO:1903361)","2/6",0.448432799731391,0.99999537209541,0,0,1.56123711340206,1.25210661019834,"CAV1;LIN7A"
"Protein Localization To Endoplasmic Reticulum Exit Site (GO:0070973)","2/6",0.448432799731391,0.99999537209541,0,0,1.56123711340206,1.25210661019834,"SEC16B;GBF1"
"Purine Ribonucleoside Metabolic Process (GO:0046128)","2/6",0.448432799731391,0.99999537209541,0,0,1.56123711340206,1.25210661019834,"NT5C1B;GNMT"
"Pyrimidine Nucleotide-Sugar Transmembrane Transport (GO:0090481)","2/6",0.448432799731391,0.99999537209541,0,0,1.56123711340206,1.25210661019834,"SLC35A3;SLC35B4"
"Regulation Of NAD(P)H Oxidase Activity (GO:0033860)","2/6",0.448432799731391,0.99999537209541,0,0,1.56123711340206,1.25210661019834,"RFK;PARK7"
"Regulation Of T Cell Mediated Immune Response To Tumor Cell (GO:0002840)","2/6",0.448432799731391,0.99999537209541,0,0,1.56123711340206,1.25210661019834,"FBXO38;HLA-DRB3"
"Regulation Of Antigen Receptor-Mediated Signaling Pathway (GO:0050854)","2/6",0.448432799731391,0.99999537209541,0,0,1.56123711340206,1.25210661019834,"LYN;GCSAM"
"Regulation Of Axon Guidance (GO:1902667)","2/6",0.448432799731391,0.99999537209541,0,0,1.56123711340206,1.25210661019834,"YTHDF1;VEGFA"
"Regulation Of Cardiac Muscle Hypertrophy In Response To Stress (GO:1903242)","2/6",0.448432799731391,0.99999537209541,0,0,1.56123711340206,1.25210661019834,"TRPC3;PPARG"
"Regulation Of Cell Adhesion Molecule Production (GO:0060353)","2/6",0.448432799731391,0.99999537209541,0,0,1.56123711340206,1.25210661019834,"CXCL8;CAV1"
"Regulation Of Digestive System Process (GO:0044058)","2/6",0.448432799731391,0.99999537209541,0,0,1.56123711340206,1.25210661019834,"OPRK1;FGF10"
"Regulation Of Entry Of Bacterium Into Host Cell (GO:2000535)","2/6",0.448432799731391,0.99999537209541,0,0,1.56123711340206,1.25210661019834,"CXCL8;ITGAV"
"Regulation Of Glial Cell Apoptotic Process (GO:0034350)","2/6",0.448432799731391,0.99999537209541,0,0,1.56123711340206,1.25210661019834,"PRKCH;PRKCA"
"Regulation Of Growth Hormone Secretion (GO:0060123)","2/6",0.448432799731391,0.99999537209541,0,0,1.56123711340206,1.25210661019834,"GHRHR;DRD2"
"Regulation Of Inositol Phosphate Biosynthetic Process (GO:0010919)","2/6",0.448432799731391,0.99999537209541,0,0,1.56123711340206,1.25210661019834,"PTH;SNCA"
"Regulation Of Intestinal Cholesterol Absorption (GO:0030300)","2/6",0.448432799731391,0.99999537209541,0,0,1.56123711340206,1.25210661019834,"APOA1;CYP8B1"
"Regulation Of Male Gonad Development (GO:2000018)","2/6",0.448432799731391,0.99999537209541,0,0,1.56123711340206,1.25210661019834,"WT1;SOX9"
"Regulation Of Mitotic Cytokinesis (GO:1902412)","2/6",0.448432799731391,0.99999537209541,0,0,1.56123711340206,1.25210661019834,"INCENP;MAP9"
"Regulation Of Norepinephrine Secretion (GO:0014061)","2/6",0.448432799731391,0.99999537209541,0,0,1.56123711340206,1.25210661019834,"HRH3;KCNB1"
"Regulation Of Potassium Ion Export Across Plasma Membrane (GO:1903764)","2/6",0.448432799731391,0.99999537209541,0,0,1.56123711340206,1.25210661019834,"KCNH2;DLG1"
"Regulation Of Relaxation Of Muscle (GO:1901077)","2/6",0.448432799731391,0.99999537209541,0,0,1.56123711340206,1.25210661019834,"SLN;NEUROG1"
"Regulation Of Respiratory Gaseous Exchange (GO:0043576)","2/6",0.448432799731391,0.99999537209541,0,0,1.56123711340206,1.25210661019834,"MTG2;GRPR"
"Regulation Of Respiratory System Process (GO:0044065)","2/6",0.448432799731391,0.99999537209541,0,0,1.56123711340206,1.25210661019834,"MTG2;PHOX2B"
"Regulation Of Vascular Associated Smooth Muscle Cell Apoptotic Process (GO:1905459)","2/6",0.448432799731391,0.99999537209541,0,0,1.56123711340206,1.25210661019834,"PPARG;IGF1"
"Regulation Of Vitamin D Receptor Signaling Pathway (GO:0070562)","2/6",0.448432799731391,0.99999537209541,0,0,1.56123711340206,1.25210661019834,"MN1;RXRA"
"Response To Alkaloid (GO:0043279)","2/6",0.448432799731391,0.99999537209541,0,0,1.56123711340206,1.25210661019834,"RYR2;DRD2"
"Response To Caffeine (GO:0031000)","2/6",0.448432799731391,0.99999537209541,0,0,1.56123711340206,1.25210661019834,"RYR2;SLC8A1"
"Ribosome-Associated Ubiquitin-Dependent Protein Catabolic Process (GO:1990116)","2/6",0.448432799731391,0.99999537209541,0,0,1.56123711340206,1.25210661019834,"NEMF;LTN1"
"Serine Transport (GO:0032329)","2/6",0.448432799731391,0.99999537209541,0,0,1.56123711340206,1.25210661019834,"SFXN2;SLC38A2"
"Short-Chain Fatty Acid Metabolic Process (GO:0046459)","2/6",0.448432799731391,0.99999537209541,0,0,1.56123711340206,1.25210661019834,"PCCA;ACSM1"
"Smooth Muscle Cell Migration (GO:0014909)","2/6",0.448432799731391,0.99999537209541,0,0,1.56123711340206,1.25210661019834,"ITGB3;PARVA"
"Spontaneous Synaptic Transmission (GO:0098814)","2/6",0.448432799731391,0.99999537209541,0,0,1.56123711340206,1.25210661019834,"RIMS2;RPH3AL"
"Synaptic Vesicle Budding From Presynaptic Endocytic Zone Membrane (GO:0016185)","2/6",0.448432799731391,0.99999537209541,0,0,1.56123711340206,1.25210661019834,"AP3S2;PICALM"
"Synaptic Vesicle Docking (GO:0016081)","2/6",0.448432799731391,0.99999537209541,0,0,1.56123711340206,1.25210661019834,"SNAP25;UNC13C"
"Tubulin Complex Assembly (GO:0007021)","2/6",0.448432799731391,0.99999537209541,0,0,1.56123711340206,1.25210661019834,"TBCEL;TBCE"
"Vascular Associated Smooth Muscle Cell Development (GO:0097084)","2/6",0.448432799731391,0.99999537209541,0,0,1.56123711340206,1.25210661019834,"HEY2;VEGFA"
"Vitamin A Metabolic Process (GO:0006776)","2/6",0.448432799731391,0.99999537209541,0,0,1.56123711340206,1.25210661019834,"KDM5A;BCO1"
"Positive Regulation Of Transmembrane Receptor Protein Serine/Threonine Kinase Signaling Pathway (GO:0090100)","24/95",0.448746809024874,0.99999537209541,0,0,1.05560287991412,0.84585084029869,"CDKN2B;SMAD4;RBPMS;CITED2;SLC2A10;GDF15;SOX11;TTK;INHBA;RBPJ;THBS1;BMP7;ELAPOR2;BMP6;TGFBR2;NUP93;FLCN;SCUBE3;BMP3;DAB2;PPARG;ZNF423;KIAA0319;BMPR1A"
"Wnt Signaling Pathway, Planar Cell Polarity Pathway (GO:0060071)","7/26",0.449307083885622,0.99999537209541,0,0,1.15043180707186,0.920401467702093,"TIAM1;WNT11;SMURF1;MAGI2;WNT5A;PRICKLE2;DVL2"
"Organelle Fusion (GO:0048284)","7/26",0.449307083885622,0.99999537209541,0,0,1.15043180707186,0.920401467702093,"CYP26C1;MIGA1;MFN1;PLD6;GDAP1;CIDEC;MCL1"
"Positive Regulation Of Monooxygenase Activity (GO:0032770)","7/26",0.449307083885622,0.99999537209541,0,0,1.15043180707186,0.920401467702093,"DHFR;GDNF;NPR3;PARK7;PIK3CB;ATP7A;TERF2"
"Ras Protein Signal Transduction (GO:0007265)","36/144",0.449614195538242,0.99999537209541,0,0,1.04097452934662,0.832119028530829,"RB1;ROPN1B;CDKN1A;GARRE1;ROCK1;RASGRF2;RASGRF1;PARK7;HACD3;PLD1;ARHGAP6;ARHGAP35;EPS8;RAP1B;RAP1A;RASGEF1A;GNA12;PDPN;G3BP2;USP50;RALGPS1;FARP2;PLK2;IGF1;ADRA2A;TIAM1;RIT2;DOK5;ELMO1;NF1;ARHGEF3;CDH13;TAX1BP3;RAPGEF5;SOS1;SOS2"
"Regulation Of Actin Cytoskeleton Organization (GO:0032956)","23/91",0.450499506594365,0.99999537209541,0,0,1.05624109241957,0.842244848500973,"EPHA5;NOTCH2;CARMIL1;SIGLEC15;RNH1;ROCK1;FAM107A;NEDD9;SEMA3E;GRHL3;EFNA5;CLU;CORO2B;ARHGAP35;MTOR;EPS8;HCK;MYO3B;FSCN1;ABL2;RICTOR;EZR;OR2A4"
"Acetylcholine Receptor Signaling Pathway (GO:0095500)","6/22",0.450659094060213,0.99999537209541,0,0,1.17096574494428,0.933311355065694,"CHRM3;CHRM1;CHRNA7;GNAQ;RGS8;CDK5R1"
"Acylglycerol Biosynthetic Process (GO:0046463)","6/22",0.450659094060213,0.99999537209541,0,0,1.17096574494428,0.933311355065694,"LPGAT1;GPAM;MOGAT2;GPAT4;GPAT3;LPIN2"
"Modulation By Host Of Viral Process (GO:0044788)","6/22",0.450659094060213,0.99999537209541,0,0,1.17096574494428,0.933311355065694,"ZDHHC9;CAV2;FASN;NUCKS1;IGF2R;LTF"
"Negative Regulation Of G Protein-Coupled Receptor Signaling Pathway (GO:0045744)","6/22",0.450659094060213,0.99999537209541,0,0,1.17096574494428,0.933311355065694,"GRK3;RGS2;CXCL8;MGRN1;MET;SNCA"
"Negative Regulation Of Myeloid Cell Differentiation (GO:0045638)","6/22",0.450659094060213,0.99999537209541,0,0,1.17096574494428,0.933311355065694,"HSPA9;CDK6;MYB;PEX2;ZFP36L1;PF4"
"Positive Regulation Of Cilium Assembly (GO:0045724)","6/22",0.450659094060213,0.99999537209541,0,0,1.17096574494428,0.933311355065694,"GSK3B;CEP120;HTT;SAXO1;ARHGAP35;BBS4"
"Regulation Of Intracellular Steroid Hormone Receptor Signaling Pathway (GO:0033143)","6/22",0.450659094060213,0.99999537209541,0,0,1.17096574494428,0.933311355065694,"KDM4C;PRMT2;SAFB2;NR0B1;RNF6;PARK7"
"Regulation Of Release Of Sequestered Calcium Ion Into Cytosol By Sarcoplasmic Reticulum (GO:0010880)","6/22",0.450659094060213,0.99999537209541,0,0,1.17096574494428,0.933311355065694,"RYR2;CAMK2D;ANK2;ATP1A2;CACNA1C;SLC8A1"
"Regulation Of Telomere Capping (GO:1904353)","6/22",0.450659094060213,0.99999537209541,0,0,1.17096574494428,0.933311355065694,"USP7;MAPK1;NEK2;TERF2;MAP3K4;SMG6"
"Vesicle Transport Along Microtubule (GO:0047496)","6/22",0.450659094060213,0.99999537209541,0,0,1.17096574494428,0.933311355065694,"RAB1A;FYCO1;KIF3B;FBXW11;HTT;KIFAP3"
"Plasma Membrane Bounded Cell Projection Assembly (GO:0120031)","68/275",0.451109753326948,0.99999537209541,0,0,1.02595204627341,0.816703600241154,"SPAG16;ITGB1;C2CD3;PTPRO;SNX10;FNBP1L;CDC14C;PTPDC1;MYLK;CDC14B;NUDCD3;TCTN2;IQUB;CFAP47;IFT57;CEP290;BBS4;ACTR3;IFT140;ARMC9;RFX2;RFX3;KIF24;EMP2;MTSS1;DNM3;IFT43;SPATA13;FSCN1;CFAP58;CDH13;TNIK;ATP6V0D1;EZR;ARHGEF7;SSX2IP;CCNO;VCL;RAB1A;INTU;FAM149B1;ARL6;DNAH5;TTBK2;RAP1B;ABLIM1;RAP1A;KIF3B;ABLIM3;TMEM67;TTC21B;PIP5K1A;SRGAP3;MAP4K4;CARMIL1;CCDC57;RAB3IP;GBF1;FOXJ1;PARVA;CPLANE2;FHDC1;EHD4;TTLL3;STK26;CFAP161;DZIP1;CEP89"
"T-helper Cell Differentiation (GO:0042093)","5/18",0.45180049335286,0.99999537209541,0,0,1.20098078113345,0.954196744485672,"TMEM98;LEF1;MYB;STAT4;BATF"
"Detection Of Mechanical Stimulus (GO:0050982)","5/18",0.45180049335286,0.99999537209541,0,0,1.20098078113345,0.954196744485672,"CDH2;LHFPL5;PIEZO2;PIEZO1;TTN"
"fatty-acyl-CoA Metabolic Process (GO:0035337)","5/18",0.45180049335286,0.99999537209541,0,0,1.20098078113345,0.954196744485672,"NUDT7;ACSM2A;ACSL4;FITM2;FAR1"
"Glucose 6-Phosphate Metabolic Process (GO:0051156)","5/18",0.45180049335286,0.99999537209541,0,0,1.20098078113345,0.954196744485672,"GPI;G6PC3;HKDC1;HK2;HK1"
"Heart Trabecula Morphogenesis (GO:0061384)","5/18",0.45180049335286,0.99999537209541,0,0,1.20098078113345,0.954196744485672,"TGFBR3;TEK;RBPJ;BMP7;BMPR1A"
"Maintenance Of Protein Location In Nucleus (GO:0051457)","5/18",0.45180049335286,0.99999537209541,0,0,1.20098078113345,0.954196744485672,"PARK7;TAF3;PML;BBS4;SYNE1"
"Mitochondrial Fusion (GO:0008053)","5/18",0.45180049335286,0.99999537209541,0,0,1.20098078113345,0.954196744485672,"MIGA1;MFN1;PLD6;GDAP1;MCL1"
"Negative Regulation Of ERBB Signaling Pathway (GO:1901185)","5/18",0.45180049335286,0.99999537209541,0,0,1.20098078113345,0.954196744485672,"ITGA1;PTPN12;CBL;EGFR;LGMN"
"Negative Regulation Of Peptide Hormone Secretion (GO:0090278)","5/18",0.45180049335286,0.99999537209541,0,0,1.20098078113345,0.954196744485672,"CHGA;PRKN;CRHBP;KCNJ11;KCNB1"
"Negative Regulation Of Signal Transduction By P53 Class Mediator (GO:1901797)","5/18",0.45180049335286,0.99999537209541,0,0,1.20098078113345,0.954196744485672,"PRKN;RFFL;HAPSTR1;SIRT1;CD44"
"Positive Regulation Of Nervous System Process (GO:0031646)","5/18",0.45180049335286,0.99999537209541,0,0,1.20098078113345,0.954196744485672,"RIMS2;RIMS1;TENM4;NRDC;TNFRSF1B"
"Positive Regulation Of Stress-Activated Protein Kinase Signaling Cascade (GO:0070304)","5/18",0.45180049335286,0.99999537209541,0,0,1.20098078113345,0.954196744485672,"LYN;TAOK3;STK25;SCIMP;KLHDC10"
"Regulation Of DNA Damage Checkpoint (GO:2000001)","5/18",0.45180049335286,0.99999537209541,0,0,1.20098078113345,0.954196744485672,"ETAA1;FEM1B;THOC5;WDR76;TTI1"
"Regulation Of cAMP-mediated Signaling (GO:0043949)","5/18",0.45180049335286,0.99999537209541,0,0,1.20098078113345,0.954196744485672,"POMC;PDE11A;MGRN1;OR51E2;GNAI1"
"Regulation Of Cell Cycle G2/M Phase Transition (GO:1902749)","5/18",0.45180049335286,0.99999537209541,0,0,1.20098078113345,0.954196744485672,"ING4;CDKN1A;DYRK3;CDK6;NEK10"
"Regulation Of Defense Response To Virus (GO:0050688)","5/18",0.45180049335286,0.99999537209541,0,0,1.20098078113345,0.954196744485672,"ILRUN;TRAF3;PCBP2;TNFAIP3;IRGM"
"Regulation Of Histone Modification (GO:0031056)","5/18",0.45180049335286,0.99999537209541,0,0,1.20098078113345,0.954196744485672,"FLCN;KAT2B;TADA2A;MBIP;UBE2N"
"Regulation Of Mitochondrial Outer Membrane Permeabilization Involved In Apoptotic Signaling Pathway (GO:1901028)","5/18",0.45180049335286,0.99999537209541,0,0,1.20098078113345,0.954196744485672,"GSK3B;SLC35F6;SLC25A31;SLC25A4;BOK"
"Ureteric Bud Morphogenesis (GO:0060675)","5/18",0.45180049335286,0.99999537209541,0,0,1.20098078113345,0.954196744485672,"SALL1;WNT11;GDNF;WT1;NPNT"
"TORC1 Signaling (GO:0038202)","3/10",0.452094297280552,0.99999537209541,0,0,1.33821406475562,1.06236063754526,"RPTOR;LARP1;MTOR"
"Acidic Amino Acid Transport (GO:0015800)","3/10",0.452094297280552,0.99999537209541,0,0,1.33821406475562,1.06236063754526,"SLC6A6;SLC1A1;SLC1A3"
"Aromatic Amino Acid Family Catabolic Process (GO:0009074)","3/10",0.452094297280552,0.99999537209541,0,0,1.33821406475562,1.06236063754526,"HGD;TAT;HPD"
"Copper Ion Transport (GO:0006825)","3/10",0.452094297280552,0.99999537209541,0,0,1.33821406475562,1.06236063754526,"STEAP3;STEAP4;ATP7A"
"Engulfment Of Apoptotic Cell (GO:0043652)","3/10",0.452094297280552,0.99999537209541,0,0,1.33821406475562,1.06236063754526,"XKR9;THBS1;XKR5"
"Establishment Of Epithelial Cell Apical/Basal Polarity (GO:0045198)","3/10",0.452094297280552,0.99999537209541,0,0,1.33821406475562,1.06236063754526,"MSN;EZR;MYO9A"
"Glycine Transport (GO:0015816)","3/10",0.452094297280552,0.99999537209541,0,0,1.33821406475562,1.06236063754526,"SLC36A1;SLC36A3;SLC36A2"
"Heparan Sulfate Proteoglycan Biosynthetic Process, Enzymatic Modification (GO:0015015)","3/10",0.452094297280552,0.99999537209541,0,0,1.33821406475562,1.06236063754526,"HS6ST1;HS6ST2;HS6ST3"
"Histone H3-K14 Acetylation (GO:0044154)","3/10",0.452094297280552,0.99999537209541,0,0,1.33821406475562,1.06236063754526,"KAT2B;TADA2A;MBIP"
"Induction Of Positive Chemotaxis (GO:0050930)","3/10",0.452094297280552,0.99999537209541,0,0,1.33821406475562,1.06236063754526,"CXCL8;NTF3;VEGFA"
"Insulin-Like Growth Factor Receptor Signaling Pathway (GO:0048009)","3/10",0.452094297280552,0.99999537209541,0,0,1.33821406475562,1.06236063754526,"TSC2;IGF1;GIGYF2"
"Lens Fiber Cell Differentiation (GO:0070306)","3/10",0.452094297280552,0.99999537209541,0,0,1.33821406475562,1.06236063754526,"WNT7B;PLAAT3;TDRD7"
"Lipoprotein Catabolic Process (GO:0042159)","3/10",0.452094297280552,0.99999537209541,0,0,1.33821406475562,1.06236063754526,"LYPLA2;ABHD17C;LYPLAL1"
"Mitotic Spindle Elongation (GO:0000022)","3/10",0.452094297280552,0.99999537209541,0,0,1.33821406475562,1.06236063754526,"MAP10;INCENP;KIF4B"
"Mitotic Spindle Midzone Assembly (GO:0051256)","3/10",0.452094297280552,0.99999537209541,0,0,1.33821406475562,1.06236063754526,"MAP10;INCENP;KIF4B"
"Negative Regulation Of Alpha-Beta T Cell Activation (GO:0046636)","3/10",0.452094297280552,0.99999537209541,0,0,1.33821406475562,1.06236063754526,"DAPL1;IHH;GLI3"
"Negative Regulation Of Hydrogen Peroxide-Induced Cell Death (GO:1903206)","3/10",0.452094297280552,0.99999537209541,0,0,1.33821406475562,1.06236063754526,"HGF;PARK7;MET"
"Negative Regulation Of Mitochondrial Outer Membrane Permeabilization Involved In Apoptotic Signaling Pathway (GO:1901029)","3/10",0.452094297280552,0.99999537209541,0,0,1.33821406475562,1.06236063754526,"SLC35F6;SLC25A31;SLC25A4"
"Neuron Projection Maintenance (GO:1990535)","3/10",0.452094297280552,0.99999537209541,0,0,1.33821406475562,1.06236063754526,"APP;INSR;PSEN1"
"Nucleoside Triphosphate Metabolic Process (GO:0009141)","3/10",0.452094297280552,0.99999537209541,0,0,1.33821406475562,1.06236063754526,"AK4;ENPP3;AK8"
"Positive Regulation Of B Cell Differentiation (GO:0045579)","3/10",0.452094297280552,0.99999537209541,0,0,1.33821406475562,1.06236063754526,"SYK;PPP2R3C;CD27"
"Positive Regulation Of DNA-templated DNA Replication (GO:2000105)","3/10",0.452094297280552,0.99999537209541,0,0,1.33821406475562,1.06236063754526,"DBF4;CDC7;E2F7"
"Positive Regulation Of Cellular Senescence (GO:2000774)","3/10",0.452094297280552,0.99999537209541,0,0,1.33821406475562,1.06236063754526,"EEF1E1;B2M;SIRT1"
"Positive Regulation Of Dendrite Development (GO:1900006)","3/10",0.452094297280552,0.99999537209541,0,0,1.33821406475562,1.06236063754526,"COBL;VLDLR;BMP7"
"Positive Regulation Of Macrophage Differentiation (GO:0045651)","3/10",0.452094297280552,0.99999537209541,0,0,1.33821406475562,1.06236063754526,"CSF1;PRKCA;PF4"
"Positive Regulation Of Voltage-Gated Potassium Channel Activity (GO:1903818)","3/10",0.452094297280552,0.99999537209541,0,0,1.33821406475562,1.06236063754526,"LRRC38;ALG10B;LRRC55"
"Receptor-Mediated Endocytosis Of Virus By Host Cell (GO:0019065)","3/10",0.452094297280552,0.99999537209541,0,0,1.33821406475562,1.06236063754526,"DPP4;CAV2;CAV1"
"Regulation Of Axon Regeneration (GO:0048679)","3/10",0.452094297280552,0.99999537209541,0,0,1.33821406475562,1.06236063754526,"EPHA4;PTPRS;STK24"
"Regulation Of Biosynthetic Process (GO:0009889)","3/10",0.452094297280552,0.99999537209541,0,0,1.33821406475562,1.06236063754526,"UCP1;SLC25A33;SNCA"
"Regulation Of Lipid Transport (GO:0032368)","3/10",0.452094297280552,0.99999537209541,0,0,1.33821406475562,1.06236063754526,"PRKN;ITGB3;ITGAV"
"Regulation Of Mitotic Sister Chromatid Separation (GO:0010965)","3/10",0.452094297280552,0.99999537209541,0,0,1.33821406475562,1.06236063754526,"INCENP;USP44;CDK5RAP2"
"Regulation Of Peroxisome Proliferator Activated Receptor Signaling Pathway (GO:0035358)","3/10",0.452094297280552,0.99999537209541,0,0,1.33821406475562,1.06236063754526,"ASXL1;CITED2;SIRT1"
"Regulation Of Phospholipase Activity (GO:0010517)","3/10",0.452094297280552,0.99999537209541,0,0,1.33821406475562,1.06236063754526,"RGS2;PLA2G5;SNCA"
"Regulation Of Smooth Muscle Cell Apoptotic Process (GO:0034391)","3/10",0.452094297280552,0.99999537209541,0,0,1.33821406475562,1.06236063754526,"IGF1;DIPK2A;SIRT1"
"Regulation Of Triglyceride Catabolic Process (GO:0010896)","3/10",0.452094297280552,0.99999537209541,0,0,1.33821406475562,1.06236063754526,"ABHD5;DAGLB;SORL1"
"Response To Prostaglandin E (GO:0034695)","3/10",0.452094297280552,0.99999537209541,0,0,1.33821406475562,1.06236063754526,"TGFBR3;PTGER2;CCR7"
"Sarcoplasmic Reticulum Calcium Ion Transport (GO:0070296)","3/10",0.452094297280552,0.99999537209541,0,0,1.33821406475562,1.06236063754526,"RYR2;SLN;ATP2A2"
"Surfactant Homeostasis (GO:0043129)","3/10",0.452094297280552,0.99999537209541,0,0,1.33821406475562,1.06236063754526,"CTSH;MBL2;VEGFA"
"tRNA Threonylcarbamoyladenosine Metabolic Process (GO:0070525)","3/10",0.452094297280552,0.99999537209541,0,0,1.33821406475562,1.06236063754526,"TPRKB;METTL8;TRIT1"
"Urogenital System Development (GO:0001655)","3/10",0.452094297280552,0.99999537209541,0,0,1.33821406475562,1.06236063754526,"ANXA1;SOX9;EPHB3"
"Glucose Homeostasis (GO:0042593)","22/87",0.452306870060972,0.99999537209541,0,0,1.05693900302596,0.838569500352991,"SLC30A8;KCNB1;INSR;STAT3;NUCKS1;PAX6;PARK7;SIRT1;HK2;ADRA2A;HK1;KLF7;MLXIPL;CYB5R4;MTNR1B;HKDC1;HECTD4;PDK4;LRRC8D;FFAR2;PPARG;SOX4"
"Calcium Ion-Regulated Exocytosis Of Neurotransmitter (GO:0048791)","4/14",0.452488509762397,0.99999537209541,0,0,1.2490099009901,0.990455994699537,"RIMS2;SYT4;UNC13C;RIMS1"
"Copper Ion Homeostasis (GO:0055070)","4/14",0.452488509762397,0.99999537209541,0,0,1.2490099009901,0.990455994699537,"APP;ARF1;COMMD1;ATP7A"
"Detection Of Mechanical Stimulus Involved In Sensory Perception (GO:0050974)","4/14",0.452488509762397,0.99999537209541,0,0,1.2490099009901,0.990455994699537,"TMC1;LHFPL5;PIEZO2;SCN1A"
"Negative Regulation Of Chondrocyte Differentiation (GO:0032331)","4/14",0.452488509762397,0.99999537209541,0,0,1.2490099009901,0.990455994699537,"GREM1;RFLNB;SOX9;PTHLH"
"Negative Regulation Of Smooth Muscle Cell Migration (GO:0014912)","4/14",0.452488509762397,0.99999537209541,0,0,1.2490099009901,0.990455994699537,"MEF2C;TPM1;PRKG1;BMPR1A"
"Neuron Cell-Cell Adhesion (GO:0007158)","4/14",0.452488509762397,0.99999537209541,0,0,1.2490099009901,0.990455994699537,"NLGN1;CNTN4;ASTN2;CDK5R1"
"Odontogenesis Of Dentin-Containing Tooth (GO:0042475)","4/14",0.452488509762397,0.99999537209541,0,0,1.2490099009901,0.990455994699537,"FOXC1;EDA;ANKRD11;GLI2"
"Positive Regulation Of Acute Inflammatory Response (GO:0002675)","4/14",0.452488509762397,0.99999537209541,0,0,1.2490099009901,0.990455994699537,"FFAR2;PARK7;OSMR;IL6ST"
"Positive Regulation Of Heterotypic Cell-Cell Adhesion (GO:0034116)","4/14",0.452488509762397,0.99999537209541,0,0,1.2490099009901,0.990455994699537,"GCNT2;BMP7;CD44;SKAP1"
"Positive Regulation Of Response To Cytokine Stimulus (GO:0060760)","4/14",0.452488509762397,0.99999537209541,0,0,1.2490099009901,0.990455994699537,"IL7;WNT5A;LRRC70;TRIM44"
"Positive Regulation Of Type I Interferon-Mediated Signaling Pathway (GO:0060340)","4/14",0.452488509762397,0.99999537209541,0,0,1.2490099009901,0.990455994699537,"RBM47;WNT5A;IGF2BP1;USP29"
"Protein Homotrimerization (GO:0070207)","4/14",0.452488509762397,0.99999537209541,0,0,1.2490099009901,0.990455994699537,"PNPT1;STEAP4;PXDN;SLC1A2"
"Protein Trimerization (GO:0070206)","4/14",0.452488509762397,0.99999537209541,0,0,1.2490099009901,0.990455994699537,"PNPT1;STEAP4;PXDN;SLC1A2"
"Regulation Of Cholesterol Storage (GO:0010885)","4/14",0.452488509762397,0.99999537209541,0,0,1.2490099009901,0.990455994699537,"PPARG;LCP1;ABCG1;TTC39B"
"Regulation Of Establishment Of Protein Localization (GO:0070201)","4/14",0.452488509762397,0.99999537209541,0,0,1.2490099009901,0.990455994699537,"CEP120;GAPVD1;CORO2B;CEP290"
"Regulation Of Macrophage Differentiation (GO:0045649)","4/14",0.452488509762397,0.99999537209541,0,0,1.2490099009901,0.990455994699537,"CSF1;PRKCA;INHBA;PF4"
"Regulation Of Nuclear-Transcribed mRNA poly(A) Tail Shortening (GO:0060211)","4/14",0.452488509762397,0.99999537209541,0,0,1.2490099009901,0.990455994699537,"PABPC1;TENT4B;TOB1;TNRC6B"
"Regulation Of Sequestering Of Triglyceride (GO:0010889)","4/14",0.452488509762397,0.99999537209541,0,0,1.2490099009901,0.990455994699537,"OSBPL8;FITM2;PPARG;LCP1"
"Regulation Of Vesicle Size (GO:0097494)","4/14",0.452488509762397,0.99999537209541,0,0,1.2490099009901,0.990455994699537,"RAB3B;RIN3;BORCS5;PICALM"
"Response To Muscle Stretch (GO:0035994)","4/14",0.452488509762397,0.99999537209541,0,0,1.2490099009901,0.990455994699537,"RYR2;CDH2;SLC8A1;TTN"
"Smooth Muscle Contraction (GO:0006939)","4/14",0.452488509762397,0.99999537209541,0,0,1.2490099009901,0.990455994699537,"ROCK1;NMUR1;SLC8A1;MYLK"
"Positive Regulation Of Catabolic Process (GO:0009896)","20/79",0.456105947756398,0.99999537209541,0,0,1.05855034235043,0.830993939207686,"PRKN;GSK3B;SMURF1;PLK2;WNT5A;RDX;TNFAIP3;MSN;CLU;SORL1;RBX1;RNF41;DCAF1;APC;NEDD4;FLNB;ASB5;EZR;ATG7;CDK5RAP3"
"Positive Regulation Of Protein Localization To Membrane (GO:1905477)","20/79",0.456105947756398,0.99999537209541,0,0,1.05855034235043,0.830993939207686,"ITGB1;PRKN;TCAF2;CEMIP;PRKCH;MTCL1;KCNB1;PRKCE;ARHGEF16;STAC3;ANK3;EFCAB7;EGFR;DLG1;AKT2;GPER1;ERBB2;PTPN9;ITGB1BP1;FYN"
"Synapse Assembly (GO:0007416)","18/71",0.460193105216593,0.99999537209541,0,0,1.06053036276063,0.823087248013184,"KIRREL3;FZD1;FARP1;NLGN1;FZD5;WNT5A;POU4F1;DNM3;SDK1;CDH2;FLRT3;SLITRK1;SPOCK2;DNER;NRCAM;SRGAP3;DRD2;ADGRL3"
"Peptidyl-Tyrosine Phosphorylation (GO:0018108)","17/67",0.462364743990543,0.99999537209541,0,0,1.06170010341262,0.818996744669574,"ALK;LYN;EPHA4;SYK;INSR;EGFR;HCK;FER;LEP;ERBB2;KDR;ABL1;ABL2;FYN;TEK;EPHA1;DDR2"
"Protein Secretion (GO:0009306)","17/67",0.462364743990543,0.99999537209541,0,0,1.06170010341262,0.818996744669574,"RAB3B;STEAP3;ANXA1;SLC30A8;SEL1L;AP1B1;PARK7;ARFGAP3;RIMS2;CTAGE1;CYB5R4;GAL;AP1G1;RAB12;FAM3B;COPG2;CTAGE6"
"G1/S Transition Of Mitotic Cell Cycle (GO:0000082)","16/63",0.464635456856603,0.99999537209541,0,0,1.0630202558823,0.814807305891599,"CDK18;CDKN1A;PLK2;CDC7;BACH1;USP29;GSPT1;PHF8;CCND3;DBF4;LATS2;CDK6;CACUL1;EIF4E;CDK14;BRD4"
"Positive Regulation Of Mitotic Cell Cycle Phase Transition (GO:1901992)","16/63",0.464635456856603,0.99999537209541,0,0,1.0630202558823,0.814807305891599,"RB1;ANXA1;NSMCE2;RDX;UBE2E2;CDC7;EGFR;PHOX2B;RPTOR;RAD51B;CDC23;LSM11;ADAMTS1;STOX1;BRD4;FGF10"
"Negative Regulation Of Protein Phosphorylation (GO:0001933)","37/149",0.466608763410877,0.99999537209541,0,0,1.0316199376947,0.786366882705749,"RB1;PRKN;PPP1R15B;CDKN1A;PRKAG2;PRR5L;PARK7;SPRED1;DEPTOR;SNX25;NTF3;CDK5RAP3;NCK1;RTRAF;SNCA;LYN;NIBAN1;WWTR1;CAV1;NTRK3;SORD;DTNBP1;TSC2;ATG14;SMAD6;GREM1;MLXIPL;IBTK;GNAQ;CNKSR3;NF1;ITGB1BP1;PPARG;GPD1L;EPHA1;PLPP3;PPEF2"
"Anterior/Posterior Pattern Specification (GO:0009952)","15/59",0.467018124814939,0.99999537209541,0,0,1.06452158550567,0.810513120930453,"HES6;CDX2;ATP6AP2;GATA4;SKI;HEYL;HHEX;CYP26C1;WT1;HEY2;HOXC5;HOXC4;HES2;NEUROG1;HOXC6"
"Regulation Of Synaptic Transmission, Glutamatergic (GO:0051966)","14/55",0.469528446429218,0.99999537209541,0,0,1.06624386210791,0.806108501549655,"MEF2C;NLGN1;HOMER1;ATP1A2;GRM1;GRM3;FXR1;CDH2;GRM7;DRD2;CACNG3;SLC38A2;CACNG4;CCR2"
"Positive Regulation Of Supramolecular Fiber Organization (GO:1902905)","24/96",0.471891166878195,0.99999537209541,0,0,1.04087268710301,0.781702568611797,"RB1;SEMA5A;APP;CARMIL1;CRACD;PRKCE;STMN2;PSEN1;SLAIN1;CLU;MYLK3;MTSS1;HCK;FER;SYNPO2L;BIN1;CDC42EP3;F2RL1;CCR7;MET;CLASP1;CDK5RAP2;NCK1;CDK5R1"
"Regulation Of Macroautophagy (GO:0016241)","24/96",0.471891166878195,0.99999537209541,0,0,1.04087268710301,0.781702568611797,"BNIP3L;ATP6V0E1;BNIP3;TSC2;VPS26B;ATG14;SUPT5H;SIRT1;DCN;MTOR;TBK1;LARP1;NEDD4;KDR;ATP6V1H;PIK3C3;ATP6V0D1;MAP3K7;ATP6V0D2;PAFAH1B2;ATP6V1C1;TECPR1;ATP6V1C2;CDK5R1"
"Amide Biosynthetic Process (GO:0043604)","13/51",0.472185831382901,0.99999537209541,0,0,1.06823941440707,0.801588333644928,"CERS3;PCSK1;CERS4;ASAH1;CLN8;CYP4F22;GLS;SPTLC2;VAPA;SPTSSB;DEGS1;DEGS2;PAM"
"Microtubule Bundle Formation (GO:0001578)","13/51",0.472185831382901,0.99999537209541,0,0,1.06823941440707,0.801588333644928,"SPAG16;LRGUK;MTCL1;FOXJ1;NAV1;RSPH1;TTLL3;CCSER2;NCKAP5;CLASP1;CDK5RAP2;CCDC40;SPACA9"
"Positive Regulation Of Actin Filament Bundle Assembly (GO:0032233)","13/51",0.472185831382901,0.99999537209541,0,0,1.06823941440707,0.801588333644928,"ARHGEF10;CARMIL1;MYOC;LIMCH1;TPM1;APOA1;MTSS1;WNT11;SYNPO2L;ITGB1BP1;CD47;EPHA1;FERMT2"
"Steroid Metabolic Process (GO:0008202)","23/92",0.474149490579441,0.99999537209541,0,0,1.04086422309657,0.776726842552332,"UGT1A10;SRD5A2;SRD5A1;CYP3A43;NR1I2;UGT2B28;DHCR24;HSD17B6;BAAT;CYP8B1;SULT2B1;HSD11B1;CYP26A1;CYP2A6;STS;CYP26C1;NPC1;SULT1E1;CYP11A1;HSD17B2;ACAA1;UGT1A8;LGMN"
"Golgi To Plasma Membrane Transport (GO:0006893)","12/47",0.475014677180774,0.99999537209541,0,0,1.07057851239669,0.796948896591699,"MACF1;GOLGA4;KRT18;RAB31;EXOC6B;EXOC6;ANK3;COMMD1;CCDC93;GOLGA7;OPTN;VPS35L"
"Organelle Assembly (GO:0070925)","79/322",0.475664726788687,0.99999537209541,0,0,1.01522280247517,0.754353210440795,"SPAG16;C2CD3;ATP2A2;SNX10;FNBP1L;CDC14C;PTPDC1;CDC14B;AP4M1;NUDCD3;MAP1LC3A;MAP1LC3C;AP1G1;CHMP1B;TCTN2;RB1CC1;IQUB;CFAP47;AP3S2;IFT57;CD34;CEP290;BBS4;ACTR3;IFT140;AP1B1;ARMC9;RFX2;RFX3;KIF24;AP3B1;WIPI1;WIPI2;ATG14;ZAR1;RAB32;IFT43;GORASP2;CFAP58;ULK2;PIK3C3;ATP6V0D1;SSX2IP;CCNO;RAB1A;INTU;FAM149B1;ARL6;DNAH5;AMBRA1;TTBK2;FXR1;ABLIM1;KIF3B;ABLIM3;ATG101;TMEM67;TTC21B;ATG7;YTHDF1;CCDC57;RAB3IP;GBF1;HPS1;MAP1LC3B2;FOXJ1;PARVA;CPLANE2;FHDC1;IRGM;VMP1;EHD4;TTLL3;ATG16L2;ATG16L1;CFAP161;UBAP1;DZIP1;CEP89"
"Positive Regulation Of Cell Adhesion (GO:0045785)","22/88",0.476496035839762,0.99999537209541,0,0,1.04085576259489,0.771582083543268,"EPHA4;ZFHX3;SYK;LAMA2;CITED2;LAMA1;TPM1;PRKCA;NPNT;VEGFA;FLCN;PPP3CA;FRMD5;ERBB2;AGR2;ADAM9;CCR7;ITGAV;ATM;CD47;PLPP3;TGM2"
"Glycolipid Biosynthetic Process (GO:0009247)","11/43",0.47804624471011,0.99999537209541,0,0,1.07335777731874,0.792189351438363,"PIGC;PGAP2;SLC30A5;ST8SIA3;ST3GAL4;PIGZ;ST8SIA5;ST3GAL6;ST8SIA6;PIGV;ST6GALNAC5"
"Intracellular Glucose Homeostasis (GO:0001678)","11/43",0.47804624471011,0.99999537209541,0,0,1.07335777731874,0.792189351438363,"KCNB1;GPER1;HKDC1;UCP2;LRRC8D;NUCKS1;ZNF236;SIRT1;HK2;SOX4;HK1"
"Intracellular Steroid Hormone Receptor Signaling Pathway (GO:0030518)","11/43",0.47804624471011,0.99999537209541,0,0,1.07335777731874,0.792189351438363,"YAP1;CALCOCO1;PHB1;GPER1;NEDD4;MAPK1;UBE3A;ZDHHC7;ARID1A;ESR2;NKX3-1"
"Negative Regulation Of Cell Growth (GO:0030308)","31/125",0.478309145361226,0.99999537209541,0,0,1.02978988203207,0.759467986579109,"RB1;PHB1;CDKN1A;PTPRS;JADE1;NAIF1;RNF6;PRDM11;CDKN2AIP;FLCN;WNT11;SH3BP4;DIP2B;KIAA0319;TSPYL2;CDKL3;SMAD4;SMAD3;INHBA;SMARCA2;SIRT1;ESR2;PML;ST7L;DCSTAMP;WT1;ULK2;SCGB3A1;ST20;OSTN;FBP1"
"Negative Regulation Of Protein Secretion (GO:0050709)","10/39",0.481321500538703,0.99999537209541,0,0,1.07671381161959,0.787314492302429,"PRKN;CHGA;RAB11FIP1;KCNJ11;KCNB1;HMGCR;ADTRP;DRD2;RAB11FIP3;CD200"
"Positive Regulation Of Cytokinesis (GO:0032467)","10/39",0.481321500538703,0.99999537209541,0,0,1.07671381161959,0.787314492302429,"MAP10;SVIL;INCENP;CSPP1;PRKCE;CDC14C;DRD2;OR2A4;CDC14B;CIT"
"Regulation Of Receptor-Mediated Endocytosis (GO:0048259)","10/39",0.481321500538703,0.99999537209541,0,0,1.07671381161959,0.787314492302429,"RAB21;MKLN1;ARF1;SGIP1;TNK2;PIK3CB;CBL;CLU;B2M;PICALM"
"Action Potential (GO:0001508)","9/35",0.484895588957073,0.99999537209541,0,0,1.08084626502962,0.782339972044831,"CHRNA1;KCNH2;KCND2;KCNE4;KCNB1;GPER1;GNAQ;KCNMB2;ANK3"
"Intrinsic Apoptotic Signaling Pathway By P53 Class Mediator (GO:0072332)","9/35",0.484895588957073,0.99999537209541,0,0,1.08084626502962,0.782339972044831,"HINT1;DYRK2;DDIT4;JMY;TP53BP2;POU4F1;SIRT1;PML;BOK"
"Positive Regulation Of Cell Development (GO:0010720)","9/35",0.484895588957073,0.99999537209541,0,0,1.08084626502962,0.782339972044831,"NIBAN2;MME;GPER1;MYF6;RFX3;SOX11;NKX6-1;LMOD3;TGM2"
"Positive Regulation Of Substrate Adhesion-Dependent Cell Spreading (GO:1900026)","9/35",0.484895588957073,0.99999537209541,0,0,1.08084626502962,0.782339972044831,"DOCK5;CARMIL1;MYOC;NEDD9;APOA1;CSPG5;ARHGEF7;DOCK1;FERMT2"
"Regulation Of Cardiac Muscle Contraction (GO:0055117)","9/35",0.484895588957073,0.99999537209541,0,0,1.08084626502962,0.782339972044831,"CHGA;RYR2;RGS2;PDE4B;ATP2A2;ANK2;TNNI3K;ATP1B1;SLC8A1"
"Regulation Of Cellular Senescence (GO:2000772)","9/35",0.484895588957073,0.99999537209541,0,0,1.08084626502962,0.782339972044831,"NUAK1;PNPT1;CDK6;HMGA2;EEF1E1;B2M;SIRT1;TERF2;TBX2"
"Regulatory ncRNA Processing (GO:0070918)","9/35",0.484895588957073,0.99999537209541,0,0,1.08084626502962,0.782339972044831,"TDRD1;ZC3H7A;ZC3H7B;ASZ1;TDRD9;MOV10L1;PLD6;TSN;PUM2"
"Response To Ionizing Radiation (GO:0010212)","18/72",0.486963749458682,0.99999537209541,0,0,1.04082195559233,0.748939669868824,"CDKN1A;ANXA1;EYA1;GADD45A;EYA3;INTS3;HUS1;AEN;SIRT1;TANK;BABAM2;COP1;FIGNL1;NABP1;ATM;TOPBP1;CLOCK;NHEJ1"
"Positive Regulation Of Cysteine-Type Endopeptidase Activity Involved In Apoptotic Process (GO:0043280)","27/109",0.487318852410764,0.99999537209541,0,0,1.02813597876911,0.739061814906361,"MTCH1;NOD1;BCL10;ROBO1;BCL2L13;BCL2L10;FAM162A;GPER1;ARL6IP5;TNFSF10;IFT57;SOX7;MAP3K5;BOK;NKX3-1;SNCA;SMAD3;APAF1;SYK;SORD;SIRT1;ST18;DAP;CNTN1;CYCS;ST20;PPARG"
"Endodermal Cell Differentiation (GO:0035987)","8/31",0.488845186211572,0.99999537209541,0,0,1.08605895235702,0.777302636178927,"ITGB5;COL4A2;MMP15;FN1;HMGA2;ITGAV;PEX2;INHBA"
"Receptor Signaling Pathway Via STAT (GO:0097696)","8/31",0.488845186211572,0.99999537209541,0,0,1.08605895235702,0.777302636178927,"STAT5A;STAT1;STAT3;STAT4;IL31RA;SOCS6;CCR2;IFNAR1"
"Regulation Of Transmembrane Receptor Protein Serine/Threonine Kinase Signaling Pathway (GO:0090092)","8/31",0.488845186211572,0.99999537209541,0,0,1.08605895235702,0.777302636178927,"FSTL5;SMAD4;SMAD3;LATS2;ZNF703;SOX11;NREP;TRIM33"
"Triglyceride Homeostasis (GO:0070328)","8/31",0.488845186211572,0.99999537209541,0,0,1.08605895235702,0.777302636178927,"CETP;C1QTNF3;MLXIPL;APOA1;FITM2;ANGPTL4;LCP1;SIRT1"
"Intrinsic Apoptotic Signaling Pathway (GO:0097193)","26/105",0.48976665016689,0.99999537209541,0,0,1.02764561158703,0.733560388027031,"CDKN1A;ITPR1;BCL2L10;HINT1;BCL2L11;ARL6IP5;TP53BP2;FNIP2;MAP3K5;MCL1;BOK;APAF1;BNIP3;TNFRSF10B;TNFRSF1B;POU4F1;HIC1;PML;MSH6;STK24;TMEM117;JMY;BCL2;CYCS;ATM;BCL2L1"
"Hemopoiesis (GO:0030097)","25/101",0.492305896671329,0.99999537209541,0,0,1.02711720257761,0.727871756074457,"NOTCH2;WNT2B;PRKX;FLCN;MYB;KDR;ARIH2;KAT8;CD34;KIRREL3;LYN;JAG1;WNT5A;INHBA;RUNX3;KLF3;ETV6;TGFBR2;TGFBR3;MFAP5;KITLG;SNRK;KAT6A;TEK;IL7R"
"Microtubule Polymerization Or Depolymerization (GO:0031109)","7/27",0.493281266748163,0.99999537209541,0,0,1.09283797729618,0.772282093777843,"KIF2A;STMN2;KIF24;STMN4;MAP4;NCKAP5;CKAP5"
"Regulation Of Insulin Secretion Involved In Cellular Response To Glucose Stimulus (GO:0061178)","7/27",0.493281266748163,0.99999537209541,0,0,1.09283797729618,0.772282093777843,"EPHA5;KLF7;TUNAR;EFNA5;PLA2G6;ADRA2A;CFTR"
"Regulation Of Microtubule Polymerization Or Depolymerization (GO:0031110)","7/27",0.493281266748163,0.99999537209541,0,0,1.09283797729618,0.772282093777843,"MAP1B;STMN2;STMN4;MAPRE2;CLASP1;CAMSAP2;CLASP2"
"Artery Development (GO:0060840)","6/23",0.498372803755643,0.99999537209541,0,0,1.10201257556262,0.76744913957983,"ROBO2;SLC2A10;NF1;ROBO1;TGFBR2;VEGFA"
"Bile Acid And Bile Salt Transport (GO:0015721)","6/23",0.498372803755643,0.99999537209541,0,0,1.10201257556262,0.76744913957983,"SLCO1C1;SLC10A6;ABCC2;ABCD3;ATP8B1;SLCO1A2"
"Endocrine System Development (GO:0035270)","6/23",0.498372803755643,0.99999537209541,0,0,1.10201257556262,0.76744913957983,"SALL1;WNT11;WT1;NF1;NR0B1;GLI2"
"Entrainment Of Circadian Clock By Photoperiod (GO:0043153)","6/23",0.498372803755643,0.99999537209541,0,0,1.10201257556262,0.76744913957983,"PER2;PER1;CRTC1;FBXL17;FBXL21P;PML"
"Heparan Sulfate Proteoglycan Biosynthetic Process (GO:0015012)","6/23",0.498372803755643,0.99999537209541,0,0,1.10201257556262,0.76744913957983,"EXT1;XYLT1;HS6ST1;EXTL3;HS6ST2;HS6ST3"
"Histone mRNA Metabolic Process (GO:0008334)","6/23",0.498372803755643,0.99999537209541,0,0,1.10201257556262,0.76744913957983,"TUT7;LSM11;XRN1;TUT1;TENT4B;DCP2"
"Long-Chain Fatty Acid Transport (GO:0015909)","6/23",0.498372803755643,0.99999537209541,0,0,1.10201257556262,0.76744913957983,"ABCD3;CPT2;ACSL1;PPARG;CD36;SLC25A20"
"Negative Regulation Of Protein Depolymerization (GO:1901880)","6/23",0.498372803755643,0.99999537209541,0,0,1.10201257556262,0.76744913957983,"ATXN7;STMN2;CLASP1;CAMSAP2;TTBK2;CLASP2"
"Positive Regulation Of Neutrophil Migration (GO:1902624)","6/23",0.498372803755643,0.99999537209541,0,0,1.10201257556262,0.76744913957983,"RIPOR2;CAMK1D;CXCL8;CCR7;DNM1L;THBS4"
"Protein N-linked Glycosylation Via Asparagine (GO:0018279)","6/23",0.498372803755643,0.99999537209541,0,0,1.10201257556262,0.76744913957983,"ALG8;ST6GAL1;TUSC3;DAD1;MGAT5;STT3B"
"Regulation Of Cell Junction Assembly (GO:1901888)","6/23",0.498372803755643,0.99999537209541,0,0,1.10201257556262,0.76744913957983,"RAP1B;MEF2C;PRKCH;RAP1A;ROCK1;PDLIM5"
"Regulation Of Cholesterol Metabolic Process (GO:0090181)","6/23",0.498372803755643,0.99999537209541,0,0,1.10201257556262,0.76744913957983,"SEC14L2;MBTPS1;ACADL;APOA1;ABCG1;TTC39B"
"Regulation Of Nuclear-Transcribed mRNA Catabolic Process, Deadenylation-Dependent Decay (GO:1900151)","6/23",0.498372803755643,0.99999537209541,0,0,1.10201257556262,0.76744913957983,"DHX36;IGF2BP1;PABPC1;TOB1;ZFP36L1;TNRC6B"
"Rho Protein Signal Transduction (GO:0007266)","13/52",0.503703735801061,0.99999537209541,0,0,1.0407797754357,0.713732434189865,"ROPN1B;ROCK1;ARHGAP6;ARHGAP35;ADRA2A;RHOBTB1;RHOBTB2;EPS8;GNA12;PDPN;ARHGEF3;CDH13;TAX1BP3"
"Adenylate Cyclase-Inhibiting G Protein-Coupled Receptor Signaling Pathway (GO:0007193)","13/52",0.503703735801061,0.99999537209541,0,0,1.0407797754357,0.713732434189865,"CHRM3;CHRM1;GPR37;OPRK1;ADCY7;MCHR1;ADRA2A;GNAI1;AKAP12;MTNR1A;GRM7;HRH3;DRD2"
"Regulation Of Cell Development (GO:0060284)","13/52",0.503703735801061,0.99999537209541,0,0,1.0407797754357,0.713732434189865,"YAP1;HES6;MEAF6;LEF1;MYSM1;FXR1;PER2;HEYL;KAT6B;KAT6A;HEY2;CLOCK;HES2"
"N-glycan Processing (GO:0006491)","5/19",0.504394732691974,0.99999537209541,0,0,1.11512275634413,0.763185685162947,"MAN2A1;ST8SIA3;MAN1C1;ST8SIA5;ST8SIA6"
"Calcium-Independent Cell-Cell Adhesion Via Plasma Membrane Cell-Adhesion Molecules (GO:0016338)","5/19",0.504394732691974,0.99999537209541,0,0,1.11512275634413,0.763185685162947,"CLDN22;CLDN10;CLDN8;CLDN12;CLDN23"
"Cellular Response To Catecholamine Stimulus (GO:0071870)","5/19",0.504394732691974,0.99999537209541,0,0,1.11512275634413,0.763185685162947,"PRKN;RYR2;PDE4B;SNCA;TGM2"
"Cellular Response To Lectin (GO:1990858)","5/19",0.504394732691974,0.99999537209541,0,0,1.11512275634413,0.763185685162947,"LYN;SYK;TRAF6;FYN;MAP3K7"
"Cortical Actin Cytoskeleton Organization (GO:0030866)","5/19",0.504394732691974,0.99999537209541,0,0,1.11512275634413,0.763185685162947,"STRIP1;DLG1;FMNL2;ROCK1;LCP1"
"Ganglioside Metabolic Process (GO:0001573)","5/19",0.504394732691974,0.99999537209541,0,0,1.11512275634413,0.763185685162947,"NEU3;HEXB;ST8SIA3;ST8SIA6;ST6GALNAC5"
"Interleukin-1-Mediated Signaling Pathway (GO:0070498)","5/19",0.504394732691974,0.99999537209541,0,0,1.11512275634413,0.763185685162947,"IL1R1;IRAK2;TRAF6;MAP3K7;ST18"
"Multicellular Organismal-Level Water Homeostasis (GO:0050891)","5/19",0.504394732691974,0.99999537209541,0,0,1.11512275634413,0.763185685162947,"SCNN1G;SCNN1B;SCNN1A;CFTR;AQP1"
"Negative Regulation Of Peptidyl-Serine Phosphorylation (GO:0033137)","5/19",0.504394732691974,0.99999537209541,0,0,1.11512275634413,0.763185685162947,"MLXIPL;GADD45A;CNKSR3;GPD1L;NCK1"
"Negative Regulation Of Telomere Maintenance Via Telomerase (GO:0032211)","5/19",0.504394732691974,0.99999537209541,0,0,1.11512275634413,0.763185685162947,"XRN1;PINX1;TENT4B;TERF2;DCP2"
"piRNA Processing (GO:0034587)","5/19",0.504394732691974,0.99999537209541,0,0,1.11512275634413,0.763185685162947,"TDRD1;ASZ1;TDRD9;MOV10L1;PLD6"
"Pore Complex Assembly (GO:0046931)","5/19",0.504394732691974,0.99999537209541,0,0,1.11512275634413,0.763185685162947,"FXR1;NUP93;NUP205;NUP98;TSPAN33"
"Positive Regulation Of Activated T Cell Proliferation (GO:0042104)","5/19",0.504394732691974,0.99999537209541,0,0,1.11512275634413,0.763185685162947,"PPP3CA;HHLA2;IGFBP2;IGF1;ICOSLG"
"Positive Regulation Of Axon Extension (GO:0045773)","5/19",0.504394732691974,0.99999537209541,0,0,1.11512275634413,0.763185685162947,"SEMA5A;MACF1;GOLGA4;MAP3K13;VEGFA"
"Positive Regulation Of calcineurin-NFAT Signaling Cascade (GO:0070886)","5/19",0.504394732691974,0.99999537209541,0,0,1.11512275634413,0.763185685162947,"PPP3CA;STIMATE;AKAP6;IGF1;LMCD1"
"Positive Regulation Of Calcineurin-Mediated Signaling (GO:0106058)","5/19",0.504394732691974,0.99999537209541,0,0,1.11512275634413,0.763185685162947,"PPP3CA;STIMATE;AKAP6;IGF1;LMCD1"
"Regulation Of Acute Inflammatory Response (GO:0002673)","5/19",0.504394732691974,0.99999537209541,0,0,1.11512275634413,0.763185685162947,"FFAR2;DNASE1;OSMR;IL6ST;DNASE1L3"
"Regulation Of Centriole Replication (GO:0046599)","5/19",0.504394732691974,0.99999537209541,0,0,1.11512275634413,0.763185685162947,"C10ORF90;KAT2B;PLK2;CEP76;CDK5RAP2"
"Regulation Of Insulin-Like Growth Factor Receptor Signaling Pathway (GO:0043567)","5/19",0.504394732691974,0.99999537209541,0,0,1.11512275634413,0.763185685162947,"IGFBP1;GHRHR;IGFBP2;IGF1;NKX3-1"
"Regulation Of Protein-Containing Complex Disassembly (GO:0043244)","5/19",0.504394732691974,0.99999537209541,0,0,1.11512275634413,0.763185685162947,"SLN;BNIP3;INSR;GSPT1;TECPR1"
"Regulation Of Transcription Involved In G1/S Transition Of Mitotic Cell Cycle (GO:0000083)","5/19",0.504394732691974,0.99999537209541,0,0,1.11512275634413,0.763185685162947,"RB1;CDK18;CDK14;E2F7;BRD4"
"Steroid Hormone Biosynthetic Process (GO:0120178)","5/19",0.504394732691974,0.99999537209541,0,0,1.11512275634413,0.763185685162947,"SRD5A2;SRD5A1;CYP11A1;HSD17B2;HSD17B6"
"Stimulatory C-type Lectin Receptor Signaling Pathway (GO:0002223)","5/19",0.504394732691974,0.99999537209541,0,0,1.11512275634413,0.763185685162947,"LYN;SYK;TRAF6;FYN;MAP3K7"
"Protein Glycosylation (GO:0006486)","36/147",0.505949090670614,0.99999537209541,0,0,1.01263805333573,0.689929774797073,"GALNT14;ST6GALNAC1;B4GALT1;GALNT16;TUSC3;GALNT18;GALNT17;SERP1;B3GALT2;MGAT5;B3GALT1;ST3GAL4;GCNT2;MAN1C1;MLEC;ST8SIA5;GCNT3;ST3GAL6;ST8SIA6;GALNT9;ST3GAL3;ARFGEF1;ALG8;GALNT5;ALG6;GALNT2;GALNT1;ST8SIA3;TET1;ALG10;MGAT4C;NPC1;DAD1;GALNTL5;STT3B;ALG10B"
"Cellular Response To Radiation (GO:0071478)","12/48",0.507816743212465,0.99999537209541,0,0,1.04077134986226,0.70526271710695,"TRPM1;CDKN1A;OPN4;OPN3;GADD45A;FIGNL1;GPR88;GPR52;HUS1;TANK;SIRT1;CLOCK"
"Regulation Of Cell Population Proliferation (GO:0042127)","186/766",0.508647608627365,0.99999537209541,0,0,1.00124451276291,0.676841113571943,"CD86;APP;PHB1;ATP8A2;CHRM1;CSF1;IRS2;ADARB1;CLU;AKT2;ADORA3;RPS6KA2;KDR;SOX9;ARID2;SOX7;IL6R;SOX4;EPHA4;MAP2K1;SMARCC1;MAGI2;TSC2;LDOC1;POU3F2;RNF41;SULT2B1;TIAM1;GAREM1;IL6ST;EPHA1;RAF1;TSPYL5;KMT2D;PTGFR;CTBP2;CTBP1;CHRNA7;NPR3;CDCA7;ZFP36L1;DPP4;EFNB2;GHRHR;NUAK1;GRK5;ATG101;PDGFC;ZNF703;IGFBP7;RPRD1B;DRD2;ASIC2;AMELX;WNT2;S100A11;LYN;SRPK2;STAT5A;WWTR1;TFAP2C;JAG1;NIBAN2;SMAD3;INSR;FN1;IL31RA;HMGA1;CDC7;IGF1;INHBA;SMAD6;ALOX15B;SMARCA2;ST18;BMP6;MLXIPL;FER;CDK6;GDNF;IL7;DLG5;BCL2;PHF14;SCGB3A1;STRN;IL7R;CD200;LGMN;RNF187;BMPR1A;ALK;COL18A1;PTPRU;SLC35F6;CDKN1A;CXCL8;ELN;PINX1;AKR1B1;LAMC2;AREG;ING4;PPP3CA;HHEX;ADAMTS1;GPER1;RB1CC1;EMILIN2;CTSH;ITGAV;ADAMTS8;CD33;BOK;DIS3L2;NKX3-1;PBRM1;AVPR1B;TESC;ITGA1;TBC1D8;GKN2;EMP2;AXIN2;PPP2R5C;NGF;OSMR;SIRT1;ADRA2A;RAB33B;TGFBR2;GREM1;KAT2B;HCK;MMRN2;CDH13;BIRC6;SGK3;ITGB1BP1;CD47;IRF6;SOS1;EEF1E1;EAPP;CACUL1;HDAC4;YAP1;TTK;TOB2;THBS1;TOB1;EGFR;PTHLH;RNF2;TBRG1;FTMT;CLMN;NTF3;PDPN;ERBB2;GCNT2;STAT4;SH3BP4;CHRNA10;TP53I11;E2F7;NTRK2;CDKN2B;KDM4C;STAT1;NTRK3;STAT3;MEAK7;DHRS2;AGT;MYO16;PML;VEGFA;SKI;KITLG;APC;WT1;FABP7;FAM98B;SLC25A33;PF4"
"3'-Phosphoadenosine 5'-Phosphosulfate Metabolic Process (GO:0050427)","4/15",0.511836832017649,0.99999537209541,0,0,1.13538853885389,0.760425783808008,"SULT1C3;SULT2B1;SULT1E1;PAPSS1"
"DNA Alkylation (GO:0006305)","4/15",0.511836832017649,0.99999537209541,0,0,1.13538853885389,0.760425783808008,"SPOCD1;ATRX;EHMT1;FOS"
"N-terminal Protein Amino Acid Acetylation (GO:0006474)","4/15",0.511836832017649,0.99999537209541,0,0,1.13538853885389,0.760425783808008,"KAT2B;LSM8;NAA20;NAA35"
"Activation Of NF-kappaB-inducing Kinase Activity (GO:0007250)","4/15",0.511836832017649,0.99999537209541,0,0,1.13538853885389,0.760425783808008,"TRAF6;TNFRSF10B;TNFRSF10A;MAP3K7"
"Astrocyte Development (GO:0014002)","4/15",0.511836832017649,0.99999537209541,0,0,1.13538853885389,0.760425783808008,"APP;CDK6;NF1;PSEN1"
"Cellular Response To Estrogen Stimulus (GO:0071391)","4/15",0.511836832017649,0.99999537209541,0,0,1.13538853885389,0.760425783808008,"BCAS3;CRHBP;SOX9;ESR2"
"Dendritic Spine Morphogenesis (GO:0060997)","4/15",0.511836832017649,0.99999537209541,0,0,1.13538853885389,0.760425783808008,"DOCK10;CTNND2;WASL;EPHB3"
"Epiboly Involved In Wound Healing (GO:0090505)","4/15",0.511836832017649,0.99999537209541,0,0,1.13538853885389,0.760425783808008,"TMEFF2;PDPN;LCP1;CD44"
"Folic Acid-Containing Compound Metabolic Process (GO:0006760)","4/15",0.511836832017649,0.99999537209541,0,0,1.13538853885389,0.760425783808008,"DHFR2;MTHFD1L;MTHFS;FTCD"
"Histone H4-K5 Acetylation (GO:0043981)","4/15",0.511836832017649,0.99999537209541,0,0,1.13538853885389,0.760425783808008,"ING4;MEAF6;JADE1;KAT8"
"Histone H4-K8 Acetylation (GO:0043982)","4/15",0.511836832017649,0.99999537209541,0,0,1.13538853885389,0.760425783808008,"ING4;MEAF6;JADE1;KAT8"
"Membrane Repolarization During Action Potential (GO:0086011)","4/15",0.511836832017649,0.99999537209541,0,0,1.13538853885389,0.760425783808008,"KCNH2;KCND3;KCNE4;ATP1B1"
"Negative Regulation Of Immune Effector Process (GO:0002698)","4/15",0.511836832017649,0.99999537209541,0,0,1.13538853885389,0.760425783808008,"FER;CD47;ENPP3;CD55"
"Nucleotide-Sugar Biosynthetic Process (GO:0009226)","4/15",0.511836832017649,0.99999537209541,0,0,1.13538853885389,0.760425783808008,"GNPDA2;GNPNAT1;UAP1;NANS"
"Platelet-Derived Growth Factor Receptor Signaling Pathway (GO:0048008)","4/15",0.511836832017649,0.99999537209541,0,0,1.13538853885389,0.760425783808008,"PTPN1;FER;PDGFC;BCAR1"
"Positive Regulation Of Glucose Metabolic Process (GO:0010907)","4/15",0.511836832017649,0.99999537209541,0,0,1.13538853885389,0.760425783808008,"SLC45A3;AKT2;IRS2;SIRT1"
"Positive Regulation Of Mitotic Sister Chromatid Separation (GO:1901970)","4/15",0.511836832017649,0.99999537209541,0,0,1.13538853885389,0.760425783808008,"RB1;CDC23;INCENP;NSMCE2"
"Presynapse Assembly (GO:0099054)","4/15",0.511836832017649,0.99999537209541,0,0,1.13538853885389,0.760425783808008,"FZD1;NLGN1;PCLO;WNT5A"
"Receptor Catabolic Process (GO:0032801)","4/15",0.511836832017649,0.99999537209541,0,0,1.13538853885389,0.760425783808008,"SMURF1;NEDD4;SNX25;LGMN"
"Regulation Of Amyloid-Beta Clearance (GO:1900221)","4/15",0.511836832017649,0.99999537209541,0,0,1.13538853885389,0.760425783808008,"ROCK1;SRF;HMGCR;CLU"
"Regulation Of Hormone Secretion (GO:0046883)","4/15",0.511836832017649,0.99999537209541,0,0,1.13538853885389,0.760425783808008,"SCG5;SOX11;FFAR2;VAMP3"
"Regulation Of Intrinsic Apoptotic Signaling Pathway In Response To DNA Damage (GO:1902229)","4/15",0.511836832017649,0.99999537209541,0,0,1.13538853885389,0.760425783808008,"FBH1;CLU;TPT1;BCL2L1"
"Regulation Of Multicellular Organism Growth (GO:0040014)","4/15",0.511836832017649,0.99999537209541,0,0,1.13538853885389,0.760425783808008,"STAT5A;GHSR;GHRHR;GDF15"
"Renal Filtration (GO:0097205)","4/15",0.511836832017649,0.99999537209541,0,0,1.13538853885389,0.760425783808008,"TBC1D8B;MYO1E;PPP3CA;XPNPEP3"
"tRNA Wobble Uridine Modification (GO:0002098)","4/15",0.511836832017649,0.99999537209541,0,0,1.13538853885389,0.760425783808008,"TRMT9B;ELP1;ELP3;ELP5"
"Nucleobase-Containing Compound Catabolic Process (GO:0034655)","11/44",0.512300344678606,0.99999537209541,0,0,1.04076292776974,0.6961082636657,"ISG20;PNPT1;FBH1;ENTPD4;XRN2;SETMAR;RNASE3;DNASE1;NUDT15;DNASE1L3;SIDT2"
"Synaptic Vesicle Recycling (GO:0036465)","11/44",0.512300344678606,0.99999537209541,0,0,1.04076292776974,0.6961082636657,"DNM3;GIT2;NLGN1;SYNJ1;FCHO2;AP3S2;STON2;AP2B1;BLTP1;SNCA;DNM2"
"Cellular Response To Metal Ion (GO:0071248)","33/135",0.513333232056156,0.99999537209541,0,0,1.01013146491217,0.673586034987679,"PRKN;CAMK2D;NLGN1;CPNE5;CPNE4;SLC41A1;MT1X;ADCY1;CLU;ADCY7;CDKN2AIP;ADD1;EGFR;AQP1;CRHBP;MAPK1;B2M;SNCA;SYT4;MEF2C;ADGRV1;BNIP3;WNT5A;BRAF;ANK3;FOS;SYT13;SYT9;BMP6;PPIF;ZNF658;FBP1;LGMN"
"Monocarboxylic Acid Transport (GO:0015718)","18/73",0.513507925757363,0.99999537209541,0,0,1.0218302177756,0.68103943276259,"KDM5A;SLC10A6;ABCD3;ABCC2;ACSL1;ATP8B1;ABCB4;GOT2;SLC6A11;SLCO1C1;SLC5A8;FABP7;SLCO1A2;SLC16A7;PMP2;SLC16A9;SLC27A3;UGT1A6"
"Synapse Organization (GO:0050808)","32/131",0.51594547789793,0.99999537209541,0,0,1.00919569135337,0.667839469281941,"CHRNA1;APP;NLGN1;PTPRS;CTNND2;CHRNA7;SEMA3E;PSEN1;CDH2;FLRT3;SLITRK1;SPOCK2;DNER;SLITRK3;NRCAM;DRD2;SNCA;CAST;KIRREL3;NTNG1;UNC13C;FARP1;MUSK;FZD5;WNT7B;ANK3;POU4F1;DNM3;SDK1;PTK7;NEDD4;ADGRL3"
"Regulation Of Heart Contraction (GO:0008016)","17/69",0.517206912147548,0.99999537209541,0,0,1.02073025216769,0.672979977184315,"CYP2J2;KCNG2;RYR2;CAMK2D;TPM1;ATP2A2;ANK2;ATP1A2;TNNI3K;CACNA1C;SLC8A1;AGT;APLN;TBX2;ADORA3;FXYD1;CORIN"
"Endothelial Cell Migration (GO:0043542)","10/40",0.517235732225449,0.99999537209541,0,0,1.040754509156,0.686124223607573,"DPP4;STAT1;CDH13;MYH9;PRKX;EMP2;S100P;LGALS8;LOXL2;VEGFA"
"Negative Regulation Of Cell-Cell Adhesion (GO:0022408)","10/40",0.517235732225449,0.99999537209541,0,0,1.040754509156,0.686124223607573,"JAG1;WNK1;ZNF703;RDX;APOA1;ADTRP;MAP2K5;BMP6;MBL2;VEGFA"
"Positive Regulation Of Cell Cycle G1/S Phase Transition (GO:1902808)","10/40",0.517235732225449,0.99999537209541,0,0,1.040754509156,0.686124223607573,"RPTOR;LSM11;ANXA1;ADAMTS1;RDX;UBE2E2;PEX2;EGFR;STOX1;FGF10"
"Positive Regulation Of Insulin Secretion (GO:0032024)","10/40",0.517235732225449,0.99999537209541,0,0,1.040754509156,0.686124223607573,"SLC30A8;GPER1;TUNAR;IRS2;ACSL4;MYRIP;PLA2G6;ISL1;SOX4;CFTR"
"Regulation Of Cytosolic Calcium Ion Concentration (GO:0051480)","10/40",0.517235732225449,0.99999537209541,0,0,1.040754509156,0.686124223607573,"RYR2;SCGN;TRPC3;CAV2;GPER1;CAV1;WNT5A;CDH23;TUNAR;TMEM64"
"Synaptic Vesicle Endocytosis (GO:0048488)","10/40",0.517235732225449,0.99999537209541,0,0,1.040754509156,0.686124223607573,"DNM3;NLGN1;SYNJ1;FCHO2;STON2;AP2B1;BLTP1;SNCA;DNM2;PICALM"
"Negative Regulation Of Macromolecule Biosynthetic Process (GO:0010558)","24/98",0.517833332583448,0.99999537209541,0,0,1.01260664143846,0.666398294195477,"EPHA4;GSK3B;CDKN1A;NIBAN2;NHLRC3;CLTC;AKR1B1;CNOT10;MALSU1;TOB1;GIGYF2;ZAR1;FXR1;DHFR;TMEFF2;RIDA;LARP1;TRIM2;DHX36;IGF2BP1;IGF2BP3;IGF2BP2;LSM14A;PF4"
"Muscle Contraction (GO:0006936)","23/94",0.521050284910146,0.99999537209541,0,0,1.01140993819617,0.659346964014118,"TMOD1;RYR2;OXTR;DTNA;ROCK1;TMOD3;MYOF;TPM1;TACR2;LMOD3;MYOM2;SLC8A1;MYLK;TTN;GNAO1;ASPH;MYL1;FXYD1;MYH13;SSPN;NMUR1;UTRN;SNTB1"
"Golgi To Lysosome Transport (GO:0090160)","3/11",0.521694387378634,0.99999537209541,0,0,1.17085997112807,0.76184735326642,"AP4M1;CCDC91;AP1G1"
"RNA Splicing, Via Endonucleolytic Cleavage And Ligation (GO:0000394)","3/11",0.521694387378634,0.99999537209541,0,0,1.17085997112807,0.76184735326642,"FAM98B;TSEN2;RTRAF"
"Actin Crosslink Formation (GO:0051764)","3/11",0.521694387378634,0.99999537209541,0,0,1.17085997112807,0.76184735326642,"EPS8;GAS2;LCP1"
"Base-Excision Repair, AP Site Formation (GO:0006285)","3/11",0.521694387378634,0.99999537209541,0,0,1.17085997112807,0.76184735326642,"NEIL3;NEIL2;NTHL1"
"Brain Morphogenesis (GO:0048854)","3/11",0.521694387378634,0.99999537209541,0,0,1.17085997112807,0.76184735326642,"FBXW11;CTNNA2;BBS4"
"Endoplasmic Reticulum Membrane Organization (GO:0090158)","3/11",0.521694387378634,0.99999537209541,0,0,1.17085997112807,0.76184735326642,"ATL1;ATL2;STX18"
"Fatty Acid Beta-Oxidation Using acyl-CoA Oxidase (GO:0033540)","3/11",0.521694387378634,0.99999537209541,0,0,1.17085997112807,0.76184735326642,"ACOXL;ACOX2;ACOX3"
"Inner Ear Receptor Cell Stereocilium Organization (GO:0060122)","3/11",0.521694387378634,0.99999537209541,0,0,1.17085997112807,0.76184735326642,"GRXCR1;CLRN2;TSKU"
"Intracellular Copper Ion Homeostasis (GO:0006878)","3/11",0.521694387378634,0.99999537209541,0,0,1.17085997112807,0.76184735326642,"APP;ARF1;ATP7A"
"Intrinsic Apoptotic Signaling Pathway In Response To Oxidative Stress (GO:0008631)","3/11",0.521694387378634,0.99999537209541,0,0,1.17085997112807,0.76184735326642,"STK24;STK25;MAP3K5"
"Methylguanosine-Cap Decapping (GO:0110156)","3/11",0.521694387378634,0.99999537209541,0,0,1.17085997112807,0.76184735326642,"DCP2;EDC3;NUDT12"
"Mitochondrial Respiratory Chain Complex III Assembly (GO:0034551)","3/11",0.521694387378634,0.99999537209541,0,0,1.17085997112807,0.76184735326642,"UQCC2;UQCC5;SLC25A33"
"Negative Regulation Of RNA Metabolic Process (GO:0051253)","3/11",0.521694387378634,0.99999537209541,0,0,1.17085997112807,0.76184735326642,"KAT2B;TMBIM6;PTBP2"
"Negative Regulation Of calcineurin-NFAT Signaling Cascade (GO:0070885)","3/11",0.521694387378634,0.99999537209541,0,0,1.17085997112807,0.76184735326642,"GSK3B;DYRK2;HOMER2"
"Negative Regulation Of Calcineurin-Mediated Signaling (GO:0106057)","3/11",0.521694387378634,0.99999537209541,0,0,1.17085997112807,0.76184735326642,"GSK3B;DYRK2;HOMER2"
"Negative Regulation Of Cell Division (GO:0051782)","3/11",0.521694387378634,0.99999537209541,0,0,1.17085997112807,0.76184735326642,"SUSD2;ZFYVE19;E2F7"
"Negative Regulation Of Cyclase Activity (GO:0031280)","3/11",0.521694387378634,0.99999537209541,0,0,1.17085997112807,0.76184735326642,"GRM3;RD3;CCR2"
"Negative Regulation Of Glucose Transmembrane Transport (GO:0010829)","3/11",0.521694387378634,0.99999537209541,0,0,1.17085997112807,0.76184735326642,"PRKCB;LEP;GRB10"
"Negative Regulation Of Leukocyte Apoptotic Process (GO:2000107)","3/11",0.521694387378634,0.99999537209541,0,0,1.17085997112807,0.76184735326642,"IRF7;CCR7;MERTK"
"Negative Regulation Of Myotube Differentiation (GO:0010832)","3/11",0.521694387378634,0.99999537209541,0,0,1.17085997112807,0.76184735326642,"HDAC4;HDAC5;BHLHA15"
"Neurotransmitter Biosynthetic Process (GO:0042136)","3/11",0.521694387378634,0.99999537209541,0,0,1.17085997112807,0.76184735326642,"MOXD1;DAGLA;DAGLB"
"Neurotransmitter Uptake (GO:0001504)","3/11",0.521694387378634,0.99999537209541,0,0,1.17085997112807,0.76184735326642,"SNAP25;SLC38A1;SLC1A3"
"Neutrophil Activation Involved In Immune Response (GO:0002283)","3/11",0.521694387378634,0.99999537209541,0,0,1.17085997112807,0.76184735326642,"SYK;DNASE1;DNASE1L3"
"Nucleoside Phosphate Biosynthetic Process (GO:1901293)","3/11",0.521694387378634,0.99999537209541,0,0,1.17085997112807,0.76184735326642,"AK4;DCK;AK8"
"Nucleoside Phosphate Catabolic Process (GO:1901292)","3/11",0.521694387378634,0.99999537209541,0,0,1.17085997112807,0.76184735326642,"ENTPD6;ENPP3;NUDT15"
"Organic Cyclic Compound Catabolic Process (GO:1901361)","3/11",0.521694387378634,0.99999537209541,0,0,1.17085997112807,0.76184735326642,"HSD11B1;STS;GOT2"
"Phagosome-Lysosome Fusion (GO:0090385)","3/11",0.521694387378634,0.99999537209541,0,0,1.17085997112807,0.76184735326642,"RAB20;VPS33B;PLA2G5"
"Phasic Smooth Muscle Contraction (GO:0014821)","3/11",0.521694387378634,0.99999537209541,0,0,1.17085997112807,0.76184735326642,"GDNF;DRD2;NEUROG1"
"Phospholipid Efflux (GO:0033700)","3/11",0.521694387378634,0.99999537209541,0,0,1.17085997112807,0.76184735326642,"APOA1;ABCA12;ABCG1"
"Polyamine Metabolic Process (GO:0006595)","3/11",0.521694387378634,0.99999537209541,0,0,1.17085997112807,0.76184735326642,"SMOX;SMS;SLC38A2"
"Positive Regulation Of Branching Involved In Ureteric Bud Morphogenesis (GO:0090190)","3/11",0.521694387378634,0.99999537209541,0,0,1.17085997112807,0.76184735326642,"GDNF;SOX9;VEGFA"
"Positive Regulation Of Coagulation (GO:0050820)","3/11",0.521694387378634,0.99999537209541,0,0,1.17085997112807,0.76184735326642,"ST3GAL4;EMILIN2;THBS1"
"Positive Regulation Of Hemostasis (GO:1900048)","3/11",0.521694387378634,0.99999537209541,0,0,1.17085997112807,0.76184735326642,"ST3GAL4;EMILIN2;THBS1"
"Positive Regulation Of Lipid Transport (GO:0032370)","3/11",0.521694387378634,0.99999537209541,0,0,1.17085997112807,0.76184735326642,"CETP;ABCB4;PRAP1"
"Positive Regulation Of Metaphase/Anaphase Transition Of Cell Cycle (GO:1902101)","3/11",0.521694387378634,0.99999537209541,0,0,1.17085997112807,0.76184735326642,"RB1;CDC23;NSMCE2"
"Positive Regulation Of Mitotic Metaphase/Anaphase Transition (GO:0045842)","3/11",0.521694387378634,0.99999537209541,0,0,1.17085997112807,0.76184735326642,"RB1;CDC23;NSMCE2"
"Positive Regulation Of Myelination (GO:0031643)","3/11",0.521694387378634,0.99999537209541,0,0,1.17085997112807,0.76184735326642,"TENM4;NRDC;TNFRSF1B"
"Positive Regulation Of Protein Maturation (GO:1903319)","3/11",0.521694387378634,0.99999537209541,0,0,1.17085997112807,0.76184735326642,"CCBE1;TNP1;SOX4"
"Positive Regulation Of Protein Polyubiquitination (GO:1902916)","3/11",0.521694387378634,0.99999537209541,0,0,1.17085997112807,0.76184735326642,"PRKN;UBE2N;UBE2V2"
"Positive Regulation Of Pseudopodium Assembly (GO:0031274)","3/11",0.521694387378634,0.99999537209541,0,0,1.17085997112807,0.76184735326642,"CDC42EP3;F2RL1;CCR7"
"Positive Regulation Of Vascular Permeability (GO:0043117)","3/11",0.521694387378634,0.99999537209541,0,0,1.17085997112807,0.76184735326642,"FGFBP3;BMP6;VEGFA"
"Presynapse Organization (GO:0099172)","3/11",0.521694387378634,0.99999537209541,0,0,1.17085997112807,0.76184735326642,"FZD1;NLGN1;WNT5A"
"Purine Ribonucleoside Monophosphate Metabolic Process (GO:0009167)","3/11",0.521694387378634,0.99999537209541,0,0,1.17085997112807,0.76184735326642,"AK4;AMPD2;ADSS2"
"Regulation Of T Cell Mediated Immunity (GO:0002709)","3/11",0.521694387378634,0.99999537209541,0,0,1.17085997112807,0.76184735326642,"ZBTB1;TNFRSF1B;CCR2"
"Regulation Of Actin Filament Depolymerization (GO:0030834)","3/11",0.521694387378634,0.99999537209541,0,0,1.17085997112807,0.76184735326642,"SEMA5A;WDR1;F2RL1"
"Regulation Of Amyloid Precursor Protein Catabolic Process (GO:1902991)","3/11",0.521694387378634,0.99999537209541,0,0,1.17085997112807,0.76184735326642,"ROCK1;CHRNA7;PICALM"
"Regulation Of Cell Activation (GO:0050865)","3/11",0.521694387378634,0.99999537209541,0,0,1.17085997112807,0.76184735326642,"SYK;GNAQ;TXK"
"Regulation Of Cell Cycle Checkpoint (GO:1901976)","3/11",0.521694387378634,0.99999537209541,0,0,1.17085997112807,0.76184735326642,"ETAA1;FEM1B;WDR76"
"Regulation Of Cilium Movement (GO:0003352)","3/11",0.521694387378634,0.99999537209541,0,0,1.17085997112807,0.76184735326642,"CLXN;ODAD2;CCDC40"
"Regulation Of Cytoplasmic Transport (GO:1903649)","3/11",0.521694387378634,0.99999537209541,0,0,1.17085997112807,0.76184735326642,"MAP2K1;USP7;MAPK1"
"Regulation Of Endocytic Recycling (GO:2001135)","3/11",0.521694387378634,0.99999537209541,0,0,1.17085997112807,0.76184735326642,"ARHGAP8;PLA2G4E;SORL1"
"Regulation Of Epithelial Cell Apoptotic Process (GO:1904035)","3/11",0.521694387378634,0.99999537209541,0,0,1.17085997112807,0.76184735326642,"YAP1;TEK;ZFP36L1"
"Regulation Of Lipid Kinase Activity (GO:0043550)","3/11",0.521694387378634,0.99999537209541,0,0,1.17085997112807,0.76184735326642,"RB1;RBL2;PPP2R5A"
"Regulation Of mRNA 3'-End Processing (GO:0031440)","3/11",0.521694387378634,0.99999537209541,0,0,1.17085997112807,0.76184735326642,"DHX36;PEX2;ZFP36L1"
"Regulation Of Monocyte Chemotactic Protein-1 Production (GO:0071637)","3/11",0.521694387378634,0.99999537209541,0,0,1.17085997112807,0.76184735326642,"C1QTNF3;SYK;APOD"
"Regulation Of Muscle System Process (GO:0090257)","3/11",0.521694387378634,0.99999537209541,0,0,1.17085997112807,0.76184735326642,"SLN;TPM1;ATP1A2"
"Regulation Of Protein Exit From Endoplasmic Reticulum (GO:0070861)","3/11",0.521694387378634,0.99999537209541,0,0,1.17085997112807,0.76184735326642,"SEC16B;TMEM30B;SORL1"
"Regulation Of Pseudopodium Assembly (GO:0031272)","3/11",0.521694387378634,0.99999537209541,0,0,1.17085997112807,0.76184735326642,"CDC42EP3;F2RL1;CCR7"
"Respiratory Chain Complex III Assembly (GO:0017062)","3/11",0.521694387378634,0.99999537209541,0,0,1.17085997112807,0.76184735326642,"UQCC2;UQCC5;SLC25A33"
"Response To X-ray (GO:0010165)","3/11",0.521694387378634,0.99999537209541,0,0,1.17085997112807,0.76184735326642,"ATM;NUCKS1;PRAP1"
"Retinoic Acid Receptor Signaling Pathway (GO:0048384)","3/11",0.521694387378634,0.99999537209541,0,0,1.17085997112807,0.76184735326642,"RXRA;THRA;PPARG"
"tRNA Splicing, Via Endonucleolytic Cleavage And Ligation (GO:0006388)","3/11",0.521694387378634,0.99999537209541,0,0,1.17085997112807,0.76184735326642,"FAM98B;TSEN2;RTRAF"
"Telomere Maintenance In Response To DNA Damage (GO:0043247)","3/11",0.521694387378634,0.99999537209541,0,0,1.17085997112807,0.76184735326642,"SHLD1;TRAPPC13;TERF2"
"Tetrahydrofolate Metabolic Process (GO:0046653)","3/11",0.521694387378634,0.99999537209541,0,0,1.17085997112807,0.76184735326642,"DHFR2;MTHFD1L;MTHFS"
"Vitamin D Metabolic Process (GO:0042359)","3/11",0.521694387378634,0.99999537209541,0,0,1.17085997112807,0.76184735326642,"UGT1A4;LGMN;UGT1A6"
"DNA Damage Response, Signal Transduction By P53 Class Mediator (GO:0030330)","9/36",0.522733212628704,0.99999537209541,0,0,1.04074609401886,0.675115396247927,"CDKN1A;RPS6KA6;PLK2;ATRX;ATM;PRAP1;E2F7;PML;BATF"
"Histone Deacetylation (GO:0016575)","9/36",0.522733212628704,0.99999537209541,0,0,1.04074609401886,0.675115396247927,"HDAC4;ELK4;HDAC5;BRMS1L;CHD3;SUDS3;TBL1X;HDAC8;SIRT1"
"Negative Regulation Of Organelle Assembly (GO:1902116)","9/36",0.522733212628704,0.99999537209541,0,0,1.04074609401886,0.675115396247927,"YAP1;KAT2B;SMAD4;MPHOSPH9;GDI2;FEZ2;KIF24;MTM1;CDK5RAP2"
"Neural Crest Cell Migration (GO:0001755)","9/36",0.522733212628704,0.99999537209541,0,0,1.04074609401886,0.675115396247927,"SEMA5A;SEMA6A;SEMA3C;GDNF;SEMA3D;SEMA6D;FN1;SEMA3E;PHOX2B"
"Positive Regulation Of Phospholipase C Activity (GO:0010863)","9/36",0.522733212628704,0.99999537209541,0,0,1.04074609401886,0.675115396247927,"CD86;PHB1;AVPR1B;PTH;TXK;GNAQ;NMUR1;ARHGAP6;EGFR"
"Regulation Of Glucose Import (GO:0046324)","9/36",0.522733212628704,0.99999537209541,0,0,1.04074609401886,0.675115396247927,"OSBPL8;PTH;AKT2;INSR;LEP;GRB10;PRKAG2;IRS2;IGF1"
"Regulation Of Trans-Synaptic Signaling (GO:0099177)","9/36",0.522733212628704,0.99999537209541,0,0,1.04074609401886,0.675115396247927,"GRIA1;BCR;PPP3CA;NLGN1;GRIN3A;NRG3;GRIK4;BTBD9;GRIA3"
"Regulation Of Peptidyl-Tyrosine Phosphorylation (GO:0050730)","22/90",0.524415946315798,0.99999537209541,0,0,1.01010839118256,0.651994783325452,"APP;ANGPT4;RIPK2;ITGB3;HGF;TNK2;IGF1;EFNA5;EGFR;THBS4;AGT;BMP6;IL22RA2;VEGFA;EFNA1;CLEC6A;NTF3;ENPP2;FYN;IL6R;CD44;FGF10"
"Fatty Acid Catabolic Process (GO:0009062)","15/61",0.52534393468901,0.99999537209541,0,0,1.01810320806105,0.655355190547302,"FAAH;ABCD3;ABHD2;ECI2;PEX2;ACAT2;NUDT7;ACADL;AUH;CPT2;PCCA;ADTRP;ACAA1;HAO2;LPIN2"
"Positive Regulation Of Interleukin-8 Production (GO:0032757)","15/61",0.52534393468901,0.99999537209541,0,0,1.01810320806105,0.655355190547302,"FCN1;RAB1A;AFAP1L2;SYK;DEFA5;STAT3;NOD1;PARK7;BCL10;LEP;CNTN1;F2RL1;FFAR2;TLR7;CD58"
"Negative Regulation Of Intracellular Signal Transduction (GO:1902532)","56/231",0.528112012898507,0.99999537209541,0,0,0.999032527105922,0.63782919209137,"DGKG;WWC2;PEBP1;TNFAIP3;PIK3CB;SLA2;LIMD1;HAPSTR1;C1QTNF3;FLCN;SPRED1;DEPTOR;GPER1;WWC3;DUSP4;DUSP5;DUSP2;SLC2A10;MAGI2;SORD;TSC2;DUSP29;SIRT1;CIT;DDIT4;PPIF;PPARG;PPEF2;SLC24A4;MGRN1;ITPR1;NLRC3;STYXL2;TANK;THBS1;NUAK1;PDE11A;SH3BP4;DRD2;RFFL;MARK3;LYN;STAT1;CAV1;WTIP;CYRIB;BMP7;IRGM;PER1;VEPH1;DLG5;BCL2;MKRN2;NF1;GPD1L;BCL2L1"
"Negative Regulation Of Multicellular Organismal Process (GO:0051241)","56/231",0.528112012898507,0.99999537209541,0,0,0.999032527105922,0.63782919209137,"RB1;FOXA1;GSK3B;PTPRR;PTPRO;WWC2;RBPJ;ROBO1;LOXL2;CRHBP;FLCN;RPS6KA6;RGS2;SPRED1;DUSP10;SIN3A;WWC3;SOX9;SOST;NKX3-1;EPHA4;MEF2C;PARP1;WNT9B;TET1;APOA1;ELAPOR2;ALDH1A1;ALPK2;DLX1;DLX2;SRF;NPR3;HMGCR;EGFR;RAB11FIP1;WNT11;NPVF;SUDS3;ZNF423;RAB11FIP3;N4BP1;MAP2K6;GDF15;NRDC;LNPEP;SMAD6;USF3;GRHL2;EFNA1;KLF7;NFIB;BRMS1L;PHF14;NEUROG1;IL18R1"
"Left/Right Pattern Formation (GO:0060972)","8/32",0.528947543130986,0.99999537209541,0,0,1.04073768235618,0.66281045976063,"ODAD2;KIF3B;CITED2;ZIC3;DNAH5;SETDB2;FOXJ1;DNAI1"
"Neural Tube Closure (GO:0001843)","8/32",0.528947543130986,0.99999537209541,0,0,1.04073768235618,0.66281045976063,"SKI;MTHFD1L;DVL2;COBL;TSC2;GRHL3;BCL10;GRHL2"
"Transition Metal Ion Transport (GO:0000041)","8/32",0.528947543130986,0.99999537209541,0,0,1.04073768235618,0.66281045976063,"SLC30A8;SLC30A5;SLC30A1;ATP2C2;ATP2C1;ATP7A;CP;LTF"
"RNA Catabolic Process (GO:0006401)","14/57",0.529858647623559,0.99999537209541,0,0,1.01651653095167,0.645635402830939,"RNH1;PNPT1;CNOT10;RNASE3;NUDT16L1;SND1;ISG20;RIDA;LSM6;XRN2;DCP2;DIS3L2;NUDT12;SIDT2"
"Cellular Response To Organic Substance (GO:0071310)","20/82",0.53165783540168,0.99999537209541,0,0,1.00712988677633,0.636259505882272,"ROBO2;NFAT5;OXTR;AVPR1B;MME;SYK;NCOA3;LEF1;SLC1A1;STAT3;UCP1;CXCR4;AKAP6;PARK7;POU4F1;CLEC3B;TRAF6;ARL6IP5;CCR7;RAMP1"
"Positive Regulation Of MAPK Cascade (GO:0043410)","75/310",0.533156476463885,0.99999537209541,0,0,0.996329931987939,0.626632067292459,"BCAR3;APP;PHB1;ARHGAP8;DIRAS2;ETFA;ADRA1B;ROBO1;BMPER;GLIPR2;GPER1;ARL6IP5;KDR;TNFSF11;CCR7;CD36;MEF2C;MAP2K1;GPR37;MUSK;AVPR1B;PRKCA;NPNT;MTURN;ADRA2A;GAREM1;DOK5;FSHR;ADAM9;IAPP;RAF1;CD44;JCAD;DDR2;NOTCH2;ROCK1;CHRNA7;PELI2;GATA4;PLA2G5;ADRB2;THBS1;EGFR;RAP1A;PDGFC;NTF3;ERBB2;P2RY1;GCNT2;ALKAL2;CCL18;MAP2K5;KLHDC10;CCR1;NTRK2;GDF15;CAV2;INSR;NTRK3;BRAF;IGF1;SCIMP;VEGFA;MFHAS1;RIT2;TAOK3;STK25;LEP;MFAP3;NEK10;F2RL1;ACKR3;TEK;FERMT2;FGF10"
"Intracellular Monoatomic Cation Homeostasis (GO:0030003)","46/190",0.534555411454052,0.99999537209541,0,0,0.997283488232302,0.624618478855738,"APP;RYR2;ARF1;SLC24A4;SLC24A3;CHRNA7;IREB2;TMPRSS4;ATP1A4;SLC41A1;ATP2A2;ATP1A2;ATP1A1;ATP2C2;ATP2C1;SLC8A1;FTMT;ATP7A;B2M;CCR2;SLC30A7;CCR1;SMAD4;SLC30A8;SLC10A7;GLRX3;SLC30A5;CAV1;SLC4A11;ANK2;SLC30A1;ATP1B1;CP;BMP6;ATP4B;SCNN1G;SCNN1B;BOLA2;SCNN1A;KCNMA1;ATP13A3;ATP6V0D1;FBXL5;SLC24A5;TPT1;PICALM"
"Mitochondrial Transport (GO:0006839)","13/53",0.534737684289093,0.99999537209541,0,0,1.0146931184129,0.635176545080905,"PRKN;MTX2;BNIP3;TIMM23;GDAP1;PPIF;BCL2;SLC25A20;SLC25A31;FBXO7;SLC25A4;SLC25A13;BCL2L1"
"Tight Junction Assembly (GO:0120192)","13/53",0.534737684289093,0.99999537209541,0,0,1.0146931184129,0.635176545080905,"PATJ;ILDR1;GRHL2;CLDN22;CLDN10;CHAF1B;DLG1;APC;CLDN8;CLDN23;CLDN12;STRN;MPDZ"
"Golgi To Plasma Membrane Protein Transport (GO:0043001)","7/28",0.536104597428927,0.99999537209541,0,0,1.04072927416581,0.648817680662906,"MACF1;GOLGA4;KRT18;RAB31;ANK3;GOLGA7;OPTN"
"Cell-Substrate Junction Assembly (GO:0007044)","7/28",0.536104597428927,0.99999537209541,0,0,1.04072927416581,0.648817680662906,"BCR;DST;CDH11;FN1;PIP5K1A;ARHGEF7;FERMT2"
"Determination Of Bilateral Symmetry (GO:0009855)","7/28",0.536104597428927,0.99999537209541,0,0,1.04072927416581,0.648817680662906,"ODAD2;KIF3B;CITED2;ZIC3;DNAH5;FOXJ1;DNAI1"
"Diterpenoid Metabolic Process (GO:0016101)","7/28",0.536104597428927,0.99999537209541,0,0,1.04072927416581,0.648817680662906,"ALDH3A2;ADH1B;RDH11;ALDH1A1;NAPEPLD;AKR1B1;BCO1"
"Negative Regulation Of G2/M Transition Of Mitotic Cell Cycle (GO:0010972)","7/28",0.536104597428927,0.99999537209541,0,0,1.04072927416581,0.648817680662906,"BABAM2;INTS3;ZFYVE19;PINX1;RBBP8;NABP1;CDK5RAP3"
"Negative Regulation Of Cytoskeleton Organization (GO:0051494)","7/28",0.536104597428927,0.99999537209541,0,0,1.04072927416581,0.648817680662906,"PRKN;KANK1;SMAD4;CYRIB;SSH2;CLASP1;KANK4"
"Protein Localization To Golgi Apparatus (GO:0034067)","7/28",0.536104597428927,0.99999537209541,0,0,1.04072927416581,0.648817680662906,"GBF1;VPS13D;VPS13A;RAB6B;SORL1;OPTN;RAB33B"
"Regulation Of Chemotaxis (GO:0050920)","7/28",0.536104597428927,0.99999537209541,0,0,1.04072927416581,0.648817680662906,"EFNB2;YTHDF1;MYCBP2;CXCR4;F2RL1;CYRIB;THBS1"
"Regulation Of Nitric-Oxide Synthase Activity (GO:0050999)","7/28",0.536104597428927,0.99999537209541,0,0,1.04072927416581,0.648817680662906,"DHFR;LEP;NPR3;ZDHHC21;PIK3CB;TERF2;EGFR"
"Sterol Biosynthetic Process (GO:0016126)","7/28",0.536104597428927,0.99999537209541,0,0,1.04072927416581,0.648817680662906,"PLPP6;INSIG2;FAXDC2;PRKAG2;DHCR24;HMGCR;LBR"
"Vesicle Coating (GO:0006901)","7/28",0.536104597428927,0.99999537209541,0,0,1.04072927416581,0.648817680662906,"TRAPPC10;TRAPPC12;TRAPPC2B;AP3S2;TRAPPC8;TRAPPC13;TRAPPC9"
"DNA Ligation (GO:0006266)","2/7",0.536464417222776,0.99999537209541,0,0,1.24890721649485,0.777763267336232,"MGMT;NHEJ1"
"N-terminal Peptidyl-Methionine Acetylation (GO:0017196)","2/7",0.536464417222776,0.99999537209541,0,0,1.24890721649485,0.777763267336232,"NAA20;NAA35"
"NADH Metabolic Process (GO:0006734)","2/7",0.536464417222776,0.99999537209541,0,0,1.24890721649485,0.777763267336232,"MDH1B;NUDT12"
"TRIF-dependent Toll-Like Receptor Signaling Pathway (GO:0035666)","2/7",0.536464417222776,0.99999537209541,0,0,1.24890721649485,0.777763267336232,"TRAF3;TICAM1"
"Adenylate Cyclase-Inhibiting G Protein-Coupled Acetylcholine Receptor Signaling Pathway (GO:0007197)","2/7",0.536464417222776,0.99999537209541,0,0,1.24890721649485,0.777763267336232,"CHRM3;HRH3"
"Amino Sugar Catabolic Process (GO:0046348)","2/7",0.536464417222776,0.99999537209541,0,0,1.24890721649485,0.777763267336232,"GNPDA2;NPL"
"Amino-Acid Betaine Transport (GO:0015838)","2/7",0.536464417222776,0.99999537209541,0,0,1.24890721649485,0.777763267336232,"SLC22A4;SLC22A16"
"Cardiolipin Biosynthetic Process (GO:0032049)","2/7",0.536464417222776,0.99999537209541,0,0,1.24890721649485,0.777763267336232,"PGS1;PLA2G6"
"Catecholamine Catabolic Process (GO:0042424)","2/7",0.536464417222776,0.99999537209541,0,0,1.24890721649485,0.777763267336232,"MOXD1;MAOA"
"Cellular Modified Amino Acid Biosynthetic Process (GO:0042398)","2/7",0.536464417222776,0.99999537209541,0,0,1.24890721649485,0.777763267336232,"GATM;MTHFS"
"Cellular Response To Interleukin-2 (GO:0071352)","2/7",0.536464417222776,0.99999537209541,0,0,1.24890721649485,0.777763267336232,"STAT5A;STAT3"
"Collecting Duct Development (GO:0072044)","2/7",0.536464417222776,0.99999537209541,0,0,1.24890721649485,0.777763267336232,"WNT7B;DACT2"
"Coronary Vasculature Development (GO:0060976)","2/7",0.536464417222776,0.99999537209541,0,0,1.24890721649485,0.777763267336232,"GATA6;APLN"
"Cyclic Nucleotide Transport (GO:0070729)","2/7",0.536464417222776,0.99999537209541,0,0,1.24890721649485,0.777763267336232,"ABCC5;LRRC8D"
"Cytoplasmic Sequestering Of NF-kappaB (GO:0007253)","2/7",0.536464417222776,0.99999537209541,0,0,1.24890721649485,0.777763267336232,"NFKBIA;G3BP2"
"Dendritic Spine Maintenance (GO:0097062)","2/7",0.536464417222776,0.99999537209541,0,0,1.24890721649485,0.777763267336232,"MTMR2;INSR"
"Depyrimidination (GO:0045008)","2/7",0.536464417222776,0.99999537209541,0,0,1.24890721649485,0.777763267336232,"NEIL2;NTHL1"
"Diacylglycerol Biosynthetic Process (GO:0006651)","2/7",0.536464417222776,0.99999537209541,0,0,1.24890721649485,0.777763267336232,"GPAM;MOGAT2"
"Dopamine Catabolic Process (GO:0042420)","2/7",0.536464417222776,0.99999537209541,0,0,1.24890721649485,0.777763267336232,"MOXD1;MAOA"
"Ethanol Oxidation (GO:0006069)","2/7",0.536464417222776,0.99999537209541,0,0,1.24890721649485,0.777763267336232,"ADH1C;ADH1B"
"Galactosylceramide Metabolic Process (GO:0006681)","2/7",0.536464417222776,0.99999537209541,0,0,1.24890721649485,0.777763267336232,"UGT8;B3GALT2"
"Glutathione Catabolic Process (GO:0006751)","2/7",0.536464417222776,0.99999537209541,0,0,1.24890721649485,0.777763267336232,"GGT3P;GGT1"
"Glycine Metabolic Process (GO:0006544)","2/7",0.536464417222776,0.99999537209541,0,0,1.24890721649485,0.777763267336232,"RIDA;BAAT"
"Histone Lysine Demethylation (GO:0070076)","2/7",0.536464417222776,0.99999537209541,0,0,1.24890721649485,0.777763267336232,"KDM4C;KDM6A"
"Immunological Synapse Formation (GO:0001771)","2/7",0.536464417222776,0.99999537209541,0,0,1.24890721649485,0.777763267336232,"MSN;CCR7"
"Interleukin-2-Mediated Signaling Pathway (GO:0038110)","2/7",0.536464417222776,0.99999537209541,0,0,1.24890721649485,0.777763267336232,"STAT5A;STAT3"
"Intermediate Filament Bundle Assembly (GO:0045110)","2/7",0.536464417222776,0.99999537209541,0,0,1.24890721649485,0.777763267336232,"PKP2;PKP1"
"Intracellular pH Elevation (GO:0051454)","2/7",0.536464417222776,0.99999537209541,0,0,1.24890721649485,0.777763267336232,"OCA2;SLC26A3"
"Late Nucleophagy (GO:0044805)","2/7",0.536464417222776,0.99999537209541,0,0,1.24890721649485,0.777763267336232,"ULK2;ATG7"
"Lymphatic Endothelial Cell Differentiation (GO:0060836)","2/7",0.536464417222776,0.99999537209541,0,0,1.24890721649485,0.777763267336232,"PDPN;NR2F2"
"Malate Metabolic Process (GO:0006108)","2/7",0.536464417222776,0.99999537209541,0,0,1.24890721649485,0.777763267336232,"MDH2;MDH1B"
"Melanin Biosynthetic Process (GO:0042438)","2/7",0.536464417222776,0.99999537209541,0,0,1.24890721649485,0.777763267336232,"OCA2;TYRP1"
"Mitochondrial Outer Membrane Permeabilization (GO:0097345)","2/7",0.536464417222776,0.99999537209541,0,0,1.24890721649485,0.777763267336232,"BNIP3L;BNIP3"
"Mitochondrial Proton-Transporting ATP Synthase Complex Assembly (GO:0033615)","2/7",0.536464417222776,0.99999537209541,0,0,1.24890721649485,0.777763267336232,"ATPAF1;TMEM242"
"Mitochondrial tRNA Modification (GO:0070900)","2/7",0.536464417222776,0.99999537209541,0,0,1.24890721649485,0.777763267336232,"METTL8;TRIT1"
"Monosaccharide Biosynthetic Process (GO:0046364)","2/7",0.536464417222776,0.99999537209541,0,0,1.24890721649485,0.777763267336232,"DSE;UST"
"Negative Regulation Of B Cell Apoptotic Process (GO:0002903)","2/7",0.536464417222776,0.99999537209541,0,0,1.24890721649485,0.777763267336232,"IRS2;BCL10"
"Negative Regulation Of Amyloid-Beta Clearance (GO:1900222)","2/7",0.536464417222776,0.99999537209541,0,0,1.24890721649485,0.777763267336232,"SRF;HMGCR"
"Negative Regulation Of cAMP-dependent Protein Kinase Activity (GO:2000480)","2/7",0.536464417222776,0.99999537209541,0,0,1.24890721649485,0.777763267336232,"PRKAR2A;SIRT1"
"Negative Regulation Of Glial Cell Apoptotic Process (GO:0034351)","2/7",0.536464417222776,0.99999537209541,0,0,1.24890721649485,0.777763267336232,"PRKCH;PRKCA"
"Negative Regulation Of Glucose Import (GO:0046325)","2/7",0.536464417222776,0.99999537209541,0,0,1.24890721649485,0.777763267336232,"LEP;GRB10"
"Negative Regulation Of Inflammatory Response To Wounding (GO:0106015)","2/7",0.536464417222776,0.99999537209541,0,0,1.24890721649485,0.777763267336232,"IL33;STAT3"
"Negative Regulation Of Intracellular Transport (GO:0032387)","2/7",0.536464417222776,0.99999537209541,0,0,1.24890721649485,0.777763267336232,"ARHGAP8;CRYAA"
"Negative Regulation Of Lipid Kinase Activity (GO:0090219)","2/7",0.536464417222776,0.99999537209541,0,0,1.24890721649485,0.777763267336232,"PIP4K2A;PPP2R5A"
"Negative Regulation Of miRNA-mediated Gene Silencing (GO:0060965)","2/7",0.536464417222776,0.99999537209541,0,0,1.24890721649485,0.777763267336232,"PPARG;ELOC"
"Negative Regulation Of Neural Precursor Cell Proliferation (GO:2000178)","2/7",0.536464417222776,0.99999537209541,0,0,1.24890721649485,0.777763267336232,"WNT5A;NF1"
"Negative Regulation Of Osteoblast Proliferation (GO:0033689)","2/7",0.536464417222776,0.99999537209541,0,0,1.24890721649485,0.777763267336232,"GREM1;MN1"
"Negative Regulation Of Phospholipase Activity (GO:0010519)","2/7",0.536464417222776,0.99999537209541,0,0,1.24890721649485,0.777763267336232,"RGS2;ANXA1"
"Negative Regulation Of Striated Muscle Cell Apoptotic Process (GO:0010664)","2/7",0.536464417222776,0.99999537209541,0,0,1.24890721649485,0.777763267336232,"GATA4;BMP7"
"Neurotransmitter Receptor Diffusion Trapping (GO:0099628)","2/7",0.536464417222776,0.99999537209541,0,0,1.24890721649485,0.777763267336232,"CACNG3;CACNG4"
"Nonribosomal Peptide Biosynthetic Process (GO:0019184)","2/7",0.536464417222776,0.99999537209541,0,0,1.24890721649485,0.777763267336232,"GCLM;GGT1"
"Norepinephrine Metabolic Process (GO:0042415)","2/7",0.536464417222776,0.99999537209541,0,0,1.24890721649485,0.777763267336232,"MOXD1;RNF180"
"Nucleobase-Containing Small Molecule Interconversion (GO:0015949)","2/7",0.536464417222776,0.99999537209541,0,0,1.24890721649485,0.777763267336232,"AK2;AK4"
"Peptidyl-Lysine Deacetylation (GO:0034983)","2/7",0.536464417222776,0.99999537209541,0,0,1.24890721649485,0.777763267336232,"HDAC4;SIRT1"
"Peroxisome Proliferator Activated Receptor Signaling Pathway (GO:0035357)","2/7",0.536464417222776,0.99999537209541,0,0,1.24890721649485,0.777763267336232,"RXRA;PPARG"
"Positive Regulation Of CoA-transferase Activity (GO:1905920)","2/7",0.536464417222776,0.99999537209541,0,0,1.24890721649485,0.777763267336232,"CHRNA7;APOA1"
"Positive Regulation Of Attachment Of Mitotic Spindle Microtubules To Kinetochore (GO:1902425)","2/7",0.536464417222776,0.99999537209541,0,0,1.24890721649485,0.777763267336232,"KAT2B;INCENP"
"Positive Regulation Of Chromosome Condensation (GO:1905821)","2/7",0.536464417222776,0.99999537209541,0,0,1.24890721649485,0.777763267336232,"NCAPG2;NCAPG"
"Positive Regulation Of Endocytic Recycling (GO:2001137)","2/7",0.536464417222776,0.99999537209541,0,0,1.24890721649485,0.777763267336232,"PLA2G4E;SORL1"
"Positive Regulation Of Epithelial Tube Formation (GO:1905278)","2/7",0.536464417222776,0.99999537209541,0,0,1.24890721649485,0.777763267336232,"GDNF;MMRN2"
"Positive Regulation Of Glial Cell Migration (GO:1903977)","2/7",0.536464417222776,0.99999537209541,0,0,1.24890721649485,0.777763267336232,"CSF1;CCR2"
"Positive Regulation Of Insulin-Like Growth Factor Receptor Signaling Pathway (GO:0043568)","2/7",0.536464417222776,0.99999537209541,0,0,1.24890721649485,0.777763267336232,"GHRHR;IGF1"
"Positive Regulation Of Intracellular Steroid Hormone Receptor Signaling Pathway (GO:0033145)","2/7",0.536464417222776,0.99999537209541,0,0,1.24890721649485,0.777763267336232,"YAP1;KMT2D"
"Positive Regulation Of Membrane Potential (GO:0045838)","2/7",0.536464417222776,0.99999537209541,0,0,1.24890721649485,0.777763267336232,"AKT2;ANK3"
"Positive Regulation Of Oligodendrocyte Differentiation (GO:0048714)","2/7",0.536464417222776,0.99999537209541,0,0,1.24890721649485,0.777763267336232,"TENM4;TNFRSF1B"
"Positive Regulation Of Plasminogen Activation (GO:0010756)","2/7",0.536464417222776,0.99999537209541,0,0,1.24890721649485,0.777763267336232,"CLEC3B;PLGRKT"
"Positive Regulation Of Vascular Associated Smooth Muscle Cell Migration (GO:1904754)","2/7",0.536464417222776,0.99999537209541,0,0,1.24890721649485,0.777763267336232,"DOCK5;DOCK4"
"Post-Translational Protein Targeting To Membrane, Translocation (GO:0031204)","2/7",0.536464417222776,0.99999537209541,0,0,1.24890721649485,0.777763267336232,"SEC61A1;SEC61G"
"Postsynaptic Neurotransmitter Receptor Diffusion Trapping (GO:0098970)","2/7",0.536464417222776,0.99999537209541,0,0,1.24890721649485,0.777763267336232,"CACNG3;CACNG4"
"Preassembly Of GPI Anchor In ER Membrane (GO:0016254)","2/7",0.536464417222776,0.99999537209541,0,0,1.24890721649485,0.777763267336232,"PIGZ;PIGV"
"Protein K27-linked Ubiquitination (GO:0044314)","2/7",0.536464417222776,0.99999537209541,0,0,1.24890721649485,0.777763267336232,"PRKN;RNF6"
"Protein Deglycosylation (GO:0006517)","2/7",0.536464417222776,0.99999537209541,0,0,1.24890721649485,0.777763267336232,"MAN2A1;PARK7"
"Protein Localization To Ciliary Transition Zone (GO:1904491)","2/7",0.536464417222776,0.99999537209541,0,0,1.24890721649485,0.777763267336232,"TCTN2;SPATA7"
"Protein Localization To Nucleolus (GO:1902570)","2/7",0.536464417222776,0.99999537209541,0,0,1.24890721649485,0.777763267336232,"PINX1;RAN"
"Proton-Transporting ATP Synthase Complex Assembly (GO:0043461)","2/7",0.536464417222776,0.99999537209541,0,0,1.24890721649485,0.777763267336232,"ATPAF1;TMEM242"
"Purine-Containing Compound Metabolic Process (GO:0072521)","2/7",0.536464417222776,0.99999537209541,0,0,1.24890721649485,0.777763267336232,"TTR;MACROD2"
"Pyrimidine Nucleobase Catabolic Process (GO:0006208)","2/7",0.536464417222776,0.99999537209541,0,0,1.24890721649485,0.777763267336232,"DPYSL5;DPYD"
"Regulation Of CoA-transferase Activity (GO:1905918)","2/7",0.536464417222776,0.99999537209541,0,0,1.24890721649485,0.777763267336232,"CHRNA7;APOA1"
"Regulation Of Golgi To Plasma Membrane Protein Transport (GO:0042996)","2/7",0.536464417222776,0.99999537209541,0,0,1.24890721649485,0.777763267336232,"CSK;ATP2C1"
"Regulation Of Alpha-Beta T Cell Proliferation (GO:0046640)","2/7",0.536464417222776,0.99999537209541,0,0,1.24890721649485,0.777763267336232,"SYK;SH3RF1"
"Regulation Of Attachment Of Mitotic Spindle Microtubules To Kinetochore (GO:1902423)","2/7",0.536464417222776,0.99999537209541,0,0,1.24890721649485,0.777763267336232,"KAT2B;INCENP"
"Regulation Of Carbohydrate Biosynthetic Process (GO:0043255)","2/7",0.536464417222776,0.99999537209541,0,0,1.24890721649485,0.777763267336232,"FBP1;GNMT"
"Regulation Of Chaperone-Mediated Autophagy (GO:1904714)","2/7",0.536464417222776,0.99999537209541,0,0,1.24890721649485,0.777763267336232,"EEF1A1;SNCA"
"Regulation Of Chromosome Condensation (GO:0060623)","2/7",0.536464417222776,0.99999537209541,0,0,1.24890721649485,0.777763267336232,"NCAPG2;NCAPG"
"Regulation Of Cilium Beat Frequency (GO:0003356)","2/7",0.536464417222776,0.99999537209541,0,0,1.24890721649485,0.777763267336232,"ODAD2;CCDC40"
"Regulation Of Extracellular Matrix Constituent Secretion (GO:0003330)","2/7",0.536464417222776,0.99999537209541,0,0,1.24890721649485,0.777763267336232,"RIC1;TNFRSF1B"
"Regulation Of Leukocyte Proliferation (GO:0070663)","2/7",0.536464417222776,0.99999537209541,0,0,1.24890721649485,0.777763267336232,"HHEX;IL5RA"
"Regulation Of Mammary Gland Epithelial Cell Proliferation (GO:0033599)","2/7",0.536464417222776,0.99999537209541,0,0,1.24890721649485,0.777763267336232,"ZNF703;ROBO1"
"Regulation Of Microvillus Organization (GO:0032530)","2/7",0.536464417222776,0.99999537209541,0,0,1.24890721649485,0.777763267336232,"FSCN1;PLD1"
"Regulation Of Phospholipase A2 Activity (GO:0032429)","2/7",0.536464417222776,0.99999537209541,0,0,1.24890721649485,0.777763267336232,"ANXA1;AVPR1B"
"Regulation Of Protein Glycosylation (GO:0060049)","2/7",0.536464417222776,0.99999537209541,0,0,1.24890721649485,0.777763267336232,"ALG10B;RAMP1"
"Regulation Of Protein Localization To Cilium (GO:1903564)","2/7",0.536464417222776,0.99999537209541,0,0,1.24890721649485,0.777763267336232,"GSK3B;GDI2"
"Regulation Of Transforming Growth Factor Beta Activation (GO:1901388)","2/7",0.536464417222776,0.99999537209541,0,0,1.24890721649485,0.777763267336232,"ITGAV;LTBP1"
"Regulation Of Triglyceride Metabolic Process (GO:0090207)","2/7",0.536464417222776,0.99999537209541,0,0,1.24890721649485,0.777763267336232,"FITM2;CIDEC"
"Regulation Of Vascular Wound Healing (GO:0061043)","2/7",0.536464417222776,0.99999537209541,0,0,1.24890721649485,0.777763267336232,"SMOC2;TNFAIP3"
"Response To UV-C (GO:0010225)","2/7",0.536464417222776,0.99999537209541,0,0,1.24890721649485,0.777763267336232,"ST20;MAP3K4"
"Response To Auditory Stimulus (GO:0010996)","2/7",0.536464417222776,0.99999537209541,0,0,1.24890721649485,0.777763267336232,"ATP1A2;NEUROG1"
"Response To Hydroperoxide (GO:0033194)","2/7",0.536464417222776,0.99999537209541,0,0,1.24890721649485,0.777763267336232,"GPX3;PRKD1"
"Stress-Induced Premature Senescence (GO:0090400)","2/7",0.536464417222776,0.99999537209541,0,0,1.24890721649485,0.777763267336232,"CDKN1A;SIRT1"
"Sulfur Amino Acid Biosynthetic Process (GO:0000097)","2/7",0.536464417222776,0.99999537209541,0,0,1.24890721649485,0.777763267336232,"CDO1;GGT1"
"Sulfur Amino Acid Transport (GO:0000101)","2/7",0.536464417222776,0.99999537209541,0,0,1.24890721649485,0.777763267336232,"SLC7A9;SLC1A1"
"Telomeric D-loop Disassembly (GO:0061820)","2/7",0.536464417222776,0.99999537209541,0,0,1.24890721649485,0.777763267336232,"SLX1A;TERF2"
"Termination Of RNA Polymerase II Transcription (GO:0006369)","2/7",0.536464417222776,0.99999537209541,0,0,1.24890721649485,0.777763267336232,"PCF11;XRN2"
"Thyroid Hormone Transport (GO:0070327)","2/7",0.536464417222776,0.99999537209541,0,0,1.24890721649485,0.777763267336232,"SLCO1C1;SLC16A10"
"Translocation Of Molecules Into Host (GO:0044417)","2/7",0.536464417222776,0.99999537209541,0,0,1.24890721649485,0.777763267336232,"THOC3;THOC5"
"Tryptophan Metabolic Process (GO:0006568)","2/7",0.536464417222776,0.99999537209541,0,0,1.24890721649485,0.777763267336232,"HAAO;ATP7A"
"Very-Low-Density Lipoprotein Particle Remodeling (GO:0034372)","2/7",0.536464417222776,0.99999537209541,0,0,1.24890721649485,0.777763267336232,"CETP;LCP1"
"Viral mRNA Export From Host Cell Nucleus (GO:0046784)","2/7",0.536464417222776,0.99999537209541,0,0,1.24890721649485,0.777763267336232,"THOC3;THOC5"
"Inorganic Cation Import Across Plasma Membrane (GO:0098659)","25/103",0.536983343843527,0.99999537209541,0,0,1.00064806404148,0.622191160580605,"SLC24A4;ATP1A4;CACNA1D;ATP1A2;CACNA1C;ATP1A1;CLU;NALF1;SLC8A1;SLC9C2;TRPM1;SCN1A;KCNJ3;KCNH2;KCNJ5;KCNJ11;KCNJ15;ATP1B1;ATP4B;SCNN1G;SLC9A7;SCN8A;SCNN1B;SCNN1A;SLC9A9"
"Fatty Acid Beta-Oxidation (GO:0006635)","12/49",0.540047923244181,0.99999537209541,0,0,1.01257538530266,0.623845058759468,"ACOXL;ABCD3;ACADL;AUH;CPT2;ACOX2;ECI2;ETFA;PEX2;ACOX3;ACAA1;ACAT2"
"Neurogenesis (GO:0022008)","12/49",0.540047923244181,0.99999537209541,0,0,1.01257538530266,0.623845058759468,"METTL14;CDK6;BTBD3;ERBB2;KAT8;CXCR4;DAGLB;VXN;WNT2;EGFR;CDK5RAP2;CIT"
"Positive Regulation Of Pathway-Restricted SMAD Protein Phosphorylation (GO:0010862)","12/49",0.540047923244181,0.99999537209541,0,0,1.01257538530266,0.623845058759468,"BMP3;SMAD4;DAB2;RBPMS;GDF15;PPARG;TTK;INHBA;BMP7;BMP6;TGFBR2;BMPR1A"
"Negative Regulation Of Programmed Cell Death (GO:0043069)","92/381",0.540781887027446,0.99999537209541,0,0,0.993739641185194,0.610890759468527,"FANK1;PAGE4;PRR5;GSK3B;TNFAIP8;CITED2;FMN2;SH3RF1;AQP1;RNF157;COMP;BABAM2;AKT2;KDR;PIM1;MYO18A;CD38;CTSH;SOX9;BNIP3L;ANXA1;ANXA4;HGF;WNT5A;PRAP1;SIRT1;GREM1;HCK;RNF144B;PPIF;NAA35;VDAC1;BIRC6;TMBIM6;ANGPTL4;CRYAA;IL6ST;RAF1;MET;CD44;LTF;NOTCH2;MAPKAP1;LEF1;GATA6;PSEN1;CBL;THBS1;EGFR;MTDH;BCL2L10;GRK5;FIGNL1;PDPN;ERBB2;RICTOR;MAP4K4;MCL1;SNCA;HSPA9;ANGPT4;NIBAN2;OPN3;MGMT;PLK2;SIAH2;BNIP3;IL31RA;HMGA2;BRAF;BFAR;DHCR24;IGF1;SMAD6;DHRS2;POU4F1;MTOR;VEGFA;KLHL20;TNFRSF10D;LSM8;DAB2;KRT18;GDNF;XPNPEP1;WT1;IL7;BCL2;CD27;TEK;TPT1;BCL2L1"
"Regulation Of G Protein-Coupled Receptor Signaling Pathway (GO:0008277)","17/70",0.544116579371343,0.99999537209541,0,0,1.00140485063706,0.609446735284656,"GIT2;PHB1;SLC24A4;CXCL8;ROCK1;MGRN1;FRMPD1;ZDHHC7;RGS2;RIC8B;GRK5;GPER1;GNG7;GRK7;NMT2;RGS12;RGS6"
"Regulation Of Actin Filament Polymerization (GO:0030833)","17/70",0.544116579371343,0.99999537209541,0,0,1.00140485063706,0.609446735284656,"ARFGEF1;KANK1;CARMIL1;CRACD;PRKCE;ARHGAP28;CYRIB;SSH2;HCK;FER;ARHGAP40;BIN1;CDC42EP3;CCR7;KANK4;NCK1;MEGF9"
"Early Endosome To Late Endosome Transport (GO:0045022)","6/24",0.54455088196795,0.99999537209541,0,0,1.04072086944559,0.632543789635297,"SNX16;LMTK2;EMP2;PIK3C3;HOOK3;ATG14"
"Iron Ion Transport (GO:0006826)","6/24",0.54455088196795,0.99999537209541,0,0,1.04072086944559,0.632543789635297,"STEAP3;CLTC;LMTK2;CP;DNM2;LTF"
"Positive Regulation Of BMP Signaling Pathway (GO:0030513)","6/24",0.54455088196795,0.99999537209541,0,0,1.04072086944559,0.632543789635297,"SCUBE3;SMAD4;SOX11;RBPJ;ZNF423;ELAPOR2"
"Positive Regulation Of Cell Cycle G2/M Phase Transition (GO:1902751)","6/24",0.54455088196795,0.99999537209541,0,0,1.04072086944559,0.632543789635297,"RAD51B;DYRK3;CDC7;PHOX2B;STOX1;BRD4"
"Protein Kinase B Signaling (GO:0043491)","6/24",0.54455088196795,0.99999537209541,0,0,1.04072086944559,0.632543789635297,"KDR;MKRN2;TSC2;IGF1;ZFP36L1;NKX3-1"
"Epidermal Growth Factor Receptor Signaling Pathway (GO:0007173)","11/45",0.545875726442932,0.99999537209541,0,0,1.01008542231187,0.611469287341951,"GAREM1;ERBB2;REPS2;ERBIN;BRAF;SOX9;CBL;SOS1;AREG;EGFR;BCAR1"
"Regulation Of Apoptotic Signaling Pathway (GO:2001233)","11/45",0.545875726442932,0.99999537209541,0,0,1.01008542231187,0.611469287341951,"RB1;DEPTOR;TMBIM1;BCL2;CTSH;ETFA;GATA4;TMBIM6;TRAF1;BCL2L14;NKX3-1"
"Regulation Of Telomerase Activity (GO:0051972)","11/45",0.545875726442932,0.99999537209541,0,0,1.01008542231187,0.611469287341951,"GREM1;PARM1;NVL;PINX1;PARN;MAPK1;NEK2;ATM;GRHL2;MAP3K4;SMG6"
"Positive Regulation Of Binding (GO:0051099)","22/91",0.54798349705035,0.99999537209541,0,0,0.995403126594053,0.59874504154328,"PRKN;APP;GSK3B;FOXC1;NVL;RIPK2;CAV1;DERL1;SUMO4;MED9;PSEN1;IGF1;NGF;STK4;SKI;TIAM1;ZNF618;PPARG;B2M;MET;MARK3;RAN"
"Regulation Of Insulin Secretion (GO:0050796)","21/87",0.552012729376327,0.99999537209541,0,0,0.993338476882257,0.59022600090522,"EPHA5;PRKN;CHGA;SNAP25;SLC30A8;KCNJ11;KCNB1;UQCC2;RFX3;IRS2;ACSL4;MYRIP;ABCA12;EFNA5;ISL1;ADRA2A;PER2;MTNR1B;GPER1;CLOCK;SOX4"
"Positive Regulation Of Apoptotic Process (GO:0043065)","65/270",0.552286850403883,0.99999537209541,0,0,0.989769039115083,0.587613715400322,"FANK1;FOXA1;ITGB1;MTCH1;MTCH2;TNFAIP8;CLU;ING4;FLCN;FAM162A;RPS6KA2;GPER1;ARL6IP5;TNFSF10;CTSH;EMILIN2;DNM1L;PHLDA1;SOX4;TP63;CTNNBL1;MAP3K5;TGM2;BOK;NKX3-1;STPG1;BNIP3L;PRMT2;APAF1;SIRT1;DNM2;LATS2;BIN1;KCNMA1;IAPP;ARHGEF7;EEF1E1;ATF6;HTT;BCL10;PRDM11;STK4;BCL2L11;TP53BP2;IGF2BP1;ATG7;MCL1;SNCA;SRPK2;GADD45B;GADD45A;BNIP3;TNFRSF10B;TNFRSF10A;PNMA2;GADD45G;RYBP;APC;STK17B;JMY;BCL2;NF1;TRIM35;ATM;CDK5R1"
"O-glycan Processing (GO:0016266)","10/41",0.552335049027048,0.99999537209541,0,0,1.00711516169005,0.597824007101571,"GALNT14;GALNT5;ST6GAL1;GALNT2;GALNT1;GXYLT1;ST3GAL4;GCNT3;GALNT9;ST3GAL3"
"Acylglycerol Metabolic Process (GO:0006639)","10/41",0.552335049027048,0.99999537209541,0,0,1.00711516169005,0.597824007101571,"DGKG;PGS1;CETP;LYPLA2;ABHD2;CAV1;SEL1L;PLAAT3;LCP1;DGKK"
"Regulation Of Chemokine Production (GO:0032642)","10/41",0.552335049027048,0.99999537209541,0,0,1.00711516169005,0.597824007101571,"APP;IL33;IL7;WNT5A;F2RL1;FFAR2;TLR7;LCP1;IL6R;ALOX15B"
"Anterior/Posterior Axis Specification (GO:0009948)","5/20",0.554853542536339,0.99999537209541,0,0,1.04071246819338,0.613032811041318,"MESP2;SKI;CDX2;FZD5;TBXT"
"Calcium-Mediated Signaling Using Intracellular Calcium Source (GO:0035584)","5/20",0.554853542536339,0.99999537209541,0,0,1.04071246819338,0.613032811041318,"PTGFR;RYR2;KDR;STIMATE;CLU"
"Cell Projection Organization (GO:0030030)","5/20",0.554853542536339,0.99999537209541,0,0,1.04071246819338,0.613032811041318,"CYFIP2;ITGB1;PARVG;PACSIN2;CSPG5"
"Epithelial Cilium Movement Involved In Extracellular Fluid Movement (GO:0003351)","5/20",0.554853542536339,0.99999537209541,0,0,1.04071246819338,0.613032811041318,"SPAG17;DNAAF2;NEK10;RFX3;CCDC40"
"Lipopolysaccharide-Mediated Signaling Pathway (GO:0031663)","5/20",0.554853542536339,0.99999537209541,0,0,1.04071246819338,0.613032811041318,"LYN;HCK;PRKCE;TICAM1;MTDH"
"Monocarboxylic Acid Catabolic Process (GO:0072329)","5/20",0.554853542536339,0.99999537209541,0,0,1.04071246819338,0.613032811041318,"CYP26A1;FAAH;CYP26C1;LDHD;LPIN2"
"Positive Regulation Of Lipid Catabolic Process (GO:0050996)","5/20",0.554853542536339,0.99999537209541,0,0,1.04071246819338,0.613032811041318,"AKT2;IRS2;FLNB;ABHD5;DAGLB"
"Positive Regulation Of Protein Processing (GO:0010954)","5/20",0.554853542536339,0.99999537209541,0,0,1.04071246819338,0.613032811041318,"CCBE1;CLEC3B;PLGRKT;MYH9;TNP1"
"Protein Deacylation (GO:0035601)","5/20",0.554853542536339,0.99999537209541,0,0,1.04071246819338,0.613032811041318,"HDAC4;LYPLA2;ABHD17C;SIRT1;LYPLAL1"
"Receptor Metabolic Process (GO:0043112)","5/20",0.554853542536339,0.99999537209541,0,0,1.04071246819338,0.613032811041318,"SMURF1;NEDD4;SNX25;LMTK2;LGMN"
"Lipid Transport (GO:0006869)","26/108",0.555203841995345,0.99999537209541,0,0,0.989851717829238,0.582448498107646,"KDM5A;CETP;ABCD3;PITPNA;ABCA12;CLN8;ABCA13;CD36;PRELID3A;PRELID3B;OSBPL8;PRELID2;SLC10A6;ABCC2;CHKA;ACSL1;ATP8B1;GOT2;BLTP1;SLCO1C1;VAPA;FABP7;SLCO2A1;SLCO1A2;PMP2;SLC27A3"
"Positive Regulation Of DNA Metabolic Process (GO:0051054)","26/108",0.555203841995345,0.99999537209541,0,0,0.989851717829238,0.582448498107646,"INO80C;BCAR3;PRIM2;NPAS2;EGFR;GLI2;BABAM2;SMCHD1;RUVBL1;DHX36;GINS2;USP7;EYA1;EYA2;HGF;EYA3;GINS3;ATRX;BAZ1A;SIRT1;TERF2;PML;SMOC2;WT1;UBE2N;FGF10"
"Positive Regulation Of ERK1 And ERK2 Cascade (GO:0070374)","43/179",0.558650379125376,0.99999537209541,0,0,0.986991303071447,0.574657368980689,"NOTCH2;APP;PHB1;ARHGAP8;CHRNA7;GATA4;PLA2G5;EGFR;RAP1A;BMPER;GLIPR2;GPER1;PDGFC;P2RY1;KDR;GCNT2;TNFSF11;CCR7;ALKAL2;CD36;CCL18;CCR1;NTRK2;MAP2K1;MUSK;NTRK3;PRKCA;BRAF;IGF1;NPNT;SCIMP;MTURN;MFHAS1;GAREM1;FSHR;MFAP3;ACKR3;F2RL1;TEK;FERMT2;CD44;FGF10;DDR2"
"Macroautophagy (GO:0016236)","25/104",0.558937070056226,0.99999537209541,0,0,0.987916073353211,0.574688945761429,"ILRUN;PRKN;MTMR3;MAP1LC3A;MAP1LC3C;CHMP1B;LAMP2;VTI1A;PIP4K2A;ATG7;SPG11;VPS33B;ATG10;MAP1LC3B2;KLHL3;WIPI2;ATG14;IRGM;SNX18;ATG16L2;ATG16L1;TBC1D5;RUBCNL;PIK3C3;TECPR1"
"Calcium Ion Import Across Plasma Membrane (GO:0098703)","9/37",0.559580137907296,0.99999537209541,0,0,1.00351022093744,0.582606454006121,"TRPM1;SLC24A4;SCN8A;CACNA1D;CACNA1C;CLU;NALF1;SLC8A1;SCN1A"
"Negative Regulation Of Endothelial Cell Migration (GO:0010596)","9/37",0.559580137907296,0.99999537209541,0,0,1.00351022093744,0.582606454006121,"ANGPT4;MEF2C;GADD45A;PTPRM;PPARG;NR2F2;THBS1;ADAMTS9;DCN"
"Negative Regulation Of Smooth Muscle Cell Proliferation (GO:0048662)","9/37",0.559580137907296,0.99999537209541,0,0,1.00351022093744,0.582606454006121,"CDKN1A;MEF2C;GPER1;TPM1;TNFAIP3;APOD;PPARG;PRKG1;APLN"
"Synaptic Vesicle Cycle (GO:0099504)","9/37",0.559580137907296,0.99999537209541,0,0,1.00351022093744,0.582606454006121,"SNAP25;RIMS1;GIT2;NLGN1;PCLO;CDH2;SYNDIG1;AP3S2;SNCA"
"Positive Regulation Of Protein Modification By Small Protein Conjugation Or Removal (GO:1903322)","19/79",0.560737607685409,0.99999537209541,0,0,0.988592316711497,0.571902835421158,"HDAC4;GSK3B;NDFIP2;RWDD3;RIPK2;CAV1;MYCBP2;FAM107A;DERL1;UBE2D1;UBE3A;COMMD1;BCL10;TANK;UBE2L3;TRAF6;FBXO4;CDK5RAP3;TSPYL5"
"ERBB Signaling Pathway (GO:0038127)","13/54",0.565122626699767,0.99999537209541,0,0,0.989878981244865,0.56493634072839,"PTPRR;ERBIN;BRAF;CBL;AREG;EGFR;GAREM1;NRG3;REPS2;MAPK1;SOX9;SOS1;BCAR1"
"Negative Regulation Of Neuron Projection Development (GO:0010977)","13/54",0.565122626699767,0.99999537209541,0,0,0.989878981244865,0.56493634072839,"EPHA4;KANK1;NLGN1;PTPRS;PRAG1;PTPRO;STMN2;CBFA2T2;TSKU;EFNB2;EFNA1;PTPN9;KIAA0319"
"Regulation Of Fat Cell Differentiation (GO:0045598)","18/75",0.565486562828638,0.99999537209541,0,0,0.985845872438647,0.561999919545012,"YAP1;WWTR1;PTPRR;SMAD3;WNT5A;TMEM64;SIRT1;ZFP36L1;ASXL1;SULT1E1;GPER1;NOCT;LEP;PPARG;LCP1;WDFY2;FERMT2;ADIG"
"Carboxylic Acid Metabolic Process (GO:0019752)","8/33",0.567826261802357,0.99999537209541,0,0,0.999042113955409,0.565397678338132,"CYP2J2;GRHPR;ST6GAL1;GSTO2;SLC2A1;SLC2A3;CYP4F22;GNE"
"Epithelial Tube Morphogenesis (GO:0060562)","8/33",0.567826261802357,0.99999537209541,0,0,0.999042113955409,0.565397678338132,"RYR2;MEF2C;PRKX;MET;MTSS1;GLI2;NKX3-1;FGF10"
"Positive Regulation Of Cytokine Production Involved In Immune Response (GO:0002720)","8/33",0.567826261802357,0.99999537209541,0,0,0.999042113955409,0.565397678338132,"FZD5;TRAF6;WNT5A;F2RL1;FFAR2;MAP3K7;SCIMP;CD55"
"Positive Regulation Of Ion Transmembrane Transporter Activity (GO:0032414)","8/33",0.567826261802357,0.99999537209541,0,0,0.999042113955409,0.565397678338132,"STK39;ANK2;ADRB2;ANK3;COA8;ATP1B1;CFTR;CCR2"
"Positive Regulation Of Nitrogen Compound Metabolic Process (GO:0051173)","8/33",0.567826261802357,0.99999537209541,0,0,0.999042113955409,0.565397678338132,"NFKBIA;SLCO1C1;APP;CSF1;CHRNA7;INHBA;MAP2K5;KLF2"
"Positive Regulation Of Protein Dephosphorylation (GO:0035307)","8/33",0.567826261802357,0.99999537209541,0,0,0.999042113955409,0.565397678338132,"PPP1R15B;CDCA2;GNA12;ITGA1;MAGI2;PPP2R5A;AMBRA1;MTOR"
"Positive Regulation Of Telomerase Activity (GO:0051973)","8/33",0.567826261802357,0.99999537209541,0,0,0.999042113955409,0.565397678338132,"GREM1;PARM1;NVL;PARN;MAPK1;NEK2;GRHL2;MAP3K4"
"DNA-templated Transcription Termination (GO:0006353)","4/16",0.568026191804693,0.99999537209541,0,0,1.04070407040704,0.588609472548247,"PCF11;XRN2;MTERF1;SMN1"
"Apoptotic Nuclear Changes (GO:0030262)","4/16",0.568026191804693,0.99999537209541,0,0,1.04070407040704,0.588609472548247,"CECR2;GPER1;DNASE1L3;CDK5RAP3"
"Cell Surface Toll-Like Receptor Signaling Pathway (GO:0140895)","4/16",0.568026191804693,0.99999537209541,0,0,1.04070407040704,0.588609472548247,"RIPK2;TRIL;PIK3AP1;SCIMP"
"Establishment Of Protein Localization To Endoplasmic Reticulum (GO:0072599)","4/16",0.568026191804693,0.99999537209541,0,0,1.04070407040704,0.588609472548247,"RYR2;SEC61A1;SEC61G;RAB3GAP1"
"Glycoprotein Catabolic Process (GO:0006516)","4/16",0.568026191804693,0.99999537209541,0,0,1.04070407040704,0.588609472548247,"EDEM1;EDEM2;STT3B;FBXO44"
"Membrane Depolarization During Cardiac Muscle Cell Action Potential (GO:0086012)","4/16",0.568026191804693,0.99999537209541,0,0,1.04070407040704,0.588609472548247,"ATP1A2;CACNA1D;CACNA1C;SLC8A1"
"Negative Regulation Of ATP-dependent Activity (GO:0032780)","4/16",0.568026191804693,0.99999537209541,0,0,1.04070407040704,0.588609472548247,"SLN;PPIF;SIRT1;LTF"
"Negative Regulation Of Anoikis (GO:2000811)","4/16",0.568026191804693,0.99999537209541,0,0,1.04070407040704,0.588609472548247,"ITGB1;CAV1;PDK4;MCL1"
"Negative Regulation Of Intrinsic Apoptotic Signaling Pathway By P53 Class Mediator (GO:1902254)","4/16",0.568026191804693,0.99999537209541,0,0,1.04070407040704,0.588609472548247,"PRKN;BCL2;SIRT1;CD44"
"Nuclear Migration (GO:0007097)","4/16",0.568026191804693,0.99999537209541,0,0,1.04070407040704,0.588609472548247,"FBXW11;CLMN;HOOK3;SYNE2"
"Positive Regulation Of Cell Migration Involved In Sprouting Angiogenesis (GO:0090050)","4/16",0.568026191804693,0.99999537209541,0,0,1.04070407040704,0.588609472548247,"ANXA1;KDR;JCAD;VEGFA"
"Positive Regulation Of Lymphocyte Migration (GO:2000403)","4/16",0.568026191804693,0.99999537209541,0,0,1.04070407040704,0.588609472548247,"APP;DOCK8;NEDD9;ABL2"
"Positive Regulation Of Myeloid Leukocyte Cytokine Production Involved In Immune Response (GO:0061081)","4/16",0.568026191804693,0.99999537209541,0,0,1.04070407040704,0.588609472548247,"GPRC5B;WNT5A;TICAM1;SIRT1"
"Positive Regulation Of Smooth Muscle Cell Migration (GO:0014911)","4/16",0.568026191804693,0.99999537209541,0,0,1.04070407040704,0.588609472548247,"DOCK5;DOCK4;IGF1;S100A11"
"Positive Regulation Of Stem Cell Proliferation (GO:2000648)","4/16",0.568026191804693,0.99999537209541,0,0,1.04070407040704,0.588609472548247,"HMGA2;SOX11;NANOG;FERMT2"
"Regulation Of B Cell Receptor Signaling Pathway (GO:0050855)","4/16",0.568026191804693,0.99999537209541,0,0,1.04070407040704,0.588609472548247,"LYN;PRKCH;PRKCB;GCSAM"
"Regulation Of NMDA Receptor Activity (GO:2000310)","4/16",0.568026191804693,0.99999537209541,0,0,1.04070407040704,0.588609472548247,"CRHBP;MEF2C;NLGN1;CCR2"
"Regulation Of Blood Vessel Endothelial Cell Proliferation Involved In Sprouting Angiogenesis (GO:1903587)","4/16",0.568026191804693,0.99999537209541,0,0,1.04070407040704,0.588609472548247,"MMRN2;THBS1;JCAD;VEGFA"
"Regulation Of Fatty Acid Oxidation (GO:0046320)","4/16",0.568026191804693,0.99999537209541,0,0,1.04070407040704,0.588609472548247,"ACADL;PDK4;PRKAG2;SOX9"
"Regulation Of Nucleocytoplasmic Transport (GO:0046822)","4/16",0.568026191804693,0.99999537209541,0,0,1.04070407040704,0.588609472548247,"GSK3B;FRAT2;MX2;NEDD4"
"Regulation Of Osteoblast Proliferation (GO:0033688)","4/16",0.568026191804693,0.99999537209541,0,0,1.04070407040704,0.588609472548247,"GREM1;MN1;NPR3;LTF"
"Regulation Of Plasminogen Activation (GO:0010755)","4/16",0.568026191804693,0.99999537209541,0,0,1.04070407040704,0.588609472548247,"CLEC3B;PLGRKT;SERPINE2;THBS1"
"Regulation Of Presynapse Assembly (GO:1905606)","4/16",0.568026191804693,0.99999537209541,0,0,1.04070407040704,0.588609472548247,"LRRTM3;SLITRK1;SLITRK3;SNCA"
"Regulation Of Presynapse Organization (GO:0099174)","4/16",0.568026191804693,0.99999537209541,0,0,1.04070407040704,0.588609472548247,"LRRTM3;SLITRK1;SLITRK3;SNCA"
"Regulation Of Response To Cytokine Stimulus (GO:0060759)","4/16",0.568026191804693,0.99999537209541,0,0,1.04070407040704,0.588609472548247,"IRAK2;WNT5A;LRRC70;MAP2K5"
"Regulation Of Secretion (GO:0051046)","4/16",0.568026191804693,0.99999537209541,0,0,1.04070407040704,0.588609472548247,"POFUT2;PTPRN2;OPRK1;FGF10"
"Reticulophagy (GO:0061709)","4/16",0.568026191804693,0.99999537209541,0,0,1.04070407040704,0.588609472548247,"RB1CC1;ULK2;SNX7;RETREG1"
"Reverse Cholesterol Transport (GO:0043691)","4/16",0.568026191804693,0.99999537209541,0,0,1.04070407040704,0.588609472548247,"CETP;APOA1;CLU;ABCG1"
"Ruffle Organization (GO:0031529)","4/16",0.568026191804693,0.99999537209541,0,0,1.04070407040704,0.588609472548247,"CARMIL1;TPM1;PIP5K1A;CCR7"
"Sulfation (GO:0051923)","4/16",0.568026191804693,0.99999537209541,0,0,1.04070407040704,0.588609472548247,"SULT1C3;SULT2B1;SULT1E1;UST"
"Adenylate Cyclase-Modulating G Protein-Coupled Receptor Signaling Pathway (GO:0007188)","39/163",0.570005260148815,0.99999537209541,0,0,0.981776505834333,0.551866087211151,"GLP1R;PTGFR;ADCYAP1R1;VIPR2;CALCRL;PTH;PTGER2;CACNA1D;ADRB2;ADCY1;ADRA1B;MCHR1;ADCY7;GNAI1;PTHLH;RIMS2;AKAP12;GHRHR;GRK5;GNAT3;GPER1;GPR171;ADGRG6;GNA12;CCR3;GPR37;OPRK1;PTH2R;ADRA2A;GNAO1;MTNR1A;GNAL;ADORA2B;GNAQ;IAPP;ADGRL4;RAMP1;ADGRL3;PF4"
"Kidney Development (GO:0001822)","17/71",0.570536919746807,0.99999537209541,0,0,0.982795204718679,0.551522454822739,"ROBO2;FOXC1;MME;GREB1L;PRKX;BMP7;AGT;GLI2;VEGFA;SALL1;GDNF;WT1;NF1;CTSH;CEP290;SOX4;FGF10"
"G Protein-Coupled Receptor Signaling Pathway, Coupled To Cyclic Nucleotide Second Messenger (GO:0007187)","12/50",0.571526653411253,0.99999537209541,0,0,0.985863418877773,0.551535531454972,"CCR1;CHRM3;MTNR1A;CHRM1;HTR7;ANXA1;CALCRL;HRH3;MTNR1B;HRH2;NPY;AGT"
"Blood Circulation (GO:0008015)","12/50",0.571526653411253,0.99999537209541,0,0,0.985863418877773,0.551535531454972,"GUCY1A1;HTR7;SGCD;CYB5R3;ACTC1;ROCK1;STAT1;ELN;MYOF;TBC1D8;ITGB1BP1;GCLM"
"Negative Regulation Of Cell Projection Organization (GO:0031345)","12/50",0.571526653411253,0.99999537209541,0,0,0.985863418877773,0.551535531454972,"EFNB2;EPHA4;KANK1;PTPRS;PRAG1;DPYSL5;PTPRO;STMN2;PTPN9;FYN;CBFA2T2;TSKU"
"Positive Regulation Of Cell Death (GO:0010942)","12/50",0.571526653411253,0.99999537209541,0,0,0.985863418877773,0.551535531454972,"EFNB2;HEBP2;SLC6A6;PHB1;BNIP3;WNT5A;FYN;AXIN2;CLU;MAP3K5;SNCA;PICALM"
"Positive Regulation Of Fat Cell Differentiation (GO:0045600)","12/50",0.571526653411253,0.99999537209541,0,0,0.985863418877773,0.551535531454972,"SULT1E1;NOCT;PIM1;SOX13;NAPEPLD;PPARG;LCP1;WDFY2;TMEM64;BMP7;ADIG;ZFP36L1"
"Regulation Of Mitochondrion Organization (GO:0010821)","12/50",0.571526653411253,0.99999537209541,0,0,0.985863418877773,0.551535531454972,"PRMT6;PRKN;GSK3B;FLCN;MTCH2;FZD5;IAPP;VDAC1;DNM1L;CYRIB;SFI1;STOX1"
"Steroid Biosynthetic Process (GO:0006694)","12/50",0.571526653411253,0.99999537209541,0,0,0.985863418877773,0.551535531454972,"OSBPL9;ABCD3;ACOX2;SRD5A2;SRD5A1;FAXDC2;AKR1D1;PRKAG2;HMGCR;BAAT;OSBPL1A;CYP8B1"
"Antigen Receptor-Mediated Signaling Pathway (GO:0050851)","32/134",0.574261969291544,0.99999537209541,0,0,0.979318200309169,0.543198028840393,"DENND1B;HHLA2;TXK;BCL10;SLA2;BLNK;PDE4B;CD38;CSK;FYN;MAP3K7;ICOSLG;VAV3;MEF2C;FYB2;FYB1;SYK;PRKCB;RIPK2;BTN1A1;NFATC2;GNAO1;NCOR2;WNK1;TRAF6;BCL2;UBE2N;LCP2;HLA-DRB3;SKAP1;BCAR1;SPG21"
"Extrinsic Apoptotic Signaling Pathway (GO:0097191)","16/67",0.575929481897319,0.99999537209541,0,0,0.97938662644545,0.540396210823091,"GSK3B;SMAD3;TNFRSF10B;TNFRSF10A;INHBA;NGF;TNFRSF1B;RNF41;BCL2L10;BCL2;CD27;ITGAV;IL6R;BOK;MCL1;BCL2L1"
"Regulation Of Neurogenesis (GO:0050767)","16/67",0.575929481897319,0.99999537209541,0,0,0.97938662644545,0.540396210823091,"YAP1;HES6;MME;LEF1;PAX6;SOX11;HOOK3;SORL1;FXR1;PER2;HEYL;GPER1;HEY2;B2M;HES2;TGM2"
"Alpha-Amino Acid Catabolic Process (GO:1901606)","7/29",0.577385293738779,0.99999537209541,0,0,0.993357725865466,0.545597242817643,"HIBADH;TAT;GOT2;HPD;DDO;HIBCH;ACMSD"
"Alpha-Amino Acid Metabolic Process (GO:1901605)","7/29",0.577385293738779,0.99999537209541,0,0,0.993357725865466,0.545597242817643,"IYD;ASPG;KYAT1;ATP7A;SLC25A12;GNMT;SLC25A13"
"Glycolytic Process (GO:0006096)","7/29",0.577385293738779,0.99999537209541,0,0,0.993357725865466,0.545597242817643,"GPI;HKDC1;UCP2;PGAM4;ALDOB;HK2;HK1"
"Modified Amino Acid Transport (GO:0072337)","7/29",0.577385293738779,0.99999537209541,0,0,0.993357725865466,0.545597242817643,"SLC7A9;PDPN;CTNS;SLC38A9;SLC16A9;SLC7A1;SLC7A2"
"Positive Regulation Of B Cell Proliferation (GO:0030890)","7/29",0.577385293738779,0.99999537209541,0,0,0.993357725865466,0.545597242817643,"VAV3;MEF2C;IL7;BCL2;CD38;NFATC2;IRS2"
"Positive Regulation Of Microtubule Polymerization (GO:0031116)","7/29",0.577385293738779,0.99999537209541,0,0,0.993357725865466,0.545597242817643,"PDE4DIP;SLAIN1;CKAP5;MET;CLASP1;CDK5RAP2;CDK5R1"
"Positive Regulation Of Viral Genome Replication (GO:0045070)","7/29",0.577385293738779,0.99999537209541,0,0,0.993357725865466,0.545597242817643,"SRPK2;LARP1;NR5A2;PPIE;ADARB1;PABPC1;HACD3"
"Protein Acetylation (GO:0006473)","7/29",0.577385293738779,0.99999537209541,0,0,0.993357725865466,0.545597242817643,"ING4;KAT2B;NAA20;KAT6A;NAA35;SIRT1;CLOCK"
"Protein Insertion Into ER Membrane (GO:0045048)","7/29",0.577385293738779,0.99999537209541,0,0,0.993357725865466,0.545597242817643,"SEC61A1;TRAM1;EMC2;EMC3;TRAM1L1;NOMO2;RAB5IF"
"Regulation Of Blood Coagulation (GO:0030193)","7/29",0.577385293738779,0.99999537209541,0,0,0.993357725865466,0.545597242817643,"SERPINE2;CAV1;ST3GAL4;EMILIN2;F2RL1;TFPI;THBS1"
"Sarcomere Organization (GO:0045214)","7/29",0.577385293738779,0.99999537209541,0,0,0.993357725865466,0.545597242817643,"CSRP2;WDR1;SYNPO2L;TPM1;MYLK3;MYOM2;TTN"
"Antiviral Innate Immune Response (GO:0140374)","11/46",0.578571611001152,0.99999537209541,0,0,0.981160917165875,0.536884339265507,"PHB1;TBK1;USP44;TRAF6;MX1;IGF2BP1;UBE2N;ZDHHC11;ZDHHC1;MBL2;NCK1"
"Mitotic G2/M Transition Checkpoint (GO:0044818)","11/46",0.578571611001152,0.99999537209541,0,0,0.981160917165875,0.536884339265507,"BABAM2;CDKN1A;TAOK3;INTS3;RBBP8;HUS1;NABP1;ATM;TOPBP1;CDK5RAP3;CDC14B"
"Myofibril Assembly (GO:0030239)","11/46",0.578571611001152,0.99999537209541,0,0,0.981160917165875,0.536884339265507,"TMOD1;CSRP2;WDR1;SYNPO2L;TMOD3;TPM1;PGM5;LMOD3;MYLK3;MYOM2;TTN"
"Regulation Of Epidermal Growth Factor Receptor Signaling Pathway (GO:0042058)","11/46",0.578571611001152,0.99999537209541,0,0,0.981160917165875,0.536884339265507,"BCAR3;NEU3;FER;GPER1;ITGA1;AGR2;CDH13;PTPN12;CBL;EGFR;AGT"
"Protein Modification By Small Protein Conjugation (GO:0032446)","87/364",0.584385540166436,0.99999537209541,0,0,0.980204635939708,0.526560384873404,"FBH1;CCNF;FBXO25;SUMO4;SMC6;SH3RF1;UBE2L3;RNF157;HERC4;HERC2;ZMIZ2;FBXO4;ARIH2;ELOC;TRIM64;FBXO7;RNF152;CDK5RAP3;PCMTD1;ARRDC4;TRIM61;SHPRH;USP7;TRIM63;FBXW11;NSMCE2;ATG10;UBE2E1;UBE2E2;LMO7;SIRT1;RBX1;RNF41;GAN;HECW2;UBE2V2;TRIM14;BIRC6;CBLL1;TRIM55;PRKN;HDAC4;TRIM64C;TRIM64B;ANAPC16;UHRF2;MGRN1;HERC2P3;MYCBP2;RNF38;NEDD4L;DTX2;RNF6;CBL;FBXL21P;C10ORF90;RFPL4B;CAND1;RNF138;TRIM49B;TRIM48;ATG7;MARCHF3;TRIM43;MARCHF6;TRIM44;RANBP2;EYA1;SMURF1;FBXL17;KLHL3;WWP2;PML;MIB1;KLHL20;SH3RF3;RNF103;NEDD4;OTULIN;MKRN2;UBE2N;TRIM35;MKRN3;ASB5;FBXL5;FBXL7;TRIM33"
"Regulation Of Protein Localization To Plasma Membrane (GO:1903076)","19/80",0.585421136858886,0.99999537209541,0,0,0.972321437657091,0.520604037690117,"ITGB1;PRKCH;PRKCE;CLTC;ARHGEF16;STAC3;AKR1B1;PPP2R5A;ZDHHC7;EGFR;DAB2;DLG1;GPER1;TMBIM1;AGR2;PTPN9;GBP1;BCL2L1;PICALM"
"DNA Strand Elongation Involved In DNA Replication (GO:0006271)","3/12",0.586125367952429,0.99999537209541,0,0,1.04069567608442,0.55596208192605,"RFC3;MCM7;LIG3"
"MyD88-dependent Toll-Like Receptor Signaling Pathway (GO:0002755)","3/12",0.586125367952429,0.99999537209541,0,0,1.04069567608442,0.55596208192605,"IRAK2;TRAF6;MAP3K7"
"V(D)J Recombination (GO:0033151)","3/12",0.586125367952429,0.99999537209541,0,0,1.04069567608442,0.55596208192605,"DCAF1;LIG3;NHEJ1"
"Cell-Cell Junction Maintenance (GO:0045217)","3/12",0.586125367952429,0.99999537209541,0,0,1.04069567608442,0.55596208192605,"F2RL1;FERMT2;MTSS1"
"Cellular Response To Acidic pH (GO:0071468)","3/12",0.586125367952429,0.99999537209541,0,0,1.04069567608442,0.55596208192605,"SCNN1G;SCNN1B;SCNN1A"
"Defense Response To Tumor Cell (GO:0002357)","3/12",0.586125367952429,0.99999537209541,0,0,1.04069567608442,0.55596208192605,"TNFRSF10B;DLEC1;RBMS3"
"Detection Of Calcium Ion (GO:0005513)","3/12",0.586125367952429,0.99999537209541,0,0,1.04069567608442,0.55596208192605,"RYR2;KCNMB1;KCNMB2"
"Granulocyte Activation (GO:0036230)","3/12",0.586125367952429,0.99999537209541,0,0,1.04069567608442,0.55596208192605,"CXCL8;F2RL1;CAMP"
"Low-Density Lipoprotein Particle Remodeling (GO:0034374)","3/12",0.586125367952429,0.99999537209541,0,0,1.04069567608442,0.55596208192605,"CETP;PLA2G5;AGT"
"Mitochondrial Transcription (GO:0006390)","3/12",0.586125367952429,0.99999537209541,0,0,1.04069567608442,0.55596208192605,"MTERF4;MTERF1;SLC25A33"
"Mitotic DNA Integrity Checkpoint Signaling (GO:0044774)","3/12",0.586125367952429,0.99999537209541,0,0,1.04069567608442,0.55596208192605,"HUS1;SETMAR;TOPBP1"
"Morphogenesis Of A Polarized Epithelium (GO:0001738)","3/12",0.586125367952429,0.99999537209541,0,0,1.04069567608442,0.55596208192605,"YAP1;INTU;ZDHHC7"
"Negative Regulation Of Cell Cycle Phase Transition (GO:1901988)","3/12",0.586125367952429,0.99999537209541,0,0,1.04069567608442,0.55596208192605,"APC;SUSD2;ZFP36L1"
"Negative Regulation Of Intrinsic Apoptotic Signaling Pathway In Response To DNA Damage By P53 Class Mediator (GO:1902166)","3/12",0.586125367952429,0.99999537209541,0,0,1.04069567608442,0.55596208192605,"BCL2;SIRT1;CD44"
"Negative Regulation Of Mononuclear Cell Migration (GO:0071676)","3/12",0.586125367952429,0.99999537209541,0,0,1.04069567608442,0.55596208192605,"GREM1;GCSAM;WASL"
"Organophosphate Catabolic Process (GO:0046434)","3/12",0.586125367952429,0.99999537209541,0,0,1.04069567608442,0.55596208192605,"ENPP2;NUDT15;PLD1"
"Phospholipid Homeostasis (GO:0055091)","3/12",0.586125367952429,0.99999537209541,0,0,1.04069567608442,0.55596208192605,"CETP;APOA1;ABCG1"
"Positive Regulation Of DNA-directed DNA Polymerase Activity (GO:1900264)","3/12",0.586125367952429,0.99999537209541,0,0,1.04069567608442,0.55596208192605,"GINS2;RFC3;GINS3"
"Positive Regulation Of Cell Morphogenesis Involved In Differentiation (GO:0010770)","3/12",0.586125367952429,0.99999537209541,0,0,1.04069567608442,0.55596208192605,"CDKL3;CUX2;CUX1"
"Positive Regulation Of Cellular Extravasation (GO:0002693)","3/12",0.586125367952429,0.99999537209541,0,0,1.04069567608442,0.55596208192605,"RIPOR2;CD47;CCR2"
"Positive Regulation Of Integrin-Mediated Signaling Pathway (GO:2001046)","3/12",0.586125367952429,0.99999537209541,0,0,1.04069567608442,0.55596208192605,"LAMA2;LAMA1;EMP2"
"Positive Regulation Of mRNA Metabolic Process (GO:1903313)","3/12",0.586125367952429,0.99999537209541,0,0,1.04069567608442,0.55596208192605,"PNPT1;PRR5L;ZC3HAV1"
"Positive Regulation Of Nuclear-Transcribed mRNA poly(A) Tail Shortening (GO:0060213)","3/12",0.586125367952429,0.99999537209541,0,0,1.04069567608442,0.55596208192605,"PABPC1;TOB1;TNRC6B"
"Positive Regulation Of Sodium Ion Transmembrane Transporter Activity (GO:2000651)","3/12",0.586125367952429,0.99999537209541,0,0,1.04069567608442,0.55596208192605,"TESC;ANK3;ATP1B1"
"Positive Regulation Of Vasoconstriction (GO:0045907)","3/12",0.586125367952429,0.99999537209541,0,0,1.04069567608442,0.55596208192605,"OXTR;AVPR1B;CAV1"
"Pyrimidine Deoxyribonucleotide Catabolic Process (GO:0009223)","3/12",0.586125367952429,0.99999537209541,0,0,1.04069567608442,0.55596208192605,"DUT;NEIL2;NTHL1"
"Regulation Of DNA-directed DNA Polymerase Activity (GO:1900262)","3/12",0.586125367952429,0.99999537209541,0,0,1.04069567608442,0.55596208192605,"GINS2;RFC3;GINS3"
"Regulation Of T Cell Differentiation In Thymus (GO:0033081)","3/12",0.586125367952429,0.99999537209541,0,0,1.04069567608442,0.55596208192605,"IHH;FOXJ1;GLI2"
"Regulation Of Cell Communication By Electrical Coupling (GO:0010649)","3/12",0.586125367952429,0.99999537209541,0,0,1.04069567608442,0.55596208192605,"CAMK2D;CAV1;SLC8A1"
"Regulation Of Leukocyte Adhesion To Vascular Endothelial Cell (GO:1904994)","3/12",0.586125367952429,0.99999537209541,0,0,1.04069567608442,0.55596208192605,"NFAT5;TRAF6;ZDHHC21"
"Regulation Of Lymphocyte Migration (GO:2000401)","3/12",0.586125367952429,0.99999537209541,0,0,1.04069567608442,0.55596208192605,"MSN;GCSAM;WASL"
"Regulation Of Retrograde Protein Transport, ER To Cytosol (GO:1904152)","3/12",0.586125367952429,0.99999537209541,0,0,1.04069567608442,0.55596208192605,"EDEM1;EDEM2;UBE2G2"
"Regulation Of Tube Diameter (GO:0035296)","3/12",0.586125367952429,0.99999537209541,0,0,1.04069567608442,0.55596208192605,"ROCK1;ITGB1BP1;GCLM"
"Ribosome Disassembly (GO:0032790)","3/12",0.586125367952429,0.99999537209541,0,0,1.04069567608442,0.55596208192605,"GFM2;EIF2D;PELO"
"Secretion (GO:0046903)","3/12",0.586125367952429,0.99999537209541,0,0,1.04069567608442,0.55596208192605,"TPD52;RIMS1;SLC22A16"
"Semaphorin-Plexin Signaling Pathway Involved In Neuron Projection Guidance (GO:1902285)","3/12",0.586125367952429,0.99999537209541,0,0,1.04069567608442,0.55596208192605,"PLXNA2;PLXNA1;PLXNA4"
"Vascular Process In Circulatory System (GO:0003018)","3/12",0.586125367952429,0.99999537209541,0,0,1.04069567608442,0.55596208192605,"ROCK1;ITGB1BP1;GCLM"
"Cellular Response To Amino Acid Starvation (GO:0034198)","10/42",0.586396202366349,0.99999537209541,0,0,0.975578273440727,0.520724273501305,"FLCN;CDKN1A;DAP;DAPL1;TFEB;MAPK1;PRKD1;RNF152;MTOR;MAP3K5"
"Determination Of Heart Left/Right Asymmetry (GO:0061371)","10/42",0.586396202366349,0.99999537209541,0,0,0.975578273440727,0.520724273501305,"MEF2C;ZIC3;SRF;SETDB2;IHH;DVL2;GATA4;TBX2;TGFBR2;CCDC40"
"Lipid Modification (GO:0030258)","10/42",0.586396202366349,0.99999537209541,0,0,0.975578273440727,0.520724273501305,"DGKG;PLPP6;PLPP5;PLPP4;MBOAT1;MBOAT2;DGKK;PLPP3;ALOX15B;SGPP2"
"Potassium Ion Import Across Plasma Membrane (GO:1990573)","10/42",0.586396202366349,0.99999537209541,0,0,0.975578273440727,0.520724273501305,"KCNH2;ATP4B;KCNJ5;KCNJ11;ATP1A4;KCNJ15;ATP1A2;ATP1A1;ATP1B1;KCNJ3"
"Regulation Of Neurotransmitter Receptor Activity (GO:0099601)","10/42",0.586396202366349,0.99999537209541,0,0,0.975578273440727,0.520724273501305,"APP;CRHBP;NLGN1;MEF2C;PSCA;NETO1;CACNG3;DLGAP2;CNIH3;CACNG4"
"Regulation Of Apoptotic Process (GO:0042981)","169/705",0.586971713247841,0.99999537209541,0,0,0.983801364733029,0.52414836197702,"FOXA1;PAGE4;MTCH1;PHB1;MTCH2;PARK7;CLU;IKZF3;AQP1;COMP;FAM162A;AKT2;RPS6KA2;RUVBL1;PIM1;ARL6IP5;KDR;TNFSF10;SOX9;PHLDA1;SOX4;MAP3K5;TGM2;BNIP3L;MEF2C;HGF;WNT5A;PRAP1;BIN1;PPIF;IAPP;VDAC1;ALPK2;IL6ST;RAF1;ATF6;NOTCH2;MEAF6;ANP32A;MAPKAP1;GATA6;BCL10;PSEN1;STK4;MTDH;BCL2L10;BCL2L11;GRK5;FIGNL1;ABL1;ABL2;ATG7;MCL1;HSPA9;NIBAN2;OPN3;GADD45B;GADD45A;PLK2;SIAH2;IL31RA;TNFRSF10B;HMGA2;BRAF;DHCR24;TNFRSF10A;BFAR;IGF1;SMAD6;CIDEC;TNFRSF10D;GADD45G;KLHL20;LSM8;DAB2;GDNF;IL7;STK26;JMY;BCL2;NF1;ANP32E;CD27;ATM;BCL2L1;FANK1;ALK;ITGB1;PRR5;GSK3B;RBM25;TNFAIP8;CITED2;ETFA;FMN2;SH3RF1;ING4;RNF157;BABAM2;FLCN;TRIM2;GPER1;MYO18A;EMILIN2;CD38;CTSH;DNM1L;IFT57;CTNNBL1;BOK;STPG1;ANXA1;APAF1;PRMT2;ANXA4;SIRT1;DNM2;GREM1;HCK;RNF144B;TOX3;LATS2;KCNMA1;GAS1;NAA35;BIRC6;TMBIM6;ANGPTL4;CRYAA;ARHGEF7;EEF1E1;CD44;LTF;PRKN;LEF1;HTT;USP17L20;CBL;THBS1;EGFR;NTF3;PDPN;ERBB2;IGF2BP1;RICTOR;FYN;MAP4K4;SNCA;ANGPT4;MGMT;STAT1;BNIP3;STYK1;PNMA2;DHRS2;POU4F1;USP17L3;AGT;MTOR;VEGFA;RYBP;KRT18;APC;WT1;STK17B;TRIM35;TEK;BCAR1;TPT1"
"Positive Regulation Of Protein Binding (GO:0032092)","14/59",0.587949300260621,0.99999537209541,0,0,0.971209407009324,0.515823455752376,"PRKN;APP;GSK3B;NVL;RIPK2;CAV1;DERL1;PSEN1;STK4;ADD1;TIAM1;B2M;MARK3;RAN"
"Regulation Of Cell Death (GO:0010941)","14/59",0.587949300260621,0.99999537209541,0,0,0.971209407009324,0.515823455752376,"BNIP3L;PHB1;PACRG;CHRNA7;DHCR24;PARK7;AXIN2;CLU;TBK1;CHMP1B;CCN5;AGR2;AGR3;SNCA"
"Cholesterol Biosynthetic Process (GO:0006695)","6/25",0.588730693629621,0.99999537209541,0,0,0.985880921867194,0.522306330378715,"PLPP6;INSIG2;SC5D;DHCR24;HMGCR;LBR"
"fatty-acyl-CoA Biosynthetic Process (GO:0046949)","6/25",0.588730693629621,0.99999537209541,0,0,0.985880921867194,0.522306330378715,"HACD1;ACSL1;ACSL5;ACSL4;ELOVL6;ELOVL7"
"Negative Regulation Of Intrinsic Apoptotic Signaling Pathway In Response To DNA Damage (GO:1902230)","6/25",0.588730693629621,0.99999537209541,0,0,0.985880921867194,0.522306330378715,"BCL2;CLU;SIRT1;CD44;TPT1;BCL2L1"
"Negative Regulation Of Protein Transport (GO:0051224)","6/25",0.588730693629621,0.99999537209541,0,0,0.985880921867194,0.522306330378715,"NDFIP2;CSK;WWP2;HMGCR;ADTRP;DRD2"
"Negative Regulation Of Response To Wounding (GO:1903035)","6/25",0.588730693629621,0.99999537209541,0,0,0.985880921867194,0.522306330378715,"EPHA4;IL33;PTPRS;CD109;STAT3;EXTL3"
"Organophosphate Ester Transport (GO:0015748)","6/25",0.588730693629621,0.99999537209541,0,0,0.985880921867194,0.522306330378715,"OSBPL8;PRELID2;VAPA;PITPNA;PRELID3A;PRELID3B"
"Positive Regulation Of Glucose Import (GO:0046326)","6/25",0.588730693629621,0.99999537209541,0,0,0.985880921867194,0.522306330378715,"OSBPL8;PTH;AKT2;INSR;IRS2;IGF1"
"Purine Nucleoside Bisphosphate Metabolic Process (GO:0034032)","6/25",0.588730693629621,0.99999537209541,0,0,0.985880921867194,0.522306330378715,"GPAT4;ACSM1;ACSM2A;ACSM5;ACSM4;BAAT"
"Regulation Of Double-Strand Break Repair Via Nonhomologous End Joining (GO:2001032)","6/25",0.588730693629621,0.99999537209541,0,0,0.985880921867194,0.522306330378715,"SMCHD1;SHLD1;HMGA2;SETMAR;TRAPPC13;NUDT16L1"
"Ribonucleoside Bisphosphate Metabolic Process (GO:0033875)","6/25",0.588730693629621,0.99999537209541,0,0,0.985880921867194,0.522306330378715,"GPAT4;ACSM1;ACSM2A;ACSM5;ACSM4;BAAT"
"Sterol Transport (GO:0015918)","6/25",0.588730693629621,0.99999537209541,0,0,0.985880921867194,0.522306330378715,"CETP;NPC1;VAPA;CAV1;APOA1;CD36"
"Wound Healing, Spreading Of Cells (GO:0044319)","6/25",0.588730693629621,0.99999537209541,0,0,0.985880921867194,0.522306330378715,"ITGB1;TMEFF2;PDPN;LCP1;ARHGAP35;CD44"
"Monocarboxylic Acid Metabolic Process (GO:0032787)","23/97",0.589281243103463,0.99999537209541,0,0,0.97021374242331,0.513099203303008,"CYP2J2;ACSM1;CYP4B1;ABAT;ACSL4;IGF1;BAAT;ACADSB;PER2;GRHPR;GATM;NPC1;PCCA;GPAM;FASN;NAAA;DSE;VDAC1;CD36;LCP1;ACAA1;GGT1;UGT1A8"
"Establishment Of Protein Localization To Plasma Membrane (GO:0061951)","9/38",0.595186773078379,0.99999537209541,0,0,0.968842339103007,0.502712930702444,"MACF1;GOLGA4;KRT18;RAB31;GORASP2;RDX;ANK3;GOLGA7;OPTN"
"Import Into Cell (GO:0098657)","9/38",0.595186773078379,0.99999537209541,0,0,0.968842339103007,0.502712930702444,"SLC22A4;SLC36A1;SNAP25;SLC6A6;LRSAM1;SLC38A1;SLC1A3;LRRC8D;SLC7A1"
"Positive Regulation Of Production Of Molecular Mediator Of Immune Response (GO:0002702)","9/38",0.595186773078379,0.99999537209541,0,0,0.968842339103007,0.502712930702444,"CD86;GPI;PHB1;WNT5A;DNAJB9;F2RL1;FFAR2;SCIMP;VAMP3"
"Regulation Of Telomere Maintenance (GO:0032204)","9/38",0.595186773078379,0.99999537209541,0,0,0.968842339103007,0.502712930702444,"USP7;DHX36;ATRX;NSMCE2;SMC6;HDAC8;TERF2;PML;SMG6"
"Response To Peptide (GO:1901652)","9/38",0.595186773078379,0.99999537209541,0,0,0.968842339103007,0.502712930702444,"STAT5A;ANXA1;STAT1;CHRNA7;STAT3;STAT4;ERBIN;FYN;GNAI1"
"Negative Regulation Of Catabolic Process (GO:0009895)","17/72",0.596368613521848,0.99999537209541,0,0,0.96486227319733,0.498733762213473,"ALK;HDAC4;PHB1;RIC1;ZDHHC7;FMN2;HMGCR;ADRA2A;EGFR;CIDEC;PML;CST3;FLCN;NCOR1;FBP1;CDK5RAP3;BANP"
"Negative Regulation Of Cell Adhesion (GO:0007162)","17/72",0.596368613521848,0.99999537209541,0,0,0.96486227319733,0.498733762213473,"SEMA5A;RIPOR2;EPHA4;ADAMDEC1;SEMA6A;JAG1;PTPRO;ADAM22;CORO2B;DACT2;GCNT2;PLXNA2;CDH13;PLXNA1;ITGB1BP1;CBLL1;PLXNA4"
"Cellular Response To Organic Cyclic Compound (GO:0071407)","36/152",0.597154822263654,0.99999537209541,0,0,0.968667659525719,0.499424572882584,"ABCB4;SLC1A1;MTRNR2L5;AKR1B1;AKAP6;ATP1A2;ADCY1;ATP1A1;NR3C1;TFPI;CLU;EGFR;GNAI1;AQP1;UBE2L3;ZFP36L1;RAP1B;CRHBP;LARP1;RAP1A;GPER1;ZNF703;P2RY1;ARL6IP5;TGM2;NKX3-1;MEF2C;NCOA3;MSN;POU4F1;FAM210B;WT1;ADTRP;EZR;SLC26A3;CFTR"
"Response To Lipid (GO:0033993)","26/110",0.597368155800511,0.99999537209541,0,0,0.96615554634618,0.497784283027899,"FOXA1;GATA6;ILDR1;STRN3;RXRA;NOCT;HSD17B2;CTSH;SOX9;CD36;NKX3-1;SNCA;ANXA1;SYK;GPX3;STAT3;WNT9B;ERBIN;SMAD6;ASXL1;FER;SCD;TAB2;PPARG;ABCG1;IFNAR1"
"Positive Regulation Of Nucleic Acid-Templated Transcription (GO:1903508)","133/557",0.600968933265489,0.99999537209541,0,0,0.978727104799146,0.498379623211752,"CD86;PHB1;SALL1;MSANTD1;CREB3L2;MYB;RUVBL1;KAT8;SOX9;SOX4;TP63;CDK5RAP2;MAP3K5;KCNH2;MEF2C;MAP2K1;SMARCC1;FBXW11;ZNF281;WNT5A;RFX3;MITF;RUNX3;MYCN;KAT6B;KAT6A;CLOCK;SKAP1;INO80C;MEAF6;DLX5;GATA6;GATA4;BCL10;PSEN1;PRDM11;NPAS2;SEC14L2;ATXN7;PRDM16;TASP1;HIVEP3;ZNF423;FZD1;AFAP1L2;SMAD4;ZFHX3;NIBAN2;SMAD3;IL31RA;HMGA1;NFATC2;HMGA2;NFATC1;NR1D2;NR2F2;IGF1;INHBA;SMARCA1;SMARCA2;BMP7;ESR2;MLXIPL;TMEM98;LHX2;TCF4;RNF187;PICALM;FANK1;KDM5A;CALCOCO1;SETD3;CITED2;KDM8;AKR1B1;CHD3;GLI3;GLI2;PHF8;HHEX;ZIC3;CD38;SOST;TEAD1;CEP290;MYBL1;NKX3-1;PRMT2;TESC;TFEB;PAX6;FOS;RGMB;ARID1A;ARID1B;DNM2;KAT2B;NR5A2;ELF2;THRAP3;ZNF516;IRF7;PPARG;IRF6;CREB5;HDAC4;YAP1;FOXC1;SMARCD3;NR1I2;LEF1;RNF6;EGFR;CAMKK2;NSD3;RXRA;WNT11;TBL1X;TRIM44;BRD4;ATF7IP;ARNT2;STAT1;USP22;ATAD2;STAT3;AGT;KLF2;KLF6;RYBP;NFIB;WT1;PITHD1"
"Positive Regulation Of Cell Growth (GO:0030307)","25/106",0.601774809638406,0.99999537209541,0,0,0.963395202398034,0.489281423206356,"PRR5;YAP1;MACF1;CPNE5;MAPKAP1;NEDD4L;AKAP6;CDKN2AIP;EGFR;RIMS2;RNF157;RPTOR;RIMS1;GOLGA4;ERBB2;RICTOR;TEAD1;SYT4;SMURF1;IGF1;NGF;MTOR;BCL2;MAP3K13;SLC25A33"
"Regulation Of Telomere Maintenance Via Telomerase (GO:0032210)","12/51",0.602093042698166,0.99999537209541,0,0,0.960521296884933,0.487314034529767,"XRN1;PINX1;FBXO4;PARN;MAPK1;NEK2;ATM;TENT4B;TERF2;MAP3K4;DCP2;SMG6"
"Sensory Perception (GO:0007600)","12/51",0.602093042698166,0.99999537209541,0,0,0.960521296884933,0.487314034529767,"OR1D5;MME;CHRNA7;PENK;PCDH15;CDH23;OPRK1;TMEM150C;USH2A;RETREG1;BBS4;CCR2"
"Aminoglycan Biosynthetic Process (GO:0006023)","5/21",0.602625883605661,0.99999537209541,0,0,0.975603466061481,0.494102863133301,"EXT1;GALNT5;GCNT2;XYLT1;PXYLP1"
"Chaperone-Mediated Protein Complex Assembly (GO:0051131)","5/21",0.602625883605661,0.99999537209541,0,0,0.975603466061481,0.494102863133301,"BBS10;HSPA4;PSMG2;CLU;HOPX"
"Focal Adhesion Assembly (GO:0048041)","5/21",0.602625883605661,0.99999537209541,0,0,0.975603466061481,0.494102863133301,"BCR;CDH11;PIP5K1A;ARHGEF7;FERMT2"
"Innate Immune Response In Mucosa (GO:0002227)","5/21",0.602625883605661,0.99999537209541,0,0,0.975603466061481,0.494102863133301,"DEFA5;H2BC11;RNASE3;CAMP;LTF"
"Negative Regulation Of Biomineral Tissue Development (GO:0070168)","5/21",0.602625883605661,0.99999537209541,0,0,0.975603466061481,0.494102863133301,"CCR1;GREM1;ROCK1;HEY2;SOX9"
"Negative Regulation Of Tumor Necrosis Factor-Mediated Signaling Pathway (GO:0010804)","5/21",0.602625883605661,0.99999537209541,0,0,0.975603466061481,0.494102863133301,"H2BC11;APOA1;F2RL1;RFFL;ZNF675"
"Positive Regulation Of Signal Transduction By P53 Class Mediator (GO:1901798)","5/21",0.602625883605661,0.99999537209541,0,0,0.975603466061481,0.494102863133301,"SPRED1;ATM;EEF1E1;HIC1;CDK5RAP3"
"Positive Regulation Of Smoothened Signaling Pathway (GO:0045880)","5/21",0.602625883605661,0.99999537209541,0,0,0.975603466061481,0.494102863133301,"TTC23;DLG5;IHH;PDCL;TUBD1"
"Regulation Of Anoikis (GO:2000209)","5/21",0.602625883605661,0.99999537209541,0,0,0.975603466061481,0.494102863133301,"ITGB1;CAV1;BCL2;PDK4;MCL1"
"Response To Cadmium Ion (GO:0046686)","5/21",0.602625883605661,0.99999537209541,0,0,0.975603466061481,0.494102863133301,"HAAO;MAPK1;MT1X;FOS;EGFR"
"Skin Epidermis Development (GO:0098773)","5/21",0.602625883605661,0.99999537209541,0,0,0.975603466061481,0.494102863133301,"KRT16;TMEM79;GATA6;MET;TP63"
"Calcium-Mediated Signaling (GO:0019722)","20/85",0.604065640050919,0.99999537209541,0,0,0.960455934793683,0.48413933906713,"CHRM3;RYR2;PTGFR;CXCL8;MCTP1;ATP2A2;STIMATE;CXCR4;ANK2;CACNA1C;ATP1B1;CLU;IRGM;SLC8A1;CAMKK2;POMC;PPP3CA;KDR;TNFSF11;NMUR1"
"mRNA Metabolic Process (GO:0016071)","20/85",0.604065640050919,0.99999537209541,0,0,0.960455934793683,0.48413933906713,"TCERG1;RNH1;PNPT1;SCAF11;CNOT10;NUDT16L1;SND1;LSM3;ATXN2L;RIDA;PRPF18;LSM6;PCBP3;PCF11;PCBP2;PABPC3;SRSF5;DCP2;DIS3L2;NUDT12"
"Cellular Response To Hydrogen Peroxide (GO:0070301)","8/34",0.605200955020343,0.99999537209541,0,0,0.960553896970082,0.482385094416297,"ANXA1;PPIF;TNFAIP3;FYN;CLU;SIRT1;AQP1;MAP3K5"
"Embryonic Limb Morphogenesis (GO:0030326)","8/34",0.605200955020343,0.99999537209541,0,0,0.960553896970082,0.482385094416297,"SKI;SALL1;INTU;ECE1;CACNA1C;TBX4;GLI3;TBX2"
"Membrane Protein Proteolysis (GO:0033619)","8/34",0.605200955020343,0.99999537209541,0,0,0.960553896970082,0.482385094416297,"MBTPS1;MMP7;CLPP;ERAP1;CTSH;ADAM9;MYH9;PSEN1"
"Negative Regulation Of JNK Cascade (GO:0046329)","8/34",0.605200955020343,0.99999537209541,0,0,0.960553896970082,0.482385094416297,"PRKN;PER1;DUSP10;NCOR1;TAOK3;F2RL1;ZNF675;ANKS1B"
"Negative Regulation Of Mitotic Cell Cycle (GO:0045930)","8/34",0.605200955020343,0.99999537209541,0,0,0.960553896970082,0.482385094416297,"TOM1L1;FOXC1;TRIM35;GAS1;NABP1;BRINP3;BMP7;ZFP36L1"
"Regulation Of calcineurin-NFAT Signaling Cascade (GO:0070884)","8/34",0.605200955020343,0.99999537209541,0,0,0.960553896970082,0.482385094416297,"GSK3B;PPP3CA;DYRK2;HOMER2;STIMATE;AKAP6;IGF1;LMCD1"
"Smoothened Signaling Pathway (GO:0007224)","8/34",0.605200955020343,0.99999537209541,0,0,0.960553896970082,0.482385094416297,"DISP3;DYRK2;TCTN2;IHH;GLI3;GLI2;TTBK2;DISP1"
"Chromatin Remodeling (GO:0006338)","54/228",0.606231810465618,0.99999537209541,0,0,0.968550114271751,0.484752397893565,"RB1;FOXA1;KDM5A;PHB1;SETD7;CHD6;CHD3;MYSM1;LOXL2;DPF1;RUVBL1;DPF3;SMARCAD1;SOX9;JARID2;ARID2;KDM6A;SMARCC1;PBRM1;USP3;ATRX;TET1;BAZ1A;ARID1A;ARID1B;TTI1;KAT2B;CFDP1;TOP1;INO80C;HDAC4;HDAC5;NFAT5;SMARCD2;SMARCD3;ZBTB1;RNF2;CECR2;PRDM16;SUDS3;SRPK2;KDM4A;TFAP2C;KDM4B;KDM4C;SETDB2;SMARCA1;SMARCA2;PER2;PER1;TADA2A;RYBP;TRIP12;TNP1"
"Cilium Organization (GO:0044782)","54/228",0.606231810465618,0.99999537209541,0,0,0.968550114271751,0.484752397893565,"ROPN1B;SPAG16;C2CD3;SNX10;FNBP1L;CDC14C;PTPDC1;CDC14B;NUDCD3;TCTN2;IQUB;CFAP47;RTTN;KIFAP3;IFT57;CEP290;BBS4;ACTR3;IFT140;ARMC9;RFX2;RFX3;KIF24;IFT43;CFAP58;ATP6V0D1;SSX2IP;CCNO;RAB1A;INTU;FAM149B1;ARL6;DNAH5;NEDD9;TTBK2;ABLIM1;KIF3B;ABLIM3;TMEM67;TTC21B;MAP4;ODF1;CCDC57;RAB3IP;GBF1;FOXJ1;PARVA;CPLANE2;FHDC1;EHD4;TTLL3;CFAP161;DZIP1;CEP89"
"Regulation Of Gene Expression (GO:0010468)","270/1127",0.608210973059207,0.99999537209541,0,0,0.982631035043015,0.488597031464057,"RB1;APP;PHB1;RBPJ;BACH1;TSKU;UBE2L3;CREB3L1;MYB;KDR;KAT8;SOX9;SOX6;SOX7;ICOSLG;SOX4;HES6;MEF2C;MUSK;ZNF281;SOX13;RFX3;ANK2;SOX11;ANK3;ATG14;RUNX3;ZNF716;ATF7;ALPK2;HOXB1;ANKRA2;EZR;CLOCK;TRIM64C;TRIM64B;MEAF6;HHLA2;IGSF1;TXK;ZBTB1;GATA5;GATA4;ZNF22;CIAO3;POU5F1B;LARP1;RFPL4B;PCBP3;DHX36;PCBP2;ZNF703;LYN;CCR1;SRPK2;WWTR1;ZNF143;NDFIP2;INSR;RDX;SETDB2;FN1;RAB27A;NFATC2;BRAF;NR1D2;IGF1;SMARCA1;PARP14;SMARCA2;ST18;PUM2;TADA2A;TMEM98;NANOG;ATM;LGMN;GPI;CITED2;SPIN3;IFNA2;AKR1B1;LIMD1;ROBO1;ING4;HINT1;C1QTNF1;SUFU;HEY2;CTSH;CD36;CD34;SLC2A10;TESC;TFEB;PAX6;BAZ1A;SIRT1;TERF2;KAT2B;NR5A2;PPARG;PRKN;YAP1;FOXC1;ZNF350;AHNAK;PTH;TMPRSS4;NR1I2;NSD3;CUX2;NSD2;AGR2;GCNT2;ZNF462;IL33;ZNF341;ARNT2;STAT3;WWP2;WTIP;POU4F1;VEGFA;PER1;RYBP;NFIA;WT1;UBAP2;PF4;PRDM8;ZNF331;ZBTB25;CSF1;WWC2;IHH;JADE1;PARK7;NR3C1;CLU;SLC8A1;RIMS1;RUVBL1;WWC3;MAP2K1;BTN1A1;WNT5A;TRAPPC2B;MITF;TICAM1;ATP1B1;HIC1;ZNF92;MYCN;KAT6B;KAT6A;PKP1;PPIE;ADNP;ADTRP;ZNF675;NOTCH2;KMT2D;ILDR1;PSEN1;ZFP36L1;SCRT2;ATXN7;MBIP;ABL1;DVL2;TRIM49B;ZNF423;SLC38A2;ZNF664;SEC16B;TFAP2C;ZFHX3;SMAD3;HMGA1;HMGA2;MSN;ESRRG;TDRD7;INHBA;FOXN2;BMP7;COQ7;BMP6;CLK3;PHOX2B;ESR2;MLXIPL;CDK6;GDNF;PIP;CNTN1;ZNF536;BMPR1B;FGF10;PICALM;BMPR1A;GSK3B;CALCOCO1;CXCL8;BNC2;CHD6;PIK3CB;CHD3;AFF1;FLCN;ZC3H7A;ZC3H7B;GPER1;HMG20A;TRIM64;NKX3-1;KDM6A;ATRX;SORD;GLRX2;NGF;PTBP2;DNM2;RBL2;NPC1;SETBP1;ESRP2;TRAF3;C1D;ZNF516;RBM20;LTF;RBMS3;HDAC4;HDAC5;SLC24A3;ROCK1;TGFBRAP1;LEF1;RNF6;TOB2;TOB1;PTHLH;RNF2;TTN;NWD1;NOCT;IGF2BP1;IGF2BP3;TRIM48;IGF2BP2;TRIM43;TRIM44;STOX1;ATF7IP;NTRK2;KDM4A;TCF7L1;ASCC1;NTRK3;USP22;ZNF804A;DTNBP1;MTOR;PML;APLN;ACTC1;ZNF737;FAM98B"
"Regulation Of Interleukin-8 Production (GO:0032677)","19/81",0.60954345731294,0.99999537209541,0,0,0.956575425668956,0.473547912845231,"FCN1;RAB1A;AFAP1L2;ANXA1;SYK;ANXA4;DEFA5;STAT3;NOD1;PARK7;BCL10;LEP;CNTN1;F2RL1;FFAR2;TLR7;CD58;CD33;MAP2K5"
"Proteasomal Protein Catabolic Process (GO:0010498)","52/220",0.611705142154819,0.99999537209541,0,0,0.965972222222222,0.474780086701604,"GSK3B;PRPF19;PSMD8;TRIM2;FBXO7;NHLRC3;FBXW11;USP44;DNAJB12;UBE4B;ARMC8;AXIN2;PPP2R5C;SIRT1;KLHL42;RBX1;RNF41;PSMA1;ATF6;CLOCK;PRKN;SEL1L;DERL1;NEDD4L;AMBRA1;FBXO44;PSMB7;ZNRF1;PSMB4;COP1;RMND5A;PCBP2;FEM1C;TBL1X;SOCS6;RFFL;MARCHF6;SMURF1;FEM1B;SIAH2;FBXL17;PEX10;UBE2G1;WWP2;BFAR;PML;KLHL20;GID4;APPBP2;APC;TRIP12;RNF187"
"Positive Regulation Of Cellular Biosynthetic Process (GO:0031328)","41/174",0.614218656877327,0.99999537209541,0,0,0.96210438797055,0.468933811452314,"PIWIL2;LPGAT1;SLC45A3;CXCL8;DYRK2;PTH;ASIP;TYRP1;IRS2;PARK7;PLD1;CLU;THBS1;FXR1;METTL14;LARP1;AKT2;ERBB2;CD36;ATP7A;SOX4;SNCA;NIBAN1;ADSL;YTHDF1;OPN3;SMAD3;AVPR1B;HGF;INSR;PYM1;IGF1;SIRT1;KLF2;MTOR;MLXIPL;KAT2B;SMOC2;PRR16;PXYLP1;VIM"
"Cdc42 Protein Signal Transduction (GO:0032488)","2/8",0.614253628245046,0.99999537209541,0,0,1.04068728522337,0.507176201881562,"RHOBTB1;RHOBTB2"
"Golgi Ribbon Formation (GO:0090161)","2/8",0.614253628245046,0.99999537209541,0,0,1.04068728522337,0.507176201881562,"MYO18A;OPTN"
"L-arginine Transmembrane Transport (GO:1903826)","2/8",0.614253628245046,0.99999537209541,0,0,1.04068728522337,0.507176201881562,"SLC38A9;SLC7A1"
"MyD88-independent Toll-Like Receptor Signaling Pathway (GO:0002756)","2/8",0.614253628245046,0.99999537209541,0,0,1.04068728522337,0.507176201881562,"TRAF3;TICAM1"
"T Cell Mediated Cytotoxicity (GO:0001913)","2/8",0.614253628245046,0.99999537209541,0,0,1.04068728522337,0.507176201881562,"CTSH;EMP2"
"Acid Secretion (GO:0046717)","2/8",0.614253628245046,0.99999537209541,0,0,1.04068728522337,0.507176201881562,"SLC22A16;UGT1A6"
"Adult Heart Development (GO:0007512)","2/8",0.614253628245046,0.99999537209541,0,0,1.04068728522337,0.507176201881562,"SCUBE1;MEF2D"
"Auditory Behavior (GO:0031223)","2/8",0.614253628245046,0.99999537209541,0,0,1.04068728522337,0.507176201881562,"HTT;NEUROG1"
"Autophagosome-Lysosome Fusion (GO:0061909)","2/8",0.614253628245046,0.99999537209541,0,0,1.04068728522337,0.507176201881562,"RUBCNL;PIP4K2A"
"Basic Amino Acid Transmembrane Transport (GO:1990822)","2/8",0.614253628245046,0.99999537209541,0,0,1.04068728522337,0.507176201881562,"SLC38A9;SLC7A1"
"Embryonic Placenta Development (GO:0001892)","2/8",0.614253628245046,0.99999537209541,0,0,1.04068728522337,0.507176201881562,"WNT7B;TFEB"
"Endothelial Cell Chemotaxis (GO:0035767)","2/8",0.614253628245046,0.99999537209541,0,0,1.04068728522337,0.507176201881562,"CXCL13;VEGFA"
"Fat-Soluble Vitamin Catabolic Process (GO:0042363)","2/8",0.614253628245046,0.99999537209541,0,0,1.04068728522337,0.507176201881562,"CYP26A1;CYP26C1"
"Fructose 1,6-Bisphosphate Metabolic Process (GO:0030388)","2/8",0.614253628245046,0.99999537209541,0,0,1.04068728522337,0.507176201881562,"ALDOB;FBP1"
"Glucosamine-Containing Compound Catabolic Process (GO:1901072)","2/8",0.614253628245046,0.99999537209541,0,0,1.04068728522337,0.507176201881562,"CHIT1;GNPDA2"
"Hyaluronan Catabolic Process (GO:0030214)","2/8",0.614253628245046,0.99999537209541,0,0,1.04068728522337,0.507176201881562,"CEMIP;HYAL4"
"Inner Ear Receptor Cell Development (GO:0060119)","2/8",0.614253628245046,0.99999537209541,0,0,1.04068728522337,0.507176201881562,"GRXCR1;TSKU"
"Isoprenoid Biosynthetic Process (GO:0008299)","2/8",0.614253628245046,0.99999537209541,0,0,1.04068728522337,0.507176201881562,"PDSS2;HMGCR"
"Learned Vocalization Behavior Or Vocal Learning (GO:0098598)","2/8",0.614253628245046,0.99999537209541,0,0,1.04068728522337,0.507176201881562,"HTT;NEUROG1"
"Maintenance Of Apical/Basal Cell Polarity (GO:0035090)","2/8",0.614253628245046,0.99999537209541,0,0,1.04068728522337,0.507176201881562,"WDR1;LIN7A"
"Maintenance Of Epithelial Cell Apical/Basal Polarity (GO:0045199)","2/8",0.614253628245046,0.99999537209541,0,0,1.04068728522337,0.507176201881562,"WDR1;LIN7A"
"Mitochondrial Fragmentation Involved In Apoptotic Process (GO:0043653)","2/8",0.614253628245046,0.99999537209541,0,0,1.04068728522337,0.507176201881562,"BNIP3;DNM1L"
"Multi-Pass Transmembrane Protein Insertion Into ER Membrane (GO:0160063)","2/8",0.614253628245046,0.99999537209541,0,0,1.04068728522337,0.507176201881562,"NOMO2;RAB5IF"
"Negative Regulation Of cAMP-mediated Signaling (GO:0043951)","2/8",0.614253628245046,0.99999537209541,0,0,1.04068728522337,0.507176201881562,"PDE11A;MGRN1"
"Negative Regulation Of Chromosome Organization (GO:2001251)","2/8",0.614253628245046,0.99999537209541,0,0,1.04068728522337,0.507176201881562,"SETMAR;TERF2"
"Negative Regulation Of Glial Cell Differentiation (GO:0045686)","2/8",0.614253628245046,0.99999537209541,0,0,1.04068728522337,0.507176201881562,"TMEM98;NF1"
"Negative Regulation Of Lipase Activity (GO:0060192)","2/8",0.614253628245046,0.99999537209541,0,0,1.04068728522337,0.507176201881562,"RGS2;ANGPTL4"
"Negative Regulation Of Membrane Potential (GO:0045837)","2/8",0.614253628245046,0.99999537209541,0,0,1.04068728522337,0.507176201881562,"HEBP2;BNIP3"
"Negative Regulation Of Protein Import Into Nucleus (GO:0042308)","2/8",0.614253628245046,0.99999537209541,0,0,1.04068728522337,0.507176201881562,"S100G;SUFU"
"Peroxisome Fission (GO:0016559)","2/8",0.614253628245046,0.99999537209541,0,0,1.04068728522337,0.507176201881562,"SEC16B;DNM1L"
"Phosphatidylglycerol Acyl-Chain Remodeling (GO:0036148)","2/8",0.614253628245046,0.99999537209541,0,0,1.04068728522337,0.507176201881562,"LPGAT1;MBOAT2"
"Positive Regulation Of Blood Vessel Endothelial Cell Proliferation Involved In Sprouting Angiogenesis (GO:1903589)","2/8",0.614253628245046,0.99999537209541,0,0,1.04068728522337,0.507176201881562,"JCAD;VEGFA"
"Positive Regulation Of Calcium Ion-Dependent Exocytosis (GO:0045956)","2/8",0.614253628245046,0.99999537209541,0,0,1.04068728522337,0.507176201881562,"SYT4;KCNB1"
"Positive Regulation Of Cell-Cell Adhesion Mediated By Cadherin (GO:2000049)","2/8",0.614253628245046,0.99999537209541,0,0,1.04068728522337,0.507176201881562,"FOXA1;PTPRU"
"Positive Regulation Of Chromatin Binding (GO:0035563)","2/8",0.614253628245046,0.99999537209541,0,0,1.04068728522337,0.507176201881562,"ZNF618;MED9"
"Positive Regulation Of Dendritic Cell Cytokine Production (GO:0002732)","2/8",0.614253628245046,0.99999537209541,0,0,1.04068728522337,0.507176201881562,"TICAM1;SCIMP"
"Positive Regulation Of Dendritic Spine Morphogenesis (GO:0061003)","2/8",0.614253628245046,0.99999537209541,0,0,1.04068728522337,0.507176201881562,"CUX2;DHX36"
"Positive Regulation Of Extracellular Matrix Assembly (GO:1901203)","2/8",0.614253628245046,0.99999537209541,0,0,1.04068728522337,0.507176201881562,"SMAD3;CLASP2"
"Positive Regulation Of Fatty Acid Beta-Oxidation (GO:0032000)","2/8",0.614253628245046,0.99999537209541,0,0,1.04068728522337,0.507176201881562,"AKT2;IRS2"
"Positive Regulation Of Membrane Invagination (GO:1905155)","2/8",0.614253628245046,0.99999537209541,0,0,1.04068728522337,0.507176201881562,"RAB31;F2RL1"
"Positive Regulation Of Mitochondrial Calcium Ion Concentration (GO:0051561)","2/8",0.614253628245046,0.99999537209541,0,0,1.04068728522337,0.507176201881562,"MICU1;TGM2"
"Positive Regulation Of Peptide Secretion (GO:0002793)","2/8",0.614253628245046,0.99999537209541,0,0,1.04068728522337,0.507176201881562,"RASL10B;ILDR1"
"Positive Regulation Of Sequestering Of Triglyceride (GO:0010890)","2/8",0.614253628245046,0.99999537209541,0,0,1.04068728522337,0.507176201881562,"FITM2;LCP1"
"Proline Transport (GO:0015824)","2/8",0.614253628245046,0.99999537209541,0,0,1.04068728522337,0.507176201881562,"SLC6A15;SLC38A2"
"Proteasome Assembly (GO:0043248)","2/8",0.614253628245046,0.99999537209541,0,0,1.04068728522337,0.507176201881562,"PSMD5;PSMG2"
"Protein K29-linked Ubiquitination (GO:0035519)","2/8",0.614253628245046,0.99999537209541,0,0,1.04068728522337,0.507176201881562,"PRKN;UBE3C"
"Protein Localization To Perinuclear Region Of Cytoplasm (GO:1905719)","2/8",0.614253628245046,0.99999537209541,0,0,1.04068728522337,0.507176201881562,"FHIP1A;HOOK3"
"Regulation Of DNA Methylation (GO:0044030)","2/8",0.614253628245046,0.99999537209541,0,0,1.04068728522337,0.507176201881562,"WT1;GRHL2"
"Regulation Of DNA-templated Transcription Initiation (GO:2000142)","2/8",0.614253628245046,0.99999537209541,0,0,1.04068728522337,0.507176201881562,"THRA;MITF"
"Regulation Of Defense Response To Bacterium (GO:1900424)","2/8",0.614253628245046,0.99999537209541,0,0,1.04068728522337,0.507176201881562,"MMRN2;EMILIN2"
"Regulation Of Endothelial Cell Differentiation (GO:0045601)","2/8",0.614253628245046,0.99999537209541,0,0,1.04068728522337,0.507176201881562,"TMEM100;SORD"
"Regulation Of Epidermis Development (GO:0045682)","2/8",0.614253628245046,0.99999537209541,0,0,1.04068728522337,0.507176201881562,"KLF7;TMEM79"
"Regulation Of Glial Cell Proliferation (GO:0060251)","2/8",0.614253628245046,0.99999537209541,0,0,1.04068728522337,0.507176201881562,"PRKCH;SOX11"
"Regulation Of Macrophage Migration (GO:1905521)","2/8",0.614253628245046,0.99999537209541,0,0,1.04068728522337,0.507176201881562,"CSF1;MTUS1"
"Regulation Of Mitotic Centrosome Separation (GO:0046602)","2/8",0.614253628245046,0.99999537209541,0,0,1.04068728522337,0.507176201881562,"NEK2;MAP9"
"Regulation Of Mitotic Sister Chromatid Segregation (GO:0033047)","2/8",0.614253628245046,0.99999537209541,0,0,1.04068728522337,0.507176201881562,"USP44;CDK5RAP2"
"Regulation Of Necrotic Cell Death (GO:0010939)","2/8",0.614253628245046,0.99999537209541,0,0,1.04068728522337,0.507176201881562,"HEBP2;SLC6A6"
"Regulation Of Rhodopsin Mediated Signaling Pathway (GO:0022400)","2/8",0.614253628245046,0.99999537209541,0,0,1.04068728522337,0.507176201881562,"GRK7;NMT2"
"Regulation Of Sterol Biosynthetic Process (GO:0106118)","2/8",0.614253628245046,0.99999537209541,0,0,1.04068728522337,0.507176201881562,"SEC14L2;MBTPS1"
"Regulation Of Toll-Like Receptor 3 Signaling Pathway (GO:0034139)","2/8",0.614253628245046,0.99999537209541,0,0,1.04068728522337,0.507176201881562,"F2RL1;TNFAIP3"
"Regulation Of Vesicle Fusion (GO:0031338)","2/8",0.614253628245046,0.99999537209541,0,0,1.04068728522337,0.507176201881562,"ANXA1;CPLANE2"
"Retrograde Transport, Vesicle Recycling Within Golgi (GO:0000301)","2/8",0.614253628245046,0.99999537209541,0,0,1.04068728522337,0.507176201881562,"COG5;COG2"
"Selenocysteine Incorporation (GO:0001514)","2/8",0.614253628245046,0.99999537209541,0,0,1.04068728522337,0.507176201881562,"EEFSEC;SECISBP2L"
"Semaphorin-Plexin Signaling Pathway Involved In Axon Guidance (GO:1902287)","2/8",0.614253628245046,0.99999537209541,0,0,1.04068728522337,0.507176201881562,"PLXNA2;PLXNA4"
"Sphingosine-1-Phosphate Receptor Signaling Pathway (GO:0003376)","2/8",0.614253628245046,0.99999537209541,0,0,1.04068728522337,0.507176201881562,"PIK3CB;EZR"
"Tetrahydrofolate Interconversion (GO:0035999)","2/8",0.614253628245046,0.99999537209541,0,0,1.04068728522337,0.507176201881562,"MTHFD1L;MTHFS"
"Translational Readthrough (GO:0006451)","2/8",0.614253628245046,0.99999537209541,0,0,1.04068728522337,0.507176201881562,"EEFSEC;SECISBP2L"
"Translational Termination (GO:0006415)","2/8",0.614253628245046,0.99999537209541,0,0,1.04068728522337,0.507176201881562,"GFM2;GSPT1"
"Triglyceride-Rich Lipoprotein Particle Remodeling (GO:0034370)","2/8",0.614253628245046,0.99999537209541,0,0,1.04068728522337,0.507176201881562,"CETP;LCP1"
"Vascular Associated Smooth Muscle Cell Differentiation (GO:0035886)","2/8",0.614253628245046,0.99999537209541,0,0,1.04068728522337,0.507176201881562,"HEY2;GATA6"
"Positive Regulation Of Endothelial Cell Proliferation (GO:0001938)","18/77",0.615349105259123,0.99999537209541,0,0,0.952301143734704,0.462404601387895,"SEMA5A;STAT5A;ITGB3;WNT5A;VASH2;NRARP;PRKCA;SIRT1;THBS4;APLN;VEGFA;KDR;CNTN1;CDH13;AGGF1;PRKD1;TEK;JCAD"
"Positive Regulation Of Phagocytosis (GO:0050766)","14/60",0.615824922046027,0.99999537209541,0,0,0.950033251253662,0.46056906459944,"FCN1;IL15RA;CAMK1D;APOA1;RAB27A;PLA2G5;MERTK;RAB31;MYO18A;SPACA3;F2RL1;CD47;DOCK2;MBL2"
"Sterol Metabolic Process (GO:0016125)","14/60",0.615824922046027,0.99999537209541,0,0,0.950033251253662,0.46056906459944,"CETP;FAXDC2;PRKAG2;APOA1;HMGCR;CLN8;CYP8B1;TSKU;SULT2B1;CYP26A1;CYP26C1;CYP11A1;OSBPL1A;ABCG1"
"Vesicle Organization (GO:0016050)","22/94",0.61624028772132,0.99999537209541,0,0,0.953738210259949,0.461722134385982,"PLEKHF2;WASHC5;SYT4;PLEKHF1;CAV2;GOSR2;CAV1;TRAPPC10;VPS33B;TRAPPC2B;SNX10;WASL;HOOK3;TRAPPC9;FNBP1L;LAPTM4B;ZFYVE16;USP50;TRAPPC13;CD34;VAMP3;PICALM"
"Mitotic G2 DNA Damage Checkpoint Signaling (GO:0007095)","7/30",0.616807545016093,0.99999537209541,0,0,0.95010544263472,0.459089262770758,"BABAM2;CDKN1A;TAOK3;ATM;TOPBP1;CDK5RAP3;CDC14B"
"Negative Regulation Of Carbohydrate Metabolic Process (GO:0045912)","7/30",0.616807545016093,0.99999537209541,0,0,0.95010544263472,0.459089262770758,"HDAC4;C1QTNF3;FLCN;USP7;NCOR1;CLTC;FBP1"
"Regulation Of Arp2/3 Complex-Mediated Actin Nucleation (GO:0034315)","7/30",0.616807545016093,0.99999537209541,0,0,0.95010544263472,0.459089262770758,"WASHC5;CARMIL1;ARF1;RNH1;CTNNA2;WASF3;WASHC3"
"Regulation Of Calcium-Mediated Signaling (GO:0050848)","7/30",0.616807545016093,0.99999537209541,0,0,0.95010544263472,0.459089262770758,"SLC24A4;RIT2;ITPR1;HTT;CDH13;SLA2;GBP1"
"Double-Strand Break Repair Via Homologous Recombination (GO:0000724)","26/111",0.617851826947438,0.99999537209541,0,0,0.954725628336706,0.459706703160635,"MCM7;FBH1;MCMDC2;NUCKS1;SMC6;RAD54B;RNF138;RBBP8;GEN1;GINS2;INTS3;NSMCE2;ATRX;TOP3A;HUS1;LIG3;CDC7;RAD51B;RNF169;NPC1;RPA3;RPA4;FSCN1;UBE2N;NABP1;SLX1A"
"Negative Regulation Of DNA-binding Transcription Factor Activity (GO:0043433)","35/149",0.618340937417513,0.99999537209541,0,0,0.958210868670535,0.460626620380311,"RB1;HDAC4;TNFAIP3;NLRC3;TBXT;RNF2;NWD1;IRAK2;ADORA3;SUFU;PIM1;CDK5RAP3;MAP2K5;HES6;USP7;RWDD3;PRMT2;ANXA4;ERBIN;FOXJ1;NR0B1;WWP2;COMMD1;BMP7;COMMD7;SIRT1;MTURN;NFKBIA;HEYL;DAP;TRAF3;OTULIN;ZNF675;TAF3;CD200"
"Learning (GO:0007612)","10/43",0.619229502122951,0.99999537209541,0,0,0.945952711751968,0.453375565151347,"CNTNAP2;NTRK2;YTHDF1;ATXN1;SYNJ1;INSR;GPR88;FYN;DRD2;LGMN"
"mRNA Destabilization (GO:0061157)","10/43",0.619229502122951,0.99999537209541,0,0,0.945952711751968,0.453375565151347,"FXR1;METTL14;RIDA;YTHDF1;TUT7;ROCK1;DHX36;GIGYF2;ZFP36L1;DIS3L2"
"Neurotransmitter Secretion (GO:0007269)","10/43",0.619229502122951,0.99999537209541,0,0,0.945952711751968,0.453375565151347,"RIMS2;SNAP25;RIMS1;RPH3AL;PCLO;PTPRN2;HRH3;LIN7A;SYN3;SNCA"
"Positive Regulation Of T Cell Mediated Immunity (GO:0002711)","10/43",0.619229502122951,0.99999537209541,0,0,0.945952711751968,0.453375565151347,"FZD5;FBXO38;TRAF6;ZBTB1;CD1D;CYRIB;HLA-DRB3;MAP3K7;CD55;ULBP3"
"Positive Regulation Of Cell Division (GO:0051781)","10/43",0.619229502122951,0.99999537209541,0,0,0.945952711751968,0.453375565151347,"MAP10;SVIL;CSPP1;PRKCE;CDC14C;DRD2;OR2A4;CDC14B;NKX3-1;CIT"
"Regulation Of Chromosome Organization (GO:0033044)","10/43",0.619229502122951,0.99999537209541,0,0,0.945952711751968,0.453375565151347,"INO80C;RB1;RUVBL1;NSMCE2;SETMAR;SMC6;HDAC8;BUB1;TERF2;SMG6"
"Response To Amyloid-Beta (GO:1904645)","10/43",0.619229502122951,0.99999537209541,0,0,0.945952711751968,0.453375565151347,"APP;GSK3B;EPHA4;CHRNA7;FYN;ADRB2;PSEN1;CD36;IGF1;LGMN"
"Skeletal System Morphogenesis (GO:0048705)","10/43",0.619229502122951,0.99999537209541,0,0,0.945952711751968,0.453375565151347,"FBN2;SKI;ANKRD11;RFLNB;HOXC4;SOX11;TBX4;DSCAML1;RAB33B;LTF"
"DNA Damage Response, Signal Transduction By P53 Class Mediator Resulting In Cell Cycle Arrest (GO:0006977)","4/17",0.620405452365866,0.99999537209541,0,0,0.960586443259711,0.458566734370817,"CDKN1A;PLK2;PRAP1;PML"
"DNA Modification (GO:0006304)","4/17",0.620405452365866,0.99999537209541,0,0,0.960586443259711,0.458566734370817,"NEIL3;NEIL2;PARP1;NTHL1"
"Golgi To Vacuole Transport (GO:0006896)","4/17",0.620405452365866,0.99999537209541,0,0,0.960586443259711,0.458566734370817,"AP4M1;CCDC91;AP1G1;VTI1A"
"Androgen Receptor Signaling Pathway (GO:0030521)","4/17",0.620405452365866,0.99999537209541,0,0,0.960586443259711,0.458566734370817,"MAPK1;ZDHHC7;ARID1A;NKX3-1"
"Carbohydrate Derivative Transport (GO:1901264)","4/17",0.620405452365866,0.99999537209541,0,0,0.960586443259711,0.458566734370817,"SLC10A7;SLC15A2;VLDLR;SLC29A3"
"Carboxylic Acid Catabolic Process (GO:0046395)","4/17",0.620405452365866,0.99999537209541,0,0,0.960586443259711,0.458566734370817,"GNPDA2;FMO1;ETFA;NPL"
"Diol Biosynthetic Process (GO:0034312)","4/17",0.620405452365866,0.99999537209541,0,0,0.960586443259711,0.458566734370817,"DHFR;ASAH1;SPTLC2;SPTSSB"
"Embryonic Axis Specification (GO:0000578)","4/17",0.620405452365866,0.99999537209541,0,0,0.960586443259711,0.458566734370817,"MESP2;FZD5;SMAD6;TBXT"
"Filopodium Assembly (GO:0046847)","4/17",0.620405452365866,0.99999537209541,0,0,0.960586443259711,0.458566734370817,"DNM3;SPATA13;SRGAP3;EZR"
"Growth Hormone Receptor Signaling Pathway (GO:0060396)","4/17",0.620405452365866,0.99999537209541,0,0,0.960586443259711,0.458566734370817,"LYN;STAT5A;PTPN1;STAT3"
"Intracellular Zinc Ion Homeostasis (GO:0006882)","4/17",0.620405452365866,0.99999537209541,0,0,0.960586443259711,0.458566734370817,"SLC30A7;SLC30A8;SLC30A5;SLC30A1"
"Muscle Tissue Morphogenesis (GO:0060415)","4/17",0.620405452365866,0.99999537209541,0,0,0.960586443259711,0.458566734370817,"TGFBR3;HEY2;MYLK;TTN"
"ncRNA Metabolic Process (GO:0034660)","4/17",0.620405452365866,0.99999537209541,0,0,0.960586443259711,0.458566734370817,"ZCCHC7;TUT7;PARN;TENT4B"
"Negative Regulation Of Calcium Ion Transport (GO:0051926)","4/17",0.620405452365866,0.99999537209541,0,0,0.960586443259711,0.458566734370817,"SLN;ATP1A2;SLC30A1;CD33"
"Neuron Maturation (GO:0042551)","4/17",0.620405452365866,0.99999537209541,0,0,0.960586443259711,0.458566734370817,"FARP2;APP;MTCH1;LGI4"
"Positive Regulation Of Cell Adhesion Mediated By Integrin (GO:0033630)","4/17",0.620405452365866,0.99999537209541,0,0,0.960586443259711,0.458566734370817,"SYK;PIEZO1;CXCL13;SKAP1"
"Positive Regulation Of Dendrite Morphogenesis (GO:0050775)","4/17",0.620405452365866,0.99999537209541,0,0,0.960586443259711,0.458566734370817,"CDKL3;CUX2;CUX1;DHX36"
"Positive Regulation Of Fatty Acid Metabolic Process (GO:0045923)","4/17",0.620405452365866,0.99999537209541,0,0,0.960586443259711,0.458566734370817,"KAT2B;MLXIPL;LPGAT1;SLC45A3"
"Positive Regulation Of Glial Cell Differentiation (GO:0045687)","4/17",0.620405452365866,0.99999537209541,0,0,0.960586443259711,0.458566734370817,"SERPINE2;TENM4;CXCR4;TNFRSF1B"
"Positive Regulation Of Leukocyte Proliferation (GO:0070665)","4/17",0.620405452365866,0.99999537209541,0,0,0.960586443259711,0.458566734370817,"LYN;CSF1;IL5RA;MAPK1"
"Positive Regulation Of Nitric-Oxide Synthase Activity (GO:0051000)","4/17",0.620405452365866,0.99999537209541,0,0,0.960586443259711,0.458566734370817,"DHFR;NPR3;PIK3CB;TERF2"
"Positive Regulation Of Potassium Ion Transmembrane Transport (GO:1901381)","4/17",0.620405452365866,0.99999537209541,0,0,0.960586443259711,0.458566734370817,"KCNH2;AKAP6;ANK2;ATP1B1"
"Positive Regulation Of Stem Cell Differentiation (GO:2000738)","4/17",0.620405452365866,0.99999537209541,0,0,0.960586443259711,0.458566734370817,"FOXC1;MTCH2;SOX9;SOX6"
"Receptor Recycling (GO:0001881)","4/17",0.620405452365866,0.99999537209541,0,0,0.960586443259711,0.458566734370817,"LMTK2;PEX10;PEX2;SORL1"
"Regulation Of Aerobic Respiration (GO:1903715)","4/17",0.620405452365866,0.99999537209541,0,0,0.960586443259711,0.458566734370817,"UQCC2;AK4;ATP7A;SLC25A33"
"Regulation Of Cellular Respiration (GO:0043457)","4/17",0.620405452365866,0.99999537209541,0,0,0.960586443259711,0.458566734370817,"PNPT1;IL10RB;PRDM16;IFNAR1"
"Regulation Of Delayed Rectifier Potassium Channel Activity (GO:1902259)","4/17",0.620405452365866,0.99999537209541,0,0,0.960586443259711,0.458566734370817,"KCNG1;KCNS1;KCNE4;ANK3"
"Regulation Of Mitotic Cell Cycle Spindle Assembly Checkpoint (GO:0090266)","4/17",0.620405452365866,0.99999537209541,0,0,0.960586443259711,0.458566734370817,"GEN1;INCENP;USP44;CDK5RAP2"
"Response To Acidic pH (GO:0010447)","4/17",0.620405452365866,0.99999537209541,0,0,0.960586443259711,0.458566734370817,"SCNN1G;SCNN1B;SCNN1A;LGMN"
"Positive Regulation Of DNA-binding Transcription Factor Activity (GO:0051091)","58/246",0.623555264628687,0.99999537209541,0,0,0.962728232986268,0.454713759615825,"FANK1;FOXA1;ALK;APP;CRTC3;EDA;CRTC1;AKR1B1;PARK7;CLU;EDA2R;TRIM8;TNFSF11;CD36;MAP3K7;EPHA5;PRKCH;CAMK1D;PRKCB;RIPK2;WNT5A;ARID5B;TRAF1;TICAM1;TRAF6;TRIM14;PPARG;PRKD1;PLPP3;CLOCK;DDR2;LTF;HDAC4;HDAC5;SRF;NOD1;BCL10;ADCY1;MTDH;IRAK2;DVL2;NKX6-1;WNT2;FZD1;SMAD3;CAV1;STAT3;AGT;ESR2;VEGFA;FER;SLCO3A1;JMY;UBE2N;MAP3K13;NEUROG1;CD200;IL18R1"
"Negative Regulation Of Growth (GO:0045926)","29/124",0.624120926293636,0.99999537209541,0,0,0.952752709058568,0.449138238096025,"RB1;PHB1;CDKN1A;TMPRSS4;JADE1;NAIF1;MT1X;PRDM11;CDKN2AIP;ING4;FLCN;WNT11;SH3BP4;TSPYL2;SMAD4;PNPT1;SMAD3;INHBA;ALOX15B;SMARCA2;SIRT1;ESR2;PML;ST7L;DCSTAMP;WT1;SCGB3A1;ST20;FBP1"
"Odontogenesis (GO:0042476)","9/39",0.629346332066793,0.99999537209541,0,0,0.936485649390873,0.433661749537384,"FOXC1;EDA;ANKRD11;ZNF22;AXIN2;INHBA;AMELX;AQP1;GLI2"
"Positive Regulation Of ATP-dependent Activity (GO:0032781)","9/39",0.629346332066793,0.99999537209541,0,0,0.936485649390873,0.433661749537384,"MSH6;VMP1;RYR2;MSH3;TPM1;SETMAR;ALDOB;ATP1B1;FGF10"
"Positive Regulation Of Intracellular Transport (GO:0032388)","9/39",0.629346332066793,0.99999537209541,0,0,0.936485649390873,0.433661749537384,"BCAS3;PLA2G4E;MYL1;NEDD4;STX18;PRR5L;CEP290;STRIT1;SORL1"
"Regulation Of Monoatomic Cation Transmembrane Transport (GO:1904062)","9/39",0.629346332066793,0.99999537209541,0,0,0.936485649390873,0.433661749537384,"KCNH2;DLG1;HOMER1;KCNIP1;WNK1;NEDD4L;CACNA1D;KCNN2;FGF12"
"Cellular Response To Xenobiotic Stimulus (GO:0071466)","6/26",0.6305577463799,0.99999537209541,0,0,0.936524969046636,0.431878994768262,"KCNH2;CRHBP;MEF2C;PDE4B;FBP1;NKX3-1"
"Negative Regulation Of Protein Polymerization (GO:0032272)","6/26",0.6305577463799,0.99999537209541,0,0,0.936524969046636,0.431878994768262,"KANK1;STMN2;CYRIB;SSH2;KANK4;SNCA"
"Plasma Membrane Invagination (GO:0099024)","6/26",0.6305577463799,0.99999537209541,0,0,0.936524969046636,0.431878994768262,"SNX18;ELMO1;MYH9;SPIRE1;CD36;DOCK1"
"Positive Regulation Of Microtubule Polymerization Or Depolymerization (GO:0031112)","6/26",0.6305577463799,0.99999537209541,0,0,0.936524969046636,0.431878994768262,"STMN2;SLAIN1;MET;CLASP1;CDK5RAP2;CDK5R1"
"Regulation Of Epidermal Growth Factor-Activated Receptor Activity (GO:0007176)","6/26",0.6305577463799,0.99999537209541,0,0,0.936524969046636,0.431878994768262,"APP;GPRC5A;CBL;SOCS6;AREG;ADRA2A"
"Regulation Of Keratinocyte Differentiation (GO:0045616)","6/26",0.6305577463799,0.99999537209541,0,0,0.936524969046636,0.431878994768262,"FOXC1;PRKCH;ROCK1;NCOA3;GRHL2;ZFP36L1"
"Regulation Of Myeloid Cell Differentiation (GO:0045637)","6/26",0.6305577463799,0.99999537209541,0,0,0.936524969046636,0.431878994768262,"HSPA9;LYN;PRMT6;MEF2C;CDK6;PEX2"
"Cell Cycle G1/S Phase Transition (GO:0044843)","12/52",0.631609816044702,0.99999537209541,0,0,0.936446280991736,0.430281572769955,"CDKN1A;CCND3;DBF4;LATS2;CDK6;PLK2;CDC7;CACUL1;EIF4E;USP29;GSPT1;PHF8"
"Cellular Response To Ionizing Radiation (GO:0071479)","12/52",0.631609816044702,0.99999537209541,0,0,0.936446280991736,0.430281572769955,"YAP1;BABAM2;CDKN1A;GADD45A;FIGNL1;HUS1;NUCKS1;PRAP1;SIRT1;CLOCK;TANK;TSPYL5"
"Icosanoid Metabolic Process (GO:0006690)","12/52",0.631609816044702,0.99999537209541,0,0,0.936446280991736,0.430281572769955,"ABHD12;CYP2J2;CYP4Z1;FAAH;CPA1;DAGLA;HPGD;EPHX1;GGT1;DAGLB;CYP4F22;ALOX15B"
"Negative Regulation Of Response To Stimulus (GO:0048585)","12/52",0.631609816044702,0.99999537209541,0,0,0.936446280991736,0.430281572769955,"LYN;FCRLB;EPHA4;PTPN1;KLF7;MCTP1;AMBP;APOA1;CLU;SIRT1;ADRA2A;MAP2K5"
"Positive Regulation Of B Cell Activation (GO:0050871)","12/52",0.631609816044702,0.99999537209541,0,0,0.936446280991736,0.430281572769955,"VAV3;MEF2C;SYK;PPP2R3C;IL7;SHLD1;BCL2;CD38;NFATC2;CD27;IRS2;TRAPPC13"
"Cellular Response To Insulin Stimulus (GO:0032869)","23/99",0.632589832809825,0.99999537209541,0,0,0.944556462599863,0.432543612660622,"BCAR3;GSK3B;HDAC5;GOT1;PARP1;INSIG2;CAV2;INSR;IRS2;ZDHHC7;ZFP36L1;KAT2B;FER;RAB31;TBC1D4;AKT2;GRB10;PDK4;PPARG;CPEB2;LPIN2;SLC25A33;BCAR1"
"Canonical Wnt Signaling Pathway (GO:0060070)","15/65",0.63517367242233,0.99999537209541,0,0,0.936406863758528,0.424994639169893,"FZD1;GSK3B;TCF7L1;WNT2B;FZD5;CAV1;SIAH2;WNT7B;WNT5A;LEF1;WNT9B;FRAT2;WNT11;DVL2;WNT2"
"Positive Regulation Of DNA Biosynthetic Process (GO:2000573)","15/65",0.63517367242233,0.99999537209541,0,0,0.936406863758528,0.424994639169893,"GINS2;RFC3;PARM1;NVL;HGF;GINS3;PARN;GRHL2;GREM1;SMOC2;FBXO4;MAPK1;NEK2;ATM;MAP3K4"
"Regulation Of Protein Serine/Threonine Kinase Activity (GO:0071900)","26/112",0.637874904239149,0.99999537209541,0,0,0.943561522373963,0.42423761141811,"RB1;CDKN1A;CCNF;HTT;ADRB2;SLC8A1;CCNB3;RPTOR;CCND3;CDK5RAP3;SNCA;MAP2K1;CDKN2B;GADD45A;SH2D1A;HMGA2;SIRT1;IRGM;ETAA1;CAMK1;SOS1;CCNP;PPEF2;CCNO;LTF;CDK5R1"
"Long-Chain Fatty Acid Metabolic Process (GO:0001676)","18/78",0.639281910771008,0.99999537209541,0,0,0.936367397600331,0.41893990043894,"CYP2J2;FAAH;ABCD3;DAGLA;ACSL1;EPHX1;ACSL5;ACSL4;ELOVL6;ALOX15B;ABHD12;CYP4Z1;ACADL;CPT2;ADTRP;ACAA1;DAGLB;SLC27A3"
"Negative Regulation Of Protein Modification Process (GO:0031400)","18/78",0.639281910771008,0.99999537209541,0,0,0.936367397600331,0.41893990043894,"PRKN;LYN;NIBAN1;GSK3B;PPP1R15B;WWTR1;CDKN1A;NTRK3;SORD;PRR5L;PARK7;ATG14;SIRT1;MFHAS1;IBTK;FXYD1;PLPP3;CDK5RAP3"
"Cytoplasmic Microtubule Organization (GO:0031122)","11/48",0.640656392443825,0.99999537209541,0,0,0.928002367167829,0.413204203945529,"MAP10;DLG1;TUBGCP2;KATNBL1;CCDC88C;TUBGCP5;FYN;SLAIN1;HOOK3;EZR;CLASP1"
"Positive Regulation Of Reactive Oxygen Species Metabolic Process (GO:2000379)","11/48",0.640656392443825,0.99999537209541,0,0,0.928002367167829,0.413204203945529,"CDKN1A;SYK;GADD45A;SORD;RAB27A;F2RL1;CD36;THBS1;AGT;RNF41;TGFBR2"
"Post-Translational Protein Modification (GO:0043687)","11/48",0.640656392443825,0.99999537209541,0,0,0.928002367167829,0.413204203945529,"DCAF1;PARP11;PARP1;PRKCB;FAM20C;PRKCA;ZC3HAV1;STT3B;PARP8;RBX1;SUMF1"
"Regulation Of DNA Binding (GO:0051101)","11/48",0.640656392443825,0.99999537209541,0,0,0.928002367167829,0.413204203945529,"ILRUN;PRKN;NFKBIA;SKI;FOXC1;LEF1;SUMO4;HMGA2;PPARG;IGF1;NGF"
"Hexose Biosynthetic Process (GO:0019319)","8/35",0.64084696417086,0.99999537209541,0,0,0.924916659020705,0.411555167523118,"PER2;GPI;G6PC3;MDH2;SORD;SLC25A12;FBP1;SLC25A13"
"Regulation Of G2/M Transition Of Mitotic Cell Cycle (GO:0010389)","8/35",0.64084696417086,0.99999537209541,0,0,0.924916659020705,0.411555167523118,"RAD51B;CDKN1A;CDK6;PINX1;CDC7;STOX1;PHOX2B;BRD4"
"Regulation Of Postsynaptic Membrane Potential (GO:0060078)","8/35",0.64084696417086,0.99999537209541,0,0,0.924916659020705,0.411555167523118,"GSK3B;MEF2C;INSYN1;DRD2;GABRG3;INSYN2A;RAB3GAP1;INSYN2B"
"Regulation Of Regulated Secretory Pathway (GO:1903305)","8/35",0.64084696417086,0.99999537209541,0,0,0.924916659020705,0.411555167523118,"RIMS2;RIMS1;SYT4;RPH3AL;DTNBP1;RAB27A;SYT13;SYT9"
"Nitrogen Compound Transport (GO:0071705)","38/163",0.641091812885544,0.99999537209541,0,0,0.948689655172414,0.421770912054905,"RD3;SLC22A4;CALCRL;SLC22A1;SLC43A1;SLC7A1;SLC6A3;SLC7A2;AQP1;CHMP1B;PDPN;ARL6IP5;LRRC8D;SNX7;SLC38A2;CEP290;SLC18A1;SLC38A4;ARRDC4;SLC36A1;SLC38A1;ABCC1;SLC15A2;ABCC2;SLC36A2;TMEM30B;ARRDC2;SLC6A15;VPS33B;SLC16A10;SLC6A6;SLC5A8;SNX18;MYH9;RHAG;SLC26A4;RAMP1;SLC29A3"
"GTP Metabolic Process (GO:0046039)","3/13",0.644685732520954,0.99999537209541,0,0,0.936564240049495,0.41114450606419,"EFNA1;MFN1;RAN"
"T Cell Differentiation In Thymus (GO:0033077)","3/13",0.644685732520954,0.99999537209541,0,0,0.936564240049495,0.41114450606419,"MR1;GLI3;ZFP36L1"
"Atrioventricular Valve Development (GO:0003171)","3/13",0.644685732520954,0.99999537209541,0,0,0.936564240049495,0.41114450606419,"HEYL;TGFBR2;BMPR1A"
"Cellular Response To Arsenic-Containing Substance (GO:0071243)","3/13",0.644685732520954,0.99999537209541,0,0,0.936564240049495,0.41114450606419,"GSTO2;DHX36;PPIF"
"Clathrin Coat Assembly (GO:0048268)","3/13",0.644685732520954,0.99999537209541,0,0,0.936564240049495,0.41114450606419,"CLTC;FCHO2;PICALM"
"Cytoplasmic Sequestering Of Protein (GO:0051220)","3/13",0.644685732520954,0.99999537209541,0,0,0.936564240049495,0.41114450606419,"NFKBIA;SUFU;PTPRM"
"Cytoplasmic Sequestering Of Transcription Factor (GO:0042994)","3/13",0.644685732520954,0.99999537209541,0,0,0.936564240049495,0.41114450606419,"NFKBIA;SUFU;G3BP2"
"Endolysosomal Toll-Like Receptor Signaling Pathway (GO:0140894)","3/13",0.644685732520954,0.99999537209541,0,0,0.936564240049495,0.41114450606419,"TLR7;PIK3AP1;SCIMP"
"Endothelial Cell Differentiation (GO:0045446)","3/13",0.644685732520954,0.99999537209541,0,0,0.936564240049495,0.41114450606419,"JAG1;SCUBE1;KDR"
"Eye Photoreceptor Cell Development (GO:0042462)","3/13",0.644685732520954,0.99999537209541,0,0,0.936564240049495,0.41114450606419,"DZANK1;CEP290;VEGFA"
"Glomerular Filtration (GO:0003094)","3/13",0.644685732520954,0.99999537209541,0,0,0.936564240049495,0.41114450606419,"TBC1D8B;MYO1E;XPNPEP3"
"Heparan Sulfate Proteoglycan Metabolic Process (GO:0030201)","3/13",0.644685732520954,0.99999537209541,0,0,0.936564240049495,0.41114450606419,"HS6ST1;HS6ST2;HS6ST3"
"Intraciliary Retrograde Transport (GO:0035721)","3/13",0.644685732520954,0.99999537209541,0,0,0.936564240049495,0.41114450606419,"IFT43;IFT140;TTC21B"
"Lipid Oxidation (GO:0034440)","3/13",0.644685732520954,0.99999537209541,0,0,0.936564240049495,0.41114450606419,"ACSM1;ALOX15B;HAO2"
"Membrane Depolarization (GO:0051899)","3/13",0.644685732520954,0.99999537209541,0,0,0.936564240049495,0.41114450606419,"KCNH2;CAV1;CNGB1"
"Mitochondrial DNA Metabolic Process (GO:0032042)","3/13",0.644685732520954,0.99999537209541,0,0,0.936564240049495,0.41114450606419,"MGME1;PARP1;TOP3A"
"Negative Regulation Of Bone Mineralization (GO:0030502)","3/13",0.644685732520954,0.99999537209541,0,0,0.936564240049495,0.41114450606419,"CCR1;GREM1;RFLNB"
"Negative Regulation Of Cell Activation (GO:0050866)","3/13",0.644685732520954,0.99999537209541,0,0,0.936564240049495,0.41114450606419,"C1QTNF1;GPER1;CD200"
"Negative Regulation Of Lyase Activity (GO:0051350)","3/13",0.644685732520954,0.99999537209541,0,0,0.936564240049495,0.41114450606419,"RD3;GRM3;CCR2"
"Negative Regulation Of Myoblast Differentiation (GO:0045662)","3/13",0.644685732520954,0.99999537209541,0,0,0.936564240049495,0.41114450606419,"TMEM182;SOX9;SOX4"
"Negative Regulation Of Receptor Internalization (GO:0002091)","3/13",0.644685732520954,0.99999537209541,0,0,0.936564240049495,0.41114450606419,"MTMR2;ATXN2;RIN3"
"Nucleotide-Sugar Metabolic Process (GO:0009225)","3/13",0.644685732520954,0.99999537209541,0,0,0.936564240049495,0.41114450606419,"PARG;SLC35A3;GMDS"
"Positive Regulation Of Brown Fat Cell Differentiation (GO:0090336)","3/13",0.644685732520954,0.99999537209541,0,0,0.936564240049495,0.41114450606419,"SOX13;NAPEPLD;PIM1"
"Positive Regulation Of Chromosome Separation (GO:1905820)","3/13",0.644685732520954,0.99999537209541,0,0,0.936564240049495,0.41114450606419,"INCENP;NCAPG2;NCAPG"
"Positive Regulation Of Insulin Secretion Involved In Cellular Response To Glucose Stimulus (GO:0035774)","3/13",0.644685732520954,0.99999537209541,0,0,0.936564240049495,0.41114450606419,"TUNAR;PLA2G6;CFTR"
"Positive Regulation Of Keratinocyte Differentiation (GO:0045618)","3/13",0.644685732520954,0.99999537209541,0,0,0.936564240049495,0.41114450606419,"FOXC1;PRKCH;NCOA3"
"Positive Regulation Of Macrophage Chemotaxis (GO:0010759)","3/13",0.644685732520954,0.99999537209541,0,0,0.936564240049495,0.41114450606419,"CSF1;MAPK1;THBS1"
"Protein Localization To Synapse (GO:0035418)","3/13",0.644685732520954,0.99999537209541,0,0,0.936564240049495,0.41114450606419,"NLGN1;PCLO;STAU2"
"Purine Ribonucleoside Bisphosphate Metabolic Process (GO:0034035)","3/13",0.644685732520954,0.99999537209541,0,0,0.936564240049495,0.41114450606419,"SULT1C3;SULT2B1;SULT1E1"
"Regulation Of Flagellated Sperm Motility (GO:1901317)","3/13",0.644685732520954,0.99999537209541,0,0,0.936564240049495,0.41114450606419,"CLXN;TACR2;PGAM4"
"Regulation Of Intrinsic Apoptotic Signaling Pathway In Response To DNA Damage By P53 Class Mediator (GO:1902165)","3/13",0.644685732520954,0.99999537209541,0,0,0.936564240049495,0.41114450606419,"BCL2;SIRT1;CD44"
"Regulation Of Macrophage Cytokine Production (GO:0010935)","3/13",0.644685732520954,0.99999537209541,0,0,0.936564240049495,0.41114450606419,"GPRC5B;WNT5A;SIRT1"
"Response To UV-A (GO:0070141)","3/13",0.644685732520954,0.99999537209541,0,0,0.936564240049495,0.41114450606419,"OPN3;MME;EGFR"
"Sphingoid Biosynthetic Process (GO:0046520)","3/13",0.644685732520954,0.99999537209541,0,0,0.936564240049495,0.41114450606419,"ASAH1;SPTLC2;SPTSSB"
"Sphingosine Biosynthetic Process (GO:0046512)","3/13",0.644685732520954,0.99999537209541,0,0,0.936564240049495,0.41114450606419,"ASAH1;SPTLC2;SPTSSB"
"Substrate-Dependent Cell Migration (GO:0006929)","3/13",0.644685732520954,0.99999537209541,0,0,0.936564240049495,0.41114450606419,"ITGA2;ITGA11;ITGB1BP1"
"Suppression Of Viral Release By Host (GO:0044790)","3/13",0.644685732520954,0.99999537209541,0,0,0.936564240049495,0.41114450606419,"TRIM8;TRIM35;PML"
"Thymus Development (GO:0048538)","3/13",0.644685732520954,0.99999537209541,0,0,0.936564240049495,0.41114450606419,"ZBTB1;EPHB3;FGF10"
"Regulation Of Cell Cycle G1/S Phase Transition (GO:1902806)","17/74",0.645921175075508,0.99999537209541,0,0,0.930884087156879,0.40686877133781,"CDKN1A;PBRM1;SMARCC1;SMARCD2;CDKN2B;SMARCD3;SUSD2;PEX2;AMBRA1;ARID1A;ARID1B;SMARCA2;MN1;APC;DPF1;DPF3;ARID2"
"Cellular Response To Interferon-Beta (GO:0035458)","5/22",0.647321963075867,0.99999537209541,0,0,0.918154346533332,0.399315869132579,"PNPT1;STAT1;UBE2G2;IRGM;IFNAR1"
"Cytoskeleton-Dependent Intracellular Transport (GO:0030705)","5/22",0.647321963075867,0.99999537209541,0,0,0.918154346533332,0.399315869132579,"TUBB2A;MYO10;CCDC88C;MAP6;HOOK3"
"Membrane Protein Ectodomain Proteolysis (GO:0006509)","5/22",0.647321963075867,0.99999537209541,0,0,0.918154346533332,0.399315869132579,"MMP7;ERAP1;ADAM9;MYH9;PSEN1"
"Negative Regulation Of Axonogenesis (GO:0050771)","5/22",0.647321963075867,0.99999537209541,0,0,0.918154346533332,0.399315869132579,"PTPRS;ULK2;RNF6;DIP2B;KIAA0319"
"Oxoacid Metabolic Process (GO:0043436)","5/22",0.647321963075867,0.99999537209541,0,0,0.918154346533332,0.399315869132579,"SULT1C3;SULT2B1;GRHPR;SULT1E1;MTARC1"
"Peptidyl-Glutamic Acid Modification (GO:0018200)","5/22",0.647321963075867,0.99999537209541,0,0,0.918154346533332,0.399315869132579,"VKORC1L1;TTLL5;AGTPBP1;TTLL3;NAA20"
"Positive Regulation Of Excitatory Postsynaptic Potential (GO:2000463)","5/22",0.647321963075867,0.99999537209541,0,0,0.918154346533332,0.399315869132579,"RIMS2;RIMS1;NLGN1;CUX2;NETO1"
"Positive Regulation Of Protein Autophosphorylation (GO:0031954)","5/22",0.647321963075867,0.99999537209541,0,0,0.918154346533332,0.399315869132579,"GREM1;TOM1L1;PDGFC;NEK10;VEGFA"
"Postreplication Repair (GO:0006301)","5/22",0.647321963075867,0.99999537209541,0,0,0.918154346533332,0.399315869132579,"USP43;ZBTB1;UBE2N;UBE2V2;RAD18"
"Regulation Of Mitochondrial Translation (GO:0070129)","5/22",0.647321963075867,0.99999537209541,0,0,0.918154346533332,0.399315869132579,"MRPS27;UQCC2;MTG2;MALSU1;METTL8"
"Regulation Of Mononuclear Cell Migration (GO:0071675)","5/22",0.647321963075867,0.99999537209541,0,0,0.918154346533332,0.399315869132579,"LYN;CSF1;MSN;MAPK1;THBS1"
"Negative Regulation Of Immune System Process (GO:0002683)","10/44",0.650679232290311,0.99999537209541,0,0,0.918069830162548,0.394529941557382,"LYN;FCRLB;MFHAS1;AMBP;GPER1;TSC22D3;TNFAIP3;SOX9;ADTRP;CD200"
"Positive Regulation Of Leukocyte Cell-Cell Adhesion (GO:1903039)","10/44",0.650679232290311,0.99999537209541,0,0,0.918069830162548,0.394529941557382,"GNAO1;NFAT5;TRAF6;TNFSF11;CD47;CYRIB;HLA-DRB3;CD44;SKAP1;CCR2"
"Regulation Of B Cell Proliferation (GO:0030888)","10/44",0.650679232290311,0.99999537209541,0,0,0.918069830162548,0.394529941557382,"LYN;VAV3;MEF2C;IL7;BCL2;CD38;NFATC2;IRS2;ATM;IKZF3"
"Regulation Of Calcium Ion Transport (GO:0051924)","13/57",0.651005022251441,0.99999537209541,0,0,0.922204061695692,0.395844955223372,"CCR1;GRAMD2A;HOMER1;HOMER2;ANK2;CACNA1D;MYLK;CRACR2A;PLPP4;SLN;BCL2;ORAI1;CD33"
"Central Nervous System Neuron Differentiation (GO:0021953)","7/31",0.654129871325676,0.99999537209541,0,0,0.910457516339869,0.386443116700855,"NTRK2;SIN3A;NPY;ATP7A;BRINP3;ISL1;PHOX2B"
"Modulation Of Excitatory Postsynaptic Potential (GO:0098815)","7/31",0.654129871325676,0.99999537209541,0,0,0.910457516339869,0.386443116700855,"RIMS2;RIMS1;MTMR2;NLGN1;CUX2;NETO1;CHRNA7"
"Negative Regulation Of DNA Biosynthetic Process (GO:2000279)","7/31",0.654129871325676,0.99999537209541,0,0,0.910457516339869,0.386443116700855,"CDKN1A;NIBAN2;XRN1;PINX1;TENT4B;TERF2;DCP2"
"Negative Regulation Of Microtubule Polymerization Or Depolymerization (GO:0031111)","7/31",0.654129871325676,0.99999537209541,0,0,0.910457516339869,0.386443116700855,"ATXN7;STMN2;CLASP1;CAMSAP2;TTBK2;CLASP2;SNCA"
"Positive Regulation Of Glucose Transmembrane Transport (GO:0010828)","7/31",0.654129871325676,0.99999537209541,0,0,0.910457516339869,0.386443116700855,"OSBPL8;PTH;AKT2;INSR;IRS2;BRAF;IGF1"
"Toll-Like Receptor Signaling Pathway (GO:0002224)","7/31",0.654129871325676,0.99999537209541,0,0,0.910457516339869,0.386443116700855,"IRAK2;TRAF3;TRAF6;TLR7;TICAM1;MAP3K7;SCIMP"
"Endosome Organization (GO:0007032)","12/53",0.659962615364391,0.99999537209541,0,0,0.913545656117718,0.379644076667006,"PLEKHF2;WASHC5;LAPTM4B;PLEKHF1;ATP6AP2;VPS33B;ATP6V1H;USP50;RAB27A;SNX10;HOOK3;TMCC1"
"Positive Regulation Of Chemokine Production (GO:0032722)","12/53",0.659962615364391,0.99999537209541,0,0,0.913545656117718,0.379644076667006,"APP;IL33;SYK;IL7;WNT5A;F2RL1;FFAR2;TLR7;LCP1;IL6R;ALOX15B;MBL2"
"Regulation Of Cytokine-Mediated Signaling Pathway (GO:0001959)","9/40",0.661894546505073,0.99999537209541,0,0,0.906216488047265,0.373949355708376,"PTPN1;TBK1;SYK;IRAK2;IL7;OTULIN;IGF2BP1;TNFAIP3;TRIM44"
"Positive Regulation Of Cytoskeleton Organization (GO:0051495)","18/79",0.662458903495967,0.99999537209541,0,0,0.920956069372003,0.379246721329816,"SEMA5A;BCAS3;CARMIL1;CRACD;PRKCE;MYLK3;MTSS1;HCK;FER;SYNPO2L;BIN1;KATNBL1;CDC42EP3;F2RL1;CCR7;TEK;CCL27;NCK1"
"Positive Regulation Of Protein Catabolic Process (GO:0045732)","21/92",0.665034764921026,0.99999537209541,0,0,0.923078941460812,0.37653863405347,"PRKN;GSK3B;PLK2;WNT5A;NRDC;RDX;TNFAIP3;MSN;TNFRSF1B;SORL1;ADRA2A;RBX1;RNF41;DCAF1;APC;NEDD4;ADAM9;ASB5;EZR;ATG7;SH3D19"
"Lysosomal Transport (GO:0007041)","24/105",0.668003454165722,0.99999537209541,0,0,0.924667832704287,0.37306827260096,"PLEKHF2;PRKN;PLEKHF1;MGRN1;VPS33B;TGFBRAP1;HOOK3;ATG14;SORL1;IGF2R;MTM1;AP4M1;CCDC91;ZFYVE16;HMGXB4;NPC1;SNX16;BIN1;AP1G1;CHMP1B;NEDD4;RAB12;ANKFY1;PIK3C3"
"Regulation Of Neuron Apoptotic Process (GO:0043523)","24/105",0.668003454165722,0.99999537209541,0,0,0.924667832704287,0.37306827260096,"SRPK2;PRKN;FOXB1;NTRK2;MEF2C;KCNB1;VSTM2L;SEMA3E;PARK7;NGF;CLU;ISL1;POU4F1;FOXQ1;TOX3;GDNF;TRIM2;NTF3;BCL2;NF1;IL6ST;RETREG1;LGMN;CDK5R1"
"Antigen Processing And Presentation Of Peptide Antigen Via MHC Class I (GO:0002474)","4/18",0.668578255748461,0.99999537209541,0,0,0.891914191419142,0.359086283517303,"MFSD6;ERAP2;ERAP1;B2M"
"Branching Involved In Ureteric Bud Morphogenesis (GO:0001658)","4/18",0.668578255748461,0.99999537209541,0,0,0.891914191419142,0.359086283517303,"SALL1;GDNF;WT1;NPNT"
"Cardiac Atrium Morphogenesis (GO:0003209)","4/18",0.668578255748461,0.99999537209541,0,0,0.891914191419142,0.359086283517303,"NOTCH2;HEY2;GATA4;ISL1"
"Energy Reserve Metabolic Process (GO:0006112)","4/18",0.668578255748461,0.99999537209541,0,0,0.891914191419142,0.359086283517303,"GSK3B;GBE1;LEP;PRKAG2"
"Excitatory Postsynaptic Potential (GO:0060079)","4/18",0.668578255748461,0.99999537209541,0,0,0.891914191419142,0.359086283517303,"GSK3B;MEF2C;DRD2;RAB3GAP1"
"Myoblast Fusion (GO:0007520)","4/18",0.668578255748461,0.99999537209541,0,0,0.891914191419142,0.359086283517303,"ITGB1;DOCK5;DOCK2;DOCK1"
"ncRNA-mediated Post-Transcriptional Gene Silencing (GO:0035194)","4/18",0.668578255748461,0.99999537209541,0,0,0.891914191419142,0.359086283517303,"MOV10L1;LIMD1;WTIP;TNRC6B"
"Negative Regulation Of DNA-templated Transcription, Elongation (GO:0032785)","4/18",0.668578255748461,0.99999537209541,0,0,0.891914191419142,0.359086283517303,"TCERG1;PARP1;NELFCD;SUPT5H"
"Negative Regulation Of T Cell Receptor Signaling Pathway (GO:0050860)","4/18",0.668578255748461,0.99999537209541,0,0,0.891914191419142,0.359086283517303,"SH2D1A;SLA2;EZR;GBP1"
"Negative Regulation Of Monoatomic Ion Transport (GO:0043271)","4/18",0.668578255748461,0.99999537209541,0,0,0.891914191419142,0.359086283517303,"HRH3;NEDD4;ADRA2A;CD33"
"Neuromuscular Synaptic Transmission (GO:0007274)","4/18",0.668578255748461,0.99999537209541,0,0,0.891914191419142,0.359086283517303,"CHRNA1;DTNA;STAC3;ERC2"
"Positive Regulation Of DNA Replication (GO:0045740)","4/18",0.668578255748461,0.99999537209541,0,0,0.891914191419142,0.359086283517303,"BCAR3;BAZ1A;EGFR;GLI2"
"Positive Regulation Of G Protein-Coupled Receptor Signaling Pathway (GO:0045745)","4/18",0.668578255748461,0.99999537209541,0,0,0.891914191419142,0.359086283517303,"CHGA;PHB1;GPER1;PRKCA"
"Positive Regulation Of Cation Transmembrane Transport (GO:1904064)","4/18",0.668578255748461,0.99999537209541,0,0,0.891914191419142,0.359086283517303,"KCNH2;AKAP6;ANK2;ANK3"
"Positive Regulation Of Chromosome Segregation (GO:0051984)","4/18",0.668578255748461,0.99999537209541,0,0,0.891914191419142,0.359086283517303,"NCAPG2;NCAPG;SMC6;RAD18"
"Positive Regulation Of Cyclin-Dependent Protein Kinase Activity (GO:1904031)","4/18",0.668578255748461,0.99999537209541,0,0,0.891914191419142,0.359086283517303,"CCND3;CCNY;EGFR;STOX1"
"Positive Regulation Of Epidermal Cell Differentiation (GO:0045606)","4/18",0.668578255748461,0.99999537209541,0,0,0.891914191419142,0.359086283517303,"SULT2B1;FOXC1;PRKCH;NCOA3"
"Positive Regulation Of Neuroblast Proliferation (GO:0002052)","4/18",0.668578255748461,0.99999537209541,0,0,0.891914191419142,0.359086283517303,"SMARCD3;DRD2;HAPLN2;VEGFA"
"Protein Localization To Chromosome, Centromeric Region (GO:0071459)","4/18",0.668578255748461,0.99999537209541,0,0,0.891914191419142,0.359086283517303,"RB1;ZWILCH;H2BC11;TTK"
"Regulation Of Adaptive Immune Response (GO:0002819)","4/18",0.668578255748461,0.99999537209541,0,0,0.891914191419142,0.359086283517303,"IRF7;IL6ST;SIRT1;SKAP1"
"Regulation Of Cell-Cell Adhesion Mediated By Cadherin (GO:2000047)","4/18",0.668578255748461,0.99999537209541,0,0,0.891914191419142,0.359086283517303,"FOXA1;PTPRU;BMP6;VEGFA"
"Regulation Of Epidermal Cell Differentiation (GO:0045604)","4/18",0.668578255748461,0.99999537209541,0,0,0.891914191419142,0.359086283517303,"SULT2B1;KLF7;ROCK1;ZFP36L1"
"Regulation Of Protein Deacetylation (GO:0090311)","4/18",0.668578255748461,0.99999537209541,0,0,0.891914191419142,0.359086283517303,"KAT2B;SPRED1;TADA2A;MBIP"
"Response To Ethanol (GO:0045471)","4/18",0.668578255748461,0.99999537209541,0,0,0.891914191419142,0.359086283517303,"CRHBP;GRIN3A;GOT2;DRD2"
"Vesicle-Mediated Transport In Synapse (GO:0099003)","4/18",0.668578255748461,0.99999537209541,0,0,0.891914191419142,0.359086283517303,"SNAP25;RIMS1;PCLO;SNCA"
"Regulation Of Embryonic Development (GO:0045995)","14/62",0.66871717544851,0.99999537209541,0,0,0.910327959211796,0.366310568370936,"INO80C;NIBAN2;INSR;RBM19;EHMT1;KAT2B;RPS6KA6;TADA2A;RUVBL1;DHX36;MBIP;TRIP12;CLASP1;CLASP2"
"Cellular Response To Acid Chemical (GO:0071229)","6/27",0.669779565413741,0.99999537209541,0,0,0.89186958316137,0.357467239865338,"RPTOR;SH3BP4;SLC38A9;KLF2;MTOR;VEGFA"
"In Utero Embryonic Development (GO:0001701)","6/27",0.669779565413741,0.99999537209541,0,0,0.89186958316137,0.357467239865338,"FLCN;ARNT2;PTPRR;WNT7B;TFEB;VEGFA"
"Negative Regulation Of Neurogenesis (GO:0050768)","6/27",0.669779565413741,0.99999537209541,0,0,0.89186958316137,0.357467239865338,"DPYSL5;NF1;PAX6;HOOK3;B2M;SORL1"
"Positive Regulation Of Cytosolic Calcium Ion Concentration Involved In Phospholipase C-activating G Protein-Coupled Signaling Pathway (GO:0051482)","6/27",0.669779565413741,0.99999537209541,0,0,0.89186958316137,0.357467239865338,"GPR17;LPAR6;F2RL1;DRD2;GRM1;F2RL3"
"Respiratory Tube Development (GO:0030323)","6/27",0.669779565413741,0.99999537209541,0,0,0.89186958316137,0.357467239865338,"ZIC3;WNT7B;PDPN;GLI2;VEGFA;CCDC40"
"Synaptic Transmission, Glutamatergic (GO:0035249)","6/27",0.669779565413741,0.99999537209541,0,0,0.89186958316137,0.357467239865338,"GRIA1;UNC13C;GRIN3A;CDHR3;GRIK4;GRIA3"
"Negative Regulation Of Tumor Necrosis Factor Superfamily Cytokine Production (GO:1903556)","11/49",0.669779875369038,0.99999537209541,0,0,0.903521455984518,0.362136969592112,"ILRUN;FXR1;POMC;GHSR;ORM1;CHRNA7;TNFAIP3;NLRC3;IGF1;CD33;LTF"
"Unsaturated Fatty Acid Metabolic Process (GO:0033559)","11/49",0.669779875369038,0.99999537209541,0,0,0.903521455984518,0.362136969592112,"ABHD12;CYP2J2;CYP4Z1;FAAH;DAGLA;SCD;EPHX1;DEGS1;ACAA1;DAGLB;ALOX15B"
"Positive Regulation Of Plasma Membrane Bounded Cell Projection Assembly (GO:0120034)","20/88",0.671283551153947,0.99999537209541,0,0,0.917900272691858,0.365841684223474,"ACTR3;GSK3B;RIPOR2;BCAS3;NLGN1;AUTS2;CEP120;HTT;WASL;FNBP1L;ARHGAP35;EPS8;MYO3B;APC;CDC42EP3;FSCN1;F2RL1;CCR7;SAXO1;BBS4"
"Base-Excision Repair (GO:0006284)","8/36",0.674593723460013,0.99999537209541,0,0,0.891824938067713,0.351062124961435,"PRMT6;NEIL3;PARG;NEIL2;NTHL1;RPA3;HMGA2;LIG3"
"Negative Regulation Of Protein Kinase B Signaling (GO:0051898)","8/36",0.674593723460013,0.99999537209541,0,0,0.891824938067713,0.351062124961435,"FLCN;GPER1;MAGI2;SORD;TSC2;PIK3CB;DRD2;SIRT1"
"Positive Regulation Of Myeloid Cell Differentiation (GO:0045639)","8/36",0.674593723460013,0.99999537209541,0,0,0.891824938067713,0.351062124961435,"FAM210B;STAT1;PITHD1;FAXDC2;TESC;STAT3;INHBA;MTURN"
"Positive Regulation Of Signaling Receptor Activity (GO:2000273)","8/36",0.674593723460013,0.99999537209541,0,0,0.891824938067713,0.351062124961435,"ITGB1;GREM1;NCOA3;ADRB2;PARK7;AREG;ADRA2A;CCR2"
"Regulation Of Erythrocyte Differentiation (GO:0045646)","8/36",0.674593723460013,0.99999537209541,0,0,0.891824938067713,0.351062124961435,"HSPA9;LYN;FAM210B;CDK6;STAT1;STAT3;INHBA;ZFP36L1"
"Regulation Of Intracellular Protein Transport (GO:0033157)","8/36",0.674593723460013,0.99999537209541,0,0,0.891824938067713,0.351062124961435,"GSK3B;BCAS3;PTPN1;FRAT2;SH3TC2;PRR5L;LCP1;CEP290"
"Negative Regulation Of Supramolecular Fiber Organization (GO:1902904)","16/71",0.676988532523587,0.99999537209541,0,0,0.90791788856305,0.354179626200657,"PRKN;ARFGEF1;KANK1;SMAD4;STMN2;CYRIB;SSH2;CLU;CAMSAP2;TTBK2;ATXN7;IAPP;KANK4;CLASP1;CLASP2;SNCA"
"Positive Regulation Of Protein Ubiquitination (GO:0031398)","19/84",0.677868364267224,0.99999537209541,0,0,0.912244345763899,0.35468257471724,"ARRDC4;GSK3B;NDFIP2;RIPK2;CAV1;MYCBP2;FAM107A;DERL1;UBE2D1;UBE3A;COMMD1;BCL10;UBE2L3;RBX1;TRAF6;FBXO4;UBE2N;CDK5RAP3;TSPYL5"
"Regulation Of Response To External Stimulus (GO:0032101)","29/127",0.679320846762622,0.99999537209541,0,0,0.923402742809751,0.357044506325275,"GATA6;CXCR4;PARK7;ADAMTS12;EFNB2;NLRP8;GRK7;IGF2BP1;CD36;GGT1;N4BP1;CD55;CCR2;BRD4;ANXA1;IL1R1;CAV1;WNT5A;ERAP1;NR1D2;CYRIB;HCK;STK24;TRAF3;NMT2;F2RL1;GGT3P;DAGLB;PIK3AP1"
"Organic Hydroxy Compound Transport (GO:0015850)","10/45",0.680623067852099,0.99999537209541,0,0,0.891780256092524,0.343109442956128,"SLCO1C1;SLC10A6;SLC5A8;ABCD3;ABCC2;VAPA;ATP8B1;SLC22A1;SLCO1A2;SLC29A3"
"Golgi Lumen Acidification (GO:0061795)","2/9",0.681588218864228,0.99999537209541,0,0,0.891958762886598,0.341914185221063,"ATP6AP2;ATP6V1H"
"I-kappaB Phosphorylation (GO:0007252)","2/9",0.681588218864228,0.99999537209541,0,0,0.891958762886598,0.341914185221063,"TLR7;MAP3K7"
"NAD Biosynthesis Via Nicotinamide Riboside Salvage Pathway (GO:0034356)","2/9",0.681588218864228,0.99999537209541,0,0,0.891958762886598,0.341914185221063,"SLC5A8;NUDT12"
"[2Fe-2S] Cluster Assembly (GO:0044571)","2/9",0.681588218864228,0.99999537209541,0,0,0.891958762886598,0.341914185221063,"GLRX3;LYRM4"
"Adherens Junction Assembly (GO:0034333)","2/9",0.681588218864228,0.99999537209541,0,0,0.891958762886598,0.341914185221063,"ZNF703;VCL"
"Axon Regeneration (GO:0031103)","2/9",0.681588218864228,0.99999537209541,0,0,0.891958762886598,0.341914185221063,"DHFR;NREP"
"cAMP Biosynthetic Process (GO:0006171)","2/9",0.681588218864228,0.99999537209541,0,0,0.891958762886598,0.341914185221063,"ADCY10;ADCY7"
"Calcium Import Into The Mitochondrion (GO:0036444)","2/9",0.681588218864228,0.99999537209541,0,0,0.891958762886598,0.341914185221063,"MICU3;MICU1"
"Cell Differentiation Involved In Metanephros Development (GO:0072202)","2/9",0.681588218864228,0.99999537209541,0,0,0.891958762886598,0.341914185221063,"SALL1;STAT1"
"Cellular Response To Oxidised Low-Density Lipoprotein Particle Stimulus (GO:0140052)","2/9",0.681588218864228,0.99999537209541,0,0,0.891958762886598,0.341914185221063,"CD36;TICAM1"
"Cellular Response To Prostaglandin Stimulus (GO:0071379)","2/9",0.681588218864228,0.99999537209541,0,0,0.891958762886598,0.341914185221063,"PTGFR;PTGER2"
"Ectoderm Development (GO:0007398)","2/9",0.681588218864228,0.99999537209541,0,0,0.891958762886598,0.341914185221063,"SMURF1;EDA2R"
"Endodermal Cell Fate Commitment (GO:0001711)","2/9",0.681588218864228,0.99999537209541,0,0,0.891958762886598,0.341914185221063,"NANOG;PEX2"
"Epithelial Cilium Movement Involved In Determination Of Left/Right Asymmetry (GO:0060287)","2/9",0.681588218864228,0.99999537209541,0,0,0.891958762886598,0.341914185221063,"RFX3;CCDC40"
"Fructose 6-Phosphate Metabolic Process (GO:0006002)","2/9",0.681588218864228,0.99999537209541,0,0,0.891958762886598,0.341914185221063,"HK2;HK1"
"Glucan Biosynthetic Process (GO:0009250)","2/9",0.681588218864228,0.99999537209541,0,0,0.891958762886598,0.341914185221063,"PER2;GYG1"
"Glycerolipid Metabolic Process (GO:0046486)","2/9",0.681588218864228,0.99999537209541,0,0,0.891958762886598,0.341914185221063,"DGKG;PIP5K1A"
"Glycogen Biosynthetic Process (GO:0005978)","2/9",0.681588218864228,0.99999537209541,0,0,0.891958762886598,0.341914185221063,"PER2;GYG1"
"Glycosphingolipid Catabolic Process (GO:0046479)","2/9",0.681588218864228,0.99999537209541,0,0,0.891958762886598,0.341914185221063,"NEU3;HEXB"
"Granulocyte Migration (GO:0097530)","2/9",0.681588218864228,0.99999537209541,0,0,0.891958762886598,0.341914185221063,"ANXA1;EMP2"
"Histone Ubiquitination (GO:0016574)","2/9",0.681588218864228,0.99999537209541,0,0,0.891958762886598,0.341914185221063,"UBE2E1;UBE2N"
"Hormone Transport (GO:0009914)","2/9",0.681588218864228,0.99999537209541,0,0,0.891958762886598,0.341914185221063,"SLCO1C1;SLC16A10"
"Intestinal Cholesterol Absorption (GO:0030299)","2/9",0.681588218864228,0.99999537209541,0,0,0.891958762886598,0.341914185221063,"NPC1;CD36"
"Kinetochore Assembly (GO:0051382)","2/9",0.681588218864228,0.99999537209541,0,0,0.891958762886598,0.341914185221063,"CENPW;NPC1"
"Leucine Transport (GO:0015820)","2/9",0.681588218864228,0.99999537209541,0,0,0.891958762886598,0.341914185221063,"SLC6A15;SLC43A1"
"Lipid Phosphorylation (GO:0046834)","2/9",0.681588218864228,0.99999537209541,0,0,0.891958762886598,0.341914185221063,"DGKG;DGKK"
"Long-Chain Fatty Acid Import Into Cell (GO:0044539)","2/9",0.681588218864228,0.99999537209541,0,0,0.891958762886598,0.341914185221063,"SLC2A1;CD36"
"Mesenchymal To Epithelial Transition (GO:0060231)","2/9",0.681588218864228,0.99999537209541,0,0,0.891958762886598,0.341914185221063,"SALL1;WT1"
"Microtubule Anchoring (GO:0034453)","2/9",0.681588218864228,0.99999537209541,0,0,0.891958762886598,0.341914185221063,"CLASP1;CLASP2"
"Mitochondrion Morphogenesis (GO:0070584)","2/9",0.681588218864228,0.99999537209541,0,0,0.891958762886598,0.341914185221063,"PNPT1;MTM1"
"Mitotic DNA Replication Checkpoint Signaling (GO:0033314)","2/9",0.681588218864228,0.99999537209541,0,0,0.891958762886598,0.341914185221063,"HUS1;TOPBP1"
"Morphogenesis Of An Epithelial Sheet (GO:0002011)","2/9",0.681588218864228,0.99999537209541,0,0,0.891958762886598,0.341914185221063,"SOX11;BMP7"
"Negative Regulation Of Establishment Of Protein Localization (GO:1904950)","2/9",0.681588218864228,0.99999537209541,0,0,0.891958762886598,0.341914185221063,"NDFIP2;WWP2"
"Negative Regulation Of Lymphocyte Apoptotic Process (GO:0070229)","2/9",0.681588218864228,0.99999537209541,0,0,0.891958762886598,0.341914185221063,"PIP;IRS2"
"Negative Regulation Of Phosphatidylinositol 3-Kinase Signaling (GO:0014067)","2/9",0.681588218864228,0.99999537209541,0,0,0.891958762886598,0.341914185221063,"TSC2;NLRC3"
"Negative Regulation Of Potassium Ion Transmembrane Transporter Activity (GO:1901017)","2/9",0.681588218864228,0.99999537209541,0,0,0.891958762886598,0.341914185221063,"STK39;NEDD4L"
"Negative Regulation Of Protein Maturation (GO:1903318)","2/9",0.681588218864228,0.99999537209541,0,0,0.891958762886598,0.341914185221063,"SERPINE2;GAS1"
"Negative Regulation Of Receptor Binding (GO:1900121)","2/9",0.681588218864228,0.99999537209541,0,0,0.891958762886598,0.341914185221063,"ATP2A2;B2M"
"Negative Regulation Of Transcription By Competitive Promoter Binding (GO:0010944)","2/9",0.681588218864228,0.99999537209541,0,0,0.891958762886598,0.341914185221063,"HHEX;PHB1"
"Neuron Remodeling (GO:0016322)","2/9",0.681588218864228,0.99999537209541,0,0,0.891958762886598,0.341914185221063,"FARP2;APP"
"Nuclear mRNA Surveillance (GO:0071028)","2/9",0.681588218864228,0.99999537209541,0,0,0.891958762886598,0.341914185221063,"ZCCHC7;XRN1"
"Oligosaccharide Catabolic Process (GO:0009313)","2/9",0.681588218864228,0.99999537209541,0,0,0.891958762886598,0.341914185221063,"NEU3;IDNK"
"Organic Hydroxy Compound Catabolic Process (GO:1901616)","2/9",0.681588218864228,0.99999537209541,0,0,0.891958762886598,0.341914185221063,"LDHD;HSD17B6"
"Peptidyl-Amino Acid Modification (GO:0018193)","2/9",0.681588218864228,0.99999537209541,0,0,0.891958762886598,0.341914185221063,"ATP7A;METAP1"
"Peptidyl-Cysteine Modification (GO:0018198)","2/9",0.681588218864228,0.99999537209541,0,0,0.891958762886598,0.341914185221063,"TMX3;PARK7"
"Peptidyl-Lysine Acetylation (GO:0018394)","2/9",0.681588218864228,0.99999537209541,0,0,0.891958762886598,0.341914185221063,"KAT2B;SIRT1"
"Phosphatidylcholine Catabolic Process (GO:0034638)","2/9",0.681588218864228,0.99999537209541,0,0,0.891958762886598,0.341914185221063,"PLA2G5;PLA2G6"
"Pinocytosis (GO:0006907)","2/9",0.681588218864228,0.99999537209541,0,0,0.891958762886598,0.341914185221063,"CARMIL1;DOCK2"
"Positive Regulation Of RIG-I Signaling Pathway (GO:1900246)","2/9",0.681588218864228,0.99999537209541,0,0,0.891958762886598,0.341914185221063,"DDX60;PUM2"
"Positive Regulation Of Hippo Signaling (GO:0035332)","2/9",0.681588218864228,0.99999537209541,0,0,0.891958762886598,0.341914185221063,"DLG5;SOX11"
"Positive Regulation Of Lipase Activity (GO:0060193)","2/9",0.681588218864228,0.99999537209541,0,0,0.891958762886598,0.341914185221063,"PLA2G5;PNLIP"
"Positive Regulation Of mRNA 3'-End Processing (GO:0031442)","2/9",0.681588218864228,0.99999537209541,0,0,0.891958762886598,0.341914185221063,"DHX36;PEX2"
"Positive Regulation Of Phagocytosis, Engulfment (GO:0060100)","2/9",0.681588218864228,0.99999537209541,0,0,0.891958762886598,0.341914185221063,"RAB31;F2RL1"
"Positive Regulation Of Protein Sumoylation (GO:0033235)","2/9",0.681588218864228,0.99999537209541,0,0,0.891958762886598,0.341914185221063,"HDAC4;RWDD3"
"Positive Regulation Of Sodium Ion Transmembrane Transport (GO:1902307)","2/9",0.681588218864228,0.99999537209541,0,0,0.891958762886598,0.341914185221063,"FXYD1;ATP1B1"
"Positive Regulation Of Tissue Remodeling (GO:0034105)","2/9",0.681588218864228,0.99999537209541,0,0,0.891958762886598,0.341914185221063,"ROCK1;TMBIM1"
"Postsynapse Assembly (GO:0099068)","2/9",0.681588218864228,0.99999537209541,0,0,0.891958762886598,0.341914185221063,"NLGN1;WNT5A"
"Protein K11-linked Deubiquitination (GO:0035871)","2/9",0.681588218864228,0.99999537209541,0,0,0.891958762886598,0.341914185221063,"OTUD7A;TNFAIP3"
"Protein K6-linked Ubiquitination (GO:0085020)","2/9",0.681588218864228,0.99999537209541,0,0,0.891958762886598,0.341914185221063,"PRKN;RNF6"
"Protein O-linked Glycosylation Via Serine (GO:0018242)","2/9",0.681588218864228,0.99999537209541,0,0,0.891958762886598,0.341914185221063,"GALNT16;GALNT2"
"Protein Insertion Into ER Membrane By Stop-Transfer Membrane-Anchor Sequence (GO:0045050)","2/9",0.681588218864228,0.99999537209541,0,0,0.891958762886598,0.341914185221063,"EMC2;EMC3"
"Purine Nucleobase Metabolic Process (GO:0006144)","2/9",0.681588218864228,0.99999537209541,0,0,0.891958762886598,0.341914185221063,"TTR;DPYD"
"Regulation Of CD4-positive, Alpha-Beta T Cell Proliferation (GO:2000561)","2/9",0.681588218864228,0.99999537209541,0,0,0.891958762886598,0.341914185221063,"CD55;TGFBR2"
"Regulation Of CD8-positive, Alpha-Beta T Cell Activation (GO:2001185)","2/9",0.681588218864228,0.99999537209541,0,0,0.891958762886598,0.341914185221063,"DAPL1;SH3RF1"
"Regulation Of ER To Golgi Vesicle-Mediated Transport (GO:0060628)","2/9",0.681588218864228,0.99999537209541,0,0,0.891958762886598,0.341914185221063,"STX18;SORL1"
"Regulation Of Actin Filament Length (GO:0030832)","2/9",0.681588218864228,0.99999537209541,0,0,0.891958762886598,0.341914185221063,"EPS8;MYO3B"
"Regulation Of Actin Filament-Based Movement (GO:1903115)","2/9",0.681588218864228,0.99999537209541,0,0,0.891958762886598,0.341914185221063,"PDPN;PDE4B"
"Regulation Of Animal Organ Morphogenesis (GO:2000027)","2/9",0.681588218864228,0.99999537209541,0,0,0.891958762886598,0.341914185221063,"CITED2;WT1"
"Regulation Of Attachment Of Spindle Microtubules To Kinetochore (GO:0051988)","2/9",0.681588218864228,0.99999537209541,0,0,0.891958762886598,0.341914185221063,"NEK2;KNSTRN"
"Regulation Of Complement Activation (GO:0030449)","2/9",0.681588218864228,0.99999537209541,0,0,0.891958762886598,0.341914185221063,"PHB1;CD55"
"Regulation Of Dendritic Cell Apoptotic Process (GO:2000668)","2/9",0.681588218864228,0.99999537209541,0,0,0.891958762886598,0.341914185221063,"LYN;CCR7"
"Regulation Of Granulocyte Differentiation (GO:0030852)","2/9",0.681588218864228,0.99999537209541,0,0,0.891958762886598,0.341914185221063,"TESC;LEF1"
"Regulation Of Histone Methylation (GO:0031060)","2/9",0.681588218864228,0.99999537209541,0,0,0.891958762886598,0.341914185221063,"EHMT1;SIRT1"
"Regulation Of Protein Lipidation (GO:1903059)","2/9",0.681588218864228,0.99999537209541,0,0,0.891958762886598,0.341914185221063,"RB1CC1;RAB3GAP1"
"Response To Interleukin-4 (GO:0070670)","2/9",0.681588218864228,0.99999537209541,0,0,0.891958762886598,0.341914185221063,"DCSTAMP;LEF1"
"Serotonin Transport (GO:0006837)","2/9",0.681588218864228,0.99999537209541,0,0,0.891958762886598,0.341914185221063,"SLC22A1;SLC29A3"
"Smooth Muscle Tissue Development (GO:0048745)","2/9",0.681588218864228,0.99999537209541,0,0,0.891958762886598,0.341914185221063,"NF1;MYLK"
"Synaptic Vesicle Fusion To Presynaptic Active Zone Membrane (GO:0031629)","2/9",0.681588218864228,0.99999537209541,0,0,0.891958762886598,0.341914185221063,"SNAP25;STX11"
"Telomere Maintenance Via Recombination (GO:0000722)","2/9",0.681588218864228,0.99999537209541,0,0,0.891958762886598,0.341914185221063,"NSMCE2;SMC6"
"Telomeric Loop Disassembly (GO:0090657)","2/9",0.681588218864228,0.99999537209541,0,0,0.891958762886598,0.341914185221063,"SLX1A;TERF2"
"Toxin Transport (GO:1901998)","2/9",0.681588218864228,0.99999537209541,0,0,0.891958762886598,0.341914185221063,"SLC22A1;ANTXR2"
"Calcium Ion Transmembrane Transport (GO:0070588)","18/80",0.684824691378734,0.99999537209541,0,0,0.906041880763944,0.34302056875165,"SLC24A4;SLC24A3;TRPC3;ATP2A2;CACNA1D;GHITM;ATP2C2;CACNA1C;ATP2C1;CLU;SLC8A1;TRPM1;ORAI1;ITGAV;TRPM7;TRPM8;MICU1;SLC24A5"
"Regulation Of Cytokinesis (GO:0032465)","18/80",0.684824691378734,0.99999537209541,0,0,0.906041880763944,0.34302056875165,"MAP10;SVIL;PRKCE;CDC14C;CDC14B;CIT;FLCN;CSPP1;ZFYVE19;BIRC6;PIK3C3;DRD2;RAB11FIP3;OR2A4;BBS4;E2F7;MAP9;BCL2L1"
"tRNA Modification (GO:0006400)","15/67",0.68499178707703,0.99999537209541,0,0,0.900271942240104,0.340616476334041,"ANKRD16;TPRKB;NSUN6;TYW1B;THUMPD1;ELP5;TRIT1;TARBP1;DTWD2;TRMT9B;QTRT2;ALKBH1;TYW1;TRMT44;METTL8"
"Regulation Of Blood Vessel Endothelial Cell Migration (GO:0043535)","12/54",0.687059734318962,0.99999537209541,0,0,0.891735537190083,0.334698702696066,"STAT5A;ANGPT4;MEF2C;GADD45A;KDR;NF1;PRKCA;PPARG;PRKD1;SIRT1;THBS1;VEGFA"
"Actin Nucleation (GO:0045010)","5/23",0.688696692018533,0.99999537209541,0,0,0.86708846250831,0.323384387627292,"ACTR3;WIPF3;JMY;ARPC4;LMOD3"
"Axon Extension (GO:0048675)","5/23",0.688696692018533,0.99999537209541,0,0,0.86708846250831,0.323384387627292,"SEMA5A;AUTS2;MAP1B;ULK2;SPG11"
"Cell-Cell Signaling By Wnt (GO:0198738)","5/23",0.688696692018533,0.99999537209541,0,0,0.86708846250831,0.323384387627292,"WNT7B;WNT5A;CPE;STRN;FERMT2"
"Cellular Lipid Catabolic Process (GO:0044242)","5/23",0.688696692018533,0.99999537209541,0,0,0.86708846250831,0.323384387627292,"FAAH;ACADL;ENPP2;PLD1;LPIN2"
"Glial Cell Development (GO:0021782)","5/23",0.688696692018533,0.99999537209541,0,0,0.86708846250831,0.323384387627292,"PRDM8;APP;CDK6;NF1;CSPG5"
"Negative Regulation Of Actin Filament Polymerization (GO:0030837)","5/23",0.688696692018533,0.99999537209541,0,0,0.86708846250831,0.323384387627292,"KANK1;TMSB15A;CYRIB;SSH2;KANK4"
"Regulation Of Lipid Catabolic Process (GO:0050994)","5/23",0.688696692018533,0.99999537209541,0,0,0.86708846250831,0.323384387627292,"ALK;HPGD;FLNB;ADRA2A;CIDEC"
"Regulation Of Toll-Like Receptor 4 Signaling Pathway (GO:0034143)","5/23",0.688696692018533,0.99999537209541,0,0,0.86708846250831,0.323384387627292,"LYN;MFHAS1;TNFAIP3;F2RL1;LTF"
"Gluconeogenesis (GO:0006094)","7/32",0.689180893207446,0.99999537209541,0,0,0.873981424148607,0.325340894240379,"PER2;GPI;G6PC3;MDH2;SLC25A12;FBP1;SLC25A13"
"Histone Lysine Methylation (GO:0034968)","7/32",0.689180893207446,0.99999537209541,0,0,0.873981424148607,0.325340894240379,"KMT2D;MLLT10;KMT2C;SETD1B;SETDB2;DPY30;KDM6A"
"Intracellular pH Reduction (GO:0051452)","7/32",0.689180893207446,0.99999537209541,0,0,0.873981424148607,0.325340894240379,"RAB20;ATP6V0E1;DMXL1;ATP6AP2;ATP6V1H;ATP6V0D1;ATP6V0D2"
"Mesenchymal Cell Migration (GO:0090497)","7/32",0.689180893207446,0.99999537209541,0,0,0.873981424148607,0.325340894240379,"SEMA5A;SEMA6A;SEMA3C;GDNF;SEMA3D;SEMA6D;SEMA3E"
"Phosphatidylinositol 3-Kinase Signaling (GO:0014065)","7/32",0.689180893207446,0.99999537209541,0,0,0.873981424148607,0.325340894240379,"ERBB2;STAT3;NF1;PIK3CB;IGF1;MYO16;ZFP36L1"
"Wnt Signaling Pathway (GO:0016055)","17/76",0.692193574740487,0.99999537209541,0,0,0.899209506949678,0.33080985298252,"FZD1;TCF7L1;WNT2B;FZD5;SIAH2;WNT7B;WNT5A;LEF1;WNT9B;WNT11;TMEM67;CCDC88C;DVL2;CPE;STRN;WNT2;FERMT2"
"Sodium Ion Transport (GO:0006814)","20/89",0.692269637643177,0.99999537209541,0,0,0.904537383626068,0.332670532349676,"SLC24A4;SLC24A3;SLC6A15;ATP1A4;SLC4A11;SLC6A11;ATP1A2;ATP1B1;SLC4A4;SLC6A3;SLC8A1;SCNN1G;SLC6A6;SLC5A8;SCN8A;SCNN1B;SCNN1A;ASIC2;KCNK1;SCN1A"
"Heart Contraction (GO:0060047)","9/41",0.692708129710675,0.99999537209541,0,0,0.877839149287632,0.322295604369012,"KCNH2;RYR2;SGCD;ACTC1;TPM1;ATP1A2;ATP1B1;SLC8A1;TTN"
"Negative Regulation Of DNA Recombination (GO:0045910)","9/41",0.692708129710675,0.99999537209541,0,0,0.877839149287632,0.322295604369012,"MSH6;SMCHD1;FBH1;KLHL15;RADX;MSH3;SHLD1;KMT5A;TRAPPC13"
"Positive Regulation Of Actin Filament Polymerization (GO:0030838)","9/41",0.692708129710675,0.99999537209541,0,0,0.877839149287632,0.322295604369012,"CARMIL1;HCK;FER;CRACD;BIN1;PRKCE;CDC42EP3;CCR7;NCK1"
"Mitochondrion Organization (GO:0007005)","37/162",0.692798154986453,0.99999537209541,0,0,0.923532294911734,0.338951668889423,"PRKN;PHB1;MTFP1;PARK7;PLD6;HK2;MTM1;TIMM50;TMEM242;CHCHD4;UCP2;MFN1;ATP7A;DNM1L;FBXO7;MCL1;RAB5IF;BNIP3L;MGME1;AGTPBP1;PNPT1;MIGA1;PARP1;CAV2;MTX2;BNIP3;VPS13D;TIMM23;GDAP1;RAB32;SPATA19;SFI1;SLC25A4;SLC25A33;BCL2L1;CEP89;ATPAF1"
"Modification-Dependent Protein Catabolic Process (GO:0019941)","44/192",0.695075302695361,0.99999537209541,0,0,0.927508207042317,0.33736728124287,"PRKN;UBE3C;KLHL15;UBE2D1;NEDD4L;RNF6;CBL;DCST1;UBE2L3;HERC4;CDC23;KCTD21;RNF19A;RNF217;ARIH2;FEM1C;ELOC;RNF150;FBXO8;RFFL;FBXO7;RNF130;NDFIP2;UBE2H;ANKIB1;SMURF1;SIAH2;UBE2E1;UBE4B;BFAR;KLHL3;UBE2G1;UBE2G2;RBX1;MIB1;RNF144B;NPLOC4;UBE2R2;NEDD4;MKRN2;LNX1;TRIP12;FBXL4;FBXL7"
"Cilium Assembly (GO:0060271)","56/243",0.695093140955391,0.99999537209541,0,0,0.934174200425488,0.339767962812565,"SPAG16;SPAG17;LRGUK;C2CD3;SNX10;FNBP1L;CDC14C;PTPDC1;CDC14B;NUDCD3;TBC1D32;TCTN2;IQUB;CFAP47;IFT57;CEP290;BBS4;ACTR3;IFT140;ARMC9;RFX2;RFX3;KIF24;BBS10;IFT43;CFAP58;ATP6V0D1;SSX2IP;CCNO;CCDC40;SPACA9;RAB1A;INTU;FAM149B1;ARL6;DNAH5;SPATA6;TTBK2;ABLIM1;KIF3B;ABLIM3;TMEM67;TTC21B;CCDC57;RAB3IP;GBF1;FOXJ1;PARVA;CPLANE2;FHDC1;RSPH1;EHD4;TTLL3;CFAP161;DZIP1;CEP89"
"T Cell Proliferation (GO:0042098)","3/14",0.697103104605223,0.99999537209541,0,0,0.851365792384559,0.307191467839389,"CADM1;DOCK8;MSN"
"Aminoglycan Catabolic Process (GO:0006026)","3/14",0.697103104605223,0.99999537209541,0,0,0.851365792384559,0.307191467839389,"CHIT1;HYAL4;IDS"
"Bone Morphogenesis (GO:0060349)","3/14",0.697103104605223,0.99999537209541,0,0,0.851365792384559,0.307191467839389,"SKI;BMPR1B;LTF"
"Ceramide Transport (GO:0035627)","3/14",0.697103104605223,0.99999537209541,0,0,0.851365792384559,0.307191467839389,"VAPA;ABCB4;ABCA13"
"Electron Transport Chain (GO:0022900)","3/14",0.697103104605223,0.99999537209541,0,0,0.851365792384559,0.307191467839389,"ETFA;DHRS2;PDIA5"
"Establishment Of Spindle Localization (GO:0051293)","3/14",0.697103104605223,0.99999537209541,0,0,0.851365792384559,0.307191467839389,"MAP4;CLASP1;CLASP2"
"Ethanol Metabolic Process (GO:0006067)","3/14",0.697103104605223,0.99999537209541,0,0,0.851365792384559,0.307191467839389,"ADH1C;SULT1E1;ADH1B"
"Formation Of Cytoplasmic Translation Initiation Complex (GO:0001732)","3/14",0.697103104605223,0.99999537209541,0,0,0.851365792384559,0.307191467839389,"EIF3I;EIF3J;EIF3G"
"Genitalia Development (GO:0048806)","3/14",0.697103104605223,0.99999537209541,0,0,0.851365792384559,0.307191467839389,"WT1;WNT5A;NEUROG1"
"Hyaluronan Metabolic Process (GO:0030212)","3/14",0.697103104605223,0.99999537209541,0,0,0.851365792384559,0.307191467839389,"CEMIP;HYAL4;CD44"
"Membrane Raft Organization (GO:0031579)","3/14",0.697103104605223,0.99999537209541,0,0,0.851365792384559,0.307191467839389,"COLEC12;NPC1;EMP2"
"Mitochondrial Calcium Ion Transmembrane Transport (GO:0006851)","3/14",0.697103104605223,0.99999537209541,0,0,0.851365792384559,0.307191467839389,"MICU3;GHITM;MICU1"
"Negative Regulation Of Defense Response To Virus (GO:0050687)","3/14",0.697103104605223,0.99999537209541,0,0,0.851365792384559,0.307191467839389,"ILRUN;PCBP2;IRGM"
"Negative Regulation Of Nucleocytoplasmic Transport (GO:0046823)","3/14",0.697103104605223,0.99999537209541,0,0,0.851365792384559,0.307191467839389,"S100G;SUFU;PARK7"
"Negative Regulation Of Transcription Elongation By RNA Polymerase II (GO:0034244)","3/14",0.697103104605223,0.99999537209541,0,0,0.851365792384559,0.307191467839389,"TCERG1;PARP1;NELFCD"
"Phagolysosome Assembly (GO:0001845)","3/14",0.697103104605223,0.99999537209541,0,0,0.851365792384559,0.307191467839389,"RAB20;VPS33B;PLA2G5"
"Photoreceptor Cell Development (GO:0042461)","3/14",0.697103104605223,0.99999537209541,0,0,0.851365792384559,0.307191467839389,"DZANK1;CEP290;VEGFA"
"Positive Regulation Of Adaptive Immune Response Based On Somatic Recombination Of Immune Receptors Built From Immunoglobulin Superfamily Domains (GO:0002824)","3/14",0.697103104605223,0.99999537209541,0,0,0.851365792384559,0.307191467839389,"CLEC6A;ZBTB1;CCR2"
"Positive Regulation Of Cytoplasmic Translation (GO:2000767)","3/14",0.697103104605223,0.99999537209541,0,0,0.851365792384559,0.307191467839389,"DHX36;IGF2BP1;PABPC1"
"Positive Regulation Of Long-Term Synaptic Potentiation (GO:1900273)","3/14",0.697103104605223,0.99999537209541,0,0,0.851365792384559,0.307191467839389,"APP;CHRNA7;LGMN"
"Positive Regulation Of Mitochondrial Translation (GO:0070131)","3/14",0.697103104605223,0.99999537209541,0,0,0.851365792384559,0.307191467839389,"MRPS27;UQCC2;METTL8"
"Regulation Of ATP Biosynthetic Process (GO:2001169)","3/14",0.697103104605223,0.99999537209541,0,0,0.851365792384559,0.307191467839389,"FLCN;PARP1;ATPSCKMT"
"Regulation Of Branching Involved In Ureteric Bud Morphogenesis (GO:0090189)","3/14",0.697103104605223,0.99999537209541,0,0,0.851365792384559,0.307191467839389,"GDNF;SOX9;VEGFA"
"Regulation Of Exit From Mitosis (GO:0007096)","3/14",0.697103104605223,0.99999537209541,0,0,0.851365792384559,0.307191467839389,"CDC23;CDC14C;CDC14B"
"Regulation Of Mast Cell Degranulation (GO:0043304)","3/14",0.697103104605223,0.99999537209541,0,0,0.851365792384559,0.307191467839389,"LYN;FER;SYK"
"Regulation Of Phosphate Metabolic Process (GO:0019220)","3/14",0.697103104605223,0.99999537209541,0,0,0.851365792384559,0.307191467839389,"MCM7;PSEN1;SMG6"
"Regulation Of Sensory Perception Of Pain (GO:0051930)","3/14",0.697103104605223,0.99999537209541,0,0,0.851365792384559,0.307191467839389,"TMEM100;GPR171;ATPSCKMT"
"Regulation Of Transposition (GO:0010528)","3/14",0.697103104605223,0.99999537209541,0,0,0.851365792384559,0.307191467839389,"PIWIL2;TDRD9;MYBL1"
"Respiratory Electron Transport Chain (GO:0022904)","3/14",0.697103104605223,0.99999537209541,0,0,0.851365792384559,0.307191467839389,"SLC25A51;SLC25A12;SLC25A13"
"Vascular Endothelial Growth Factor Signaling Pathway (GO:0038084)","3/14",0.697103104605223,0.99999537209541,0,0,0.851365792384559,0.307191467839389,"FOXC1;KDR;VEGFA"
"Cell Chemotaxis (GO:0060326)","11/50",0.697492300233636,0.99999537209541,0,0,0.880295976143941,0.317138777398055,"SEMA5A;DOCK4;HGF;ARHGEF16;LEF1;ELMO2;PIP5K1A;DEFB130A;PARVA;BCAR1;VEGFA"
"Intracellular Iron Ion Homeostasis (GO:0006879)","11/50",0.697492300233636,0.99999537209541,0,0,0.880295976143941,0.317138777398055,"SMAD4;GLRX3;FTMT;BOLA2;IREB2;ATP6V0D1;FBXL5;B2M;CP;BMP6;PICALM"
"Nucleocytoplasmic Transport (GO:0006913)","11/50",0.697492300233636,0.99999537209541,0,0,0.880295976143941,0.317138777398055,"NUP93;RANBP2;NUP205;ATXN1;NUP210;NEMF;ANP32A;NUP42;NUP35;NUP98;BACH2"
"Phosphatidylinositol Biosynthetic Process (GO:0006661)","22/98",0.69936196677349,0.99999537209541,0,0,0.90330173259235,0.323008808170901,"MTMR1;VAC14;MTMR2;MTMR3;PGAP2;SLC30A5;TTC7B;PIGZ;TTC7A;PIK3CB;SLA2;PIGV;EFR3B;MTM1;PIGC;FIG4;INPP4B;SYNJ1;PIP5K1A;PIK3C3;SOCS6;IP6K3"
"Positive Regulation Of Protein-Containing Complex Assembly (GO:0031334)","22/98",0.69936196677349,0.99999537209541,0,0,0.90330173259235,0.323008808170901,"GSK3B;SYK;MED9;PARK7;CXCL13;CLU;VEGFA;RAP1B;CHAF1B;BCL2L11;FSCN1;PIEZO1;USP50;ATM;PRKD1;CD36;LCP1;FNIP2;SKAP1;TRABD2B;FERMT2;SNCA"
"Protein Targeting To Membrane (GO:0006612)","16/72",0.700022777931277,0.99999537209541,0,0,0.891645988420182,0.317998769332087,"RTP4;SRP19;TRAM1;RTP1;ARL6;RAB3IP;ZDHHC7;ZDHHC21;ZDHHC11;ZDHHC1;ZDHHC14;GOLGA7B;SEC61A1;ZDHHC9;GOLGA7;SIL1"
"Phosphate-Containing Compound Metabolic Process (GO:0006796)","42/184",0.702534770276131,0.99999537209541,0,0,0.922743111475506,0.325784037219302,"ALK;PRR5;GPI;INPP1;MAPKAP1;PLA2G5;PIK3CB;LIMD1;CLN8;HK2;HK1;OC90;RPTOR;PPP3CA;DUSP10;PPIP5K1;IMPA2;ACP6;RICTOR;ENPP3;IP6K3;DUSP4;DUSP5;TNK2;STAT3;MBOAT2;ACYP2;PLAAT3;ALOX15B;MTOR;INPP4B;PTPRB;G6PC3;SYNJ1;ALPP;HKDC1;PXYLP1;ALDOB;LCP1;TOP1;PLPP3;FBP1"
"Microtubule Cytoskeleton Organization Involved In Mitosis (GO:1902850)","13/59",0.702821789715781,0.99999537209541,0,0,0.881991428340387,0.311035969746677,"PLK2;TTK;CKAP5;EML1;KIF2A;KIF3B;INCENP;KIF4B;TBCE;MAP4;CLASP1;RAN;CLASP2"
"Negative Regulation Of Protein-Containing Complex Assembly (GO:0031333)","13/59",0.702821789715781,0.99999537209541,0,0,0.881991428340387,0.311035969746677,"GSK3B;THRA;NLRC3;PARK7;SMAD6;CLU;ISL1;IRGM;SORL1;IAPP;SOST;RAF1;ANKS1B"
"Positive Regulation Of Proteolysis (GO:0045862)","13/59",0.702821789715781,0.99999537209541,0,0,0.881991428340387,0.311035969746677,"CYFIP2;CCBE1;FBXW11;NRDC;TNFRSF1B;TANK;ADRA2A;ASPH;PERP;CTSH;ADAM9;TNP1;SH3D19"
"Membrane Organization (GO:0061024)","38/167",0.703810719186118,0.99999537209541,0,0,0.91902815753793,0.322804802259624,"RTP4;MTCH1;RTP1;STX18;WASL;FNBP1L;ATP2C1;EGFR;NAPG;STX11;TIMM50;DPP4;RIMS1;SERP1;CHMP1B;FCHO2;DNM1L;VPS33B;EXOC6B;ANK2;PLAAT3;ANK3;BLTP1;DNM2;NUP93;DCSTAMP;SYNJ1;NPC1;VAPA;BIN1;REEP4;TMEM33;AAK1;UBAP1;EXOC6;TMCC1;PICALM;VAMP3"
"Mucosal Immune Response (GO:0002385)","6/28",0.706236340726167,0.99999537209541,0,0,0.851273777811128,0.296077563403462,"DEFA5;H2BC11;FFAR2;RNASE3;CAMP;LTF"
"Negative Regulation Of Mitotic Metaphase/Anaphase Transition (GO:0045841)","6/28",0.706236340726167,0.99999537209541,0,0,0.851273777811128,0.296077563403462,"ZWILCH;USP44;TTK;TEX14;ATM;BUB1"
"Negative Regulation Of Wound Healing (GO:0061045)","6/28",0.706236340726167,0.99999537209541,0,0,0.851273777811128,0.296077563403462,"SERPINE2;CD109;TFPI;CLASP1;CLASP2;AJAP1"
"Positive Regulation Of Defense Response To Virus By Host (GO:0002230)","6/28",0.706236340726167,0.99999537209541,0,0,0.851273777811128,0.296077563403462,"TRAF3IP2;SIN3A;STAT1;ZDHHC11;ZDHHC1;TRIM44"
"Regulation Of Calcium Ion-Dependent Exocytosis (GO:0017158)","6/28",0.706236340726167,0.99999537209541,0,0,0.851273777811128,0.296077563403462,"SYT4;RPH3AL;KCNB1;SYT13;SYT9;RAB3GAP1"
"Regulation Of Platelet Activation (GO:0010543)","6/28",0.706236340726167,0.99999537209541,0,0,0.851273777811128,0.296077563403462,"LYN;C1QTNF1;SYK;TXK;GNAQ;PRKCA"
"Muscle Cell Differentiation (GO:0042692)","8/37",0.706321580951419,0.99999537209541,0,0,0.861015404766651,0.299361838013146,"MEF2C;TMEM204;HEY2;GATA6;MRTFB;MYF6;DUSP29;SYNE1"
"Protein Acylation (GO:0043543)","8/37",0.706321580951419,0.99999537209541,0,0,0.861015404766651,0.299361838013146,"ING4;KAT2B;ZDHHC9;KAT6A;ZDHHC21;ZDHHC7;ZDHHC1;ZDHHC14"
"Regulation Of Ossification (GO:0030278)","8/37",0.706321580951419,0.99999537209541,0,0,0.861015404766651,0.299361838013146,"MEF2C;WNT5A;SOX11;SOST;SOX9;RBPJ;SMAD6;DDR2"
"Type I Interferon-Mediated Signaling Pathway (GO:0060337)","8/37",0.706321580951419,0.99999537209541,0,0,0.861015404766651,0.299361838013146,"HDAC4;IFNA5;TBK1;STAT1;TRAF3;IFNA2;TANK;IFNAR1"
"Spindle Assembly (GO:0051225)","18/81",0.706333599417213,0.99999537209541,0,0,0.891601158460902,0.309980864048406,"GOLGA8S;ARHGEF10;TUBGCP2;GOLGA8O;GOLGA8CP;STAG1;NCOR1;KIF2A;KIF3B;GOLGA8IP;TUBGCP5;NEK2;CEP192;MAPRE2;LSM14A;CLASP1;MAP9;CLASP2"
"Epithelial Cell Migration (GO:0010631)","10/46",0.708970670466337,0.99999537209541,0,0,0.866951213915278,0.298180172168706,"DPP4;KANK1;SMAD4;ROCK1;STAT1;KRT16;CDH13;PRKX;S100P;LOXL2"
"Negative Regulation Of Cold-Induced Thermogenesis (GO:0120163)","10/46",0.708970670466337,0.99999537209541,0,0,0.866951213915278,0.298180172168706,"RB1;FLCN;NPR3;NRDC;ALDH1A1;LNPEP;RBPJ;ZNF423;IL18R1;MAP2K6"
"Positive Regulation Of Blood Vessel Endothelial Cell Migration (GO:0043536)","10/46",0.708970670466337,0.99999537209541,0,0,0.866951213915278,0.298180172168706,"STAT5A;ANGPT4;ANXA1;KDR;PRKCA;PRKD1;THBS1;SIRT1;JCAD;VEGFA"
"Replication Fork Processing (GO:0031297)","10/46",0.708970670466337,0.99999537209541,0,0,0.866951213915278,0.298180172168706,"GEN1;SMARCAL1;ETAA1;FAM111A;PARP1;FBH1;ATRX;RBBP8;SETMAR;NUCKS1"
"Vacuolar Transport (GO:0007034)","10/46",0.708970670466337,0.99999537209541,0,0,0.866951213915278,0.298180172168706,"NPC1;AP1G1;CHMP1B;NEDD4;VPS13D;VTI1A;VPS13A;ATP6V0D1;ATP6V0D2;IGF2R"
"Arp2/3 Complex-Mediated Actin Nucleation (GO:0034314)","4/19",0.712360484016545,0.99999537209541,0,0,0.832398239823982,0.282325508147257,"ACTR3;WIPF3;JMY;ARPC4"
"NADP Metabolic Process (GO:0006739)","4/19",0.712360484016545,0.99999537209541,0,0,0.832398239823982,0.282325508147257,"NNT;NOCT;FMO1;NUDT12"
"Cardiac Epithelial To Mesenchymal Transition (GO:0060317)","4/19",0.712360484016545,0.99999537209541,0,0,0.832398239823982,0.282325508147257,"TGFBR3;HEYL;HEY2;RBPJ"
"Cardiac Ventricle Development (GO:0003231)","4/19",0.712360484016545,0.99999537209541,0,0,0.832398239823982,0.282325508147257,"HEYL;SALL1;HEY2;GATA4"
"Cellular Response To Misfolded Protein (GO:0071218)","4/19",0.712360484016545,0.99999537209541,0,0,0.832398239823982,0.282325508147257,"KLHL15;DERL1;DNAJB12;DNAJC18"
"Cyclic Nucleotide Biosynthetic Process (GO:0009190)","4/19",0.712360484016545,0.99999537209541,0,0,0.832398239823982,0.282325508147257,"ADCY10;GUCY1A1;NPR2;ADCY7"
"Embryonic Digestive Tract Development (GO:0048566)","4/19",0.712360484016545,0.99999537209541,0,0,0.832398239823982,0.282325508147257,"SALL1;SOX11;GLI3;GLI2"
"Establishment Of Skin Barrier (GO:0061436)","4/19",0.712360484016545,0.99999537209541,0,0,0.832398239823982,0.282325508147257,"KRT16;TMEM79;MET;TP63"
"Glycosphingolipid Biosynthetic Process (GO:0006688)","4/19",0.712360484016545,0.99999537209541,0,0,0.832398239823982,0.282325508147257,"ST8SIA3;ST8SIA5;ST8SIA6;ST6GALNAC5"
"Immunoglobulin Production Involved In Immunoglobulin-Mediated Immune Response (GO:0002381)","4/19",0.712360484016545,0.99999537209541,0,0,0.832398239823982,0.282325508147257,"GNAO1;SHLD1;TRAPPC13;HLA-DRB3"
"Intrinsic Apoptotic Signaling Pathway In Response To DNA Damage By P53 Class Mediator (GO:0042771)","4/19",0.712360484016545,0.99999537209541,0,0,0.832398239823982,0.282325508147257,"DYRK2;DDIT4;SIRT1;PML"
"Leukotriene Biosynthetic Process (GO:0019370)","4/19",0.712360484016545,0.99999537209541,0,0,0.832398239823982,0.282325508147257,"MGST3;PLA2G5;GGT3P;GGT1"
"Mesoderm Development (GO:0007498)","4/19",0.712360484016545,0.99999537209541,0,0,0.832398239823982,0.282325508147257,"HCK;IKZF3;TBXT;VEGFA"
"Mitotic Sister Chromatid Cohesion (GO:0007064)","4/19",0.712360484016545,0.99999537209541,0,0,0.832398239823982,0.282325508147257,"RB1;STAG1;NPC1;HDAC8"
"Negative Regulation Of RNA Splicing (GO:0033119)","4/19",0.712360484016545,0.99999537209541,0,0,0.832398239823982,0.282325508147257,"SFSWAP;RBM20;TMBIM6;PTBP2"
"Negative Regulation Of Cyclin-Dependent Protein Serine/Threonine Kinase Activity (GO:0045736)","4/19",0.712360484016545,0.99999537209541,0,0,0.832398239823982,0.282325508147257,"CDKN1A;HHEX;LATS2;NR2F2"
"Negative Regulation Of Execution Phase Of Apoptosis (GO:1900118)","4/19",0.712360484016545,0.99999537209541,0,0,0.832398239823982,0.282325508147257,"MTRNR2L5;MTRNR2L7;RFFL;MTRNR2L2"
"Neuron Apoptotic Process (GO:0051402)","4/19",0.712360484016545,0.99999537209541,0,0,0.832398239823982,0.282325508147257,"FAM162A;BNIP3;BCL2;CIT"
"Oligodendrocyte Differentiation (GO:0048709)","4/19",0.712360484016545,0.99999537209541,0,0,0.832398239823982,0.282325508147257,"PRDM8;SOX13;SOX9;SOX6"
"Phosphatidylcholine Biosynthetic Process (GO:0006656)","4/19",0.712360484016545,0.99999537209541,0,0,0.832398239823982,0.282325508147257,"SLC44A3;CHKA;GPAT4;APOA1"
"Positive Regulation Of Hormone Secretion (GO:0046887)","4/19",0.712360484016545,0.99999537209541,0,0,0.832398239823982,0.282325508147257,"RASL10B;ILDR1;SOX11;PPARG"
"Protein Heterooligomerization (GO:0051291)","4/19",0.712360484016545,0.99999537209541,0,0,0.832398239823982,0.282325508147257,"CPSF7;KCNC2;KRT1;CBR4"
"Receptor Clustering (GO:0043113)","4/19",0.712360484016545,0.99999537209541,0,0,0.832398239823982,0.282325508147257,"NLGN1;MUSK;MAGI2;ITGB1BP1"
"Regulation Of Granulocyte Chemotaxis (GO:0071622)","4/19",0.712360484016545,0.99999537209541,0,0,0.832398239823982,0.282325508147257,"CAMK1D;CSF1;MAPK1;THBS1"
"Regulation Of Lymphocyte Differentiation (GO:0045619)","4/19",0.712360484016545,0.99999537209541,0,0,0.832398239823982,0.282325508147257,"PRDM1;IKZF3;ZFP36L1;CCR2"
"Regulation Of Neuroinflammatory Response (GO:0150077)","4/19",0.712360484016545,0.99999537209541,0,0,0.832398239823982,0.282325508147257,"IL33;DAGLA;IGF1;TNFRSF1B"
"Regulation Of Nuclear Division (GO:0051783)","4/19",0.712360484016545,0.99999537209541,0,0,0.832398239823982,0.282325508147257,"CDCA2;CAV2;NEK2;MKI67"
"Regulation Of Smooth Muscle Cell Migration (GO:0014910)","4/19",0.712360484016545,0.99999537209541,0,0,0.832398239823982,0.282325508147257,"IGF1;SORL1;S100A11;BMPR1A"
"Regulation Of Tissue Remodeling (GO:0034103)","4/19",0.712360484016545,0.99999537209541,0,0,0.832398239823982,0.282325508147257,"CST3;LEP;THBS4;DDR2"
"snRNA Processing (GO:0016180)","4/19",0.712360484016545,0.99999537209541,0,0,0.832398239823982,0.282325508147257,"INTS3;TUT1;INTS6;INTS9"
"Phosphatidylcholine Metabolic Process (GO:0046470)","12/55",0.712831373021395,0.99999537209541,0,0,0.870939842398616,0.294822185730396,"CETP;SLC44A3;LPGAT1;CHKA;GPAT4;ENPP2;MBOAT1;APOA1;MBOAT2;PLAAT3;PLA2G5;PLA2G6"
"Monoatomic Cation Homeostasis (GO:0055080)","17/77",0.713966157622122,0.99999537209541,0,0,0.884164081351258,0.297892311234217,"KCNH2;SLC24A4;CAV1;TMTC2;SLC4A11;ANK3;COMMD1;SLC8A1;BMP6;SCNN1G;JPH2;WNK1;SCNN1B;SCNN1A;ATP7A;SNCA;PICALM"
"Response To Cytokine (GO:0034097)","28/125",0.718834997003157,0.99999537209541,0,0,0.900625737292917,0.297317663991972,"HDAC4;APP;NFAT5;SRF;LEF1;CXCR4;AKAP6;IRAK2;CCR7;IL6R;MCL1;SNCA;ANXA1;MME;IL1R1;STAT1;MX2;MX1;PRKCA;OSMR;POU4F1;PML;KLHL20;TRAF6;BCL2;ADAM9;IL6ST;BCL2L1"
"Regulation Of Mitotic Cell Cycle Phase Transition (GO:1901990)","19/86",0.719527475860158,0.99999537209541,0,0,0.884895818857296,0.291272808539995,"CDKN1A;PBRM1;SMARCC1;SMARCD2;CDKN2B;SMARCD3;AMBRA1;CDC14C;ARID1A;ARID1B;SMARCA2;CDC14B;ZFP36L1;CDC23;CDK6;HECW2;DPF1;DPF3;ARID2"
"Proteolysis (GO:0006508)","76/330",0.720083614787342,0.99999537209541,0,0,0.933097244753954,0.306417883951933,"FCN1;PCSK1;ADAMDEC1;CPQ;IHH;UBE3A;ECE1;CNDP1;CNDP2;SENP6;NPEPPS;MMP24;CAPN9;ADAMTS3;ADAMTS1;CAPN5;CAPN2;CTSH;GGT1;ADAMTS8;ADAMTS9;HABP2;MBL2;CPA1;ADGRV1;MMP7;MME;HGF;VASH2;MMEL1;PGC;FBXW2;ADAM2;CYP2A6;F9;FOLH1;MMP15;CLPP;ADAM12;ADAM7;TRABD2B;CPB2;TMPRSS4;NPEPPSP1;ADAM22;KLK4;CXCR4;TMPRSS2;KLK3;PSEN1;ADAMTS12;TRHDE;ADAMTS16;DPP4;ADAM28;TASP1;TBL1X;CPA5;MBTPS1;ERAP2;LVRN;ERAP1;KLK13;ADAM32;LNPEP;ASPRV1;FAM111A;BMP1;XPNPEP1;PIP;XPNPEP3;CNTN1;CPE;TLL2;TLL1;LGMN"
"DNA Recombination (GO:0006310)","9/42",0.721702265086382,0.99999537209541,0,0,0.851181649240703,0.277606596467162,"GEN1;RAD51B;MSH3;TOP3A;DMC1;RBBP8;TOPBP1;TSN;RAD54B"
"Positive Regulation Of Calcium Ion Transmembrane Transport (GO:1904427)","9/42",0.721702265086382,0.99999537209541,0,0,0.851181649240703,0.277606596467162,"PPP3CA;CEMIP;TRPC3;GPER1;CAV1;AKAP6;ANK2;SNCA;F2RL3"
"Stress-Activated MAPK Cascade (GO:0051403)","9/42",0.721702265086382,0.99999537209541,0,0,0.851181649240703,0.277606596467162,"MAPK10;MAP2K4;TNFRSF19;MAPK1;MAP3K13;MAP3K7;ZFP36L1;MAP2K6;MAP3K5"
"Translational Elongation (GO:0006414)","9/42",0.721702265086382,0.99999537209541,0,0,0.851181649240703,0.277606596467162,"EEF1A1;GFM1;EEF2K;NEMF;GFM2;LTN1;PELO;KLHDC10;MRPL44"
"Cardiac Muscle Contraction (GO:0060048)","7/33",0.721853262448081,0.99999537209541,0,0,0.840311185202826,0.273885480265856,"KCNH2;RYR2;CAMK2D;TPM1;ATP1B1;SLC8A1;TTN"
"ncRNA Catabolic Process (GO:0034661)","7/33",0.721853262448081,0.99999537209541,0,0,0.840311185202826,0.273885480265856,"XRN1;ELAC2;PARN;NUDT16L1;TENT4B;SND1;DIS3L2"
"Negative Regulation Of Endocytosis (GO:0045806)","7/33",0.721853262448081,0.99999537209541,0,0,0.840311185202826,0.273885480265856,"LRSAM1;MTMR2;MCTP1;CAV1;DYSF;PRKD1;PICALM"
"Negative Regulation Of Epithelial Cell Migration (GO:0010633)","7/33",0.721853262448081,0.99999537209541,0,0,0.840311185202826,0.273885480265856,"PTPRR;DUSP10;PTPRM;NR2F2;THBS1;ADAMTS9;DCN"
"Negative Regulation Of Small Molecule Metabolic Process (GO:0062014)","7/33",0.721853262448081,0.99999537209541,0,0,0.840311185202826,0.273885480265856,"HDAC4;C1QTNF3;FLCN;USP7;NCOR1;UGT1A8;FBP1"
"Positive Regulation Of Reproductive Process (GO:2000243)","7/33",0.721853262448081,0.99999537209541,0,0,0.840311185202826,0.273885480265856,"ANKRD31;TACR2;PGAM4;INHBA;LHFPL2;ASIC2;VEGFA"
"Regulation Of Cell Adhesion Mediated By Integrin (GO:0033628)","7/33",0.721853262448081,0.99999537209541,0,0,0.840311185202826,0.273885480265856,"DPP4;LYN;EFNA1;SYK;TESC;ADAM9;ITGB1BP1"
"Regulation Of Type I Interferon-Mediated Signaling Pathway (GO:0060338)","7/33",0.721853262448081,0.99999537209541,0,0,0.840311185202826,0.273885480265856,"PTPN1;RBM47;WNT5A;IGF2BP1;TTLL12;DCST1;USP29"
"Positive Regulation Of Protein Localization To Cell Periphery (GO:1904377)","11/51",0.723727072882279,0.99999537209541,0,0,0.858231770295394,0.277501457754422,"ITGB1;DLG1;PRKCH;GPER1;PRKCE;ARHGEF16;STAC3;PTPN9;EFCAB7;EGFR;GNAI1"
"Positive Regulation Of Protein Localization To Plasma Membrane (GO:1903078)","11/51",0.723727072882279,0.99999537209541,0,0,0.858231770295394,0.277501457754422,"ITGB1;DLG1;PRKCH;GPER1;PRKCE;ARHGEF16;AGR2;STAC3;PTPN9;ATP2C1;EGFR"
"T Cell Receptor Signaling Pathway (GO:0050852)","21/95",0.725004245575444,0.99999537209541,0,0,0.885480595478526,0.284750873659335,"DENND1B;FYB2;FYB1;RIPK2;HHLA2;BTN1A1;TXK;BCL10;NCOR2;GNAO1;WNK1;TRAF6;PDE4B;UBE2N;LCP2;CSK;FYN;HLA-DRB3;MAP3K7;ICOSLG;SKAP1"
"Recombinational Repair (GO:0000725)","21/95",0.725004245575444,0.99999537209541,0,0,0.885480595478526,0.284750873659335,"GEN1;FBH1;INTS3;NSMCE2;TOP3A;HUS1;NUCKS1;LIG3;SMC6;RAD54B;RAD51B;RNF169;NPC1;RNF138;RPA3;RPA4;FSCN1;RBBP8;UBE2N;NABP1;SLX1A"
"Acylglycerol Homeostasis (GO:0055090)","5/24",0.726629760570685,0.99999537209541,0,0,0.821397934696448,0.262303739068718,"CETP;MLXIPL;APOA1;ANGPTL4;LCP1"
"Cell Morphogenesis Involved In Differentiation (GO:0000904)","5/24",0.726629760570685,0.99999537209541,0,0,0.821397934696448,0.262303739068718,"RB1;MEF2C;DACT2;GRHL2;SIPA1L3"
"Positive Regulation Of Lipid Metabolic Process (GO:0045834)","5/24",0.726629760570685,0.99999537209541,0,0,0.821397934696448,0.262303739068718,"RPTOR;DISP3;MLXIPL;FLNB;MTOR"
"Protein K48-linked Deubiquitination (GO:0071108)","5/24",0.726629760570685,0.99999537209541,0,0,0.821397934696448,0.262303739068718,"OTUD7A;TNFAIP3;USP50;USP29;RNF2"
"Regulation Of AMPA Receptor Activity (GO:2000311)","5/24",0.726629760570685,0.99999537209541,0,0,0.821397934696448,0.262303739068718,"MEF2C;NLGN1;CACNG3;CNIH3;CACNG4"
"Regulation Of Execution Phase Of Apoptosis (GO:1900117)","5/24",0.726629760570685,0.99999537209541,0,0,0.821397934696448,0.262303739068718,"MTRNR2L5;TP53BP2;MTRNR2L7;MTRNR2L2;BOK"
"Regulation Of Neuroblast Proliferation (GO:1902692)","5/24",0.726629760570685,0.99999537209541,0,0,0.821397934696448,0.262303739068718,"SMARCD3;NF1;DRD2;HAPLN2;VEGFA"
"Regulation Of Ruffle Assembly (GO:1900027)","5/24",0.726629760570685,0.99999537209541,0,0,0.821397934696448,0.262303739068718,"EPS8;KANK1;NLGN1;CAV1;RDX"
"Secondary Alcohol Biosynthetic Process (GO:1902653)","5/24",0.726629760570685,0.99999537209541,0,0,0.821397934696448,0.262303739068718,"PLPP6;INSIG2;DHCR24;HMGCR;LBR"
"Stress Granule Assembly (GO:0034063)","5/24",0.726629760570685,0.99999537209541,0,0,0.821397934696448,0.262303739068718,"ATXN2L;YTHDF1;G3BP2;LSM14A;RPS23"
"Protein Maturation (GO:0051604)","26/117",0.729820594696069,0.99999537209541,0,0,0.89142146705346,0.280759017142188,"PCSK1;NAA20;TMPRSS4;ECE1;PSEN1;TSPAN33;ADAMTS3;TASP1;MBTPS1;GLRX3;MME;GALNT2;TESC;MMEL1;ASPRV1;SORL1;TSPAN14;BMP1;XPNPEP3;BOLA2;CNTN1;CPE;NAA35;TLL2;TLL1;METAP1"
"Protein Processing (GO:0016485)","26/117",0.729820594696069,0.99999537209541,0,0,0.89142146705346,0.280759017142188,"PCSK1;TMPRSS4;TMPRSS2;ECE1;PSEN1;IMMP2L;ADAMTS3;CTSH;RCE1;GGT1;SEC11C;MBTPS1;MME;MMEL1;ASPRV1;FAM111A;BMP1;F9;MEP1A;XPNPEP3;CNTN1;CPE;TLL2;TLL1;METAP1;LGMN"
"Positive Regulation Of Peptidyl-Tyrosine Phosphorylation (GO:0050731)","29/130",0.729944575198584,0.99999537209541,0,0,0.895796338912349,0.281984748412393,"ITGB3;IFNA2;NEDD9;EFNA5;THBS4;NTF3;ENPP2;ABL1;IL6R;LYN;EPHA4;ANGPT4;PTPN1;RIPK2;HGF;TNK2;IL31RA;IGF1;PARP14;BMP6;AGT;VEGFA;EFNA1;GREM1;GPRC5B;CLEC6A;IL6ST;CD44;FGF10"
"Cellular Response To Starvation (GO:0009267)","28/126",0.735246429934261,0.99999537209541,0,0,0.891376451077944,0.274142432774546,"CDKN1A;MTMR3;DAPL1;RPTOR;FLCN;NUAK1;MAP1LC3A;MAP1LC3C;LAMP2;PDK4;MAPK1;ATG7;RNF152;MAP3K5;TFEB;MAP1LC3B2;WIPI1;BHLHA15;WIPI2;ATG14;SIRT1;MTOR;DAP;STK24;STK26;JMY;PIK3C3;PRKD1"
"Regulation Of Protein Ubiquitination (GO:0031396)","25/113",0.735612378472048,0.99999537209541,0,0,0.886349511271823,0.272155353503897,"PRKN;GSK3B;MYCBP2;PINX1;FAM107A;DERL1;UBE2D1;TNFAIP3;UBE3A;PARK7;BCL10;HDAC8;UBE2L3;FBXO4;CDK5RAP3;SOX4;N4BP1;NDFIP2;RIPK2;CAV1;COMMD1;PER2;TRAF6;UBE2N;TSPYL5"
"Cognition (GO:0050890)","10/47",0.735661640378483,0.99999537209541,0,0,0.843464282125992,0.2589308773406,"CUX2;HRH3;TUSC3;CHRNA7;FAM107A;ST3GAL4;NF1;CTNS;JAKMIP1;BBS4"
"Insulin Receptor Signaling Pathway (GO:0008286)","10/47",0.735661640378483,0.99999537209541,0,0,0.843464282125992,0.2589308773406,"BCAR3;GSK3B;FER;CAV2;AKT2;INSR;GRB10;PDK4;IRS2;BCAR1"
"Negative Regulation Of Tumor Necrosis Factor Production (GO:0032720)","10/47",0.735661640378483,0.99999537209541,0,0,0.843464282125992,0.2589308773406,"ILRUN;FXR1;POMC;GHSR;ORM1;CHRNA7;TNFAIP3;NLRC3;IGF1;CD33"
"Regulation Of Interleukin-2 Production (GO:0032663)","10/47",0.735661640378483,0.99999537209541,0,0,0.843464282125992,0.2589308773406,"CD86;HOMER2;TRAF6;PDE4B;TNFAIP3;EZR;CD34;GBP1;MAP3K7;CCR2"
"Secondary Alcohol Metabolic Process (GO:1902652)","10/47",0.735661640378483,0.99999537209541,0,0,0.843464282125992,0.2589308773406,"SULT2B1;CETP;CYP11A1;UGT1A4;APOA1;CLN8;OSBPL1A;TSKU;ABCG1;UGT1A6"
"Cellular Response To Type I Interferon (GO:0071357)","8/38",0.735957500360186,0.99999537209541,0,0,0.832259840352326,0.255156640399273,"HDAC4;IFNA5;TBK1;STAT1;TRAF3;IFNA2;TANK;IFNAR1"
"Positive Regulation Of Protein Tyrosine Kinase Activity (GO:0061098)","8/38",0.735957500360186,0.99999537209541,0,0,0.832259840352326,0.255156640399273,"EFNA1;EPHA4;PTPN1;GPRC5B;NEDD9;AREG;ADRA2A;AGT"
"Regulation Of Intracellular Transport (GO:0032386)","8/38",0.735957500360186,0.99999537209541,0,0,0.832259840352326,0.255156640399273,"PTPN1;SH3TC2;MYL1;TTC21B;MX2;GAS1;LCP1;CRYAA"
"Signal Release From Synapse (GO:0099643)","8/38",0.735957500360186,0.99999537209541,0,0,0.832259840352326,0.255156640399273,"SNAP25;RIMS1;PCLO;PTPRN2;HRH3;LIN7A;SYN3;SNCA"
"Regulation Of Reactive Oxygen Species Metabolic Process (GO:2000377)","12/56",0.737228499328815,0.99999537209541,0,0,0.851089406461307,0.259460899408736,"PRKN;CDKN1A;GADD45A;SORD;UCP1;THBS1;COQ7;SLC25A33;AGT;RNF41;TGFBR2;SNCA"
"L-serine Metabolic Process (GO:0006563)","2/10",0.738961629732875,0.99999537209541,0,0,0.780412371134021,0.236081985477348,"PSAT1;SERINC5"
"Rap Protein Signal Transduction (GO:0032486)","2/10",0.738961629732875,0.99999537209541,0,0,0.780412371134021,0.236081985477348,"RAP1B;RAP1A"
"SRP-dependent Cotranslational Protein Targeting To Membrane (GO:0006614)","2/10",0.738961629732875,0.99999537209541,0,0,0.780412371134021,0.236081985477348,"SRP19;SRP9"
"Actin Filament Depolymerization (GO:0030042)","2/10",0.738961629732875,0.99999537209541,0,0,0.780412371134021,0.236081985477348,"WDR1;MICAL1"
"Branched-Chain Amino Acid Transport (GO:0015803)","2/10",0.738961629732875,0.99999537209541,0,0,0.780412371134021,0.236081985477348,"SLC6A15;SLC43A1"
"Cell Proliferation In Forebrain (GO:0021846)","2/10",0.738961629732875,0.99999537209541,0,0,0.780412371134021,0.236081985477348,"CEP120;HOOK3"
"Cellular Response To UV-A (GO:0071492)","2/10",0.738961629732875,0.99999537209541,0,0,0.780412371134021,0.236081985477348,"OPN3;MME"
"Cellular Response To Forskolin (GO:1904322)","2/10",0.738961629732875,0.99999537209541,0,0,0.780412371134021,0.236081985477348,"CFTR;GNAI1"
"Cellular Response To Increased Oxygen Levels (GO:0036295)","2/10",0.738961629732875,0.99999537209541,0,0,0.780412371134021,0.236081985477348,"CAV1;ATP6V0D1"
"Cellular Response To Leucine (GO:0071233)","2/10",0.738961629732875,0.99999537209541,0,0,0.780412371134021,0.236081985477348,"RPTOR;MTOR"
"Fatty Acid Beta-Oxidation Using acyl-CoA Dehydrogenase (GO:0033539)","2/10",0.738961629732875,0.99999537209541,0,0,0.780412371134021,0.236081985477348,"ACADL;ETFA"
"Fatty Acid Homeostasis (GO:0055089)","2/10",0.738961629732875,0.99999537209541,0,0,0.780412371134021,0.236081985477348,"MLXIPL;SIRT1"
"Formation Of Extrachromosomal Circular DNA (GO:0001325)","2/10",0.738961629732875,0.99999537209541,0,0,0.780412371134021,0.236081985477348,"SMARCAL1;SLX1A"
"Inositol Phosphate Biosynthetic Process (GO:0032958)","2/10",0.738961629732875,0.99999537209541,0,0,0.780412371134021,0.236081985477348,"PPIP5K1;IP6K3"
"Kinetochore Organization (GO:0051383)","2/10",0.738961629732875,0.99999537209541,0,0,0.780412371134021,0.236081985477348,"CENPW;NPC1"
"Maintenance Of Synapse Structure (GO:0099558)","2/10",0.738961629732875,0.99999537209541,0,0,0.780412371134021,0.236081985477348,"NLGN1;ERC2"
"Mesonephros Development (GO:0001823)","2/10",0.738961629732875,0.99999537209541,0,0,0.780412371134021,0.236081985477348,"BMP7;FGF10"
"Metanephric Mesenchyme Development (GO:0072075)","2/10",0.738961629732875,0.99999537209541,0,0,0.780412371134021,0.236081985477348,"STAT1;WT1"
"Muscle Filament Sliding (GO:0030049)","2/10",0.738961629732875,0.99999537209541,0,0,0.780412371134021,0.236081985477348,"MYL1;TPM1"
"Negative Regulation Of Adenylate Cyclase Activity (GO:0007194)","2/10",0.738961629732875,0.99999537209541,0,0,0.780412371134021,0.236081985477348,"GRM3;CCR2"
"Negative Regulation Of Autophagosome Assembly (GO:1902902)","2/10",0.738961629732875,0.99999537209541,0,0,0.780412371134021,0.236081985477348,"FEZ2;MTM1"
"Negative Regulation Of Hemostasis (GO:1900047)","2/10",0.738961629732875,0.99999537209541,0,0,0.780412371134021,0.236081985477348,"SERPINE2;TFPI"
"Negative Regulation Of Interferon-Beta Production (GO:0032688)","2/10",0.738961629732875,0.99999537209541,0,0,0.780412371134021,0.236081985477348,"PTPRS;NLRC3"
"Negative Regulation Of Intracellular Estrogen Receptor Signaling Pathway (GO:0033147)","2/10",0.738961629732875,0.99999537209541,0,0,0.780412371134021,0.236081985477348,"ISL1;STRN3"
"Negative Regulation Of Nuclear Division (GO:0051784)","2/10",0.738961629732875,0.99999537209541,0,0,0.780412371134021,0.236081985477348,"TOM1L1;BMP7"
"Negative Regulation Of Oxidoreductase Activity (GO:0051354)","2/10",0.738961629732875,0.99999537209541,0,0,0.780412371134021,0.236081985477348,"PRKN;SNCA"
"Oxygen Transport (GO:0015671)","2/10",0.738961629732875,0.99999537209541,0,0,0.780412371134021,0.236081985477348,"MB;IPCEF1"
"Positive Regulation Of Attachment Of Spindle Microtubules To Kinetochore (GO:0051987)","2/10",0.738961629732875,0.99999537209541,0,0,0.780412371134021,0.236081985477348,"KAT2B;INCENP"
"Positive Regulation Of Cellular Respiration (GO:1901857)","2/10",0.738961629732875,0.99999537209541,0,0,0.780412371134021,0.236081985477348,"IL10RB;PARK7"
"Positive Regulation Of Epidermal Growth Factor-Activated Receptor Activity (GO:0045741)","2/10",0.738961629732875,0.99999537209541,0,0,0.780412371134021,0.236081985477348,"AREG;ADRA2A"
"Positive Regulation Of Mitochondrial Outer Membrane Permeabilization Involved In Apoptotic Signaling Pathway (GO:1901030)","2/10",0.738961629732875,0.99999537209541,0,0,0.780412371134021,0.236081985477348,"GSK3B;BOK"
"Positive Regulation Of Nitric-Oxide Synthase Biosynthetic Process (GO:0051770)","2/10",0.738961629732875,0.99999537209541,0,0,0.780412371134021,0.236081985477348,"IL33;KDR"
"Positive Regulation Of Toll-Like Receptor 4 Signaling Pathway (GO:0034145)","2/10",0.738961629732875,0.99999537209541,0,0,0.780412371134021,0.236081985477348,"F2RL1;LTF"
"Positive Regulation Of Transcription From RNA Polymerase II Promoter In Response To Endoplasmic Reticulum Stress (GO:1990440)","2/10",0.738961629732875,0.99999537209541,0,0,0.780412371134021,0.236081985477348,"CREB3L1;ATF6"
"Protein auto-ADP-ribosylation (GO:0070213)","2/10",0.738961629732875,0.99999537209541,0,0,0.780412371134021,0.236081985477348,"PARP11;PARP8"
"Protein Localization To Condensed Chromosome (GO:1903083)","2/10",0.738961629732875,0.99999537209541,0,0,0.780412371134021,0.236081985477348,"ZWILCH;TTK"
"Protein Localization To Endosome (GO:0036010)","2/10",0.738961629732875,0.99999537209541,0,0,0.780412371134021,0.236081985477348,"PACSIN2;RCSD1"
"Purine Ribonucleoside Triphosphate Biosynthetic Process (GO:0009206)","2/10",0.738961629732875,0.99999537209541,0,0,0.780412371134021,0.236081985477348,"PRKAG2;SLC25A13"
"Regulation Of B Cell Apoptotic Process (GO:0002902)","2/10",0.738961629732875,0.99999537209541,0,0,0.780412371134021,0.236081985477348,"LYN;IRS2"
"Regulation Of T-helper 2 Cell Cytokine Production (GO:2000551)","2/10",0.738961629732875,0.99999537209541,0,0,0.780412371134021,0.236081985477348,"DENND1B;IFNA2"
"Regulation Of Calcium Ion Import Across Plasma Membrane (GO:1905664)","2/10",0.738961629732875,0.99999537209541,0,0,0.780412371134021,0.236081985477348,"PPP3CA;FYN"
"Regulation Of Cardiac Muscle Cell Apoptotic Process (GO:0010665)","2/10",0.738961629732875,0.99999537209541,0,0,0.780412371134021,0.236081985477348,"CAMK2D;GATA4"
"Regulation Of Chromatin Binding (GO:0035561)","2/10",0.738961629732875,0.99999537209541,0,0,0.780412371134021,0.236081985477348,"ZNF618;MED9"
"Regulation Of Cysteine-Type Endopeptidase Activity Involved In Apoptotic Signaling Pathway (GO:2001267)","2/10",0.738961629732875,0.99999537209541,0,0,0.780412371134021,0.236081985477348,"PARK7;ST18"
"Regulation Of Glycoprotein Biosynthetic Process (GO:0010559)","2/10",0.738961629732875,0.99999537209541,0,0,0.780412371134021,0.236081985477348,"NECAB1;IGF1"
"Regulation Of Long-Term Neuronal Synaptic Plasticity (GO:0048169)","2/10",0.738961629732875,0.99999537209541,0,0,0.780412371134021,0.236081985477348,"NETO1;DRD2"
"Regulation Of Microtubule Nucleation (GO:0010968)","2/10",0.738961629732875,0.99999537209541,0,0,0.780412371134021,0.236081985477348,"PDE4DIP;CKAP5"
"Regulation Of Nuclear-Transcribed mRNA Catabolic Process, Nonsense-Mediated Decay (GO:2000622)","2/10",0.738961629732875,0.99999537209541,0,0,0.780412371134021,0.236081985477348,"PABPC1;MAGOHB"
"Regulation Of Phagocytosis, Engulfment (GO:0060099)","2/10",0.738961629732875,0.99999537209541,0,0,0.780412371134021,0.236081985477348,"RAB31;F2RL1"
"Removal Of Superoxide Radicals (GO:0019430)","2/10",0.738961629732875,0.99999537209541,0,0,0.780412371134021,0.236081985477348,"ATP7A;SOD3"
"Response To Corticosteroid (GO:0031960)","2/10",0.738961629732875,0.99999537209541,0,0,0.780412371134021,0.236081985477348,"GHRHR;GOT1"
"Response To Forskolin (GO:1904321)","2/10",0.738961629732875,0.99999537209541,0,0,0.780412371134021,0.236081985477348,"CFTR;GNAI1"
"Response To Leucine (GO:0043201)","2/10",0.738961629732875,0.99999537209541,0,0,0.780412371134021,0.236081985477348,"RPTOR;MTOR"
"Signal Release (GO:0023061)","2/10",0.738961629732875,0.99999537209541,0,0,0.780412371134021,0.236081985477348,"LEP;TGM2"
"T-Circle Formation (GO:0090656)","2/10",0.738961629732875,0.99999537209541,0,0,0.780412371134021,0.236081985477348,"SMARCAL1;SLX1A"
"Telomere Maintenance Via Telomere Trimming (GO:0090737)","2/10",0.738961629732875,0.99999537209541,0,0,0.780412371134021,0.236081985477348,"SMARCAL1;SLX1A"
"Thyroid Hormone Generation (GO:0006590)","2/10",0.738961629732875,0.99999537209541,0,0,0.780412371134021,0.236081985477348,"DUOX1;CPQ"
"Positive Regulation Of T Cell Proliferation (GO:0042102)","14/65",0.739839442733221,0.99999537209541,0,0,0.856609034684564,0.258115220878889,"CD86;ANXA1;SYK;HHLA2;IGFBP2;CD1D;IGF1;SLC7A1;PPP3CA;LEP;IL6ST;ICOSLG;CCR2;NCK1"
"Positive Regulation Of Cell Cycle (GO:0045787)","14/65",0.739839442733221,0.99999537209541,0,0,0.856609034684564,0.258115220878889,"FOXA1;SRPK2;APP;CITED2;CCDC57;USP22;PRKCA;EGFR;SMOC2;CCND3;CCNY;EIF4E;NKX3-1;LGMN"
"JNK Cascade (GO:0007254)","6/29",0.739849621703851,0.99999537209541,0,0,0.814208042491342,0.245327663396666,"MAPK10;MAP2K4;TNFRSF19;MAP3K13;MAP3K7;MAP3K5"
"Carbohydrate Derivative Biosynthetic Process (GO:1901137)","6/29",0.739849621703851,0.99999537209541,0,0,0.814208042491342,0.245327663396666,"ALG8;ALG6;ST3GAL4;ST3GAL6;ST8SIA6;DDR2"
"Maintenance Of Blood-Brain Barrier (GO:0035633)","6/29",0.739849621703851,0.99999537209541,0,0,0.814208042491342,0.245327663396666,"ITGB1;LAMA2;SLC1A1;CLDN12;VCL;MBL2"
"Negative Regulation Of Plasma Membrane Bounded Cell Projection Assembly (GO:0120033)","6/29",0.739849621703851,0.99999537209541,0,0,0.814208042491342,0.245327663396666,"YAP1;KANK1;MPHOSPH9;CAPZB;GDI2;KIF24"
"Positive Regulation Of Calcium Ion Transport (GO:0051928)","6/29",0.739849621703851,0.99999537209541,0,0,0.814208042491342,0.245327663396666,"CCR1;CRACR2A;ORAI1;CACNA1D;STRIT1;MYLK"
"Regulation Of Establishment Of Planar Polarity (GO:0090175)","6/29",0.739849621703851,0.99999537209541,0,0,0.814208042491342,0.245327663396666,"TIAM1;WNT11;SMURF1;WNT5A;PRICKLE2;DVL2"
"Vacuolar Acidification (GO:0007035)","6/29",0.739849621703851,0.99999537209541,0,0,0.814208042491342,0.245327663396666,"ATP6V0E1;DMXL1;ATP6AP2;ATP6V1H;ATP6V0D1;ATP6V0D2"
"Non-Membrane-Bounded Organelle Assembly (GO:0140694)","30/135",0.740504283842225,0.99999537209541,0,0,0.891331397760265,0.267777219253873,"TUBGCP2;FITM2;LIMD1;LMOD3;EDC3;FXR1;GOLGA8CP;ATXN2;GOLGA8IP;SH3PXD2B;G3BP2;NEK2;PGM5;GOLGA8S;TMOD1;FARP2;YTHDF1;CENPW;TMOD3;GOLGA8O;LSM3;ZAR1;ATXN2L;NCOR1;NPC1;TUBGCP5;LSM14A;MAPRE2;SFI1;RPS23"
"Positive Regulation Of Macromolecule Biosynthetic Process (GO:0010557)","27/122",0.74072395441701,0.99999537209541,0,0,0.886677938369239,0.266116215041625,"PIWIL2;DYRK2;PTH;AKR1B1;IRS2;PLD1;THBS1;FXR1;METTL14;HSPH1;LARP1;AKT2;ERBB2;KDR;SOX4;NIBAN1;IL33;YTHDF1;HGF;INSR;PYM1;IGF1;SIRT1;MTOR;SMOC2;PRR16;VIM"
"N-acetylglucosamine Metabolic Process (GO:0006044)","3/15",0.743419617751181,0.99999537209541,0,0,0.780367085997113,0.23137465217523,"CHST7;GNPDA2;CHST3"
"Cardiac Myofibril Assembly (GO:0055003)","3/15",0.743419617751181,0.99999537209541,0,0,0.780367085997113,0.23137465217523,"NEBL;MYLK3;TTN"
"Ceramide Catabolic Process (GO:0046514)","3/15",0.743419617751181,0.99999537209541,0,0,0.780367085997113,0.23137465217523,"NEU3;ASAH1;HEXB"
"Defense Response To Protozoan (GO:0042832)","3/15",0.743419617751181,0.99999537209541,0,0,0.780367085997113,0.23137465217523,"LYST;GBP1;PF4"
"Endoplasmic Reticulum To Cytosol Transport (GO:1903513)","3/15",0.743419617751181,0.99999537209541,0,0,0.780367085997113,0.23137465217523,"NPLOC4;SEL1L;DERL1"
"Ganglioside Biosynthetic Process (GO:0001574)","3/15",0.743419617751181,0.99999537209541,0,0,0.780367085997113,0.23137465217523,"ST8SIA3;ST8SIA6;ST6GALNAC5"
"Gas Transport (GO:0015669)","3/15",0.743419617751181,0.99999537209541,0,0,0.780367085997113,0.23137465217523,"MB;RHAG;IPCEF1"
"Glycosaminoglycan Catabolic Process (GO:0006027)","3/15",0.743419617751181,0.99999537209541,0,0,0.780367085997113,0.23137465217523,"CEMIP;HYAL4;IDS"
"High-Density Lipoprotein Particle Remodeling (GO:0034375)","3/15",0.743419617751181,0.99999537209541,0,0,0.780367085997113,0.23137465217523,"CETP;APOA1;ABCG1"
"Keratan Sulfate Biosynthetic Process (GO:0018146)","3/15",0.743419617751181,0.99999537209541,0,0,0.780367085997113,0.23137465217523,"ST3GAL4;ST3GAL6;ST3GAL3"
"mRNA Methylation (GO:0080009)","3/15",0.743419617751181,0.99999537209541,0,0,0.780367085997113,0.23137465217523,"METTL14;WTAP;METTL8"
"Mitotic Chromosome Condensation (GO:0007076)","3/15",0.743419617751181,0.99999537209541,0,0,0.780367085997113,0.23137465217523,"NCAPG;KMT5A;TTN"
"Negative Regulation Of DNA Replication (GO:0008156)","3/15",0.743419617751181,0.99999537209541,0,0,0.780367085997113,0.23137465217523,"TSPYL2;GMNC;S100A11"
"Negative Regulation Of Platelet Activation (GO:0010544)","3/15",0.743419617751181,0.99999537209541,0,0,0.780367085997113,0.23137465217523,"C1QTNF1;SERPINE2;PRKG1"
"Negative Regulation Of Protein Processing (GO:0010955)","3/15",0.743419617751181,0.99999537209541,0,0,0.780367085997113,0.23137465217523,"SERPINE2;GAS1;THBS1"
"Negative Regulation Of Synaptic Transmission (GO:0050805)","3/15",0.743419617751181,0.99999537209541,0,0,0.780367085997113,0.23137465217523,"ARF1;PLK2;DRD2"
"Nitric Oxide Biosynthetic Process (GO:0006809)","3/15",0.743419617751181,0.99999537209541,0,0,0.780367085997113,0.23137465217523,"CYB5B;CYB5R3;MTARC1"
"Oogenesis (GO:0048477)","3/15",0.743419617751181,0.99999537209541,0,0,0.780367085997113,0.23137465217523,"PIWIL2;KMT2D;MEIOSIN"
"Phagosome Maturation (GO:0090382)","3/15",0.743419617751181,0.99999537209541,0,0,0.780367085997113,0.23137465217523,"RAB32;RAB20;RAB31"
"Positive Regulation Of Cyclin-Dependent Protein Serine/Threonine Kinase Activity (GO:0045737)","3/15",0.743419617751181,0.99999537209541,0,0,0.780367085997113,0.23137465217523,"CCND3;CCNY;EGFR"
"Positive Regulation Of Secretion (GO:0051047)","3/15",0.743419617751181,0.99999537209541,0,0,0.780367085997113,0.23137465217523,"PPP3CA;FLNB;AQP1"
"Positive Regulation Of Transcription By RNA Polymerase III (GO:0045945)","3/15",0.743419617751181,0.99999537209541,0,0,0.780367085997113,0.23137465217523,"RPTOR;ZNF143;MTOR"
"Positive Regulation Of Transmembrane Transport (GO:0034764)","3/15",0.743419617751181,0.99999537209541,0,0,0.780367085997113,0.23137465217523,"SLC38A1;ACSL5;BRAF"
"Protein Localization To Cell-Cell Junction (GO:0150105)","3/15",0.743419617751181,0.99999537209541,0,0,0.780367085997113,0.23137465217523,"DSP;CHAF1B;ILDR1"
"Protein Localization To Chromosome, Telomeric Region (GO:0070198)","3/15",0.743419617751181,0.99999537209541,0,0,0.780367085997113,0.23137465217523,"ATRX;PINX1;TERF2"
"Regulation Of Rac Protein Signal Transduction (GO:0035020)","3/15",0.743419617751181,0.99999537209541,0,0,0.780367085997113,0.23137465217523,"AUTS2;RASGRF1;PIK3CB"
"Regulation Of Activin Receptor Signaling Pathway (GO:0032925)","3/15",0.743419617751181,0.99999537209541,0,0,0.780367085997113,0.23137465217523,"SKI;IGSF1;MAGI2"
"Regulation Of Carbohydrate Metabolic Process (GO:0006109)","3/15",0.743419617751181,0.99999537209541,0,0,0.780367085997113,0.23137465217523,"PRKN;PDK4;SIRT1"
"Regulation Of Cellular Response To Heat (GO:1900034)","3/15",0.743419617751181,0.99999537209541,0,0,0.780367085997113,0.23137465217523,"GSK3B;SIRT1;MTOR"
"Regulation Of Cholesterol Biosynthetic Process (GO:0045540)","3/15",0.743419617751181,0.99999537209541,0,0,0.780367085997113,0.23137465217523,"SEC14L2;MBTPS1;ABCG1"
"Regulation Of mRNA Metabolic Process (GO:1903311)","3/15",0.743419617751181,0.99999537209541,0,0,0.780367085997113,0.23137465217523,"SRPK2;SAFB2;MAGOHB"
"Sphingolipid Catabolic Process (GO:0030149)","3/15",0.743419617751181,0.99999537209541,0,0,0.780367085997113,0.23137465217523,"SMPD3;ASAH1;ENPP2"
"Actin Filament Organization (GO:0007015)","32/144",0.745601353636666,0.99999537209541,0,0,0.891286307053942,0.261649751801589,"NEDD9;WASL;LMOD3;TTN;EPS8;GHSR;CARMIL1;SVIL;NEBL;TPM1;MYO7B;RFLNB;COBL;SHROOM3;ARPC4;EMP2;ENAH;MYO1D;MYO1E;DLG1;MARCKS;MYO1B;ACTC1;SH3D21;MYO5C;ELMO1;CORO6;GAS2;ELMO2;SPIRE1;LCP1;BCAR1"
"Calcium Ion Transmembrane Import Into Cytosol (GO:0097553)","18/83",0.746645187925644,0.99999537209541,0,0,0.864052703605869,0.252446121788432,"RYR2;SLC24A4;ITPR1;ITPR2;CACNA1D;CACNA1C;CLU;JPH1;NALF1;SLC8A1;JPH4;TRPM1;JPH2;IBTK;SCN8A;CCR7;DRD2;SCN1A"
"Regulation Of NIK/NF-kappaB Signaling (GO:1901222)","18/83",0.746645187925644,0.99999537209541,0,0,0.864052703605869,0.252446121788432,"CD86;APP;NFAT5;PHB1;NLRC3;NOD1;BMP7;EGFR;NR3C2;NFKBIA;C1QTNF3;DLG1;TRAF6;MKRN2;CD27;TLR7;EZR;TRIM44"
"Positive Regulation Of Telomere Maintenance (GO:0032206)","11/52",0.748441434769859,0.99999537209541,0,0,0.837243867171165,0.242601726733781,"INO80C;RUVBL1;ATRX;DHX36;MAPK1;NEK2;SLX1A;ATM;TERF2;MAP3K4;PML"
"Regulation Of Peptide Hormone Secretion (GO:0090276)","11/52",0.748441434769859,0.99999537209541,0,0,0.837243867171165,0.242601726733781,"PER2;SNAP25;CRHBP;KCNJ11;MTNR1B;RASL10B;UQCC2;ILDR1;RFX3;FFAR2;CLOCK"
"Regulation Of Cell-Cell Adhesion (GO:0022407)","9/43",0.748827380651583,0.99999537209541,0,0,0.82609223743183,0.238944526637464,"DPP4;PTPRR;TENM3;JAG1;CITED2;CD47;EFNA5;PLPP3;EPHB3"
"B Cell Chemotaxis (GO:0035754)","1/5",0.750794123614077,0.99999537209541,0,0,0.780457637600495,0.223697734712353,"CXCL13"
"DNA Replication-Dependent Chromatin Assembly (GO:0006335)","1/5",0.750794123614077,0.99999537209541,0,0,0.780457637600495,0.223697734712353,"CHAF1B"
"GDP-mannose Metabolic Process (GO:0019673)","1/5",0.750794123614077,0.99999537209541,0,0,0.780457637600495,0.223697734712353,"GMDS"
"His-Purkinje System Development (GO:0003164)","1/5",0.750794123614077,0.99999537209541,0,0,0.780457637600495,0.223697734712353,"HOPX"
"PML Body Organization (GO:0030578)","1/5",0.750794123614077,0.99999537209541,0,0,0.780457637600495,0.223697734712353,"PML"
"T-helper 2 Cell Differentiation (GO:0045064)","1/5",0.750794123614077,0.99999537209541,0,0,0.780457637600495,0.223697734712353,"MYB"
"acetyl-CoA Biosynthetic Process From Pyruvate (GO:0006086)","1/5",0.750794123614077,0.99999537209541,0,0,0.780457637600495,0.223697734712353,"PDHA1"
"Ammonium Homeostasis (GO:0097272)","1/5",0.750794123614077,0.99999537209541,0,0,0.780457637600495,0.223697734712353,"RHAG"
"Anterior/Posterior Axis Specification, Embryo (GO:0008595)","1/5",0.750794123614077,0.99999537209541,0,0,0.780457637600495,0.223697734712353,"TBXT"
"Astrocyte Differentiation (GO:0048708)","1/5",0.750794123614077,0.99999537209541,0,0,0.780457637600495,0.223697734712353,"STAT3"
"Autocrine Signaling (GO:0035425)","1/5",0.750794123614077,0.99999537209541,0,0,0.780457637600495,0.223697734712353,"FZD1"
"Basic Amino Acid Transport (GO:0015802)","1/5",0.750794123614077,0.99999537209541,0,0,0.780457637600495,0.223697734712353,"SLC7A1"
"Behavioral Fear Response (GO:0001662)","1/5",0.750794123614077,0.99999537209541,0,0,0.780457637600495,0.223697734712353,"GRM7"
"Cellular Lipid Biosynthetic Process (GO:0097384)","1/5",0.750794123614077,0.99999537209541,0,0,0.780457637600495,0.223697734712353,"FAR1"
"Cellular Response To Granulocyte Macrophage Colony-Stimulating Factor Stimulus (GO:0097011)","1/5",0.750794123614077,0.99999537209541,0,0,0.780457637600495,0.223697734712353,"NPR2"
"Cellular Response To Iron Ion (GO:0071281)","1/5",0.750794123614077,0.99999537209541,0,0,0.780457637600495,0.223697734712353,"BMP6"
"Centromeric Sister Chromatid Cohesion (GO:0070601)","1/5",0.750794123614077,0.99999537209541,0,0,0.780457637600495,0.223697734712353,"BUB1"
"Cerebral Cortex Neuron Differentiation (GO:0021895)","1/5",0.750794123614077,0.99999537209541,0,0,0.780457637600495,0.223697734712353,"SIN3A"
"Chitin Catabolic Process (GO:0006032)","1/5",0.750794123614077,0.99999537209541,0,0,0.780457637600495,0.223697734712353,"CHIT1"
"Chitin Metabolic Process (GO:0006030)","1/5",0.750794123614077,0.99999537209541,0,0,0.780457637600495,0.223697734712353,"CHIT1"
"Cholesterol Import (GO:0070508)","1/5",0.750794123614077,0.99999537209541,0,0,0.780457637600495,0.223697734712353,"CD36"
"Choline Metabolic Process (GO:0019695)","1/5",0.750794123614077,0.99999537209541,0,0,0.780457637600495,0.223697734712353,"BCHE"
"Chondrocyte Development (GO:0002063)","1/5",0.750794123614077,0.99999537209541,0,0,0.780457637600495,0.223697734712353,"SOX9"
"Contact Inhibition (GO:0060242)","1/5",0.750794123614077,0.99999537209541,0,0,0.780457637600495,0.223697734712353,"YAP1"
"Dendrite Extension (GO:0097484)","1/5",0.750794123614077,0.99999537209541,0,0,0.780457637600495,0.223697734712353,"CDKL3"
"Detection Of Virus (GO:0009597)","1/5",0.750794123614077,0.99999537209541,0,0,0.780457637600495,0.223697734712353,"SERINC5"
"Double-Strand Break Repair Via Synthesis-Dependent Strand Annealing (GO:0045003)","1/5",0.750794123614077,0.99999537209541,0,0,0.780457637600495,0.223697734712353,"DMC1"
"Embryonic Hindlimb Morphogenesis (GO:0035116)","1/5",0.750794123614077,0.99999537209541,0,0,0.780457637600495,0.223697734712353,"TBX4"
"Embryonic Skeletal Joint Development (GO:0072498)","1/5",0.750794123614077,0.99999537209541,0,0,0.780457637600495,0.223697734712353,"SLC2A10"
"Enamel Mineralization (GO:0070166)","1/5",0.750794123614077,0.99999537209541,0,0,0.780457637600495,0.223697734712353,"SLC24A4"
"Endothelin Receptor Signaling Pathway (GO:0086100)","1/5",0.750794123614077,0.99999537209541,0,0,0.780457637600495,0.223697734712353,"BCAR3"
"Epithelial Tube Formation (GO:0072175)","1/5",0.750794123614077,0.99999537209541,0,0,0.780457637600495,0.223697734712353,"SOX9"
"Equilibrioception (GO:0050957)","1/5",0.750794123614077,0.99999537209541,0,0,0.780457637600495,0.223697734712353,"PCDH15"
"Establishment Of Lymphocyte Polarity (GO:0001767)","1/5",0.750794123614077,0.99999537209541,0,0,0.780457637600495,0.223697734712353,"CCR7"
"Glucocorticoid Biosynthetic Process (GO:0006704)","1/5",0.750794123614077,0.99999537209541,0,0,0.780457637600495,0.223697734712353,"CYP11A1"
"Glycerol Ether Biosynthetic Process (GO:0046504)","1/5",0.750794123614077,0.99999537209541,0,0,0.780457637600495,0.223697734712353,"FAR1"
"Glyoxylate Metabolic Process (GO:0046487)","1/5",0.750794123614077,0.99999537209541,0,0,0.780457637600495,0.223697734712353,"GRHPR"
"Guanine Nucleotide Transmembrane Transport (GO:1903790)","1/5",0.750794123614077,0.99999537209541,0,0,0.780457637600495,0.223697734712353,"LRRC8D"
"Heparan Sulfate Proteoglycan Catabolic Process (GO:0030200)","1/5",0.750794123614077,0.99999537209541,0,0,0.780457637600495,0.223697734712353,"NAGLU"
"Hepatocyte Differentiation (GO:0070365)","1/5",0.750794123614077,0.99999537209541,0,0,0.780457637600495,0.223697734712353,"E2F7"
"Hexose Catabolic Process (GO:0019320)","1/5",0.750794123614077,0.99999537209541,0,0,0.780457637600495,0.223697734712353,"TKTL1"
"Hydrogen Peroxide Biosynthetic Process (GO:0050665)","1/5",0.750794123614077,0.99999537209541,0,0,0.780457637600495,0.223697734712353,"DUOX1"
"Imitative Learning (GO:0098596)","1/5",0.750794123614077,0.99999537209541,0,0,0.780457637600495,0.223697734712353,"HTT"
"Immunoglobulin V(D)J Recombination (GO:0033152)","1/5",0.750794123614077,0.99999537209541,0,0,0.780457637600495,0.223697734712353,"NHEJ1"
"Inclusion Body Assembly (GO:0070841)","1/5",0.750794123614077,0.99999537209541,0,0,0.780457637600495,0.223697734712353,"PRKN"
"Induction Of Bacterial Agglutination (GO:0043152)","1/5",0.750794123614077,0.99999537209541,0,0,0.780457637600495,0.223697734712353,"RNASE3"
"Interleukin-4-Mediated Signaling Pathway (GO:0035771)","1/5",0.750794123614077,0.99999537209541,0,0,0.780457637600495,0.223697734712353,"STAT5A"
"Intracellular Phosphate Ion Homeostasis (GO:0030643)","1/5",0.750794123614077,0.99999537209541,0,0,0.780457637600495,0.223697734712353,"SLC34A2"
"Intracellular Water Homeostasis (GO:0009992)","1/5",0.750794123614077,0.99999537209541,0,0,0.780457637600495,0.223697734712353,"FLNB"
"Leukocyte Apoptotic Process (GO:0071887)","1/5",0.750794123614077,0.99999537209541,0,0,0.780457637600495,0.223697734712353,"PLEKHO2"
"Leukocyte Chemotaxis Involved In Inflammatory Response (GO:0002232)","1/5",0.750794123614077,0.99999537209541,0,0,0.780457637600495,0.223697734712353,"FFAR2"
"mRNA 3'-End Processing By Stem-Loop Binding And Cleavage (GO:0006398)","1/5",0.750794123614077,0.99999537209541,0,0,0.780457637600495,0.223697734712353,"LSM11"
"mRNA 5'-Splice Site Recognition (GO:0000395)","1/5",0.750794123614077,0.99999537209541,0,0,0.780457637600495,0.223697734712353,"SFSWAP"
"Medium-Chain Fatty Acid Biosynthetic Process (GO:0051792)","1/5",0.750794123614077,0.99999537209541,0,0,0.780457637600495,0.223697734712353,"ABHD2"
"Mesenchymal Cell Differentiation Involved In Kidney Development (GO:0072161)","1/5",0.750794123614077,0.99999537209541,0,0,0.780457637600495,0.223697734712353,"STAT1"
"Mesenchymal To Epithelial Transition Involved In Metanephros Morphogenesis (GO:0003337)","1/5",0.750794123614077,0.99999537209541,0,0,0.780457637600495,0.223697734712353,"SALL1"
"Metanephric Collecting Duct Development (GO:0072205)","1/5",0.750794123614077,0.99999537209541,0,0,0.780457637600495,0.223697734712353,"WNT7B"
"Mitochondrial RNA 3'-End Processing (GO:0000965)","1/5",0.750794123614077,0.99999537209541,0,0,0.780457637600495,0.223697734712353,"PNPT1"
"Multinuclear Osteoclast Differentiation (GO:0072674)","1/5",0.750794123614077,0.99999537209541,0,0,0.780457637600495,0.223697734712353,"DCSTAMP"
"Negative Regulation Of Arp2/3 Complex-Mediated Actin Nucleation (GO:0034316)","1/5",0.750794123614077,0.99999537209541,0,0,0.780457637600495,0.223697734712353,"CTNNA2"
"Negative Regulation Of Chemokine-Mediated Signaling Pathway (GO:0070100)","1/5",0.750794123614077,0.99999537209541,0,0,0.780457637600495,0.223697734712353,"ROBO1"
"Negative Regulation Of Endoplasmic Reticulum Calcium Ion Concentration (GO:0032471)","1/5",0.750794123614077,0.99999537209541,0,0,0.780457637600495,0.223697734712353,"TGM2"
"Negative Regulation Of Excitatory Postsynaptic Potential (GO:0090394)","1/5",0.750794123614077,0.99999537209541,0,0,0.780457637600495,0.223697734712353,"MTMR2"
"Negative Regulation Of Fibroblast Migration (GO:0010764)","1/5",0.750794123614077,0.99999537209541,0,0,0.780457637600495,0.223697734712353,"ITGB1BP1"
"Negative Regulation Of Glycogen Biosynthetic Process (GO:0045719)","1/5",0.750794123614077,0.99999537209541,0,0,0.780457637600495,0.223697734712353,"GSK3B"
"Negative Regulation Of Histone Acetylation (GO:0035067)","1/5",0.750794123614077,0.99999537209541,0,0,0.780457637600495,0.223697734712353,"CTBP1"
"Negative Regulation Of Insulin-Like Growth Factor Receptor Signaling Pathway (GO:0043569)","1/5",0.750794123614077,0.99999537209541,0,0,0.780457637600495,0.223697734712353,"NKX3-1"
"Negative Regulation Of Lamellipodium Organization (GO:1902744)","1/5",0.750794123614077,0.99999537209541,0,0,0.780457637600495,0.223697734712353,"KANK1"
"Negative Regulation Of Lens Fiber Cell Differentiation (GO:1902747)","1/5",0.750794123614077,0.99999537209541,0,0,0.780457637600495,0.223697734712353,"SPRED1"
"Negative Regulation Of Lipoprotein Lipase Activity (GO:0051005)","1/5",0.750794123614077,0.99999537209541,0,0,0.780457637600495,0.223697734712353,"ANGPTL4"
"Negative Regulation Of Monocyte Chemotaxis (GO:0090027)","1/5",0.750794123614077,0.99999537209541,0,0,0.780457637600495,0.223697734712353,"GREM1"
"Negative Regulation Of Morphogenesis Of An Epithelium (GO:1905331)","1/5",0.750794123614077,0.99999537209541,0,0,0.780457637600495,0.223697734712353,"TBX2"
"Negative Regulation Of Myeloid Cell Apoptotic Process (GO:0033033)","1/5",0.750794123614077,0.99999537209541,0,0,0.780457637600495,0.223697734712353,"IRF7"
"Negative Regulation Of Nervous System Process (GO:0031645)","1/5",0.750794123614077,0.99999537209541,0,0,0.780457637600495,0.223697734712353,"TMEM98"
"Negative Regulation Of Neuron Migration (GO:2001223)","1/5",0.750794123614077,0.99999537209541,0,0,0.780457637600495,0.223697734712353,"SRGAP3"
"Negative Regulation Of Nuclear-Transcribed mRNA Catabolic Process, Nonsense-Mediated Decay (GO:2000623)","1/5",0.750794123614077,0.99999537209541,0,0,0.780457637600495,0.223697734712353,"PABPC1"
"Negative Regulation Of Protein Polyubiquitination (GO:1902915)","1/5",0.750794123614077,0.99999537209541,0,0,0.780457637600495,0.223697734712353,"TRIM44"
"Negative Regulation Of Protein Targeting To Membrane (GO:0090315)","1/5",0.750794123614077,0.99999537209541,0,0,0.780457637600495,0.223697734712353,"ITGB1BP1"
"Neuroblast Proliferation (GO:0007405)","1/5",0.750794123614077,0.99999537209541,0,0,0.780457637600495,0.223697734712353,"EML1"
"Neurotransmitter Loading Into Synaptic Vesicle (GO:0098700)","1/5",0.750794123614077,0.99999537209541,0,0,0.780457637600495,0.223697734712353,"SLC18A1"
"Neurotransmitter-Gated Ion Channel Clustering (GO:0072578)","1/5",0.750794123614077,0.99999537209541,0,0,0.780457637600495,0.223697734712353,"NLGN1"
"Pentose-Phosphate Shunt, Non-Oxidative Branch (GO:0009052)","1/5",0.750794123614077,0.99999537209541,0,0,0.780457637600495,0.223697734712353,"PHACTR1"
"Peptidyl-Diphthamide Biosynthetic Process From Peptidyl-Histidine (GO:0017183)","1/5",0.750794123614077,0.99999537209541,0,0,0.780457637600495,0.223697734712353,"DPH5"
"Peptidyl-Diphthamide Metabolic Process (GO:0017182)","1/5",0.750794123614077,0.99999537209541,0,0,0.780457637600495,0.223697734712353,"DPH5"
"Pexophagy (GO:0000425)","1/5",0.750794123614077,0.99999537209541,0,0,0.780457637600495,0.223697734712353,"PEX2"
"Photoreceptor Cell Differentiation (GO:0046530)","1/5",0.750794123614077,0.99999537209541,0,0,0.780457637600495,0.223697734712353,"STAT3"
"Polyamine Transport (GO:0015846)","1/5",0.750794123614077,0.99999537209541,0,0,0.780457637600495,0.223697734712353,"SLC22A1"
"Positive Regulation Of Cholesterol Storage (GO:0010886)","1/5",0.750794123614077,0.99999537209541,0,0,0.780457637600495,0.223697734712353,"LCP1"
"Positive Regulation Of Epithelial Cell Differentiation Involved In Kidney Development (GO:2000698)","1/5",0.750794123614077,0.99999537209541,0,0,0.780457637600495,0.223697734712353,"PROM1"
"Positive Regulation Of Extrinsic Apoptotic Signaling Pathway Via Death Domain Receptors (GO:1902043)","1/5",0.750794123614077,0.99999537209541,0,0,0.780457637600495,0.223697734712353,"THBS1"
"Positive Regulation Of Fever Generation (GO:0031622)","1/5",0.750794123614077,0.99999537209541,0,0,0.780457637600495,0.223697734712353,"TNFSF11"
"Positive Regulation Of Killing Of Cells Of Another Organism (GO:0051712)","1/5",0.750794123614077,0.99999537209541,0,0,0.780457637600495,0.223697734712353,"SYK"
"Positive Regulation Of Microglial Cell Migration (GO:1904141)","1/5",0.750794123614077,0.99999537209541,0,0,0.780457637600495,0.223697734712353,"CSF1"
"Positive Regulation Of Mitochondrial Membrane Potential (GO:0010918)","1/5",0.750794123614077,0.99999537209541,0,0,0.780457637600495,0.223697734712353,"AKT2"
"Positive Regulation Of Mitotic Cytokinesis (GO:1903490)","1/5",0.750794123614077,0.99999537209541,0,0,0.780457637600495,0.223697734712353,"INCENP"
"Positive Regulation Of Monoatomic Ion Transmembrane Transport (GO:0034767)","1/5",0.750794123614077,0.99999537209541,0,0,0.780457637600495,0.223697734712353,"STK39"
"Positive Regulation Of Osteoblast Proliferation (GO:0033690)","1/5",0.750794123614077,0.99999537209541,0,0,0.780457637600495,0.223697734712353,"LTF"
"Positive Regulation Of Peroxisome Proliferator Activated Receptor Signaling Pathway (GO:0035360)","1/5",0.750794123614077,0.99999537209541,0,0,0.780457637600495,0.223697734712353,"CITED2"
"Positive Regulation Of Pyruvate Dehydrogenase Activity (GO:1904184)","1/5",0.750794123614077,0.99999537209541,0,0,0.780457637600495,0.223697734712353,"PPM1H"
"Positive Regulation Of Receptor Binding (GO:1900122)","1/5",0.750794123614077,0.99999537209541,0,0,0.780457637600495,0.223697734712353,"B2M"
"Positive Regulation Of Translation In Response To Stress (GO:0032056)","1/5",0.750794123614077,0.99999537209541,0,0,0.780457637600495,0.223697734712353,"NCK1"
"Positive Regulation Of Urine Volume (GO:0035810)","1/5",0.750794123614077,0.99999537209541,0,0,0.780457637600495,0.223697734712353,"NPR3"
"Positive Regulation Of Vascular Associated Smooth Muscle Cell Differentiation (GO:1905065)","1/5",0.750794123614077,0.99999537209541,0,0,0.780457637600495,0.223697734712353,"GPER1"
"Prepulse Inhibition (GO:0060134)","1/5",0.750794123614077,0.99999537209541,0,0,0.780457637600495,0.223697734712353,"DRD2"
"Pronephros Development (GO:0048793)","1/5",0.750794123614077,0.99999537209541,0,0,0.780457637600495,0.223697734712353,"SEC61A1"
"Protein C-linked Glycosylation Via 2'-alpha-mannosyl-L-tryptophan (GO:0018406)","1/5",0.750794123614077,0.99999537209541,0,0,0.780457637600495,0.223697734712353,"DPY19L2"
"Protein C-linked Glycosylation Via Tryptophan (GO:0018317)","1/5",0.750794123614077,0.99999537209541,0,0,0.780457637600495,0.223697734712353,"DPY19L2"
"Protein Geranylgeranylation (GO:0018344)","1/5",0.750794123614077,0.99999537209541,0,0,0.780457637600495,0.223697734712353,"CHML"
"Protein Localization To Non-Motile Cilium (GO:0097499)","1/5",0.750794123614077,0.99999537209541,0,0,0.780457637600495,0.223697734712353,"SPATA7"
"Protein Repair (GO:0030091)","1/5",0.750794123614077,0.99999537209541,0,0,0.780457637600495,0.223697734712353,"MSRB2"
"Protein Sulfation (GO:0006477)","1/5",0.750794123614077,0.99999537209541,0,0,0.780457637600495,0.223697734712353,"UST"
"Purine Deoxyribonucleotide Catabolic Process (GO:0009155)","1/5",0.750794123614077,0.99999537209541,0,0,0.780457637600495,0.223697734712353,"NUDT15"
"Regulation Of 3'-UTR-mediated mRNA Stabilization (GO:1905868)","1/5",0.750794123614077,0.99999537209541,0,0,0.780457637600495,0.223697734712353,"TENT4B"
"Regulation Of DNA Damage Response, Signal Transduction By P53 Class Mediator Resulting In Transcription Of P21 Class Mediator (GO:1902162)","1/5",0.750794123614077,0.99999537209541,0,0,0.780457637600495,0.223697734712353,"ING4"
"Regulation Of NK T Cell Activation (GO:0051133)","1/5",0.750794123614077,0.99999537209541,0,0,0.780457637600495,0.223697734712353,"HSPH1"
"Regulation Of Apoptotic DNA Fragmentation (GO:1902510)","1/5",0.750794123614077,0.99999537209541,0,0,0.780457637600495,0.223697734712353,"ST20"
"Regulation Of Basement Membrane Organization (GO:0110011)","1/5",0.750794123614077,0.99999537209541,0,0,0.780457637600495,0.223697734712353,"LAMA2"
"Regulation Of Circadian Sleep/Wake Cycle (GO:0042749)","1/5",0.750794123614077,0.99999537209541,0,0,0.780457637600495,0.223697734712353,"FXR1"
"Regulation Of Endothelial Cell-Matrix Adhesion Via Fibronectin (GO:1904904)","1/5",0.750794123614077,0.99999537209541,0,0,0.780457637600495,0.223697734712353,"RIN2"
"Regulation Of Extracellular Exosome Assembly (GO:1903551)","1/5",0.750794123614077,0.99999537209541,0,0,0.780457637600495,0.223697734712353,"SDC1"
"Regulation Of Fat Cell Proliferation (GO:0070344)","1/5",0.750794123614077,0.99999537209541,0,0,0.780457637600495,0.223697734712353,"PER2"
"Regulation Of Glutamate Receptor Signaling Pathway (GO:1900449)","1/5",0.750794123614077,0.99999537209541,0,0,0.780457637600495,0.223697734712353,"FYN"
"Regulation Of Glycogen (Starch) Synthase Activity (GO:2000465)","1/5",0.750794123614077,0.99999537209541,0,0,0.780457637600495,0.223697734712353,"GSK3B"
"Regulation Of Guanylate Cyclase Activity (GO:0031282)","1/5",0.750794123614077,0.99999537209541,0,0,0.780457637600495,0.223697734712353,"RD3"
"Regulation Of Hyaluronan Biosynthetic Process (GO:1900125)","1/5",0.750794123614077,0.99999537209541,0,0,0.780457637600495,0.223697734712353,"CLTC"
"Regulation Of Interleukin-1-Mediated Signaling Pathway (GO:2000659)","1/5",0.750794123614077,0.99999537209541,0,0,0.780457637600495,0.223697734712353,"ZNF675"
"Regulation Of Keratinocyte Apoptotic Process (GO:1902172)","1/5",0.750794123614077,0.99999537209541,0,0,0.780457637600495,0.223697734712353,"ZFP36L1"
"Regulation Of Monoatomic Anion Transport (GO:0044070)","1/5",0.750794123614077,0.99999537209541,0,0,0.780457637600495,0.223697734712353,"ATP8B1"
"Regulation Of Morphogenesis Of A Branching Structure (GO:0060688)","1/5",0.750794123614077,0.99999537209541,0,0,0.780457637600495,0.223697734712353,"GDNF"
"Regulation Of Natural Killer Cell Mediated Immunity (GO:0002715)","1/5",0.750794123614077,0.99999537209541,0,0,0.780457637600495,0.223697734712353,"LEP"
"Regulation Of Neutrophil Extravasation (GO:2000389)","1/5",0.750794123614077,0.99999537209541,0,0,0.780457637600495,0.223697734712353,"RIPOR2"
"Regulation Of Non-Motile Cilium Assembly (GO:1902855)","1/5",0.750794123614077,0.99999537209541,0,0,0.780457637600495,0.223697734712353,"MAP4"
"Regulation Of Plasma Membrane Repair (GO:1905684)","1/5",0.750794123614077,0.99999537209541,0,0,0.780457637600495,0.223697734712353,"MYH9"
"Regulation Of Post-Transcriptional Gene Silencing By RNA (GO:1900368)","1/5",0.750794123614077,0.99999537209541,0,0,0.780457637600495,0.223697734712353,"PUM2"
"Regulation Of Protein Autoubiquitination (GO:1902498)","1/5",0.750794123614077,0.99999537209541,0,0,0.780457637600495,0.223697734712353,"RBX1"
"Regulation Of Protein Deubiquitination (GO:0090085)","1/5",0.750794123614077,0.99999537209541,0,0,0.780457637600495,0.223697734712353,"TANK"
"Regulation Of Protein Targeting (GO:1903533)","1/5",0.750794123614077,0.99999537209541,0,0,0.780457637600495,0.223697734712353,"PRKN"
"Regulation Of Renal Sodium Excretion (GO:0035813)","1/5",0.750794123614077,0.99999537209541,0,0,0.780457637600495,0.223697734712353,"CORIN"
"Regulation Of Resting Membrane Potential (GO:0060075)","1/5",0.750794123614077,0.99999537209541,0,0,0.780457637600495,0.223697734712353,"KCNK1"
"Regulation Of Sarcomere Organization (GO:0060297)","1/5",0.750794123614077,0.99999537209541,0,0,0.780457637600495,0.223697734712353,"MYLK3"
"Regulation Of Stress Granule Assembly (GO:0062028)","1/5",0.750794123614077,0.99999537209541,0,0,0.780457637600495,0.223697734712353,"G3BP2"
"Regulation Of System Process (GO:0044057)","1/5",0.750794123614077,0.99999537209541,0,0,0.780457637600495,0.223697734712353,"MTG2"
"Regulation Of Thymocyte Apoptotic Process (GO:0070243)","1/5",0.750794123614077,0.99999537209541,0,0,0.780457637600495,0.223697734712353,"PTCRA"
"Regulation Of Tooth Mineralization (GO:0070170)","1/5",0.750794123614077,0.99999537209541,0,0,0.780457637600495,0.223697734712353,"MMP20"
"Regulation Of Translation In Response To Endoplasmic Reticulum Stress (GO:0036490)","1/5",0.750794123614077,0.99999537209541,0,0,0.780457637600495,0.223697734712353,"NCK1"
"Regulation Of Transmission Of Nerve Impulse (GO:0051969)","1/5",0.750794123614077,0.99999537209541,0,0,0.780457637600495,0.223697734712353,"FGF12"
"Regulation Of Type B Pancreatic Cell Proliferation (GO:0061469)","1/5",0.750794123614077,0.99999537209541,0,0,0.780457637600495,0.223697734712353,"SGPP2"
"Regulation Of Ventricular Cardiac Muscle Cell Membrane Depolarization (GO:0060373)","1/5",0.750794123614077,0.99999537209541,0,0,0.780457637600495,0.223697734712353,"GPD1L"
"Reproductive System Development (GO:0061458)","1/5",0.750794123614077,0.99999537209541,0,0,0.780457637600495,0.223697734712353,"WT1"
"Response To DNA Damage Checkpoint Signaling (GO:0072423)","1/5",0.750794123614077,0.99999537209541,0,0,0.780457637600495,0.223697734712353,"FBH1"
"Response To Angiotensin (GO:1990776)","1/5",0.750794123614077,0.99999537209541,0,0,0.780457637600495,0.223697734712353,"ROCK1"
"Response To cGMP (GO:0070305)","1/5",0.750794123614077,0.99999537209541,0,0,0.780457637600495,0.223697734712353,"TLR7"
"Response To Granulocyte Macrophage Colony-Stimulating Factor (GO:0097012)","1/5",0.750794123614077,0.99999537209541,0,0,0.780457637600495,0.223697734712353,"NPR2"
"Response To Heparin (GO:0071503)","1/5",0.750794123614077,0.99999537209541,0,0,0.780457637600495,0.223697734712353,"SOX9"
"Response To Lithium Ion (GO:0010226)","1/5",0.750794123614077,0.99999537209541,0,0,0.780457637600495,0.223697734712353,"IMPA2"
"Response To Manganese Ion (GO:0010042)","1/5",0.750794123614077,0.99999537209541,0,0,0.780457637600495,0.223697734712353,"PRKN"
"Ruffle Assembly (GO:0097178)","1/5",0.750794123614077,0.99999537209541,0,0,0.780457637600495,0.223697734712353,"PIP5K1A"
"Short-Chain Fatty Acid Catabolic Process (GO:0019626)","1/5",0.750794123614077,0.99999537209541,0,0,0.780457637600495,0.223697734712353,"PCCA"
"Signal Complex Assembly (GO:0007172)","1/5",0.750794123614077,0.99999537209541,0,0,0.780457637600495,0.223697734712353,"NCK1"
"Sphingomyelin Biosynthetic Process (GO:0006686)","1/5",0.750794123614077,0.99999537209541,0,0,0.780457637600495,0.223697734712353,"VAPA"
"Synaptic Vesicle Uncoating (GO:0016191)","1/5",0.750794123614077,0.99999537209541,0,0,0.780457637600495,0.223697734712353,"SYNJ1"
"tRNA Catabolic Process (GO:0016078)","1/5",0.750794123614077,0.99999537209541,0,0,0.780457637600495,0.223697734712353,"ELAC2"
"tRNA Transport (GO:0051031)","1/5",0.750794123614077,0.99999537209541,0,0,0.780457637600495,0.223697734712353,"XPOT"
"Telencephalon Cell Migration (GO:0022029)","1/5",0.750794123614077,0.99999537209541,0,0,0.780457637600495,0.223697734712353,"FOXB1"
"Thiamine Transmembrane Transport (GO:0071934)","1/5",0.750794123614077,0.99999537209541,0,0,0.780457637600495,0.223697734712353,"SLC22A1"
"Thiamine-Containing Compound Metabolic Process (GO:0042723)","1/5",0.750794123614077,0.99999537209541,0,0,0.780457637600495,0.223697734712353,"TKTL1"
"Toll-Like Receptor 9 Signaling Pathway (GO:0034162)","1/5",0.750794123614077,0.99999537209541,0,0,0.780457637600495,0.223697734712353,"PIK3AP1"
"Transmembrane Receptor Protein Tyrosine Phosphatase Signaling Pathway (GO:0007185)","1/5",0.750794123614077,0.99999537209541,0,0,0.780457637600495,0.223697734712353,"PTPRU"
"Tripartite Regional Subdivision (GO:0007351)","1/5",0.750794123614077,0.99999537209541,0,0,0.780457637600495,0.223697734712353,"TBXT"
"Type B Pancreatic Cell Proliferation (GO:0044342)","1/5",0.750794123614077,0.99999537209541,0,0,0.780457637600495,0.223697734712353,"NKX6-1"
"Venous Blood Vessel Morphogenesis (GO:0048845)","1/5",0.750794123614077,0.99999537209541,0,0,0.780457637600495,0.223697734712353,"VEGFA"
"Ventricular Cardiac Muscle Cell Development (GO:0055015)","1/5",0.750794123614077,0.99999537209541,0,0,0.780457637600495,0.223697734712353,"HEY2"
"Vocal Learning (GO:0042297)","1/5",0.750794123614077,0.99999537209541,0,0,0.780457637600495,0.223697734712353,"HTT"
"Zymogen Inhibition (GO:0097341)","1/5",0.750794123614077,0.99999537209541,0,0,0.780457637600495,0.223697734712353,"CAST"
"DNA Methylation (GO:0006306)","4/20",0.751737172753353,0.99999537209541,0,0,0.780321782178218,0.222679272447704,"SPOCD1;ATRX;EHMT1;FOS"
"DNA Unwinding Involved In DNA Replication (GO:0006268)","4/20",0.751737172753353,0.99999537209541,0,0,0.780321782178218,0.222679272447704,"GINS2;MCM7;GINS3;HMGA1"
"T Cell Mediated Immunity (GO:0002456)","4/20",0.751737172753353,0.99999537209541,0,0,0.780321782178218,0.222679272447704,"JAG1;CADM1;CTSH;EMP2"
"Ameboidal-Type Cell Migration (GO:0001667)","4/20",0.751737172753353,0.99999537209541,0,0,0.780321782178218,0.222679272447704,"SMAD4;AMOTL1;SRGAP3;TNS1"
"Cellular Response To pH (GO:0071467)","4/20",0.751737172753353,0.99999537209541,0,0,0.780321782178218,0.222679272447704,"SCNN1G;GPR68;SCNN1B;SCNN1A"
"Leukotriene Metabolic Process (GO:0006691)","4/20",0.751737172753353,0.99999537209541,0,0,0.780321782178218,0.222679272447704,"CPA1;MGST3;PLA2G5;GGT1"
"Mitochondrial RNA Metabolic Process (GO:0000959)","4/20",0.751737172753353,0.99999537209541,0,0,0.780321782178218,0.222679272447704,"PNPT1;MTERF4;MTERF1;SLC25A33"
"Negative Regulation Of B Cell Activation (GO:0050869)","4/20",0.751737172753353,0.99999537209541,0,0,0.780321782178218,0.222679272447704,"LYN;FOXJ1;TNFAIP3;INHBA"
"Negative Regulation Of Cyclin-Dependent Protein Kinase Activity (GO:1904030)","4/20",0.751737172753353,0.99999537209541,0,0,0.780321782178218,0.222679272447704,"CDKN1A;HHEX;LATS2;NR2F2"
"Negative Regulation Of Cytokine Production Involved In Inflammatory Response (GO:1900016)","4/20",0.751737172753353,0.99999537209541,0,0,0.780321782178218,0.222679272447704,"NLRC3;APOD;ADCY7;EXTL3"
"Negative Regulation Of Small GTPase Mediated Signal Transduction (GO:0051058)","4/20",0.751737172753353,0.99999537209541,0,0,0.780321782178218,0.222679272447704,"MAPKAP1;SPRY4;CYRIB;FBP1"
"Phosphatidylglycerol Metabolic Process (GO:0046471)","4/20",0.751737172753353,0.99999537209541,0,0,0.780321782178218,0.222679272447704,"PGS1;LPGAT1;GPAM;MBOAT2"
"Phosphatidylserine Metabolic Process (GO:0006658)","4/20",0.751737172753353,0.99999537209541,0,0,0.780321782178218,0.222679272447704,"OSBPL8;MBOAT1;MBOAT2;SERINC5"
"Positive Regulation Of Vascular Associated Smooth Muscle Cell Proliferation (GO:1904707)","4/20",0.751737172753353,0.99999537209541,0,0,0.780321782178218,0.222679272447704,"FOXJ2;IGF1;MEF2D;BMPR1A"
"Regulation Of Macrophage Chemotaxis (GO:0010758)","4/20",0.751737172753353,0.99999537209541,0,0,0.780321782178218,0.222679272447704,"CSF1;MTUS1;MAPK1;THBS1"
"Regulation Of Necroptotic Process (GO:0060544)","4/20",0.751737172753353,0.99999537209541,0,0,0.780321782178218,0.222679272447704,"PRKN;PARP1;IGF2BP1;SLC25A4"
"Regulation Of Spindle Organization (GO:0090224)","4/20",0.751737172753353,0.99999537209541,0,0,0.780321782178218,0.222679272447704,"SENP6;CLTC;GNAI1;MAP9"
"Response To Fibroblast Growth Factor (GO:0071774)","4/20",0.751737172753353,0.99999537209541,0,0,0.780321782178218,0.222679272447704,"CXCL8;ITGB1BP1;CD44;ZFP36L1"
"Sensory Perception Of Pain (GO:0019233)","4/20",0.751737172753353,0.99999537209541,0,0,0.780321782178218,0.222679272447704,"MME;OPRK1;RETREG1;CCR2"
"Striated Muscle Cell Differentiation (GO:0051146)","4/20",0.751737172753353,0.99999537209541,0,0,0.780321782178218,0.222679272447704,"GREM1;SKI;MEF2C;SDC1"
"Transport Along Microtubule (GO:0010970)","4/20",0.751737172753353,0.99999537209541,0,0,0.780321782178218,0.222679272447704,"APP;COPG2;SPG11;BORCS5"
"Positive Regulation Of Protein Polymerization (GO:0032273)","15/70",0.751842245225432,0.99999537209541,0,0,0.850997049260436,0.242728830847446,"CARMIL1;CRACD;PRKCE;AMBRA1;SLAIN1;HCK;FER;BIN1;CDC42EP3;CCR7;MET;CLASP1;CDK5RAP2;NCK1;CDK5R1"
"Regulation Of Actin Filament-Based Process (GO:0032970)","15/70",0.751842245225432,0.99999537209541,0,0,0.850997049260436,0.242728830847446,"EPHA5;SIGLEC15;ROCK1;FAM107A;NEDD9;GRHL3;EFNA5;CORO2B;ARHGAP35;MTOR;HCK;FSCN1;RICTOR;EZR;OR2A4"
"Cellular Response To Vascular Endothelial Growth Factor Stimulus (GO:0035924)","7/34",0.752096420590389,0.99999537209541,0,0,0.809135038030807,0.230515083289698,"FOXC1;SEMA6A;KDR;GAS1;ITGB1BP1;PRKD1;VEGFA"
"Embryonic Skeletal System Development (GO:0048706)","7/34",0.752096420590389,0.99999537209541,0,0,0.809135038030807,0.230515083289698,"WNT11;SLC2A10;WNT5A;XYLT1;HOXC4;SOX11;DSCAML1"
"Establishment Of Mitotic Spindle Localization (GO:0040001)","7/34",0.752096420590389,0.99999537209541,0,0,0.809135038030807,0.230515083289698,"ITGB1;FBXW11;INSC;HTT;CLASP1;CDK5RAP2;CLASP2"
"Negative Regulation Of Cell Cycle Process (GO:0010948)","7/34",0.752096420590389,0.99999537209541,0,0,0.809135038030807,0.230515083289698,"TOM1L1;GPER1;ZFYVE19;NEK2;BMP7;TERF2;E2F7"
"Negative Regulation Of Interleukin-6 Production (GO:0032715)","7/34",0.752096420590389,0.99999537209541,0,0,0.809135038030807,0.230515083289698,"C1QTNF3;GHSR;ORM1;TNFAIP3;FOXJ1;NLRC3;CD200"
"Positive Regulation Of Immunoglobulin Production (GO:0002639)","7/34",0.752096420590389,0.99999537209541,0,0,0.809135038030807,0.230515083289698,"CD86;GPI;PHB1;SHLD1;DNAJB9;TRAPPC13;VAMP3"
"Regulation Of Cytoskeleton Organization (GO:0051493)","25/114",0.752250292590497,0.99999537209541,0,0,0.876332334736955,0.249479699982916,"GSK3B;PATJ;ROCK1;FAM107A;NEDD9;EFNA5;ARHGAP35;CAPN2;MAP6;MAPK1;RICTOR;MPDZ;CLASP1;EPHA5;SIGLEC15;GRHL3;CORO2B;MTOR;HCK;KATNBL1;FSCN1;CDK2AP2;TRIM36;EZR;OR2A4"
"Myeloid Cell Differentiation (GO:0030099)","12/57",0.760221403622659,0.99999537209541,0,0,0.832121212121212,0.228122341985024,"HSPA9;LYN;MFHAS1;DYRK3;CDKN2B;SNRK;KAT6A;MYB;KAT8;PRKX;INHBA;CDIN1"
"Positive Regulation Of Interleukin-1 Beta Production (GO:0032731)","12/57",0.760221403622659,0.99999537209541,0,0,0.832121212121212,0.228122341985024,"APP;ORM1;FZD5;RIPK2;WNT5A;STAT3;USP50;F2RL1;CD36;LCP1;ORM2;ISL1"
"Striated Muscle Contraction (GO:0006941)","12/57",0.760221403622659,0.99999537209541,0,0,0.832121212121212,0.228122341985024,"KCNH2;CHRNA1;RYR2;DTNA;TPM1;STAC3;ATP1A2;RCSD1;ATP1B1;LMOD3;SLC8A1;TTN"
"Regulation Of Tumor Necrosis Factor-Mediated Signaling Pathway (GO:0010803)","10/48",0.76066299534306,0.99999537209541,0,0,0.821213504641405,0.224655160461799,"PRKN;TBK1;SYK;H2BC11;OTULIN;TNFAIP3;APOA1;F2RL1;RFFL;ZNF675"
"Cellular Response To Hexose Stimulus (GO:0071331)","5/25",0.761104486260964,0.99999537209541,0,0,0.780276459665773,0.213003480079833,"KCNB1;GPER1;UCP2;ZNF236;SOX4"
"Negative Regulation Of Intracellular Protein Transport (GO:0090317)","5/25",0.761104486260964,0.99999537209541,0,0,0.780276459665773,0.213003480079833,"S100G;SUFU;APOD;ITGB1BP1;PARK7"
"Negative Regulation Of Lipid Biosynthetic Process (GO:0051055)","5/25",0.761104486260964,0.99999537209541,0,0,0.780276459665773,0.213003480079833,"ACADL;GPER1;ASXL3;NR0B1;SIRT1"
"Negative Regulation Of Signaling Receptor Activity (GO:2000272)","5/25",0.761104486260964,0.99999537209541,0,0,0.780276459665773,0.213003480079833,"CRHBP;GPRC5A;PPARG;CBL;SOCS6"
"Osteoclast Differentiation (GO:0030316)","5/25",0.761104486260964,0.99999537209541,0,0,0.780276459665773,0.213003480079833,"FARP2;DCSTAMP;CSF1;TNFSF11;SNX10"
"Positive Regulation Of Interleukin-2 Production (GO:0032743)","5/25",0.761104486260964,0.99999537209541,0,0,0.780276459665773,0.213003480079833,"CD86;TRAF6;PDE4B;MAP3K7;CCR2"
"Regulation Of Cell Cycle Phase Transition (GO:1901987)","5/25",0.761104486260964,0.99999537209541,0,0,0.780276459665773,0.213003480079833,"ING4;MN1;CDKN1A;DBF4;NEK10"
"Regulation Of Intracellular Estrogen Receptor Signaling Pathway (GO:0033146)","5/25",0.761104486260964,0.99999537209541,0,0,0.780276459665773,0.213003480079833,"FOXA1;YAP1;KMT2D;ISL1;STRN3"
"Regulation Of Monocyte Chemotaxis (GO:0090025)","5/25",0.761104486260964,0.99999537209541,0,0,0.780276459665773,0.213003480079833,"CCR1;LYN;GREM1;CCR2;LGMN"
"Regulation Of Myelination (GO:0031641)","5/25",0.761104486260964,0.99999537209541,0,0,0.780276459665773,0.213003480079833,"TENM4;TMEM98;LGI4;NRDC;TNFRSF1B"
"Response To Zinc Ion (GO:0010043)","5/25",0.761104486260964,0.99999537209541,0,0,0.780276459665773,0.213003480079833,"SLC30A8;HAAO;ZNF658;MT1X;PAM"
"Ventricular Cardiac Muscle Tissue Development (GO:0003229)","5/25",0.761104486260964,0.99999537209541,0,0,0.780276459665773,0.213003480079833,"TGFBR3;TPM1;PKP2;ISL1;HOPX"
"Vesicle Cargo Loading (GO:0035459)","5/25",0.761104486260964,0.99999537209541,0,0,0.780276459665773,0.213003480079833,"CTAGE1;RAB1A;CTAGE6;SEC24D;PICALM"
"Golgi Vesicle Transport (GO:0048193)","44/197",0.761133770129941,0.99999537209541,0,0,0.896898415494872,0.244804973514799,"RAB1A;ATL3;GOLT1A;GOSR2;ATL2;STX18;HTT;NAPG;AP4M1;CYTH3;GOLGA4;VTI1A;TRAPPC12;MYO18A;BCAP29;TBC1D14;TRAPPC13;RAB6B;ATP9B;SEC16B;SLC10A7;COG5;TRAPPC10;GBF1;COG2;TRAPPC2B;SORCS1;TRAPPC8;TRAPPC9;SORL1;NRBP1;RAB33B;DNM2;CTAGE1;MYO1B;VAPA;RAB12;SPIRE1;KDELR2;COPG2;CTAGE6;PRKD1;PLPP3;SEC24D"
"Negative Regulation Of Endopeptidase Activity (GO:0010951)","14/66",0.761179884822537,0.99999537209541,0,0,0.840080134830032,0.229245746038403,"SERPINA3;SERPINA1;SERPINE2;SERPINE3;SERPINA13P;SORL1;SERPINA4;SERPINB5;SERPINB6;CST3;BIN1;SPOCK2;RECK;LTF"
"RNA Transport (GO:0050658)","8/39",0.763470029581497,0.99999537209541,0,0,0.805359473642151,0.2173515495626,"ATXN2;KIF5C;NUP98;CKAP5;ZFP36L1;RTRAF;TGFBR2;SIDT2"
"Nuclear Transport (GO:0051169)","8/39",0.763470029581497,0.99999537209541,0,0,0.805359473642151,0.2173515495626,"RANBP2;NUP93;NUP205;ANP32A;NUP210;NUP42;NUP35;NUP98"
"Positive Regulation Of Intrinsic Apoptotic Signaling Pathway (GO:2001244)","8/39",0.763470029581497,0.99999537209541,0,0,0.805359473642151,0.2173515495626,"PLEKHF1;BCL2L11;FBH1;CAV1;DNM1L;BOK;NCK1;NKX3-1"
"Regulation Of Protein Tyrosine Kinase Activity (GO:0061097)","8/39",0.763470029581497,0.99999537209541,0,0,0.805359473642151,0.2173515495626,"EFNA1;APP;EPHA4;PTPN1;GPRC5B;CAV1;NEDD9;AGT"
"Release Of Sequestered Calcium Ion Into Cytosol (GO:0051209)","8/39",0.763470029581497,0.99999537209541,0,0,0.805359473642151,0.2173515495626,"RYR2;IBTK;ITPR1;ITPR2;CCR7;GHITM;DRD2;CLU"
"Regulation Of Interleukin-1 Beta Production (GO:0032651)","18/84",0.765402486087362,0.99999537209541,0,0,0.850904577425057,0.227492281123276,"APP;GHSR;ORM1;FZD5;RIPK2;WNT5A;STAT3;TNFAIP3;APOA1;IGF1;ORM2;ISL1;USP50;F2RL1;CCR7;CD36;LCP1;CD33"
"Positive Regulation Of Cellular Component Biogenesis (GO:0044089)","20/93",0.768161187898987,0.99999537209541,0,0,0.854746892860383,0.225444354603696,"CHGA;GSK3B;SMAD3;SYK;STX18;PRKCA;PARK7;CLU;BMP7;MTSS1;VEGFA;SMPD3;CHAF1B;BCL2L11;SYNPO2L;SIN3A;SDC1;SLX1A;FNIP2;TRABD2B"
"Protein O-linked Glycosylation (GO:0006493)","20/93",0.768161187898987,0.99999537209541,0,0,0.854746892860383,0.225444354603696,"GALNT14;ST6GAL1;GALNT5;GALNT16;CRPPA;GALNT2;GALNT18;GALNT1;GALNT17;GXYLT1;TET1;TMTC2;POFUT2;B3GALT2;B3GALT1;ST3GAL4;GCNT3;ST8SIA6;GALNT9;ST3GAL3"
"Nucleic Acid Metabolic Process (GO:0090304)","6/30",0.770610103942441,0.99999537209541,0,0,0.780231118448205,0.203306956536257,"ATXN2;XRN2;SETMAR;TOPBP1;DNASE1L3;RAN"
"Positive Regulation Of Locomotion (GO:0040017)","6/30",0.770610103942441,0.99999537209541,0,0,0.780231118448205,0.203306956536257,"DUOX1;AKT2;SPOCK2;F2RL1;CCR7;THBS1"
"Response To Amino Acid (GO:0043200)","6/30",0.770610103942441,0.99999537209541,0,0,0.780231118448205,0.203306956536257,"RPTOR;MEAK7;SH3BP4;SLC38A9;TMBIM6;MTOR"
"Cell Junction Organization (GO:0034330)","13/62",0.771139631763951,0.99999537209541,0,0,0.82782747320875,0.215140619262955,"APP;SMAD3;CTNND2;CHRNA7;WNT7B;SEMA3E;PSEN1;GRHL2;MYO9A;VMP1;PTK7;CAPZA1;SNCA"
"Glycerophospholipid Metabolic Process (GO:0006650)","13/62",0.771139631763951,0.99999537209541,0,0,0.82782747320875,0.215140619262955,"CETP;PLA2G4E;PIGZ;APOA1;PLA2G6;PIGV;ABHD12;SYNJ1;ACP6;PIP5K1A;FAR1;IP6K3;SERINC5"
"Regulation Of Protein Secretion (GO:0050708)","22/102",0.77116042597032,0.99999537209541,0,0,0.857908902691511,0.222935222466727,"SNAP25;KCNJ11;UQCC2;RFX3;FRMD4A;IGF1;HMGCR;BMP6;TTN;STXBP5L;PER2;MTNR1B;MYO18A;ADAM9;STXBP5;ADTRP;EZR;DRD2;DNM1L;CLOCK;CD33;EXPH5"
"Sensory Perception Of Light Stimulus (GO:0050953)","22/102",0.77116042597032,0.99999537209541,0,0,0.857908902691511,0.222935222466727,"RD3;COL18A1;S100G;ADGRV1;OAT;EYA3;PITPNA;PCDH15;PAX6;MYO9A;USH2A;BEST1;TRPM1;SIX6;COL2A1;ATXN7;CDH23;CRYAA;DRAM2;ATF6;IMPG2;CNGB1"
"Cellular Response To Alcohol (GO:0097306)","11/53",0.771614434158142,0.99999537209541,0,0,0.817255388005233,0.211890042544734,"SCNN1G;PTGFR;LARP1;MYL1;SCNN1B;PTGER2;SCNN1A;ADCY1;ADCY7;CFTR;GNAI1"
"Glycoprotein Metabolic Process (GO:0009100)","11/53",0.771614434158142,0.99999537209541,0,0,0.817255388005233,0.211890042544734,"ERP44;MAN2A1;ST8SIA3;MAN1C1;ST3GAL4;ST8SIA5;ST8SIA6;PARK7;STT3B;FBXO44;CNMD"
"Negative Regulation Of Metabolic Process (GO:0009892)","11/53",0.771614434158142,0.99999537209541,0,0,0.817255388005233,0.211890042544734,"RB1;FLCN;ALDH1A1;NPR3;NRDC;ZDHHC7;LNPEP;RBPJ;ZNF423;IL18R1;MAP2K6"
"Positive Regulation Of NIK/NF-kappaB Signaling (GO:1901224)","11/53",0.771614434158142,0.99999537209541,0,0,0.817255388005233,0.211890042544734,"CD86;APP;NFAT5;PHB1;TRAF6;CD27;TLR7;NOD1;EGFR;TRIM44;NR3C2"
"Regulation Of Cyclin-Dependent Protein Kinase Activity (GO:1904029)","11/53",0.771614434158142,0.99999537209541,0,0,0.817255388005233,0.211890042544734,"CCNB3;CDKN1A;CCND3;CDKN2B;GADD45A;CCNF;CCNP;CDK5RAP3;CCNO;STOX1;CDK5R1"
"Spermatid Development (GO:0007286)","11/53",0.771614434158142,0.99999537209541,0,0,0.817255388005233,0.211890042544734,"FXR1;RSPH1;DPY19L2;FAM9C;RFX2;GALNTL5;FNDC3A;PLD6;TDRD5;TNP1;BBS4"
"Regulation Of DNA Metabolic Process (GO:0051052)","27/124",0.771834600495382,0.99999537209541,0,0,0.868280540569414,0.22487163577743,"INO80C;PARG;MEAF6;JADE1;NUCKS1;SMC6;HDAC8;SMG6;ORC5;ING4;BABAM2;ATXN7;RUVBL1;SMARCAD1;STOX1;RADX;USP22;NSMCE2;BAZ1A;TERF2;GRHL2;TOM1L1;KAT2B;TMEM98;UBE2V2;UBE2N;IL7R"
"Negative Regulation Of Protein Binding (GO:0032091)","15/71",0.771892326934023,0.99999537209541,0,0,0.835745296671491,0.216382991578174,"GSK3B;CDKN1A;ROCK1;CAV1;ATP2A2;PARK7;ADRB2;SORL1;TTBK2;DAB2;CFHR5;ITGB1BP1;TMBIM6;CAMK1;B2M"
"Neural Crest Cell Development (GO:0014032)","9/44",0.774065447561944,0.99999537209541,0,0,0.802436506297749,0.20550306757917,"SEMA5A;SEMA6A;CYP26C1;SEMA3C;CDH2;GDNF;SEMA3D;SEMA6D;SEMA3E"
"Nucleus Organization (GO:0006997)","9/44",0.774065447561944,0.99999537209541,0,0,0.802436506297749,0.20550306757917,"NUP93;NUP205;ATXN7;BIN1;REEP4;CHMP1B;NUP35;NUP98;SYNE1"
"Phosphatidylinositol Phosphate Biosynthetic Process (GO:0046854)","9/44",0.774065447561944,0.99999537209541,0,0,0.802436506297749,0.20550306757917,"TTC7B;PIP4K2A;PIK3C3;PIK3CB;TTC7A;SLA2;SOCS6;EFR3B;IP6K3"
"Positive Regulation Of Biosynthetic Process (GO:0009891)","9/44",0.774065447561944,0.99999537209541,0,0,0.802436506297749,0.20550306757917,"RPTOR;MLXIPL;CXCL8;CREB3L1;RAB27A;CD36;VIM;AMELX;MTOR"
"Regulation Of Cell-Substrate Adhesion (GO:0010810)","9/44",0.774065447561944,0.99999537209541,0,0,0.802436506297749,0.20550306757917,"PTPRO;PDPN;AGR2;GCNT2;NF1;PKP2;PIK3CB;NPNT;CORO2B"
"Establishment Of Spindle Orientation (GO:0051294)","7/35",0.779908751029489,0.99999537209541,0,0,0.780185758513932,0.19393729010644,"ITGB1;FBXW11;INSC;HTT;MAP4;CLASP1;CDK5RAP2"
"Macrophage Activation (GO:0042116)","7/35",0.779908751029489,0.99999537209541,0,0,0.780185758513932,0.19393729010644,"APP;CRTC3;CD93;SYK;DYSF;CLU;SNCA"
"Positive Regulation Of Telomere Maintenance Via Telomere Lengthening (GO:1904358)","7/35",0.779908751029489,0.99999537209541,0,0,0.780185758513932,0.19393729010644,"DHX36;PARN;FBXO4;MAPK1;NEK2;ATM;MAP3K4"
"Skeletal Muscle Organ Development (GO:0060538)","7/35",0.779908751029489,0.99999537209541,0,0,0.780185758513932,0.19393729010644,"FXR1;SVIL;MEF2C;WT1;CAV1;MYF6;DISP1"
"Negative Regulation Of Translation (GO:0017148)","23/107",0.780636243020756,0.99999537209541,0,0,0.854145095602954,0.211525612602289,"EPHA4;YTHDF1;NHLRC3;ROCK1;CNOT10;MALSU1;TOB1;GIGYF2;ZAR1;FXR1;DHFR;METTL14;RIDA;LARP1;TRIM2;DHX36;IGF2BP1;IGF2BP3;IGF2BP2;CPEB2;LSM14A;C8ORF88;TNRC6B"
"Cholesterol Metabolic Process (GO:0008203)","14/67",0.781305021598691,0.99999537209541,0,0,0.824174967045481,0.203397853934852,"CETP;INSIG2;AKR1D1;APOA1;DHCR24;HMGCR;CLN8;TSKU;SULT2B1;PLPP6;CYP11A1;OSBPL1A;LBR;ABCG1"
"Regulation Of Viral Genome Replication (GO:0045069)","14/67",0.781305021598691,0.99999537209541,0,0,0.824174967045481,0.203397853934852,"SRPK2;CXCL8;MX1;ADARB1;ZC3HAV1;HACD3;ISG20;FAM111A;NR5A2;LARP1;PPIE;PABPC1;N4BP1;LTF"
"Muscle Organ Development (GO:0007517)","12/58",0.781798028518526,0.99999537209541,0,0,0.81397772188286,0.200367817785195,"CHODL;FXR1;MEF2C;SGCD;LAMA2;TCF12;ITGA11;IGF1;SOX6;UTRN;MEF2D;POU6F1"
"Response To Organic Cyclic Compound (GO:0014070)","12/58",0.781798028518526,0.99999537209541,0,0,0.81397772188286,0.200367817785195,"ATF1;FOXA1;ANXA1;ABCB4;SLC1A1;STAT3;ADORA1;ARL6IP5;DRD2;CLU;NKX3-1;STRN3"
"Epidermis Development (GO:0008544)","18/85",0.783211157450186,0.99999537209541,0,0,0.838148932622778,0.204804157427529,"KDM5A;CERS3;DSP;CALML5;GATA6;ATP2A2;LAMC2;GRHL3;ATP2C1;GRHL2;EDA2R;PTHLH;ALDH3A2;EDAR;PPP3CA;SCEL;STS;ASIC2"
"Macromolecule Catabolic Process (GO:0009057)","18/85",0.783211157450186,0.99999537209541,0,0,0.838148932622778,0.204804157427529,"PRKN;LRSAM1;PNPT1;FBH1;SMURF1;SETMAR;RNASE3;CLN8;MTOR;ISG20;SNX25;NEDD4;RAB12;XRN2;DNASE1;DNASE1L3;SIDT2;LGMN"
"Mitotic Spindle Organization (GO:0007052)","18/85",0.783211157450186,0.99999537209541,0,0,0.838148932622778,0.204804157427529,"ARHGEF10;PLK2;TTK;CKAP5;EML1;STAG1;KIF2A;KIF3B;INCENP;KIF4B;TBCE;CEP192;MAP4;LSM14A;CLASP1;MAP9;RAN;CLASP2"
"Nuclear-Transcribed mRNA Catabolic Process (GO:0000956)","18/85",0.783211157450186,0.99999537209541,0,0,0.838148932622778,0.204804157427529,"TUT7;PARN;PYM1;CNOT10;MAGOHB;SMG8;TENT4B;GSPT1;SMG6;ZFP36L1;XRN1;THRAP3;XRN2;TUT1;ATM;PELO;DCP2;DIS3L2"
"acetyl-CoA Metabolic Process (GO:0006084)","3/16",0.783894966807208,0.99999537209541,0,0,0.720291257515427,0.175376687180706,"NUDT7;ACSS1;ACACB"
"Activin Receptor Signaling Pathway (GO:0032924)","3/16",0.783894966807208,0.99999537209541,0,0,0.720291257515427,0.175376687180706,"SMAD4;SMAD3;INHBA"
"Heart Process (GO:0003015)","3/16",0.783894966807208,0.99999537209541,0,0,0.720291257515427,0.175376687180706,"ACTC1;SGCD;FYN"
"Intracellular Cholesterol Transport (GO:0032367)","3/16",0.783894966807208,0.99999537209541,0,0,0.720291257515427,0.175376687180706,"NPC1;PIP4K2A;ABCG1"
"Mitochondrial Electron Transport, Cytochrome C To Oxygen (GO:0006123)","3/16",0.783894966807208,0.99999537209541,0,0,0.720291257515427,0.175376687180706,"COX4I2;CYCS;COX6C"
"Negative Regulation Of Chemokine Production (GO:0032682)","3/16",0.783894966807208,0.99999537209541,0,0,0.720291257515427,0.175376687180706,"C1QTNF3;F2RL1;MAP2K5"
"Nitric Oxide Metabolic Process (GO:0046209)","3/16",0.783894966807208,0.99999537209541,0,0,0.720291257515427,0.175376687180706,"CYB5B;CYB5R3;MTARC1"
"Nuclear Chromosome Segregation (GO:0098813)","3/16",0.783894966807208,0.99999537209541,0,0,0.720291257515427,0.175376687180706,"INCENP;TRAPPC12;KLHDC8B"
"Pharyngeal System Development (GO:0060037)","3/16",0.783894966807208,0.99999537209541,0,0,0.720291257515427,0.175376687180706,"BMP7;ISL1;BMPR1A"
"Positive Regulation By Host Of Viral Transcription (GO:0043923)","3/16",0.783894966807208,0.99999537209541,0,0,0.720291257515427,0.175376687180706,"CTDP1;LEF1;NUCKS1"
"Positive Regulation Of Telomere Capping (GO:1904355)","3/16",0.783894966807208,0.99999537209541,0,0,0.720291257515427,0.175376687180706,"MAPK1;NEK2;MAP3K4"
"Protein Localization To Mitochondrion (GO:0070585)","3/16",0.783894966807208,0.99999537209541,0,0,0.720291257515427,0.175376687180706,"MTCH2;HK2;HK1"
"Regulation Of DNA Strand Elongation (GO:0060382)","3/16",0.783894966807208,0.99999537209541,0,0,0.720291257515427,0.175376687180706,"INO80C;RUVBL1;NUCKS1"
"Regulation Of Autophagosome Maturation (GO:1901096)","3/16",0.783894966807208,0.99999537209541,0,0,0.720291257515427,0.175376687180706,"FYCO1;IRGM;TECPR1"
"Regulation Of Interleukin-1 Production (GO:0032652)","3/16",0.783894966807208,0.99999537209541,0,0,0.720291257515427,0.175376687180706,"ORM1;CCR7;ORM2"
"Regulation Of Natural Killer Cell Activation (GO:0032814)","3/16",0.783894966807208,0.99999537209541,0,0,0.720291257515427,0.175376687180706,"LEP;PRDM1;TICAM1"
"Regulation Of Steroid Biosynthetic Process (GO:0050810)","3/16",0.783894966807208,0.99999537209541,0,0,0.720291257515427,0.175376687180706,"ASAH1;NR0B1;SIRT1"
"Retinal Metabolic Process (GO:0042574)","3/16",0.783894966807208,0.99999537209541,0,0,0.720291257515427,0.175376687180706,"ALDH1A3;RDH11;BCO1"
"Erythrocyte Differentiation (GO:0030218)","10/49",0.783966332725532,0.99999537209541,0,0,0.800103792668848,0.194736624019643,"TGFBR3;HSPA9;LYN;MFHAS1;DYRK3;MYB;INHBA;CDIN1;CDK5RAP3;VEGFA"
"Interferon-Mediated Signaling Pathway (GO:0140888)","10/49",0.783966332725532,0.99999537209541,0,0,0.800103792668848,0.194736624019643,"IFNA5;HDAC4;HCK;TBK1;TRAF3;IL10RB;STAT1;IFNA2;TANK;IFNAR1"
"Sphingolipid Metabolic Process (GO:0006665)","20/94",0.785025158855799,0.99999537209541,0,0,0.84314032575622,0.204073273175228,"CERS3;CERS4;HACD1;ELOVL6;ELOVL7;CLN8;HACD3;SGPP2;SUMF1;SMPD3;NEU3;UGT8;SPTLC2;ENPP2;SPTSSB;DEGS1;PRKD1;DEGS2;PLPP3;NSMAF"
"Regulation Of Mitotic Cell Cycle (GO:0007346)","27/125",0.786436518884208,0.99999537209541,0,0,0.859363434492968,0.206456284349713,"FOXA1;RB1;APP;FOXC1;CDCA2;ANAPC16;MKI67;CDC23;NEK2;SOX9;BRINP3;EIF4E;CDK5RAP3;NKX3-1;NEK9;CAV2;CCDC57;USP22;GBF1;PRKCA;SIRT1;SMOC2;TRIM35;GAS1;TTLL12;ANAPC1;LGMN"
"Negative Regulation Of Interleukin-2 Production (GO:0032703)","4/21",0.786822133834918,0.99999537209541,0,0,0.734371966608426,0.176067927200806,"HOMER2;TNFAIP3;EZR;GBP1"
"Negative Regulation Of Osteoclast Differentiation (GO:0045671)","4/21",0.786822133834918,0.99999537209541,0,0,0.734371966608426,0.176067927200806,"LRRC17;ZNF675;FBN1;LTF"
"Negative Regulation Of Reactive Oxygen Species Metabolic Process (GO:2000378)","4/21",0.786822133834918,0.99999537209541,0,0,0.734371966608426,0.176067927200806,"PAGE4;PRKN;PARK7;COA8"
"Positive Regulation Of G2/M Transition Of Mitotic Cell Cycle (GO:0010971)","4/21",0.786822133834918,0.99999537209541,0,0,0.734371966608426,0.176067927200806,"RAD51B;CDC7;PHOX2B;STOX1"
"Positive Regulation Of Blood Coagulation (GO:0030194)","4/21",0.786822133834918,0.99999537209541,0,0,0.734371966608426,0.176067927200806,"CNTN1;ST3GAL4;EMILIN2;THBS1"
"Positive Regulation Of Translational Initiation (GO:0045948)","4/21",0.786822133834918,0.99999537209541,0,0,0.734371966608426,0.176067927200806,"YTHDF1;LARP1;DAZ2;MTOR"
"snRNA Metabolic Process (GO:0016073)","4/21",0.786822133834918,0.99999537209541,0,0,0.734371966608426,0.176067927200806,"INTS3;TUT1;INTS6;INTS9"
"Zinc Ion Transmembrane Transport (GO:0071577)","4/21",0.786822133834918,0.99999537209541,0,0,0.734371966608426,0.176067927200806,"SLC30A8;SLC30A5;SLC39A11;SLC30A1"
"cGMP Metabolic Process (GO:0046068)","2/11",0.787243167439467,0.99999537209541,0,0,0.693654066437572,0.165934606485651,"NPR2;PDE9A"
"Catecholamine Biosynthetic Process (GO:0042423)","2/11",0.787243167439467,0.99999537209541,0,0,0.693654066437572,0.165934606485651,"MOXD1;SNCA"
"Cell Differentiation In Hindbrain (GO:0021533)","2/11",0.787243167439467,0.99999537209541,0,0,0.693654066437572,0.165934606485651,"ATP7A;PHOX2B"
"Cellular Response To Acetylcholine (GO:1905145)","2/11",0.787243167439467,0.99999537209541,0,0,0.693654066437572,0.165934606485651,"CHRM3;CHRNA7"
"Cellular Response To Superoxide (GO:0071451)","2/11",0.787243167439467,0.99999537209541,0,0,0.693654066437572,0.165934606485651,"ATP7A;SOD3"
"Cellular Response To Thyroid Hormone Stimulus (GO:0097067)","2/11",0.787243167439467,0.99999537209541,0,0,0.693654066437572,0.165934606485651,"RDX;CTSH"
"Central Nervous System Myelination (GO:0022010)","2/11",0.787243167439467,0.99999537209541,0,0,0.693654066437572,0.165934606485651,"TENM4;CLU"
"Central Nervous System Neuron Axonogenesis (GO:0021955)","2/11",0.787243167439467,0.99999537209541,0,0,0.693654066437572,0.165934606485651,"MYCBP2;PHOX2B"
"Desensitization Of G Protein-Coupled Receptor Signaling Pathway (GO:0002029)","2/11",0.787243167439467,0.99999537209541,0,0,0.693654066437572,0.165934606485651,"GRK3;ADRB2"
"Digestive System Development (GO:0055123)","2/11",0.787243167439467,0.99999537209541,0,0,0.693654066437572,0.165934606485651,"CLMP;COBL"
"Endosomal Lumen Acidification (GO:0048388)","2/11",0.787243167439467,0.99999537209541,0,0,0.693654066437572,0.165934606485651,"ATP6AP2;ATP6V1H"
"Intestinal Absorption (GO:0050892)","2/11",0.787243167439467,0.99999537209541,0,0,0.693654066437572,0.165934606485651,"LEP;CD36"
"Intestinal Lipid Absorption (GO:0098856)","2/11",0.787243167439467,0.99999537209541,0,0,0.693654066437572,0.165934606485651,"NPC1;CD36"
"Leukotriene D4 Metabolic Process (GO:1901748)","2/11",0.787243167439467,0.99999537209541,0,0,0.693654066437572,0.165934606485651,"GGT3P;GGT1"
"Lysosomal Membrane Organization (GO:0097212)","2/11",0.787243167439467,0.99999537209541,0,0,0.693654066437572,0.165934606485651,"LAPTM4B;CHMP1B"
"Macrophage Activation Involved In Immune Response (GO:0002281)","2/11",0.787243167439467,0.99999537209541,0,0,0.693654066437572,0.165934606485651,"SYK;DYSF"
"Magnesium Ion Transport (GO:0015693)","2/11",0.787243167439467,0.99999537209541,0,0,0.693654066437572,0.165934606485651,"TUSC3;SLC41A1"
"Maintenance Of Protein Localization In Endoplasmic Reticulum (GO:0035437)","2/11",0.787243167439467,0.99999537209541,0,0,0.693654066437572,0.165934606485651,"INSIG2;KDELR2"
"Mitochondrion Distribution (GO:0048311)","2/11",0.787243167439467,0.99999537209541,0,0,0.693654066437572,0.165934606485651,"DNM1L;MTM1"
"Negative Regulation Of Amyloid Fibril Formation (GO:1905907)","2/11",0.787243167439467,0.99999537209541,0,0,0.693654066437572,0.165934606485651,"IAPP;CLU"
"Negative Regulation Of Bone Remodeling (GO:0046851)","2/11",0.787243167439467,0.99999537209541,0,0,0.693654066437572,0.165934606485651,"GREM1;TNFAIP3"
"Negative Regulation Of Leukocyte Chemotaxis (GO:0002689)","2/11",0.787243167439467,0.99999537209541,0,0,0.693654066437572,0.165934606485651,"GREM1;RIN3"
"Negative Regulation Of Microtubule Polymerization (GO:0031115)","2/11",0.787243167439467,0.99999537209541,0,0,0.693654066437572,0.165934606485651,"STMN2;SNCA"
"Negative Regulation Of Nitrogen Compound Metabolic Process (GO:0051172)","2/11",0.787243167439467,0.99999537209541,0,0,0.693654066437572,0.165934606485651,"CLTC;ACMSD"
"Negative Regulation Of Vascular Permeability (GO:0043116)","2/11",0.787243167439467,0.99999537209541,0,0,0.693654066437572,0.165934606485651,"FERMT2;VEGFA"
"Negative Regulation Of Voltage-Gated Potassium Channel Activity (GO:1903817)","2/11",0.787243167439467,0.99999537209541,0,0,0.693654066437572,0.165934606485651,"KCNE4;CAV1"
"Phosphatidylinositol-3-Phosphate Biosynthetic Process (GO:0036092)","2/11",0.787243167439467,0.99999537209541,0,0,0.693654066437572,0.165934606485651,"PIK3C3;PIK3CB"
"Positive Regulation Of Keratinocyte Proliferation (GO:0010838)","2/11",0.787243167439467,0.99999537209541,0,0,0.693654066437572,0.165934606485651,"NOTCH2;FGF10"
"Positive Regulation Of Mitotic Cell Cycle Spindle Assembly Checkpoint (GO:0090267)","2/11",0.787243167439467,0.99999537209541,0,0,0.693654066437572,0.165934606485651,"GEN1;INCENP"
"Positive Regulation Of Muscle Contraction (GO:0045933)","2/11",0.787243167439467,0.99999537209541,0,0,0.693654066437572,0.165934606485651,"SRF;TACR2"
"Positive Regulation Of Spindle Checkpoint (GO:0090232)","2/11",0.787243167439467,0.99999537209541,0,0,0.693654066437572,0.165934606485651,"GEN1;INCENP"
"Post-Transcriptional Gene Silencing (GO:0016441)","2/11",0.787243167439467,0.99999537209541,0,0,0.693654066437572,0.165934606485651,"MOV10L1;GIGYF2"
"pre-mRNA Cleavage Required For Polyadenylation (GO:0098789)","2/11",0.787243167439467,0.99999537209541,0,0,0.693654066437572,0.165934606485651,"CPSF7;TUT1"
"Protein Localization To Kinetochore (GO:0034501)","2/11",0.787243167439467,0.99999537209541,0,0,0.693654066437572,0.165934606485651,"ZWILCH;TTK"
"Purine Ribonucleoside Monophosphate Biosynthetic Process (GO:0009168)","2/11",0.787243167439467,0.99999537209541,0,0,0.693654066437572,0.165934606485651,"AMPD2;ADSS2"
"Pyrimidine Nucleobase Metabolic Process (GO:0006206)","2/11",0.787243167439467,0.99999537209541,0,0,0.693654066437572,0.165934606485651,"DPYSL5;DPYD"
"Regulation Of CD4-positive, Alpha-Beta T Cell Differentiation (GO:0043370)","2/11",0.787243167439467,0.99999537209541,0,0,0.693654066437572,0.165934606485651,"RUNX3;SH3RF1"
"Regulation Of Alcohol Biosynthetic Process (GO:1902930)","2/11",0.787243167439467,0.99999537209541,0,0,0.693654066437572,0.165934606485651,"SEC14L2;MBTPS1"
"Regulation Of Astrocyte Differentiation (GO:0048710)","2/11",0.787243167439467,0.99999537209541,0,0,0.693654066437572,0.165934606485651,"EPHA4;SERPINE2"
"Regulation Of Cell Communication By Electrical Coupling Involved In Cardiac Conduction (GO:1901844)","2/11",0.787243167439467,0.99999537209541,0,0,0.693654066437572,0.165934606485651,"CAMK2D;CAV1"
"Regulation Of Glycogen Metabolic Process (GO:0070873)","2/11",0.787243167439467,0.99999537209541,0,0,0.693654066437572,0.165934606485651,"RUBCNL;PPP1R3A"
"Regulation Of Leukocyte Cell-Cell Adhesion (GO:1903037)","2/11",0.787243167439467,0.99999537209541,0,0,0.693654066437572,0.165934606485651,"WNK1;SKAP1"
"Regulation Of Microtubule-Based Movement (GO:0060632)","2/11",0.787243167439467,0.99999537209541,0,0,0.693654066437572,0.165934606485651,"CLXN;TTC21B"
"Regulation Of Protein K63-linked Ubiquitination (GO:1900044)","2/11",0.787243167439467,0.99999537209541,0,0,0.693654066437572,0.165934606485651,"UBE2N;UBE2V2"
"Response To Nitric Oxide (GO:0071731)","2/11",0.787243167439467,0.99999537209541,0,0,0.693654066437572,0.165934606485651,"KCNC2;CCR7"
"Self Proteolysis (GO:0097264)","2/11",0.787243167439467,0.99999537209541,0,0,0.693654066437572,0.165934606485651,"IHH;LGMN"
"sno(s)RNA 3'-End Processing (GO:0031126)","2/11",0.787243167439467,0.99999537209541,0,0,0.693654066437572,0.165934606485651,"PARN;TENT4B"
"Negative Regulation Of Protein Metabolic Process (GO:0051248)","32/147",0.787544624271616,0.99999537209541,0,0,0.867862168500812,0.207276072899017,"PHB1;SERPINE2;ROCK1;ITGB3;FMN2;HMGCR;MALSU1;CLN8;CLU;TOB1;GIGYF2;EGFR;FXR1;CST3;RIDA;LARP1;TRIM2;DHX36;IGF2BP1;ITGAV;IGF2BP3;IGF2BP2;CDK5RAP3;BANP;EPHA4;RIC1;NHLRC3;CNOT10;ZAR1;DHFR;IAPP;LSM14A"
"Positive Regulation Of Stem Cell Population Maintenance (GO:1902459)","8/40",0.788863869154127,0.99999537209541,0,0,0.780140379851363,0.185019269677304,"SMARCC1;SIN3A;NCOA3;BRMS1L;TET1;SUDS3;ARID1A;SMARCA2"
"Protein Deacetylation (GO:0006476)","8/40",0.788863869154127,0.99999537209541,0,0,0.780140379851363,0.185019269677304,"HDAC4;HDAC5;BRMS1L;CHD3;SUDS3;TBL1X;HDAC8;SIRT1"
"Regulation Of Microtubule Polymerization (GO:0031113)","8/40",0.788863869154127,0.99999537209541,0,0,0.780140379851363,0.185019269677304,"STMN2;SLAIN1;MET;CLASP1;CAMSAP2;CDK5RAP2;SNCA;CDK5R1"
"Regulation Of Small Molecule Metabolic Process (GO:0062012)","8/40",0.788863869154127,0.99999537209541,0,0,0.780140379851363,0.185019269677304,"PRKN;NCOR2;ACADL;PDK4;PRKAG2;SIRT1;ABCG1;TTC39B"
"Retinoid Metabolic Process (GO:0001523)","8/40",0.788863869154127,0.99999537209541,0,0,0.780140379851363,0.185019269677304,"KDM5A;ALDH1A3;ADH1B;RDH11;ALDH1A1;NAPEPLD;AKR1B1;BCO1"
"Plasma Membrane Organization (GO:0007009)","15/72",0.790805345800238,0.99999537209541,0,0,0.821028693296193,0.192698248571725,"COLEC12;CAVIN2;MYOF;CXCR4;ANK2;ANK3;FNBP1L;SNX18;SERP1;BIN1;PLSCR2;CHMP1B;PACSIN2;MYH9;DEGS1"
"Phosphatidylinositol Metabolic Process (GO:0046488)","13/63",0.791306325282962,0.99999537209541,0,0,0.811217193635049,0.18988170818481,"MTMR1;VAC14;MTMR2;LPGAT1;MTMR3;PLA2G4E;LCLAT1;MTM1;FIG4;INPP4B;SYNJ1;PIP5K1A;IP6K3"
"Regulation Of Cellular Catabolic Process (GO:0031329)","13/63",0.791306325282962,0.99999537209541,0,0,0.811217193635049,0.18988170818481,"PRKN;MTMR3;ROCK1;ITPR1;RPTOR;ABL1;KAT8;PIP4K2A;ABL2;PIK3C3;ATM;DRAM2;BOK"
"DNA-templated Transcription Elongation (GO:0006354)","5/26",0.792187001177788,0.99999537209541,0,0,0.7430713155904,0.173104260735906,"PBRM1;CTDP1;PEX2;SUPT5H;GTF2F2"
"Calcium-Ion Regulated Exocytosis (GO:0017156)","5/26",0.792187001177788,0.99999537209541,0,0,0.7430713155904,0.173104260735906,"RIMS2;RIMS1;SYT4;SYT13;SYT9"
"Histone H3-K4 Methylation (GO:0051568)","5/26",0.792187001177788,0.99999537209541,0,0,0.7430713155904,0.173104260735906,"KMT2D;KMT2C;SETD1B;DPY30;KDM6A"
"Mitotic Spindle Assembly Checkpoint Signaling (GO:0007094)","5/26",0.792187001177788,0.99999537209541,0,0,0.7430713155904,0.173104260735906,"ZWILCH;TTK;TEX14;ATM;BUB1"
"Mitotic Spindle Checkpoint Signaling (GO:0071174)","5/26",0.792187001177788,0.99999537209541,0,0,0.7430713155904,0.173104260735906,"ZWILCH;TTK;TEX14;ATM;BUB1"
"Negative Regulation Of Catalytic Activity (GO:0043086)","5/26",0.792187001177788,0.99999537209541,0,0,0.7430713155904,0.173104260735906,"CAND1;PPP1R12A;SLN;TMBIM1;SIRT1"
"Positive Regulation Of Phosphatidylinositol 3-Kinase Activity (GO:0043552)","5/26",0.792187001177788,0.99999537209541,0,0,0.7430713155904,0.173104260735906,"CCR7;AMBRA1;PRKD1;TEK;ATG14"
"Protein Export From Nucleus (GO:0006611)","5/26",0.792187001177788,0.99999537209541,0,0,0.7430713155904,0.173104260735906,"NUP42;SMURF1;CSE1L;XPO7;RAN"
"Regulation Of Actin Filament Bundle Assembly (GO:0032231)","5/26",0.792187001177788,0.99999537209541,0,0,0.7430713155904,0.173104260735906,"PRKN;ROCK1;SYNPO2L;RDX;MTSS1"
"Regulation Of Fatty Acid Biosynthetic Process (GO:0042304)","5/26",0.792187001177788,0.99999537209541,0,0,0.7430713155904,0.173104260735906,"KAT2B;MLXIPL;LPGAT1;SLC45A3;PDK4"
"Regulation Of Vascular Endothelial Growth Factor Production (GO:0010574)","5/26",0.792187001177788,0.99999537209541,0,0,0.7430713155904,0.173104260735906,"CCBE1;GATA4;IL6ST;ISL1;CCR2"
"Spindle Assembly Checkpoint Signaling (GO:0071173)","5/26",0.792187001177788,0.99999537209541,0,0,0.7430713155904,0.173104260735906,"ZWILCH;TTK;TEX14;ATM;BUB1"
"Apical Junction Assembly (GO:0043297)","11/54",0.793244680905383,0.99999537209541,0,0,0.798196605544693,0.184881134556447,"CLDN22;CLDN10;CHAF1B;DLG1;WDR1;APC;CLDN8;CLDN23;STRN;GRHL2;VCL"
"Positive Regulation Of Leukocyte Chemotaxis (GO:0002690)","11/54",0.793244680905383,0.99999537209541,0,0,0.798196605544693,0.184881134556447,"CCR1;CSF1;NEDD9;MAPK1;F2RL1;CCR7;IL6R;THBS1;CCR2;VEGFA;LGMN"
"Positive Regulation Of NF-kappaB Transcription Factor Activity (GO:0051092)","33/152",0.795603615687564,0.99999537209541,0,0,0.86484869938845,0.197751276589415,"ALK;APP;EDA;AKR1B1;NOD1;BCL10;CLU;EDA2R;MTDH;TRIM8;IRAK2;TNFSF11;CD36;MAP3K7;PRKCH;PRKCB;RIPK2;CAV1;WNT5A;STAT3;TRAF1;TICAM1;AGT;FER;SLCO3A1;TRAF6;UBE2N;TRIM14;PRKD1;MAP3K13;CLOCK;IL18R1;LTF"
"Determination Of Left/Right Symmetry (GO:0007368)","9/45",0.797426013365523,0.99999537209541,0,0,0.780094982448895,0.176587153850343,"ODAD2;KIF3B;CITED2;ZIC3;DNAH5;FOXJ1;RFX3;DNAI1;CCDC40"
"Mitotic Nuclear Division (GO:0140014)","9/45",0.797426013365523,0.99999537209541,0,0,0.780094982448895,0.176587153850343,"EPS8;CTDP1;KIF3B;NCAPG2;KLHDC8B;KNSTRN;CLASP1;RAN;CLASP2"
"Zymogen Activation (GO:0031638)","9/45",0.797426013365523,0.99999537209541,0,0,0.780094982448895,0.176587153850343,"CYFIP2;F9;ASPH;RIPK2;PERP;CTSH;CYCS;GGT1;LGMN"
"Intracellular Calcium Ion Homeostasis (GO:0006874)","30/139",0.797624218121428,0.99999537209541,0,0,0.858393677297098,0.194098001474815,"RYR2;CAMK2D;SLC24A4;SLC24A3;CHRNA7;ATP2A2;PSEN1;ATP2C2;ATP2C1;SLC8A1;GPER1;CDH23;TUNAR;CCR2;CCR1;SLC10A7;TRPC3;CAV2;CAV1;ANK2;SLC30A1;TMEM64;ATP1B1;PML;BCL2;MICU3;ATP13A3;MICU1;SLC24A5;TPT1"
"Cellular Response To Oxidative Stress (GO:0034599)","25/117",0.798063723948788,0.99999537209541,0,0,0.847587393376028,0.191187601597337,"VKORC1L1;SRXN1;UCP1;SUMO4;PRR5L;PARK7;EGFR;CAMKK2;ABL1;MAPK1;SNCA;PNPT1;PARP1;ERCC6L2;TPM1;GSR;SLC4A11;PEX2;PEX10;FOS;DHRS2;FER;ATM;PRKD1;CPEB2"
"Non-Motile Cilium Assembly (GO:1905515)","6/31",0.79856532193313,0.99999537209541,0,0,0.748972348328518,0.168472723218396,"BBS10;C2CD3;TBC1D32;IFT57;BBS4;CEP89"
"Organic Cation Transport (GO:0015695)","6/31",0.79856532193313,0.99999537209541,0,0,0.748972348328518,0.168472723218396,"SLC22A4;SLC22A16;SLC22A1;SLC25A42;SLC6A3;SLC29A3"
"Positive Regulation Of Lamellipodium Organization (GO:1902745)","6/31",0.79856532193313,0.99999537209541,0,0,0.748972348328518,0.168472723218396,"ACTR3;CARMIL1;AUTS2;ENPP2;FSCN1;ARHGEF7"
"Regulation Of Protein Localization To Cell Surface (GO:2000008)","6/31",0.79856532193313,0.99999537209541,0,0,0.748972348328518,0.168472723218396,"GBF1;NEDD4L;TAX1BP3;COMMD1;GPD1L;PICALM"
"Regulation Of Response To Biotic Stimulus (GO:0002831)","6/31",0.79856532193313,0.99999537209541,0,0,0.748972348328518,0.168472723218396,"TRAF3;ERAP1;GATA6;CD36;CD55;N4BP1"
"Negative Regulation Of Binding (GO:0051100)","18/86",0.800068584492289,0.99999537209541,0,0,0.825768453844094,0.184194114750739,"ILRUN;GSK3B;CDKN1A;ROCK1;CAV1;LEF1;SUMO4;HMGA2;ARHGAP28;PARK7;SORL1;NFKBIA;DAB2;SLN;CFHR5;ITGB1BP1;TMBIM6;CAMK1"
"Cellular Response To Chemokine (GO:1990869)","12/59",0.801962150520341,0.99999537209541,0,0,0.796606295058906,0.175806123011526,"CCR1;RIPOR2;FOXC1;CXCL8;LRCH1;WNK1;DOCK8;STK39;CXCL13;CCL18;CCR2;PF4"
"Chordate Embryonic Development (GO:0043009)","12/59",0.801962150520341,0.99999537209541,0,0,0.796606295058906,0.175806123011526,"FLCN;ARNT2;PTPRR;WNT11;INTU;WNT7B;WNT5A;XYLT1;ISL1;BMP7;GRHL2;VEGFA"
"Negative Regulation Of Sequestering Of Calcium Ion (GO:0051283)","7/36",0.805329585162776,0.99999537209541,0,0,0.753232981032703,0.163077699329066,"RYR2;IBTK;ITPR1;ITPR2;CCR7;DRD2;CLU"
"Positive Regulation Of Transport (GO:0051050)","10/50",0.805584813513858,0.99999537209541,0,0,0.78004956629492,0.168636410924114,"GSK3B;DAB2;CHRM1;ANXA1;RXRA;MYL1;AKT2;CBLL1;BOK;SNCA"
"Positive Regulation Of Tumor Necrosis Factor Superfamily Cytokine Production (GO:1903557)","17/82",0.808086978753075,0.99999537209541,0,0,0.815880995943044,0.173852474646461,"CD86;APP;IL33;ORM1;SYK;FZD5;WNT5A;STAT3;BCL10;PSEN1;CLU;ORM2;ISL1;THBS1;LCP1;CCR2;PF4"
"Protein N-linked Glycosylation (GO:0006487)","13/64",0.810171663664006,0.99999537209541,0,0,0.795258297574041,0.167409127035544,"ALG8;ST6GAL1;B4GALT1;ALG6;TUSC3;ALG10;MGAT4C;DAD1;MGAT5;MAN1C1;MLEC;STT3B;ALG10B"
"'De Novo' AMP Biosynthetic Process (GO:0044208)","1/6",0.811266284103699,0.99999537209541,0,0,0.624324881467739,0.130583129368431,"ADSS2"
"ATF6-mediated Unfolded Protein Response (GO:0036500)","1/6",0.811266284103699,0.99999537209541,0,0,0.624324881467739,0.130583129368431,"MBTPS1"
"AV Node Cell To Bundle Of His Cell Communication (GO:0086067)","1/6",0.811266284103699,0.99999537209541,0,0,0.624324881467739,0.130583129368431,"GJC3"
"CENP-A Containing Chromatin Assembly (GO:0034080)","1/6",0.811266284103699,0.99999537209541,0,0,0.624324881467739,0.130583129368431,"CENPW"
"DNA Strand Resection Involved In Replication Fork Processing (GO:0110025)","1/6",0.811266284103699,0.99999537209541,0,0,0.624324881467739,0.130583129368431,"RBBP8"
"G-quadruplex DNA Unwinding (GO:0044806)","1/6",0.811266284103699,0.99999537209541,0,0,0.624324881467739,0.130583129368431,"DHX36"
"IRE1-mediated Unfolded Protein Response (GO:0036498)","1/6",0.811266284103699,0.99999537209541,0,0,0.624324881467739,0.130583129368431,"PTPN1"
"L-methionine Salvage (GO:0071267)","1/6",0.811266284103699,0.99999537209541,0,0,0.624324881467739,0.130583129368431,"ENOPH1"
"RIG-I Signaling Pathway (GO:0039529)","1/6",0.811266284103699,0.99999537209541,0,0,0.624324881467739,0.130583129368431,"PHB1"
"SA Node Cell Action Potential (GO:0086015)","1/6",0.811266284103699,0.99999537209541,0,0,0.624324881467739,0.130583129368431,"CACNA1D"
"Actin Filament Reorganization (GO:0090527)","1/6",0.811266284103699,0.99999537209541,0,0,0.624324881467739,0.130583129368431,"NEDD9"
"Aggrephagy (GO:0035973)","1/6",0.811266284103699,0.99999537209541,0,0,0.624324881467739,0.130583129368431,"MAP1LC3C"
"Aldehyde Biosynthetic Process (GO:0046184)","1/6",0.811266284103699,0.99999537209541,0,0,0.624324881467739,0.130583129368431,"DDR2"
"Amino-Acid Betaine Metabolic Process (GO:0006577)","1/6",0.811266284103699,0.99999537209541,0,0,0.624324881467739,0.130583129368431,"CPT2"
"Cardiac Pacemaker Cell Development (GO:0060926)","1/6",0.811266284103699,0.99999537209541,0,0,0.624324881467739,0.130583129368431,"ISL1"
"Cellular Response To Bacterial Lipopeptide (GO:0071221)","1/6",0.811266284103699,0.99999537209541,0,0,0.624324881467739,0.130583129368431,"CD36"
"Cellular Response To Gonadotropin Stimulus (GO:0071371)","1/6",0.811266284103699,0.99999537209541,0,0,0.624324881467739,0.130583129368431,"WT1"
"Cellular Response To Monoamine Stimulus (GO:0071868)","1/6",0.811266284103699,0.99999537209541,0,0,0.624324881467739,0.130583129368431,"TGM2"
"Cellular Response To Prostaglandin E Stimulus (GO:0071380)","1/6",0.811266284103699,0.99999537209541,0,0,0.624324881467739,0.130583129368431,"PTGER2"
"Chromatin Remodeling At Centromere (GO:0031055)","1/6",0.811266284103699,0.99999537209541,0,0,0.624324881467739,0.130583129368431,"CENPW"
"Clathrin Coat Disassembly (GO:0072318)","1/6",0.811266284103699,0.99999537209541,0,0,0.624324881467739,0.130583129368431,"SYNJ1"
"Clathrin-Coated Vesicle Cargo Loading (GO:0035652)","1/6",0.811266284103699,0.99999537209541,0,0,0.624324881467739,0.130583129368431,"AP3S2"
"Clathrin-Coated Vesicle Cargo Loading, AP-3-mediated (GO:0035654)","1/6",0.811266284103699,0.99999537209541,0,0,0.624324881467739,0.130583129368431,"AP3S2"
"Cytolysis By Host Of Symbiont Cells (GO:0051838)","1/6",0.811266284103699,0.99999537209541,0,0,0.624324881467739,0.130583129368431,"CFHR5"
"Dendrite Arborization (GO:0140059)","1/6",0.811266284103699,0.99999537209541,0,0,0.624324881467739,0.130583129368431,"PHACTR1"
"Establishment Of Mitotic Sister Chromatid Cohesion (GO:0034087)","1/6",0.811266284103699,0.99999537209541,0,0,0.624324881467739,0.130583129368431,"STAG1"
"Ethanol Catabolic Process (GO:0006068)","1/6",0.811266284103699,0.99999537209541,0,0,0.624324881467739,0.130583129368431,"SULT1E1"
"Gland Morphogenesis (GO:0022612)","1/6",0.811266284103699,0.99999537209541,0,0,0.624324881467739,0.130583129368431,"MSN"
"Glucan Catabolic Process (GO:0009251)","1/6",0.811266284103699,0.99999537209541,0,0,0.624324881467739,0.130583129368431,"PYGB"
"Glycerol-3-Phosphate Metabolic Process (GO:0006072)","1/6",0.811266284103699,0.99999537209541,0,0,0.624324881467739,0.130583129368431,"GPAM"
"Hindlimb Morphogenesis (GO:0035137)","1/6",0.811266284103699,0.99999537209541,0,0,0.624324881467739,0.130583129368431,"TBX4"
"Histidine Catabolic Process (GO:0006548)","1/6",0.811266284103699,0.99999537209541,0,0,0.624324881467739,0.130583129368431,"HDC"
"Histidine Metabolic Process (GO:0006547)","1/6",0.811266284103699,0.99999537209541,0,0,0.624324881467739,0.130583129368431,"HDC"
"Hyaluronan Biosynthetic Process (GO:0030213)","1/6",0.811266284103699,0.99999537209541,0,0,0.624324881467739,0.130583129368431,"CEMIP"
"Intracellular Sequestering Of Iron Ion (GO:0006880)","1/6",0.811266284103699,0.99999537209541,0,0,0.624324881467739,0.130583129368431,"FTMT"
"Intraciliary Transport Involved In Cilium Assembly (GO:0035735)","1/6",0.811266284103699,0.99999537209541,0,0,0.624324881467739,0.130583129368431,"SSX2IP"
"Locomotor Rhythm (GO:0045475)","1/6",0.811266284103699,0.99999537209541,0,0,0.624324881467739,0.130583129368431,"NCOR1"
"Long-Term Synaptic Depression (GO:0060292)","1/6",0.811266284103699,0.99999537209541,0,0,0.624324881467739,0.130583129368431,"PLK2"
"Lymphoid Progenitor Cell Differentiation (GO:0002320)","1/6",0.811266284103699,0.99999537209541,0,0,0.624324881467739,0.130583129368431,"SOX4"
"Macropinocytosis (GO:0044351)","1/6",0.811266284103699,0.99999537209541,0,0,0.624324881467739,0.130583129368431,"DOCK2"
"Metanephric Nephron Tubule Development (GO:0072234)","1/6",0.811266284103699,0.99999537209541,0,0,0.624324881467739,0.130583129368431,"WNT7B"
"Monoacylglycerol Biosynthetic Process (GO:0006640)","1/6",0.811266284103699,0.99999537209541,0,0,0.624324881467739,0.130583129368431,"MOGAT2"
"Monoacylglycerol Catabolic Process (GO:0052651)","1/6",0.811266284103699,0.99999537209541,0,0,0.624324881467739,0.130583129368431,"FAAH"
"Negative Regulation Of RIG-I Signaling Pathway (GO:0039536)","1/6",0.811266284103699,0.99999537209541,0,0,0.624324881467739,0.130583129368431,"NPLOC4"
"Negative Regulation Of Dendritic Cell Apoptotic Process (GO:2000669)","1/6",0.811266284103699,0.99999537209541,0,0,0.624324881467739,0.130583129368431,"CCR7"
"Negative Regulation Of Digestive System Process (GO:0060457)","1/6",0.811266284103699,0.99999537209541,0,0,0.624324881467739,0.130583129368431,"NEUROG1"
"Negative Regulation Of Epidermal Cell Differentiation (GO:0045605)","1/6",0.811266284103699,0.99999537209541,0,0,0.624324881467739,0.130583129368431,"GRHL2"
"Negative Regulation Of Glycogen Metabolic Process (GO:0070874)","1/6",0.811266284103699,0.99999537209541,0,0,0.624324881467739,0.130583129368431,"GSK3B"
"Negative Regulation Of Membrane Protein Ectodomain Proteolysis (GO:0051045)","1/6",0.811266284103699,0.99999537209541,0,0,0.624324881467739,0.130583129368431,"ROCK1"
"Negative Regulation Of miRNA Processing (GO:1903799)","1/6",0.811266284103699,0.99999537209541,0,0,0.624324881467739,0.130583129368431,"STAT3"
"Negative Regulation Of Protein Sumoylation (GO:0033234)","1/6",0.811266284103699,0.99999537209541,0,0,0.624324881467739,0.130583129368431,"PARK7"
"Negative Regulation Of Response To Reactive Oxygen Species (GO:1901032)","1/6",0.811266284103699,0.99999537209541,0,0,0.624324881467739,0.130583129368431,"PARK7"
"Negative Regulation Of Ruffle Assembly (GO:1900028)","1/6",0.811266284103699,0.99999537209541,0,0,0.624324881467739,0.130583129368431,"KANK1"
"Neurotransmitter Receptor Transport, Endosome To Postsynaptic Membrane (GO:0098887)","1/6",0.811266284103699,0.99999537209541,0,0,0.624324881467739,0.130583129368431,"LRRC7"
"Norepinephrine Biosynthetic Process (GO:0042421)","1/6",0.811266284103699,0.99999537209541,0,0,0.624324881467739,0.130583129368431,"MOXD1"
"Nuclear Polyadenylation-Dependent ncRNA Catabolic Process (GO:0071046)","1/6",0.811266284103699,0.99999537209541,0,0,0.624324881467739,0.130583129368431,"ZCCHC7"
"Nuclear Polyadenylation-Dependent rRNA Catabolic Process (GO:0071035)","1/6",0.811266284103699,0.99999537209541,0,0,0.624324881467739,0.130583129368431,"ZCCHC7"
"Nuclear Polyadenylation-Dependent tRNA Catabolic Process (GO:0071038)","1/6",0.811266284103699,0.99999537209541,0,0,0.624324881467739,0.130583129368431,"ZCCHC7"
"Nucleoside Diphosphate Catabolic Process (GO:0009134)","1/6",0.811266284103699,0.99999537209541,0,0,0.624324881467739,0.130583129368431,"ENTPD6"
"Peptidyl-Arginine Modification (GO:0018195)","1/6",0.811266284103699,0.99999537209541,0,0,0.624324881467739,0.130583129368431,"PARK7"
"Pharyngeal Arch Artery Morphogenesis (GO:0061626)","1/6",0.811266284103699,0.99999537209541,0,0,0.624324881467739,0.130583129368431,"BMPR1A"
"Polyadenylation-Dependent snoRNA 3'-End Processing (GO:0071051)","1/6",0.811266284103699,0.99999537209541,0,0,0.624324881467739,0.130583129368431,"PARN"
"Positive Regulation Of ER-associated Ubiquitin-Dependent Protein Catabolic Process (GO:1903071)","1/6",0.811266284103699,0.99999537209541,0,0,0.624324881467739,0.130583129368431,"CAV1"
"Positive Regulation Of Activation Of Janus Kinase Activity (GO:0010536)","1/6",0.811266284103699,0.99999537209541,0,0,0.624324881467739,0.130583129368431,"IL6R"
"Positive Regulation Of Amyloid-Beta Clearance (GO:1900223)","1/6",0.811266284103699,0.99999537209541,0,0,0.624324881467739,0.130583129368431,"ROCK1"
"Positive Regulation Of Cell Killing (GO:0031343)","1/6",0.811266284103699,0.99999537209541,0,0,0.624324881467739,0.130583129368431,"SYK"
"Positive Regulation Of Cysteine-Type Endopeptidase Activity Involved In Apoptotic Signaling Pathway (GO:2001269)","1/6",0.811266284103699,0.99999537209541,0,0,0.624324881467739,0.130583129368431,"ST18"
"Positive Regulation Of Gastrulation (GO:2000543)","1/6",0.811266284103699,0.99999537209541,0,0,0.624324881467739,0.130583129368431,"TENM4"
"Positive Regulation Of Gliogenesis (GO:0014015)","1/6",0.811266284103699,0.99999537209541,0,0,0.624324881467739,0.130583129368431,"PRKCH"
"Positive Regulation Of Hormone Metabolic Process (GO:0032352)","1/6",0.811266284103699,0.99999537209541,0,0,0.624324881467739,0.130583129368431,"SLCO1C1"
"Positive Regulation Of Lamellipodium Morphogenesis (GO:2000394)","1/6",0.811266284103699,0.99999537209541,0,0,0.624324881467739,0.130583129368431,"ENPP2"
"Positive Regulation Of Leukocyte Tethering Or Rolling (GO:1903238)","1/6",0.811266284103699,0.99999537209541,0,0,0.624324881467739,0.130583129368431,"ST3GAL4"
"Positive Regulation Of Protein Localization To Centrosome (GO:1904781)","1/6",0.811266284103699,0.99999537209541,0,0,0.624324881467739,0.130583129368431,"GSK3B"
"Positive Regulation Of Receptor Catabolic Process (GO:2000646)","1/6",0.811266284103699,0.99999537209541,0,0,0.624324881467739,0.130583129368431,"PTPN1"
"Positive Regulation Of Toll-Like Receptor 3 Signaling Pathway (GO:0034141)","1/6",0.811266284103699,0.99999537209541,0,0,0.624324881467739,0.130583129368431,"F2RL1"
"Positive Regulation Of Trophoblast Cell Migration (GO:1901165)","1/6",0.811266284103699,0.99999537209541,0,0,0.624324881467739,0.130583129368431,"VEGFA"
"Positive Regulation Of Unsaturated Fatty Acid Biosynthetic Process (GO:2001280)","1/6",0.811266284103699,0.99999537209541,0,0,0.624324881467739,0.130583129368431,"ANXA1"
"Proteoglycan Catabolic Process (GO:0030167)","1/6",0.811266284103699,0.99999537209541,0,0,0.624324881467739,0.130583129368431,"NAGLU"
"Pyrimidine Ribonucleotide Biosynthetic Process (GO:0009220)","1/6",0.811266284103699,0.99999537209541,0,0,0.624324881467739,0.130583129368431,"DHODH"
"rDNA Heterochromatin Formation (GO:0000183)","1/6",0.811266284103699,0.99999537209541,0,0,0.624324881467739,0.130583129368431,"SIRT1"
"Receptor-Mediated Virion Attachment To Host Cell (GO:0046813)","1/6",0.811266284103699,0.99999537209541,0,0,0.624324881467739,0.130583129368431,"DPP4"
"Regulation Of MDA-5 Signaling Pathway (GO:0039533)","1/6",0.811266284103699,0.99999537209541,0,0,0.624324881467739,0.130583129368431,"DDX60"
"Regulation Of MHC Class I Biosynthetic Process (GO:0045343)","1/6",0.811266284103699,0.99999537209541,0,0,0.624324881467739,0.130583129368431,"HSPH1"
"Regulation Of Rab Protein Signal Transduction (GO:0032483)","1/6",0.811266284103699,0.99999537209541,0,0,0.624324881467739,0.130583129368431,"ETFA"
"Regulation Of SA Node Cell Action Potential (GO:0098907)","1/6",0.811266284103699,0.99999537209541,0,0,0.624324881467739,0.130583129368431,"RYR2"
"Regulation Of T Cell Tolerance Induction (GO:0002664)","1/6",0.811266284103699,0.99999537209541,0,0,0.624324881467739,0.130583129368431,"TGFBR2"
"Regulation Of TORC2 Signaling (GO:1903939)","1/6",0.811266284103699,0.99999537209541,0,0,0.624324881467739,0.130583129368431,"SIK3"
"Regulation Of Aldosterone Biosynthetic Process (GO:0032347)","1/6",0.811266284103699,0.99999537209541,0,0,0.624324881467739,0.130583129368431,"BMP6"
"Regulation Of Anion Channel Activity (GO:0010359)","1/6",0.811266284103699,0.99999537209541,0,0,0.624324881467739,0.130583129368431,"TCAF2"
"Regulation Of Bile Acid Metabolic Process (GO:1904251)","1/6",0.811266284103699,0.99999537209541,0,0,0.624324881467739,0.130583129368431,"SIRT1"
"Regulation Of Blood-Brain Barrier Permeability (GO:1905603)","1/6",0.811266284103699,0.99999537209541,0,0,0.624324881467739,0.130583129368431,"VEGFA"
"Regulation Of Cardiac Muscle Cell Membrane Potential (GO:0086036)","1/6",0.811266284103699,0.99999537209541,0,0,0.624324881467739,0.130583129368431,"FXYD1"
"Regulation Of Cellular Response To Hypoxia (GO:1900037)","1/6",0.811266284103699,0.99999537209541,0,0,0.624324881467739,0.130583129368431,"EPHA4"
"Regulation Of Cellular Response To Insulin Stimulus (GO:1900076)","1/6",0.811266284103699,0.99999537209541,0,0,0.624324881467739,0.130583129368431,"PPARG"
"Regulation Of Centriole Elongation (GO:1903722)","1/6",0.811266284103699,0.99999537209541,0,0,0.624324881467739,0.130583129368431,"CEP120"
"Regulation Of Collagen Fibril Organization (GO:1904026)","1/6",0.811266284103699,0.99999537209541,0,0,0.624324881467739,0.130583129368431,"RB1"
"Regulation Of Extracellular Matrix Assembly (GO:1901201)","1/6",0.811266284103699,0.99999537209541,0,0,0.624324881467739,0.130583129368431,"SMAD3"
"Regulation Of Histamine Secretion By Mast Cell (GO:1903593)","1/6",0.811266284103699,0.99999537209541,0,0,0.624324881467739,0.130583129368431,"VAMP3"
"Regulation Of Ketone Biosynthetic Process (GO:0010566)","1/6",0.811266284103699,0.99999537209541,0,0,0.624324881467739,0.130583129368431,"PPTC7"
"Regulation Of Lens Fiber Cell Differentiation (GO:1902746)","1/6",0.811266284103699,0.99999537209541,0,0,0.624324881467739,0.130583129368431,"SPRED1"
"Regulation Of Microglial Cell Migration (GO:1904139)","1/6",0.811266284103699,0.99999537209541,0,0,0.624324881467739,0.130583129368431,"CSF1"
"Regulation Of Microtubule Binding (GO:1904526)","1/6",0.811266284103699,0.99999537209541,0,0,0.624324881467739,0.130583129368431,"TTBK2"
"Regulation Of Muscle Organ Development (GO:0048634)","1/6",0.811266284103699,0.99999537209541,0,0,0.624324881467739,0.130583129368431,"NEUROG1"
"Regulation Of Prostaglandin Biosynthetic Process (GO:0031392)","1/6",0.811266284103699,0.99999537209541,0,0,0.624324881467739,0.130583129368431,"SIRT1"
"Regulation Of Pyruvate Dehydrogenase Activity (GO:1904182)","1/6",0.811266284103699,0.99999537209541,0,0,0.624324881467739,0.130583129368431,"PPM1H"
"Regulation Of Smooth Muscle Cell Differentiation (GO:0051150)","1/6",0.811266284103699,0.99999537209541,0,0,0.624324881467739,0.130583129368431,"SRF"
"Regulation Of Striated Muscle Cell Differentiation (GO:0051153)","1/6",0.811266284103699,0.99999537209541,0,0,0.624324881467739,0.130583129368431,"HDAC5"
"Regulation Of Striated Muscle Tissue Development (GO:0016202)","1/6",0.811266284103699,0.99999537209541,0,0,0.624324881467739,0.130583129368431,"MRTFB"
"Regulation Of Systemic Arterial Blood Pressure By Renin-Angiotensin (GO:0003081)","1/6",0.811266284103699,0.99999537209541,0,0,0.624324881467739,0.130583129368431,"AGT"
"Regulation Of Translational Termination (GO:0006449)","1/6",0.811266284103699,0.99999537209541,0,0,0.624324881467739,0.130583129368431,"GSPT1"
"Release Of Sequestered Calcium Ion Into Cytosol By Sarcoplasmic Reticulum (GO:0014808)","1/6",0.811266284103699,0.99999537209541,0,0,0.624324881467739,0.130583129368431,"RYR2"
"Response To Increased Oxygen Levels (GO:0036296)","1/6",0.811266284103699,0.99999537209541,0,0,0.624324881467739,0.130583129368431,"ATP6V0D1"
"Retinal Rod Cell Differentiation (GO:0060221)","1/6",0.811266284103699,0.99999537209541,0,0,0.624324881467739,0.130583129368431,"SOX9"
"Ribosomal Large Subunit Export From Nucleus (GO:0000055)","1/6",0.811266284103699,0.99999537209541,0,0,0.624324881467739,0.130583129368431,"RAN"
"Ribosomal Small Subunit Export From Nucleus (GO:0000056)","1/6",0.811266284103699,0.99999537209541,0,0,0.624324881467739,0.130583129368431,"RAN"
"Spinal Cord Dorsal/Ventral Patterning (GO:0021513)","1/6",0.811266284103699,0.99999537209541,0,0,0.624324881467739,0.130583129368431,"GLI2"
"Sulfur Amino Acid Catabolic Process (GO:0000098)","1/6",0.811266284103699,0.99999537209541,0,0,0.624324881467739,0.130583129368431,"FMO1"
"tRNA 3'-End Processing (GO:0042780)","1/6",0.811266284103699,0.99999537209541,0,0,0.624324881467739,0.130583129368431,"ELAC2"
"Toll-Like Receptor 3 Signaling Pathway (GO:0034138)","1/6",0.811266284103699,0.99999537209541,0,0,0.624324881467739,0.130583129368431,"SCIMP"
"Transcription-Dependent Tethering Of RNA Polymerase II Gene DNA At Nuclear Periphery (GO:0000972)","1/6",0.811266284103699,0.99999537209541,0,0,0.624324881467739,0.130583129368431,"NUP98"
"Vacuole Organization (GO:0007033)","1/6",0.811266284103699,0.99999537209541,0,0,0.624324881467739,0.130583129368431,"SPG11"
"Vascular Associated Smooth Muscle Contraction (GO:0014829)","1/6",0.811266284103699,0.99999537209541,0,0,0.624324881467739,0.130583129368431,"SLC8A1"
"Very Long-Chain Fatty Acid Catabolic Process (GO:0042760)","1/6",0.811266284103699,0.99999537209541,0,0,0.624324881467739,0.130583129368431,"ABCD3"
"Vesicle Fusion With Golgi Apparatus (GO:0048280)","1/6",0.811266284103699,0.99999537209541,0,0,0.624324881467739,0.130583129368431,"VTI1A"
"Regulation Of Protein Binding (GO:0043393)","25/118",0.811955036590257,0.99999537209541,0,0,0.838417860110356,0.174651087711982,"HDAC4;PRKN;APP;GSK3B;HDAC5;CDKN1A;ROCK1;NVL;DERL1;PARK7;PSEN1;STK4;ADD1;B2M;MARK3;RIPK2;CAV1;SORL1;TIAM1;DAB2;CFHR5;ITGB1BP1;TMBIM6;CAMK1;RAN"
"Carbohydrate Catabolic Process (GO:0016052)","8/41",0.812174319602412,0.99999537209541,0,0,0.756449715987288,0.157372012646933,"GPI;NEU3;HKDC1;UCP2;PGAM4;ALDOB;HK2;HK1"
"Positive Regulation Of Response To Biotic Stimulus (GO:0002833)","8/41",0.812174319602412,0.99999537209541,0,0,0.756449715987288,0.157372012646933,"CD180;MMRN2;LY86;EMILIN2;PRKCA;CD1D;SCIMP;BMP6"
"Synaptic Vesicle Exocytosis (GO:0016079)","8/41",0.812174319602412,0.99999537209541,0,0,0.756449715987288,0.157372012646933,"RIMS2;SNAP25;RIMS1;SYT4;UNC13C;PCLO;STX11;SNCA"
"Ceramide Metabolic Process (GO:0006672)","11/55",0.813347982099595,0.99999537209541,0,0,0.780004131377815,0.161145919749778,"CERS3;CERS4;ASAH1;SPTLC2;SPTSSB;DEGS1;DEGS2;PLPP3;CLN8;CYP4F22;NSMAF"
"Purine Ribonucleotide Biosynthetic Process (GO:0009152)","11/55",0.813347982099595,0.99999537209541,0,0,0.780004131377815,0.161145919749778,"ADCY10;ADSL;GUCY1A1;NPR2;PRKAG2;AMPD2;ADCY1;ADSS2;ADCY7;SLC25A13;PAPSS1"
"Negative Regulation Of Nucleic Acid-Templated Transcription (GO:1903507)","103/456",0.814942388906705,0.99999537209541,0,0,0.909023936454193,0.186020710043031,"RB1;PHB1;ZBTB21;EHMT1;RBPJ;NR3C1;FERD3L;LOXL2;SALL1;CREB3L1;MYB;SCMH1;KAT8;KMT5A;SOX9;SOX7;TP63;MSX2;FBXW11;ZNF281;WNT5A;SOX13;RFX3;ARID5B;FOXP2;KAT6B;KAT6A;CLOCK;CTBP2;CTBP1;GATA6;PRDM11;NPAS1;ATXN1;PRDM16;ZNF703;SUDS3;ZNF423;SMAD4;NIBAN2;POU2F1;ATP8B1;SETDB2;HMGA1;HMGA2;NR0B1;NR1D2;NR2F2;SMARCA2;BMP7;MLXIPL;DAP;ZNF658;ID4;RCOR1;THRA;CITED2;KDM8;IFNA2;SUMO4;CHD3;LIMD1;GLI3;ING4;HHEX;YWHAQ;SIN3A;HEY2;CD38;NKX3-1;PRMT6;PARP1;PRMT2;CBFA2T2;SIRT1;COMMD7;NCOR2;NCOR1;TRAF6;LANCL2;DEPDC1;PPARG;HDAC4;HDAC5;ZNF350;CIPC;NR1I2;LEF1;RNF2;WNT11;BEND5;ATF7IP;KDM4A;WWP2;PML;TBX2;PER2;HEYL;PER1;WT1;TNP1;TRIM33;CDK5R1"
"Regulation Of Protein Metabolic Process (GO:0051246)","20/96",0.816180917733947,0.99999537209541,0,0,0.82084349947717,0.166729104229536,"APP;CSF1;CHRNA7;ELP1;MSI1;ELP3;MSI2;INHBA;ELP5;CNDP1;AGT;KLF2;NFKBIA;ATXN2;TRAF3;GEMIN5;GSAP;EIF4E;MAP2K5;METAP1"
"Regulation Of TOR Signaling (GO:0032006)","16/78",0.816469495338726,0.99999537209541,0,0,0.805037487659756,0.163234011882733,"DYRK3;TSC2;SIRT1;TTI1;RPTOR;FLCN;NUAK1;DEPTOR;LEP;DDIT4;GNA12;SH3BP4;GPAT3;RICTOR;SLC38A9;RFFL"
"Proteasome-Mediated Ubiquitin-Dependent Protein Catabolic Process (GO:0043161)","71/319",0.817329214865466,0.99999537209541,0,0,0.892224598713996,0.179973576637581,"GSK3B;CCNF;LTN1;PSMD8;CDC23;TRIM2;FBXO4;FBXO7;NHLRC3;FBXW11;USP44;UBE4B;ARMC8;AXIN2;PPP2R5C;SIRT1;KLHL42;RBX1;PSMA1;NEMF;CLOCK;ANAPC1;PRKN;ANAPC16;KLHL15;SEL1L;DERL1;NEDD4L;AMBRA1;FBXO44;FBXL21P;ECPAS;PSMB7;ZNRF1;PSMB4;COP1;RMND5A;TMEM67;PCBP2;DNAJB9;FEM1C;TBL1X;RFFL;MARCHF6;KLHDC10;SMURF1;FEM1B;EDEM1;SIAH2;FBXO38;FBXL17;FBXL18;PEX10;UBE2G1;WWP2;BFAR;UBE2G2;FBXL13;PML;KLHL20;NPLOC4;RNF103;GID4;APPBP2;APC;TRIP12;STT3B;FBXL5;FBXL4;FBXL7;RNF187"
"NAD Metabolic Process (GO:0019674)","4/22",0.817822122549793,0.99999537209541,0,0,0.693527686101943,0.139475644317901,"HAAO;GPD1L;MDH1B;NUDT12"
"Cellular Response To Cadmium Ion (GO:0071276)","4/22",0.817822122549793,0.99999537209541,0,0,0.693527686101943,0.139475644317901,"MAPK1;MT1X;FOS;EGFR"
"Homologous Chromosome Segregation (GO:0045143)","4/22",0.817822122549793,0.99999537209541,0,0,0.693527686101943,0.139475644317901,"TERB2;PTTG2;FMN2;PTTG3P"
"Negative Regulation Of Macroautophagy (GO:0016242)","4/22",0.817822122549793,0.99999537209541,0,0,0.693527686101943,0.139475644317901,"FEZ2;TSC2;MTOR;MTM1"
"Placenta Development (GO:0001890)","4/22",0.817822122549793,0.99999537209541,0,0,0.693527686101943,0.139475644317901,"LEP;TFEB;PPARG;E2F7"
"Positive Regulation Of Synaptic Transmission, Glutamatergic (GO:0051968)","4/22",0.817822122549793,0.99999537209541,0,0,0.693527686101943,0.139475644317901,"NLGN1;CACNG3;CACNG4;CCR2"
"Regulation Of Cardiac Muscle Cell Membrane Repolarization (GO:0099623)","4/22",0.817822122549793,0.99999537209541,0,0,0.693527686101943,0.139475644317901,"KCNH2;KCNE4;ANK2;CACNA1D"
"Regulation Of Protein Export From Nucleus (GO:0046825)","4/22",0.817822122549793,0.99999537209541,0,0,0.693527686101943,0.139475644317901,"GSK3B;FRAT2;PARK7;CAMK1"
"DNA-templated DNA Replication (GO:0006261)","14/69",0.81791887537942,0.99999537209541,0,0,0.79409974068924,0.159607791683067,"PRIM2;GINS2;MGME1;RFC3;MCM7;RFC1;GINS3;HMGA1;MCM10;ORC5;POLE2;RPA4;CDK2AP1;TOPBP1"
"NLS-bearing Protein Import Into Nucleus (GO:0006607)","3/17",0.818928375974873,0.99999537209541,0,0,0.668797690245411,0.133598125047711,"RANBP2;NUP35;RGPD3"
"Base Conversion Or Substitution Editing (GO:0016553)","3/17",0.818928375974873,0.99999537209541,0,0,0.668797690245411,0.133598125047711,"RBM47;ADARB1;ADARB2"
"Central Nervous System Neuron Development (GO:0021954)","3/17",0.818928375974873,0.99999537209541,0,0,0.668797690245411,0.133598125047711,"NTRK2;NPY;ATP7A"
"Embryonic Heart Tube Development (GO:0035050)","3/17",0.818928375974873,0.99999537209541,0,0,0.668797690245411,0.133598125047711,"RYR2;CITED2;TBX2"
"Epoxygenase P450 Pathway (GO:0019373)","3/17",0.818928375974873,0.99999537209541,0,0,0.668797690245411,0.133598125047711,"CYP2J2;CYP2A7;CYP2A6"
"Keratan Sulfate Metabolic Process (GO:0042339)","3/17",0.818928375974873,0.99999537209541,0,0,0.668797690245411,0.133598125047711,"ST3GAL4;ST3GAL6;ST3GAL3"
"Motile Cilium Assembly (GO:0044458)","3/17",0.818928375974873,0.99999537209541,0,0,0.668797690245411,0.133598125047711,"SPAG17;SPATA6;CCDC40"
"Negative Regulation Of Interleukin-8 Production (GO:0032717)","3/17",0.818928375974873,0.99999537209541,0,0,0.668797690245411,0.133598125047711,"ANXA4;CD33;MAP2K5"
"Negative Regulation Of Oxidative Stress-Induced Intrinsic Apoptotic Signaling Pathway (GO:1902176)","3/17",0.818928375974873,0.99999537209541,0,0,0.668797690245411,0.133598125047711,"PRKN;PARK7;SIRT1"
"Peroxisomal Membrane Transport (GO:0015919)","3/17",0.818928375974873,0.99999537209541,0,0,0.668797690245411,0.133598125047711,"ABCD3;PEX10;PEX2"
"Positive Regulation Of Alpha-Beta T Cell Proliferation (GO:0046641)","3/17",0.818928375974873,0.99999537209541,0,0,0.668797690245411,0.133598125047711,"SYK;CD55;TGFBR2"
"Positive Regulation Of Leukocyte Adhesion To Vascular Endothelial Cell (GO:1904996)","3/17",0.818928375974873,0.99999537209541,0,0,0.668797690245411,0.133598125047711,"NFAT5;TRAF6;ST3GAL4"
"Positive Regulation Of Peptidyl-Lysine Acetylation (GO:2000758)","3/17",0.818928375974873,0.99999537209541,0,0,0.668797690245411,0.133598125047711,"DIP2B;SOX4;GLYR1"
"Regulation Of DNA Methylation-Dependent Heterochromatin Formation (GO:0090308)","3/17",0.818928375974873,0.99999537209541,0,0,0.668797690245411,0.133598125047711,"ATF7IP;SETDB2;TET1"
"Regulation Of Glucose Transmembrane Transport (GO:0010827)","3/17",0.818928375974873,0.99999537209541,0,0,0.668797690245411,0.133598125047711,"PRKCB;PRKAG2;BRAF"
"Regulation Of Protein Sumoylation (GO:0033233)","3/17",0.818928375974873,0.99999537209541,0,0,0.668797690245411,0.133598125047711,"HDAC4;RWDD3;PARK7"
"Regulation Of Receptor Signaling Pathway Via STAT (GO:1904892)","3/17",0.818928375974873,0.99999537209541,0,0,0.668797690245411,0.133598125047711,"MGAT5;PPARG;IL7R"
"Regulation Of Telomerase RNA Localization To Cajal Body (GO:1904872)","3/17",0.818928375974873,0.99999537209541,0,0,0.668797690245411,0.133598125047711,"RUVBL1;PARN;DCP2"
"Regulation Of Tubulin Deacetylation (GO:0090043)","3/17",0.818928375974873,0.99999537209541,0,0,0.668797690245411,0.133598125047711,"KAT2B;TADA2A;MBIP"
"Response To Interferon-Alpha (GO:0035455)","3/17",0.818928375974873,0.99999537209541,0,0,0.668797690245411,0.133598125047711,"MX2;KLHL20;IFNAR1"
"Retrograde Protein Transport, ER To Cytosol (GO:0030970)","3/17",0.818928375974873,0.99999537209541,0,0,0.668797690245411,0.133598125047711,"NPLOC4;SEL1L;DERL1"
"Sulfur Amino Acid Metabolic Process (GO:0000096)","3/17",0.818928375974873,0.99999537209541,0,0,0.668797690245411,0.133598125047711,"SMS;FMO1;CDO1"
"B Cell Receptor Signaling Pathway (GO:0050853)","9/46",0.818942148222909,0.99999537209541,0,0,0.758961108537817,0.151596284296256,"VAV3;MEF2C;SYK;PRKCB;BLNK;BCL2;CD38;NFATC2;BCAR1"
"T Cell Differentiation (GO:0030217)","9/46",0.818942148222909,0.99999537209541,0,0,0.758961108537817,0.151596284296256,"ANXA1;USP44;LEP;SOX13;MR1;GLI3;NHEJ1;SOX4;ZFP36L1"
"Protein Sumoylation (GO:0016925)","9/46",0.818942148222909,0.99999537209541,0,0,0.758961108537817,0.151596284296256,"HDAC4;RANBP2;UHRF2;EYA1;ZMIZ2;NSMCE2;SUMO4;SMC6;PML"
"Response To Glucose (GO:0009749)","9/46",0.818942148222909,0.99999537209541,0,0,0.758961108537817,0.151596284296256,"SLC30A8;KCNB1;GPER1;UCP2;IRS2;LCP1;ZNF236;THBS1;SOX4"
"Organonitrogen Compound Biosynthetic Process (GO:1901566)","26/123",0.819363335448804,0.99999537209541,0,0,0.835948748403194,0.166544113424284,"PCSK1;HACD1;SLC44A3;HACD3;CSAD;SPTLC2;GPAT4;ST3GAL4;TYW1;SPTSSB;CERS3;CERS4;CHKA;APOA1;FMO1;ELOVL6;TYW1B;INHBA;ELOVL7;SGPP2;DEGS1;PRKD1;DEGS2;PLPP3;CDO1;PAM"
"Positive Regulation Of Epithelial Cell Proliferation (GO:0050679)","26/123",0.819363335448804,0.99999537209541,0,0,0.835948748403194,0.166544113424284,"SEMA5A;NOTCH2;YAP1;ITGB3;NRARP;AREG;EGFR;THBS4;ZNF703;ERBB2;KDR;SOX9;STAT5A;WNT5A;VASH2;PRKCA;SOX11;IGF1;SIRT1;BMP6;VEGFA;CNTN1;CDH13;PRKD1;TEK;FGF10"
"GPI Anchor Metabolic Process (GO:0006505)","5/27",0.820006829826061,0.99999537209541,0,0,0.70924845734006,0.140745114801929,"PIGC;PGAP2;SLC30A5;PIGZ;PIGV"
"Cell Surface Receptor Signaling Pathway Involved In Cell-Cell Signaling (GO:1905114)","5/27",0.820006829826061,0.99999537209541,0,0,0.70924845734006,0.140745114801929,"WNT7B;WNT5A;CPE;STRN;FERMT2"
"Establishment Of Protein Localization To Vacuole (GO:0072666)","5/27",0.820006829826061,0.99999537209541,0,0,0.70924845734006,0.140745114801929,"VPS13D;VPS13A;UBAP1;CACNG3;CACNG4"
"Iron-Sulfur Cluster Assembly (GO:0016226)","5/27",0.820006829826061,0.99999537209541,0,0,0.70924845734006,0.140745114801929,"HSPA9;GLRX3;LYRM4;BOLA2;CIAO3"
"Metallo-Sulfur Cluster Assembly (GO:0031163)","5/27",0.820006829826061,0.99999537209541,0,0,0.70924845734006,0.140745114801929,"HSPA9;GLRX3;LYRM4;BOLA2;CIAO3"
"Monoubiquitinated Histone H2A Deubiquitination (GO:0035522)","5/27",0.820006829826061,0.99999537209541,0,0,0.70924845734006,0.140745114801929,"KAT2B;TMEM98;ATXN7;USP22;RNF2"
"Monoubiquitinated Histone Deubiquitination (GO:0035521)","5/27",0.820006829826061,0.99999537209541,0,0,0.70924845734006,0.140745114801929,"KAT2B;TMEM98;ATXN7;USP22;RNF2"
"Peptidyl-Lysine Methylation (GO:0018022)","5/27",0.820006829826061,0.99999537209541,0,0,0.70924845734006,0.140745114801929,"SETD3;SETD7;EHMT1;ATPSCKMT;KMT5A"
"Positive Regulation Of Nitric Oxide Biosynthetic Process (GO:0045429)","5/27",0.820006829826061,0.99999537209541,0,0,0.70924845734006,0.140745114801929,"SMAD3;INSR;CD36;CLU;KLF2"
"Protein Quality Control For Misfolded Or Incompletely Synthesized Proteins (GO:0006515)","5/27",0.820006829826061,0.99999537209541,0,0,0.70924845734006,0.140745114801929,"KLHL15;CLPP;DERL1;FBXL17;PEX10"
"Regulation Of Actin Polymerization Or Depolymerization (GO:0008064)","5/27",0.820006829826061,0.99999537209541,0,0,0.70924845734006,0.140745114801929,"WDR1;ARHGAP40;ARHGAP28;ARHGAP35;MEGF9"
"Regulation Of Immunoglobulin Production (GO:0002637)","5/27",0.820006829826061,0.99999537209541,0,0,0.70924845734006,0.140745114801929,"CD86;GPI;PHB1;DNAJB9;VAMP3"
"protein-DNA Complex Organization (GO:0071824)","12/60",0.820731480611498,0.99999537209541,0,0,0.77995867768595,0.154088080126232,"HDAC5;TCF7L1;SETD7;ATRX;EHMT1;HMGA2;NUCKS1;HMG20A;TCF4;HDAC8;SIRT1;FAM50B"
"Epithelial Cell Differentiation (GO:0030855)","28/132",0.820960252784777,0.99999537209541,0,0,0.839616022451843,0.165639939140017,"YAP1;EHF;GATA6;KRT24;ZDHHC7;SCUBE1;KRT28;PTER;AKT2;ZNF703;KDR;E2F7;GSTK1;JAG1;ANXA1;KRT4;ANXA4;TDRD7;PLAAT3;GRHL2;VEGFA;DAB2;KRT16;WT1;VDAC1;PPARG;IRF6;CCNO"
"'De Novo' Post-Translational Protein Folding (GO:0051084)","6/32",0.823807843815152,0.99999537209541,0,0,0.720118098987269,0.139571832081956,"CHCHD4;HSPA9;DNAJB4;DNAJB12;SELENOF;DNAJC18"
"NIK/NF-kappaB Signaling (GO:0038061)","6/32",0.823807843815152,0.99999537209541,0,0,0.720118098987269,0.139571832081956,"NFKBIA;TRAF6;TNFRSF10B;TNFRSF10A;TAB2;MAP3K7"
"Amide Transport (GO:0042886)","6/32",0.823807843815152,0.99999537209541,0,0,0.720118098987269,0.139571832081956,"VAPA;SLC1A1;PDPN;SLC1A3;ABCA13;DISP1"
"Cellular Nitrogen Compound Biosynthetic Process (GO:0044271)","6/32",0.823807843815152,0.99999537209541,0,0,0.720118098987269,0.139571832081956,"CYB5B;ASAH1;CYB5R3;SPTLC2;MTARC1;SPTSSB"
"Glycosphingolipid Metabolic Process (GO:0006687)","6/32",0.823807843815152,0.99999537209541,0,0,0.720118098987269,0.139571832081956,"NEU3;UGT8;ST8SIA3;ST8SIA5;ST6GALNAC5;SUMF1"
"Positive Regulation Of Telomere Maintenance Via Telomerase (GO:0032212)","6/32",0.823807843815152,0.99999537209541,0,0,0.720118098987269,0.139571832081956,"PARN;FBXO4;MAPK1;NEK2;ATM;MAP3K4"
"Phospholipase C-activating G Protein-Coupled Receptor Signaling Pathway (GO:0007200)","17/83",0.823912875303919,0.99999537209541,0,0,0.803465889505186,0.155623700645287,"GPR17;CHRM1;HOMER1;OPRK1;ADRA1B;GRPR;GRM1;ADRA2A;AGT;LPAR6;GNAQ;P2RY1;F2RL1;NMUR1;DRD2;TGM2;F2RL3"
"Positive Regulation Of Ubiquitin-Dependent Protein Catabolic Process (GO:2000060)","17/83",0.823912875303919,0.99999537209541,0,0,0.803465889505186,0.155623700645287,"PRKN;GSK3B;ANKIB1;SMURF1;RNF180;AXIN2;CLU;SH3RF1;RBX1;SH3RF3;RNF144B;COP1;DAB2;RNF19A;RNF217;ARIH2;CDK5RAP3"
"Adenylate Cyclase-Activating G Protein-Coupled Receptor Signaling Pathway (GO:0007189)","23/110",0.824190724787182,0.99999537209541,0,0,0.824527578828105,0.159425139632741,"GLP1R;PTGFR;CALCRL;PTH;PTGER2;ADRB1;ADRB2;ADCY1;ADRA1B;ADCY7;ADRA2A;PTHLH;GHRHR;ADORA2B;GNAQ;GPER1;ADGRG6;IAPP;DRD2;ADGRL4;RAMP1;ADGRL3;PF4"
"Cellular Response To Tumor Necrosis Factor (GO:0071356)","25/119",0.825159417933597,0.99999537209541,0,0,0.829443423297145,0.159401340113663,"ASAH1;CXCL8;ADAMTS12;TANK;ZFP36L1;CRHBP;GPER1;TNFSF11;CD58;CCL18;GBP1;NKX3-1;STAT1;ERBIN;TRAF1;NPNT;TNFRSF1B;COMMD7;SIRT1;ST18;NFKBIA;DCSTAMP;TRAF4;TRAF3;TRAF6"
"Positive Regulation Of Lymphocyte Proliferation (GO:0050671)","15/74",0.825243415200782,0.99999537209541,0,0,0.793092090278678,0.15233466015207,"CD86;VAV3;MEF2C;ANXA1;NFATC2;IRS2;CD1D;SLC7A1;IL7;LEP;BCL2;CD38;IL6ST;NCK1;FGF10"
"RNA Modification (GO:0009451)","10/51",0.825550088374222,0.99999537209541,0,0,0.76097359486606,0.14588270253795,"DTWD2;TRMT9B;ANKRD16;ALKBH1;PARN;NSUN6;ADARB1;THUMPD1;ELP5;TRIT1"
"Negative Regulation Of Gene Expression, Epigenetic (GO:0045814)","10/51",0.825550088374222,0.99999537209541,0,0,0.76097359486606,0.14588270253795,"RB1;HDAC5;KMT2D;USP7;UHRF2;CTBP1;SCMH1;HMGA2;TNP1;SIRT1"
"DNA Strand Elongation (GO:0022616)","2/12",0.827466654319779,0.99999537209541,0,0,0.624247422680412,0.118224015436832,"RFC3;MCM7"
"NADPH Regeneration (GO:0006740)","2/12",0.827466654319779,0.99999537209541,0,0,0.624247422680412,0.118224015436832,"NNT;DDR2"
"acetyl-CoA Biosynthetic Process (GO:0006085)","2/12",0.827466654319779,0.99999537209541,0,0,0.624247422680412,0.118224015436832,"PDHA1;ACSS1"
"Actin-Myosin Filament Sliding (GO:0033275)","2/12",0.827466654319779,0.99999537209541,0,0,0.624247422680412,0.118224015436832,"MYL1;TPM1"
"Astrocyte Activation (GO:0048143)","2/12",0.827466654319779,0.99999537209541,0,0,0.624247422680412,0.118224015436832,"APP;PSEN1"
"Base-Excision Repair, Gap-Filling (GO:0006287)","2/12",0.827466654319779,0.99999537209541,0,0,0.624247422680412,0.118224015436832,"PARG;LIG3"
"Cell Projection Assembly (GO:0030031)","2/12",0.827466654319779,0.99999537209541,0,0,0.624247422680412,0.118224015436832,"CYFIP2;PARVG"
"Folic Acid Metabolic Process (GO:0046655)","2/12",0.827466654319779,0.99999537209541,0,0,0.624247422680412,0.118224015436832,"DHFR2;MTHFS"
"Ionotropic Glutamate Receptor Signaling Pathway (GO:0035235)","2/12",0.827466654319779,0.99999537209541,0,0,0.624247422680412,0.118224015436832,"GRIN3A;CDK5R1"
"Lipid Droplet Formation (GO:0140042)","2/12",0.827466654319779,0.99999537209541,0,0,0.624247422680412,0.118224015436832,"FITM2;SFI1"
"mRNA Cleavage Involved In mRNA Processing (GO:0098787)","2/12",0.827466654319779,0.99999537209541,0,0,0.624247422680412,0.118224015436832,"CPSF7;TUT1"
"Macrophage Migration (GO:1905517)","2/12",0.827466654319779,0.99999537209541,0,0,0.624247422680412,0.118224015436832,"TAFA4;CCR2"
"Mesoderm Morphogenesis (GO:0048332)","2/12",0.827466654319779,0.99999537209541,0,0,0.624247422680412,0.118224015436832,"MESP2;TBXT"
"Mitochondrial Electron Transport, Ubiquinol To Cytochrome C (GO:0006122)","2/12",0.827466654319779,0.99999537209541,0,0,0.624247422680412,0.118224015436832,"CYCS;UQCRHL"
"Negative Regulation Of JUN Kinase Activity (GO:0043508)","2/12",0.827466654319779,0.99999537209541,0,0,0.624247422680412,0.118224015436832,"DUSP10;ZNF675"
"Negative Regulation Of Coagulation (GO:0050819)","2/12",0.827466654319779,0.99999537209541,0,0,0.624247422680412,0.118224015436832,"SERPINE2;TFPI"
"Negative Regulation Of Epidermal Growth Factor-Activated Receptor Activity (GO:0007175)","2/12",0.827466654319779,0.99999537209541,0,0,0.624247422680412,0.118224015436832,"GPRC5A;SOCS6"
"Negative Regulation Of Stem Cell Differentiation (GO:2000737)","2/12",0.827466654319779,0.99999537209541,0,0,0.624247422680412,0.118224015436832,"GSK3B;JAG1"
"Negative Regulation Of Voltage-Gated Calcium Channel Activity (GO:1901386)","2/12",0.827466654319779,0.99999537209541,0,0,0.624247422680412,0.118224015436832,"PPP3CA;GNB5"
"Oligosaccharide-Lipid Intermediate Biosynthetic Process (GO:0006490)","2/12",0.827466654319779,0.99999537209541,0,0,0.624247422680412,0.118224015436832,"ALG8;ALG6"
"Polysaccharide Biosynthetic Process (GO:0000271)","2/12",0.827466654319779,0.99999537209541,0,0,0.624247422680412,0.118224015436832,"EXT1;CSGALNACT2"
"Positive Regulation By Symbiont Of Entry Into Host (GO:0075294)","2/12",0.827466654319779,0.99999537209541,0,0,0.624247422680412,0.118224015436832,"TMPRSS4;TMPRSS2"
"Positive Regulation Of CD4-positive, Alpha-Beta T Cell Activation (GO:2000516)","2/12",0.827466654319779,0.99999537209541,0,0,0.624247422680412,0.118224015436832,"HLA-DRB3;TGFBR2"
"Positive Regulation Of T-helper 1 Type Immune Response (GO:0002827)","2/12",0.827466654319779,0.99999537209541,0,0,0.624247422680412,0.118224015436832,"IL1R1;IL18R1"
"Positive Regulation Of Fatty Acid Oxidation (GO:0046321)","2/12",0.827466654319779,0.99999537209541,0,0,0.624247422680412,0.118224015436832,"AKT2;IRS2"
"Positive Regulation Of Histone H3-K4 Methylation (GO:0051571)","2/12",0.827466654319779,0.99999537209541,0,0,0.624247422680412,0.118224015436832,"SMAD4;KAT8"
"Positive Regulation Of Insulin Receptor Signaling Pathway (GO:0046628)","2/12",0.827466654319779,0.99999537209541,0,0,0.624247422680412,0.118224015436832,"SIRT1;SORL1"
"Positive Regulation Of Myeloid Leukocyte Mediated Immunity (GO:0002888)","2/12",0.827466654319779,0.99999537209541,0,0,0.624247422680412,0.118224015436832,"F2RL1;TICAM1"
"Positive Regulation Of Protein Export From Nucleus (GO:0046827)","2/12",0.827466654319779,0.99999537209541,0,0,0.624247422680412,0.118224015436832,"GSK3B;CAMK1"
"Positive Regulation Of Reactive Oxygen Species Biosynthetic Process (GO:1903428)","2/12",0.827466654319779,0.99999537209541,0,0,0.624247422680412,0.118224015436832,"RAB27A;CD36"
"Positive Regulation Of Ruffle Assembly (GO:1900029)","2/12",0.827466654319779,0.99999537209541,0,0,0.624247422680412,0.118224015436832,"EPS8;NLGN1"
"Positive Regulation Of Viral Entry Into Host Cell (GO:0046598)","2/12",0.827466654319779,0.99999537209541,0,0,0.624247422680412,0.118224015436832,"TMPRSS4;TMPRSS2"
"Positive Regulation Of Voltage-Gated Calcium Channel Activity (GO:1901387)","2/12",0.827466654319779,0.99999537209541,0,0,0.624247422680412,0.118224015436832,"PPP3CA;STAC3"
"Protein Heterotetramerization (GO:0051290)","2/12",0.827466654319779,0.99999537209541,0,0,0.624247422680412,0.118224015436832,"CPSF7;KRT1"
"Quaternary Ammonium Group Transport (GO:0015697)","2/12",0.827466654319779,0.99999537209541,0,0,0.624247422680412,0.118224015436832,"SLC22A4;SLC22A1"
"Quinone Biosynthetic Process (GO:1901663)","2/12",0.827466654319779,0.99999537209541,0,0,0.624247422680412,0.118224015436832,"PDSS2;COQ7"
"Regulation Of SNARE Complex Assembly (GO:0035542)","2/12",0.827466654319779,0.99999537209541,0,0,0.624247422680412,0.118224015436832,"TGFBRAP1;SNCA"
"Regulation Of Actin Filament Organization (GO:0110053)","2/12",0.827466654319779,0.99999537209541,0,0,0.624247422680412,0.118224015436832,"WASHC5;RDX"
"Regulation Of Chromosome Separation (GO:1905818)","2/12",0.827466654319779,0.99999537209541,0,0,0.624247422680412,0.118224015436832,"NCAPG2;NCAPG"
"Regulation Of Interleukin-5 Production (GO:0032674)","2/12",0.827466654319779,0.99999537209541,0,0,0.624247422680412,0.118224015436832,"IFNA2;LEF1"
"Regulation Of Sensory Perception (GO:0051931)","2/12",0.827466654319779,0.99999537209541,0,0,0.624247422680412,0.118224015436832,"TMEM100;GPR171"
"Regulation Of Transcription From RNA Polymerase II Promoter In Response To Stress (GO:0043618)","2/12",0.827466654319779,0.99999537209541,0,0,0.624247422680412,0.118224015436832,"KLF2;STOX1"
"Response To Interleukin-6 (GO:0070741)","2/12",0.827466654319779,0.99999537209541,0,0,0.624247422680412,0.118224015436832,"PHB1;ST3GAL6"
"Response To Thyroid Hormone (GO:0097066)","2/12",0.827466654319779,0.99999537209541,0,0,0.624247422680412,0.118224015436832,"RDX;CTSH"
"Sphingomyelin Metabolic Process (GO:0006684)","2/12",0.827466654319779,0.99999537209541,0,0,0.624247422680412,0.118224015436832,"SMPD3;VAPA"
"Triglyceride Catabolic Process (GO:0019433)","2/12",0.827466654319779,0.99999537209541,0,0,0.624247422680412,0.118224015436832,"PNPLA4;LCP1"
"Supramolecular Fiber Organization (GO:0097435)","70/316",0.828008283193383,0.99999537209541,0,0,0.886743309089302,0.167356945320919,"MAP10;APP;COL18A1;COLGALT2;COL14A1;STMN2;KRT24;TCHH;STMN4;LMOD3;LOXL2;ADAMTS3;KRT28;PGM5;CD36;ATP7A;B2M;NCKAP5;CAMP;TMOD1;DSP;SERF1A;KRT4;TMOD3;KRT1;TPM1;MYO7B;KIF24;SHROOM3;EMP2;CKAP5;GREM1;COL2A1;KIF2A;PXDN;ELMO1;ELMO2;DDR2;PRKN;KRT80;TUBGCP2;SLAIN1;CAMSAP2;MTM1;CST3;FYN;MAP4;SNCA;CARMIL1;SIAH2;HOOK3;MYO1D;MYO1E;BFSP2;DLG1;MARCKS;MYO1B;BMP1;SH3D21;KRT16;KATNBL1;CCDC88C;MYO5C;CORO6;NF1;TUBGCP5;TLL2;TLL1;VIM;BCAR1"
"Muscle Tissue Development (GO:0060537)","7/37",0.82843141765073,0.99999537209541,0,0,0.728077055383557,0.137039554879243,"SVIL;MEF2C;CSRP2;CAV1;MYF6;NF1;PGM5"
"Positive Regulation Of Immune Effector Process (GO:0002699)","7/37",0.82843141765073,0.99999537209541,0,0,0.728077055383557,0.137039554879243,"FCN1;PHB1;MYO18A;PLA2G5;DDX60;CCR2;MBL2"
"Regulation Of Defense Response To Virus By Host (GO:0050691)","7/37",0.82843141765073,0.99999537209541,0,0,0.728077055383557,0.137039554879243,"TRAF3IP2;SIN3A;STAT1;TNFAIP3;ZDHHC11;ZDHHC1;TRIM44"
"Pattern Recognition Receptor Signaling Pathway (GO:0002221)","11/56",0.831954940548305,0.99999537209541,0,0,0.762620211618352,0.140304576859667,"FCN1;TBK1;TRAF3;TRAF6;FFAR2;TLR7;NOD1;BCL10;TICAM1;MAP3K7;MBL2"
"Regulation Of Stem Cell Population Maintenance (GO:2000036)","11/56",0.831954940548305,0.99999537209541,0,0,0.762620211618352,0.140304576859667,"SMARCC1;SIN3A;NCOA3;BRMS1L;WNT9B;TET1;HMGA2;SUDS3;ARID1A;SMARCA2;LOXL2"
"Regulation Of Cyclin-Dependent Protein Serine/Threonine Kinase Activity (GO:0000079)","16/79",0.832179903502654,0.99999537209541,0,0,0.792206598658212,0.145533605583708,"CDKN1A;CDKN2B;GADD45A;CCNF;NR2F2;EGFR;CCNB3;CCND3;HHEX;LATS2;CCNY;APC;CCNP;CDK5RAP3;CCNO;CDK5R1"
"Lysosome Localization (GO:0032418)","8/42",0.833461829425904,0.99999537209541,0,0,0.734152620585807,0.133738654544631,"CHGA;FLCN;KLC2;VPS33B;TFEB;MAP6;MYH9;BORCS5"
"Skeletal Muscle Tissue Development (GO:0007519)","8/42",0.833461829425904,0.99999537209541,0,0,0.734152620585807,0.133738654544631,"SKI;PPP3CA;SVIL;MEF2C;CAV2;CAV1;MYF6;LMOD3"
"Substantia Nigra Development (GO:0021762)","8/42",0.833461829425904,0.99999537209541,0,0,0.734152620585807,0.133738654544631,"ATP5PF;YWHAQ;MAPKAP1;CCDC14;GNB4;POTEE;SUDS3;MBL2"
"Positive Regulation Of Protein Transport (GO:0051222)","14/70",0.834438010630213,0.99999537209541,0,0,0.779867713931377,0.141153577713533,"BCAS3;FRMD4A;PRR5L;IGF1;ATP2C1;BMP6;TTN;MYO18A;ADAM9;DNM1L;EZR;CEP290;CD33;EXPH5"
"Regulation Of Notch Signaling Pathway (GO:0008593)","14/70",0.834438010630213,0.99999537209541,0,0,0.779867713931377,0.141153577713533,"YAP1;JAG1;NIBAN2;PRAG1;STAT3;NRARP;WWP2;NOTCH2NLA;EPN2;ENHO;TSPAN14;ITGB1BP1;IL6ST;TP63"
"Calcium Ion Homeostasis (GO:0055074)","21/102",0.837166818907174,0.99999537209541,0,0,0.808581920774013,0.143710819365295,"CCR1;RYR2;SLC24A4;SLC10A7;SLC24A3;CHRNA7;CAV1;TMTC2;ATP2A2;ANK2;SLC30A1;ATP2C2;ATP1B1;ATP2C1;SLC8A1;JPH2;ATP13A3;SLC24A5;TPT1;CCR2;SNCA"
"RNA Metabolic Process (GO:0016070)","23/111",0.837226355998699,0.99999537209541,0,0,0.815103823490653,0.144812003705751,"PNPT1;RBPMS;ELAVL4;PARN;ADARB1;RNASE3;ADARB2;NUDT3;ATXN2L;ISG20;ATXN2;SNRNP40;ATXN1;PCBP3;ALKBH1;PAPOLG;XRN2;DHX36;PCBP2;PABPC3;RBMS1;RBMS2;SIDT2"
"Protein Targeting (GO:0006605)","27/129",0.838450994488,0.99999537209541,0,0,0.825443462359037,0.145442431229524,"RTP4;NLGN1;ARL6;RTP1;ZDHHC7;AKAP6;ZDHHC21;ZDHHC1;GOLGA7B;AP4M1;SEC61A1;SEC61G;LAMP2;AP4S1;FBXO7;GOLGA7;CACNG3;EDEM1;RAB3IP;VPS13D;VPS13A;TIMM23;ZDHHC11;GDAP1;SORL1;ZDHHC14;ZDHHC9"
"Bicellular Tight Junction Assembly (GO:0070830)","9/47",0.838666448931217,0.99999537209541,0,0,0.738939543779954,0.130010655983296,"CLDN22;CLDN10;CHAF1B;DLG1;APC;CLDN8;CLDN23;STRN;GRHL2"
"Negative Regulation Of Hydrolase Activity (GO:0051346)","9/47",0.838666448931217,0.99999537209541,0,0,0.738939543779954,0.130010655983296,"CST3;ARFGEF1;BCAS3;LRCH1;WNK1;RDX;SH3BP4;TERF2;CPEB2"
"Positive Regulation Of Smooth Muscle Cell Proliferation (GO:0048661)","9/47",0.838666448931217,0.99999537209541,0,0,0.738939543779954,0.130010655983296,"PHB1;STAT1;FOXJ2;CDH13;IGF1;THBS1;IL6R;MEF2D;BMPR1A"
"Cartilage Development (GO:0051216)","10/52",0.843909263381245,0.99999537209541,0,0,0.742806003029051,0.126061828135961,"MEF2C;WNT2B;COL2A1;NFIB;CREB3L2;HMGA2;SOX9;ATP7A;SOX6;CD44"
"Regulation Of Proteolysis (GO:0030162)","10/52",0.843909263381245,0.99999537209541,0,0,0.742806003029051,0.126061828135961,"CYFIP2;CST3;SERPINE2;ASPH;FBXW11;TRAF3;PERP;CAV1;GSAP;CLN8"
"RNA Phosphodiester Bond Hydrolysis (GO:0090501)","5/28",0.844739501067852,0.99999537209541,0,0,0.678366717198446,0.114458768823666,"XRN1;PCF11;RPP30;ELAC1;PARN"
"Nuclear-Transcribed mRNA Catabolic Process, Nonsense-Mediated Decay (GO:0000184)","5/28",0.844739501067852,0.99999537209541,0,0,0.678366717198446,0.114458768823666,"PYM1;MAGOHB;SMG8;GSPT1;SMG6"
"Phospholipid Catabolic Process (GO:0009395)","5/28",0.844739501067852,0.99999537209541,0,0,0.678366717198446,0.114458768823666,"SMPD3;PLPP6;PLA2G4E;ENPP2;PLD1"
"Positive Regulation Of Nitric Oxide Metabolic Process (GO:1904407)","5/28",0.844739501067852,0.99999537209541,0,0,0.678366717198446,0.114458768823666,"SMAD3;INSR;CD36;CLU;KLF2"
"Regulation Of Protein Localization To Membrane (GO:1905475)","5/28",0.844739501067852,0.99999537209541,0,0,0.678366717198446,0.114458768823666,"PRKN;AKR1B1;ZDHHC7;FYN;GBP1"
"Transcription Elongation By RNA Polymerase II (GO:0006368)","5/28",0.844739501067852,0.99999537209541,0,0,0.678366717198446,0.114458768823666,"PBRM1;CTDP1;PEX2;SUPT5H;GTF2F2"
"Vascular Endothelial Growth Factor Receptor Signaling Pathway (GO:0048010)","5/28",0.844739501067852,0.99999537209541,0,0,0.678366717198446,0.114458768823666,"KDR;FYN;PRKD1;BCAR1;VEGFA"
"Adaptive Immune Response Based On Somatic Recombination Of Immune Receptors Built From Immunoglobulin Superfamily Domains (GO:0002460)","4/23",0.845006373676286,0.99999537209541,0,0,0.656982803543512,0.110643202434388,"PHB1;JAG1;STAT3;SLA2"
"Cholesterol Efflux (GO:0033344)","4/23",0.845006373676286,0.99999537209541,0,0,0.656982803543512,0.110643202434388,"NPC1;APOA1;TSKU;ABCG1"
"Immune Response-Activating Cell Surface Receptor Signaling Pathway (GO:0002429)","4/23",0.845006373676286,0.99999537209541,0,0,0.656982803543512,0.110643202434388,"LYN;SLA2;BCAR1;SPG21"
"Lymphocyte Activation Involved In Immune Response (GO:0002285)","4/23",0.845006373676286,0.99999537209541,0,0,0.656982803543512,0.110643202434388,"IFNA5;IFNA2;F2RL1;LCP1"
"Negative Regulation Of Epidermal Growth Factor Receptor Signaling Pathway (GO:0042059)","4/23",0.845006373676286,0.99999537209541,0,0,0.656982803543512,0.110643202434388,"GPRC5A;ITGA1;SOCS6;EGFR"
"Negative Regulation Of Lymphocyte Activation (GO:0051250)","4/23",0.845006373676286,0.99999537209541,0,0,0.656982803543512,0.110643202434388,"FOXJ1;TNFAIP3;SOX11;PAG1"
"Positive Regulation Of Morphogenesis Of An Epithelium (GO:1905332)","4/23",0.845006373676286,0.99999537209541,0,0,0.656982803543512,0.110643202434388,"GDNF;MMRN2;SOX9;VEGFA"
"Positive Regulation Of Neuron Apoptotic Process (GO:0043525)","4/23",0.845006373676286,0.99999537209541,0,0,0.656982803543512,0.110643202434388,"SRPK2;NF1;CDK5R1;MCL1"
"Protein Targeting To ER (GO:0045047)","4/23",0.845006373676286,0.99999537209541,0,0,0.656982803543512,0.110643202434388,"SEC61A1;EDEM1;SEC61G;SRP9"
"Regulation Of Cholesterol Transport (GO:0032374)","4/23",0.845006373676286,0.99999537209541,0,0,0.656982803543512,0.110643202434388,"CETP;ABCB4;APOA1;TTC39B"
"Regulation Of Myotube Differentiation (GO:0010830)","4/23",0.845006373676286,0.99999537209541,0,0,0.656982803543512,0.110643202434388,"HDAC4;HDAC5;PIEZO1;BHLHA15"
"Rescue Of Stalled Ribosome (GO:0072344)","4/23",0.845006373676286,0.99999537209541,0,0,0.656982803543512,0.110643202434388,"NEMF;LTN1;PELO;KLHDC10"
"Zinc Ion Transport (GO:0006829)","4/23",0.845006373676286,0.99999537209541,0,0,0.656982803543512,0.110643202434388,"SLC30A8;SLC30A5;SLC39A11;SLC30A1"
"Regulation Of Nucleic Acid-Templated Transcription (GO:1903506)","101/452",0.845316659169289,0.99999537209541,0,0,0.896195792638647,0.150600305385355,"RB1;ZNF331;PRDM8;PHB1;WWC2;JADE1;NR3C1;BACH1;UBE2L3;MYB;RUVBL1;WWC3;SOX6;SOX7;SOX4;HES6;MEF2C;ZNF281;SOX13;RFX3;MITF;RUNX3;HIC1;ZNF92;KAT6B;ZNF716;KAT6A;PPIE;ATF7;HOXB1;CLOCK;ZNF675;KMT2D;MEAF6;IGSF1;GATA4;ZNF22;POU5F1B;SCRT2;ZNF703;DVL2;MBIP;ZNF423;ZNF664;ZNF143;WWTR1;ZFHX3;SMAD3;INSR;HMGA1;NFATC2;HMGA2;NR1D2;ESRRG;FOXN2;SMARCA1;SMARCA2;ESR2;MLXIPL;TADA2A;ZNF536;NANOG;GPI;BNC2;SPIN3;CHD3;LIMD1;ING4;HINT1;SUFU;HMG20A;NKX3-1;ATRX;TFEB;BAZ1A;GLRX2;DNM2;KAT2B;NR5A2;SETBP1;ZNF516;FOXC1;ZNF350;NR1I2;TGFBRAP1;RNF6;NSD3;NSD2;RALY;ATF7IP;ZNF341;ARNT2;TCF7L1;ASCC1;STAT3;WTIP;PML;RYBP;NFIA;WT1;ZNF737"
"Glycolipid Metabolic Process (GO:0006664)","6/33",0.846464378243602,0.99999537209541,0,0,0.693401201449076,0.115581076676414,"NEU3;UGT8;ST3GAL4;ST3GAL6;ST8SIA6;SUMF1"
"Monoubiquitinated Protein Deubiquitination (GO:0035520)","6/33",0.846464378243602,0.99999537209541,0,0,0.693401201449076,0.115581076676414,"KAT2B;USP7;TMEM98;ATXN7;USP22;RNF2"
"Positive Regulation Of Chromosome Organization (GO:2001252)","6/33",0.846464378243602,0.99999537209541,0,0,0.693401201449076,0.115581076676414,"NCAPG2;DHX36;ATRX;NCAPG;TERF2;PML"
"Positive Regulation Of Release Of Sequestered Calcium Ion Into Cytosol (GO:0051281)","6/33",0.846464378243602,0.99999537209541,0,0,0.693401201449076,0.115581076676414,"CEMIP;JPH2;GPER1;HTT;SNCA;F2RL3"
"3'-UTR-mediated mRNA Stabilization (GO:0070935)","3/18",0.848998341013733,0.99999537209541,0,0,0.624169931944731,0.102175398680788,"RBM47;ELAVL4;DAZ2"
"Cellular Response To Inorganic Substance (GO:0071241)","3/18",0.848998341013733,0.99999537209541,0,0,0.624169931944731,0.102175398680788,"KCNC2;ATRX;AQP1"
"Glycerolipid Catabolic Process (GO:0046503)","3/18",0.848998341013733,0.99999537209541,0,0,0.624169931944731,0.102175398680788,"LYPLA2;PLA2G4E;ABHD2"
"Intracellular Lipid Transport (GO:0032365)","3/18",0.848998341013733,0.99999537209541,0,0,0.624169931944731,0.102175398680788,"ABCD3;CPT2;SLC25A20"
"Maintenance Of Gastrointestinal Epithelium (GO:0030277)","3/18",0.848998341013733,0.99999537209541,0,0,0.624169931944731,0.102175398680788,"SERPINA3;SOX9;MUC4"
"Melanosome Localization (GO:0032400)","3/18",0.848998341013733,0.99999537209541,0,0,0.624169931944731,0.102175398680788,"MLPH;VPS33B;RAB27A"
"Negative Regulation Of Lipid Catabolic Process (GO:0050995)","3/18",0.848998341013733,0.99999537209541,0,0,0.624169931944731,0.102175398680788,"ALK;SORL1;CIDEC"
"Neural Crest Cell Differentiation (GO:0014033)","3/18",0.848998341013733,0.99999537209541,0,0,0.624169931944731,0.102175398680788,"MEF2C;CYP26C1;FBXL17"
"Neuromuscular Process (GO:0050905)","3/18",0.848998341013733,0.99999537209541,0,0,0.624169931944731,0.102175398680788,"CHRNA1;MYCBP2;NEUROG1"
"Nitric Oxide Mediated Signal Transduction (GO:0007263)","3/18",0.848998341013733,0.99999537209541,0,0,0.624169931944731,0.102175398680788,"GUCY1A1;KCNC2;CD36"
"Positive Regulation Of NLRP3 Inflammasome Complex Assembly (GO:1900227)","3/18",0.848998341013733,0.99999537209541,0,0,0.624169931944731,0.102175398680788,"USP50;CD36;PRKD1"
"Positive Regulation Of Macrophage Migration (GO:1905523)","3/18",0.848998341013733,0.99999537209541,0,0,0.624169931944731,0.102175398680788,"CSF1;MAPK1;THBS1"
"Positive Regulation Of Monocyte Chemotaxis (GO:0090026)","3/18",0.848998341013733,0.99999537209541,0,0,0.624169931944731,0.102175398680788,"CCR1;CCR2;LGMN"
"Positive Regulation Of Response To Endoplasmic Reticulum Stress (GO:1905898)","3/18",0.848998341013733,0.99999537209541,0,0,0.624169931944731,0.102175398680788,"BCL2L11;BOK;NCK1"
"Regulation Of RIG-I Signaling Pathway (GO:0039535)","3/18",0.848998341013733,0.99999537209541,0,0,0.624169931944731,0.102175398680788,"NPLOC4;DDX60;PUM2"
"Regulation Of Exosomal Secretion (GO:1903541)","3/18",0.848998341013733,0.99999537209541,0,0,0.624169931944731,0.102175398680788,"PRKN;SMPD3;SDC1"
"Regulation Of Lymphocyte Activation (GO:0051249)","3/18",0.848998341013733,0.99999537209541,0,0,0.624169931944731,0.102175398680788,"LEP;IKZF3;PAG1"
"Regulation Of Nervous System Process (GO:0031644)","3/18",0.848998341013733,0.99999537209541,0,0,0.624169931944731,0.102175398680788,"APP;CHRNA7;DLGAP2"
"Regulation Of Vascular Endothelial Cell Proliferation (GO:1905562)","3/18",0.848998341013733,0.99999537209541,0,0,0.624169931944731,0.102175398680788,"MEF2C;PPARG;APLN"
"Regulation Of Ventricular Cardiac Muscle Cell Membrane Repolarization (GO:0060307)","3/18",0.848998341013733,0.99999537209541,0,0,0.624169931944731,0.102175398680788,"KCNH2;KCNE4;ANK2"
"Response To Axon Injury (GO:0048678)","3/18",0.848998341013733,0.99999537209541,0,0,0.624169931944731,0.102175398680788,"DHFR;FLRT3;NREP"
"G2/M Transition Of Mitotic Cell Cycle (GO:0000086)","7/38",0.849312589176462,0.99999537209541,0,0,0.704544092679517,0.115071760169047,"CCNY;CCDC57;KDM8;BACH1;CDK14;FBXL7;DNM2"
"Protein Autoubiquitination (GO:0051865)","14/71",0.849800085893422,0.99999537209541,0,0,0.766135056533438,0.12469166008488,"PRKN;LRSAM1;UHRF2;UBE3A;BFAR;WWP2;SH3RF1;RNF41;RNF157;SH3RF3;BABAM2;TRAF6;RAD18;RNF187"
"Positive Regulation Of Cell Population Proliferation (GO:0008284)","108/483",0.850957918519836,0.99999537209541,0,0,0.896843170320405,0.144743852018241,"CD86;PHB1;CSF1;IL5RA;IRS2;RBPJ;AQP1;AKT2;PIM1;KDR;SOX9;IL6R;SOX4;EPHA4;MEF2C;SMARCC1;PRKCH;WNT5A;SOX11;POU3F2;DISP3;TIAM1;GAREM1;IL6ST;EPHA1;TSPYL5;KMT2D;PTGFR;CHRNA7;DPP4;EFNB2;GHRHR;GRK5;PDGFC;ZNF703;RPRD1B;ASIC2;WNT2;LYN;SRPK2;WWTR1;INSR;FN1;IL31RA;HMGA2;CDC7;IGF1;SMARCA2;BMP6;MLXIPL;FER;CDK6;GDNF;IL7;BCL2;NANOG;IL7R;LGMN;RNF187;BMPR1A;FGF10;SLC35F6;CDKN1A;AKR1B1;LAMC2;AREG;GPER1;CTSH;ITGAV;NKX3-1;TBC1D8;EMP2;OSMR;SIRT1;ADRA2A;TGFBR2;GREM1;TGFBR3;HCK;NDUFS4;CDH13;ITGB1BP1;CD47;EAPP;CACUL1;DDR2;LTF;HDAC4;YAP1;LEF1;TTK;THBS1;EGFR;PTHLH;FTMT;NTF3;ERBB2;GCNT2;NTRK2;KDM4C;STAT1;NTRK3;AGT;TBX2;VEGFA;KITLG;FAM98B;SLC25A33"
"Establishment Of Protein Localization To Organelle (GO:0072594)","17/85",0.852645660269963,0.99999537209541,0,0,0.779731127197518,0.124297891765781,"RYR2;IPO11;LRSAM1;NXT1;SYK;CSE1L;STAT3;TSC2;STK4;HK2;HK1;NUP93;IPO8;LRRC7;FAM53A;NUP98;RAN"
"Positive Regulation Of Canonical Wnt Signaling Pathway (GO:0090263)","17/85",0.852645660269963,0.99999537209541,0,0,0.779731127197518,0.124297891765781,"SEMA5A;KANK1;CAV1;ATP6AP2;NRARP;LYPD6;EGFR;SCEL;HHEX;GPRC5B;PTK7;WNK1;RUVBL1;TBL1X;LGR5;SOX4;FGF10"
"Positive Regulation Of Protein Localization (GO:1903829)","17/85",0.852645660269963,0.99999537209541,0,0,0.779731127197518,0.124297891765781,"PRKN;YAP1;GSK3B;WWTR1;CEP120;WNT5A;MEAK7;NEDD9;VRK1;PARK7;CORO2B;APC;TRAPPC12;FYN;GPD1L;CDK5RAP3;FERMT2"
"Response To Interleukin-1 (GO:0070555)","17/85",0.852645660269963,0.99999537209541,0,0,0.779731127197518,0.124297891765781,"HDAC4;APP;CXCL8;ANXA1;IL1R1;PRKCA;ADAMTS12;TANK;MYLK3;IRAK2;TRAF6;SOX9;CD47;CCL18;GBP1;NKX3-1;SNCA"
"DNA-templated DNA Replication Maintenance Of Fidelity (GO:0045005)","8/43",0.852806813529849,0.99999537209541,0,0,0.713129644921552,0.113546096624922,"GEN1;SMARCAL1;ETAA1;FAM111A;FBH1;ATRX;SETMAR;NUCKS1"
"Energy Derivation By Oxidation Of Organic Compounds (GO:0015980)","8/43",0.852806813529849,0.99999537209541,0,0,0.713129644921552,0.113546096624922,"CHCHD5;ACSM1;LEP;COX4I2;NDUFS4;CYCS;COX6C;SLC25A13"
"Ubiquitin-Dependent Protein Catabolic Process (GO:0006511)","81/367",0.85317093267795,0.99999537209541,0,0,0.882240166038112,0.140095646145718,"GSK3B;UBE3C;OTUD7A;UBE2D1;TNFAIP3;UBE2L3;PSMD8;HERC4;CDC23;CHMP1B;TRIM2;RNF19A;ARIH2;ELOC;RNF150;FBXO8;FBXO7;NHLRC3;FBXW11;USP44;UBE2E1;UBE4B;ARMC8;AXIN2;PPP2R5C;SIRT1;KLHL42;RBX1;TOM1L1;RNF144B;PSMA1;UBE2R2;CLOCK;PRKN;KLHL15;NEDD4L;RNF6;AMBRA1;DCST1;CBL;PSMB7;ZNRF1;PSMB4;COP1;RMND5A;KCTD21;PCBP2;RNF217;FEM1C;TBL1X;RFFL;RNF130;MARCHF6;NDFIP2;UBE2H;ANKIB1;SMURF1;FEM1B;SIAH2;FBXL17;KLHL3;PEX10;UBE2G1;WWP2;BFAR;UBE2G2;PML;MIB1;KLHL20;NPLOC4;GID4;APPBP2;APC;NEDD4;MKRN2;LNX1;UBAP1;TRIP12;FBXL4;FBXL7;RNF187"
"Positive Regulation Of Intracellular Protein Transport (GO:0090316)","26/126",0.855251025790357,0.99999537209541,0,0,0.810708661417323,0.126762613614476,"GSK3B;CEMIP;MTCL1;PRR5L;PSEN1;EFCAB7;RNF2;UBE2L3;NPEPPS;AKT2;ERBB2;ARIH2;FYN;CEP290;SEC16B;TCAF2;BCAS3;SMAD3;FZD5;TMEM30B;KCNB1;ANK3;SORL1;ITGB1BP1;CAMK1;RAN"
"Positive Regulation Of Interleukin-6 Production (GO:0032755)","15/76",0.855286731351579,0.99999537209541,0,0,0.766987395655755,0.119894325312623,"APP;IL33;SYK;WNT5A;STAT3;BCL10;ISL1;SCIMP;LEP;POU2AF1;F2RL1;TLR7;LCP1;IL6R;MBL2"
"Regulation Of Cell Cycle (GO:0051726)","65/298",0.856113808644556,0.99999537209541,0,0,0.869195092933203,0.13503115927041,"RB1;CDKN1A;CITED2;CCNF;JADE1;ETFA;ADARB1;ING4;CDC23;AKT2;RPS6KA2;GPER1;RUVBL1;SOX9;CDK5RAP3;TSPYL2;TSC2;RUNX3;SIRT1;SND1;KAT2B;BIN1;GMNC;TTLL12;PRR11;ANAPC1;INO80C;ANAPC16;MEAF6;HPGD;UHRF2;CTBP1;PRDM11;RNF2;TBRG1;BRINP2;BRINP1;GRK5;FIGNL1;ZNF703;TP53BP2;MBIP;RPRD1B;BRINP3;MAP2K6;SRPK2;NEK9;AFAP1L2;PNPT1;GADD45B;GADD45A;MX2;GBF1;STAT3;HMGA2;DHCR24;ALOX15B;POU4F1;BMP7;GADD45G;PER2;TADA2A;CDK6;LEP;ATM"
"7-Methylguanosine Cap Hypermethylation (GO:0036261)","1/7",0.857066491986385,0.99999537209541,0,0,0.520236377379235,0.0802411425631128,"SNRPD1"
"ATP Synthesis Coupled Electron Transport (GO:0042773)","1/7",0.857066491986385,0.99999537209541,0,0,0.520236377379235,0.0802411425631128,"NDUFA12"
"DNA Dealkylation (GO:0035510)","1/7",0.857066491986385,0.99999537209541,0,0,0.520236377379235,0.0802411425631128,"ASCC1"
"DNA Dealkylation Involved In DNA Repair (GO:0006307)","1/7",0.857066491986385,0.99999537209541,0,0,0.520236377379235,0.0802411425631128,"ASCC1"
"ER Overload Response (GO:0006983)","1/7",0.857066491986385,0.99999537209541,0,0,0.520236377379235,0.0802411425631128,"GSK3B"
"IMP Biosynthetic Process (GO:0006188)","1/7",0.857066491986385,0.99999537209541,0,0,0.520236377379235,0.0802411425631128,"AMPD2"
"Notch Receptor Processing (GO:0007220)","1/7",0.857066491986385,0.99999537209541,0,0,0.520236377379235,0.0802411425631128,"PSEN1"
"RNA Capping (GO:0036260)","1/7",0.857066491986385,0.99999537209541,0,0,0.520236377379235,0.0802411425631128,"SNRPD1"
"SREBP Signaling Pathway (GO:0032933)","1/7",0.857066491986385,0.99999537209541,0,0,0.520236377379235,0.0802411425631128,"INSIG2"
"T Cell Apoptotic Process (GO:0070231)","1/7",0.857066491986385,0.99999537209541,0,0,0.520236377379235,0.0802411425631128,"GLI3"
"T-helper 17 Cell Lineage Commitment (GO:0072540)","1/7",0.857066491986385,0.99999537209541,0,0,0.520236377379235,0.0802411425631128,"STAT3"
"Amine Transport (GO:0015837)","1/7",0.857066491986385,0.99999537209541,0,0,0.520236377379235,0.0802411425631128,"SLC18A1"
"Anterograde Axonal Protein Transport (GO:0099641)","1/7",0.857066491986385,0.99999537209541,0,0,0.520236377379235,0.0802411425631128,"KIF5C"
"Arginine Catabolic Process (GO:0006527)","1/7",0.857066491986385,0.99999537209541,0,0,0.520236377379235,0.0802411425631128,"OAT"
"Aspartate Family Amino Acid Biosynthetic Process (GO:0009067)","1/7",0.857066491986385,0.99999537209541,0,0,0.520236377379235,0.0802411425631128,"GOT1"
"Axo-Dendritic Protein Transport (GO:0099640)","1/7",0.857066491986385,0.99999537209541,0,0,0.520236377379235,0.0802411425631128,"KIF5C"
"Cell Migration Involved In Heart Development (GO:0060973)","1/7",0.857066491986385,0.99999537209541,0,0,0.520236377379235,0.0802411425631128,"FLRT3"
"Cellular Biogenic Amine Catabolic Process (GO:0042402)","1/7",0.857066491986385,0.99999537209541,0,0,0.520236377379235,0.0802411425631128,"SMOX"
"Cellular Response To Angiotensin (GO:1904385)","1/7",0.857066491986385,0.99999537209541,0,0,0.520236377379235,0.0802411425631128,"AHCYL1"
"Cellular Response To Interferon-Alpha (GO:0035457)","1/7",0.857066491986385,0.99999537209541,0,0,0.520236377379235,0.0802411425631128,"IFNAR1"
"Cellular Response To Nitric Oxide (GO:0071732)","1/7",0.857066491986385,0.99999537209541,0,0,0.520236377379235,0.0802411425631128,"KCNC2"
"Cellular Response To Potassium Ion (GO:0035865)","1/7",0.857066491986385,0.99999537209541,0,0,0.520236377379235,0.0802411425631128,"CRHBP"
"Cellular Response To Reactive Nitrogen Species (GO:1902170)","1/7",0.857066491986385,0.99999537209541,0,0,0.520236377379235,0.0802411425631128,"KCNC2"
"Cytochrome Complex Assembly (GO:0017004)","1/7",0.857066491986385,0.99999537209541,0,0,0.520236377379235,0.0802411425631128,"COX10"
"Deadenylation-Dependent Decapping Of Nuclear-Transcribed mRNA (GO:0000290)","1/7",0.857066491986385,0.99999537209541,0,0,0.520236377379235,0.0802411425631128,"DCP2"
"Establishment Of Golgi Localization (GO:0051683)","1/7",0.857066491986385,0.99999537209541,0,0,0.520236377379235,0.0802411425631128,"STK25"
"Establishment Of Planar Polarity (GO:0001736)","1/7",0.857066491986385,0.99999537209541,0,0,0.520236377379235,0.0802411425631128,"INTU"
"Estrogen Biosynthetic Process (GO:0006703)","1/7",0.857066491986385,0.99999537209541,0,0,0.520236377379235,0.0802411425631128,"HSD17B2"
"Fatty Acid Alpha-Oxidation (GO:0001561)","1/7",0.857066491986385,0.99999537209541,0,0,0.520236377379235,0.0802411425631128,"HAO2"
"Folic Acid Transport (GO:0015884)","1/7",0.857066491986385,0.99999537209541,0,0,0.520236377379235,0.0802411425631128,"PDPN"
"Glucocorticoid Metabolic Process (GO:0008211)","1/7",0.857066491986385,0.99999537209541,0,0,0.520236377379235,0.0802411425631128,"CYP11A1"
"Hair Cell Differentiation (GO:0035315)","1/7",0.857066491986385,0.99999537209541,0,0,0.520236377379235,0.0802411425631128,"USH2A"
"Heparan Sulfate Proteoglycan Biosynthetic Process, Polysaccharide Chain Biosynthetic Process (GO:0015014)","1/7",0.857066491986385,0.99999537209541,0,0,0.520236377379235,0.0802411425631128,"EXT1"
"Hepoxilin Biosynthetic Process (GO:0051122)","1/7",0.857066491986385,0.99999537209541,0,0,0.520236377379235,0.0802411425631128,"ALOX15B"
"Hepoxilin Metabolic Process (GO:0051121)","1/7",0.857066491986385,0.99999537209541,0,0,0.520236377379235,0.0802411425631128,"ALOX15B"
"Histone H2A K63-linked Deubiquitination (GO:0070537)","1/7",0.857066491986385,0.99999537209541,0,0,0.520236377379235,0.0802411425631128,"BABAM2"
"Inhibition Of Cysteine-Type Endopeptidase Activity (GO:0097340)","1/7",0.857066491986385,0.99999537209541,0,0,0.520236377379235,0.0802411425631128,"CAST"
"Kidney Mesenchyme Development (GO:0072074)","1/7",0.857066491986385,0.99999537209541,0,0,0.520236377379235,0.0802411425631128,"WT1"
"Lens Fiber Cell Development (GO:0070307)","1/7",0.857066491986385,0.99999537209541,0,0,0.520236377379235,0.0802411425631128,"WNT7B"
"Leukocyte Aggregation (GO:0070486)","1/7",0.857066491986385,0.99999537209541,0,0,0.520236377379235,0.0802411425631128,"CD44"
"Lipoxygenase Pathway (GO:0019372)","1/7",0.857066491986385,0.99999537209541,0,0,0.520236377379235,0.0802411425631128,"HPGD"
"Methionine Metabolic Process (GO:0006555)","1/7",0.857066491986385,0.99999537209541,0,0,0.520236377379235,0.0802411425631128,"SMS"
"Multi-Ciliated Epithelial Cell Differentiation (GO:1903251)","1/7",0.857066491986385,0.99999537209541,0,0,0.520236377379235,0.0802411425631128,"CCNO"
"Negative Regulation Of CD8-positive, Alpha-Beta T Cell Activation (GO:2001186)","1/7",0.857066491986385,0.99999537209541,0,0,0.520236377379235,0.0802411425631128,"DAPL1"
"Negative Regulation Of DNA-templated DNA Replication (GO:2000104)","1/7",0.857066491986385,0.99999537209541,0,0,0.520236377379235,0.0802411425631128,"LIG3"
"Negative Regulation Of RNA Catabolic Process (GO:1902369)","1/7",0.857066491986385,0.99999537209541,0,0,0.520236377379235,0.0802411425631128,"PKP1"
"Negative Regulation Of Actin Nucleation (GO:0051126)","1/7",0.857066491986385,0.99999537209541,0,0,0.520236377379235,0.0802411425631128,"CTNNA2"
"Negative Regulation Of Cell Cycle G2/M Phase Transition (GO:1902750)","1/7",0.857066491986385,0.99999537209541,0,0,0.520236377379235,0.0802411425631128,"PINX1"
"Negative Regulation Of Fatty Acid Oxidation (GO:0046322)","1/7",0.857066491986385,0.99999537209541,0,0,0.520236377379235,0.0802411425631128,"SOX9"
"Negative Regulation Of Macrophage Migration (GO:1905522)","1/7",0.857066491986385,0.99999537209541,0,0,0.520236377379235,0.0802411425631128,"CD200"
"Negative Regulation Of Mitochondrial Membrane Potential (GO:0010917)","1/7",0.857066491986385,0.99999537209541,0,0,0.520236377379235,0.0802411425631128,"HEBP2"
"Negative Regulation Of Monooxygenase Activity (GO:0032769)","1/7",0.857066491986385,0.99999537209541,0,0,0.520236377379235,0.0802411425631128,"SNCA"
"Negative Regulation Of Nitric Oxide Biosynthetic Process (GO:0045019)","1/7",0.857066491986385,0.99999537209541,0,0,0.520236377379235,0.0802411425631128,"CAV1"
"Negative Regulation Of Nitric Oxide Metabolic Process (GO:1904406)","1/7",0.857066491986385,0.99999537209541,0,0,0.520236377379235,0.0802411425631128,"CAV1"
"Negative Regulation Of Protein K63-linked Ubiquitination (GO:1900045)","1/7",0.857066491986385,0.99999537209541,0,0,0.520236377379235,0.0802411425631128,"TRIP12"
"Neurotransmitter Receptor Transport, Endosome To Plasma Membrane (GO:0099639)","1/7",0.857066491986385,0.99999537209541,0,0,0.520236377379235,0.0802411425631128,"LRRC7"
"Nucleolar Chromatin Organization (GO:1990700)","1/7",0.857066491986385,0.99999537209541,0,0,0.520236377379235,0.0802411425631128,"SIRT1"
"Olefinic Compound Biosynthetic Process (GO:0120255)","1/7",0.857066491986385,0.99999537209541,0,0,0.520236377379235,0.0802411425631128,"SRD5A2"
"Peptidyl-Lysine Hydroxylation (GO:0017185)","1/7",0.857066491986385,0.99999537209541,0,0,0.520236377379235,0.0802411425631128,"VPS33B"
"Peptidyl-Serine Autophosphorylation (GO:0036289)","1/7",0.857066491986385,0.99999537209541,0,0,0.520236377379235,0.0802411425631128,"MARK3"
"Pericardium Development (GO:0060039)","1/7",0.857066491986385,0.99999537209541,0,0,0.520236377379235,0.0802411425631128,"BMP7"
"Plasma Membrane Phospholipid Scrambling (GO:0017121)","1/7",0.857066491986385,0.99999537209541,0,0,0.520236377379235,0.0802411425631128,"PLSCR2"
"Platelet Activating Factor Metabolic Process (GO:0046469)","1/7",0.857066491986385,0.99999537209541,0,0,0.520236377379235,0.0802411425631128,"PLA2G6"
"Positive Regulation Of Arp2/3 Complex-Mediated Actin Nucleation (GO:2000601)","1/7",0.857066491986385,0.99999537209541,0,0,0.520236377379235,0.0802411425631128,"WASF3"
"Positive Regulation Of DNA Demethylation (GO:1901537)","1/7",0.857066491986385,0.99999537209541,0,0,0.520236377379235,0.0802411425631128,"USP7"
"Positive Regulation Of T-helper 2 Cell Cytokine Production (GO:2000553)","1/7",0.857066491986385,0.99999537209541,0,0,0.520236377379235,0.0802411425631128,"DENND1B"
"Positive Regulation Of Astrocyte Differentiation (GO:0048711)","1/7",0.857066491986385,0.99999537209541,0,0,0.520236377379235,0.0802411425631128,"SERPINE2"
"Positive Regulation Of Dendritic Cell Chemotaxis (GO:2000510)","1/7",0.857066491986385,0.99999537209541,0,0,0.520236377379235,0.0802411425631128,"CCR7"
"Positive Regulation Of Execution Phase Of Apoptosis (GO:1900119)","1/7",0.857066491986385,0.99999537209541,0,0,0.520236377379235,0.0802411425631128,"TP53BP2"
"Positive Regulation Of Gluconeogenesis (GO:0045722)","1/7",0.857066491986385,0.99999537209541,0,0,0.520236377379235,0.0802411425631128,"SIRT1"
"Positive Regulation Of Isomerase Activity (GO:0010912)","1/7",0.857066491986385,0.99999537209541,0,0,0.520236377379235,0.0802411425631128,"SETMAR"
"Positive Regulation Of Microtubule Nucleation (GO:0090063)","1/7",0.857066491986385,0.99999537209541,0,0,0.520236377379235,0.0802411425631128,"PDE4DIP"
"Positive Regulation Of Myotube Differentiation (GO:0010831)","1/7",0.857066491986385,0.99999537209541,0,0,0.520236377379235,0.0802411425631128,"PIEZO1"
"Positive Regulation Of Ryanodine-Sensitive Calcium-Release Channel Activity (GO:0060316)","1/7",0.857066491986385,0.99999537209541,0,0,0.520236377379235,0.0802411425631128,"JPH2"
"Positive Regulation Of Synaptic Transmission, GABAergic (GO:0032230)","1/7",0.857066491986385,0.99999537209541,0,0,0.520236377379235,0.0802411425631128,"NLGN1"
"Positive Regulation Of Tooth Mineralization (GO:0070172)","1/7",0.857066491986385,0.99999537209541,0,0,0.520236377379235,0.0802411425631128,"CFTR"
"Positive Regulation Of Triglyceride Lipase Activity (GO:0061365)","1/7",0.857066491986385,0.99999537209541,0,0,0.520236377379235,0.0802411425631128,"PNLIP"
"Postsynaptic Density Organization (GO:0097106)","1/7",0.857066491986385,0.99999537209541,0,0,0.520236377379235,0.0802411425631128,"NLGN1"
"Postsynaptic Membrane Assembly (GO:0097104)","1/7",0.857066491986385,0.99999537209541,0,0,0.520236377379235,0.0802411425631128,"NLGN1"
"Protein Desumoylation (GO:0016926)","1/7",0.857066491986385,0.99999537209541,0,0,0.520236377379235,0.0802411425631128,"SENP6"
"Protein Deubiquitination Involved In Ubiquitin-Dependent Protein Catabolic Process (GO:0071947)","1/7",0.857066491986385,0.99999537209541,0,0,0.520236377379235,0.0802411425631128,"TNFAIP3"
"Protein Localization To Presynapse (GO:1905383)","1/7",0.857066491986385,0.99999537209541,0,0,0.520236377379235,0.0802411425631128,"KIF5C"
"Protein Retention In ER Lumen (GO:0006621)","1/7",0.857066491986385,0.99999537209541,0,0,0.520236377379235,0.0802411425631128,"KDELR2"
"Proximal/Distal Pattern Formation (GO:0009954)","1/7",0.857066491986385,0.99999537209541,0,0,0.520236377379235,0.0802411425631128,"GLI2"
"Purine Ribonucleoside Monophosphate Catabolic Process (GO:0009169)","1/7",0.857066491986385,0.99999537209541,0,0,0.520236377379235,0.0802411425631128,"SORD"
"Regulation Of CD8-positive, Alpha-Beta T Cell Differentiation (GO:0043376)","1/7",0.857066491986385,0.99999537209541,0,0,0.520236377379235,0.0802411425631128,"RUNX3"
"Regulation Of T-helper 2 Cell Differentiation (GO:0045628)","1/7",0.857066491986385,0.99999537209541,0,0,0.520236377379235,0.0802411425631128,"CD86"
"Regulation Of Activation Of Janus Kinase Activity (GO:0010533)","1/7",0.857066491986385,0.99999537209541,0,0,0.520236377379235,0.0802411425631128,"IL6R"
"Regulation Of Apoptotic Cell Clearance (GO:2000425)","1/7",0.857066491986385,0.99999537209541,0,0,0.520236377379235,0.0802411425631128,"TGM2"
"Regulation Of Chemokine-Mediated Signaling Pathway (GO:0070099)","1/7",0.857066491986385,0.99999537209541,0,0,0.520236377379235,0.0802411425631128,"ROBO1"
"Regulation Of Cytoplasmic Translational Elongation (GO:1900247)","1/7",0.857066491986385,0.99999537209541,0,0,0.520236377379235,0.0802411425631128,"DPH5"
"Regulation Of Dendritic Cell Chemotaxis (GO:2000508)","1/7",0.857066491986385,0.99999537209541,0,0,0.520236377379235,0.0802411425631128,"CCR7"
"Regulation Of Dopamine Metabolic Process (GO:0042053)","1/7",0.857066491986385,0.99999537209541,0,0,0.520236377379235,0.0802411425631128,"PRKN"
"Regulation Of Endodeoxyribonuclease Activity (GO:0032071)","1/7",0.857066491986385,0.99999537209541,0,0,0.520236377379235,0.0802411425631128,"SIRT1"
"Regulation Of Epithelial To Mesenchymal Transition Involved In Endocardial Cushion Formation (GO:1905005)","1/7",0.857066491986385,0.99999537209541,0,0,0.520236377379235,0.0802411425631128,"TGFBR2"
"Regulation Of Establishment Of Protein Localization To Mitochondrion (GO:1903747)","1/7",0.857066491986385,0.99999537209541,0,0,0.520236377379235,0.0802411425631128,"PRKN"
"Regulation Of Heterochromatin Formation (GO:0031445)","1/7",0.857066491986385,0.99999537209541,0,0,0.520236377379235,0.0802411425631128,"SIN3A"
"Regulation Of Hydrogen Peroxide-Induced Cell Death (GO:1903205)","1/7",0.857066491986385,0.99999537209541,0,0,0.520236377379235,0.0802411425631128,"PARK7"
"Regulation Of Lipase Activity (GO:0060191)","1/7",0.857066491986385,0.99999537209541,0,0,0.520236377379235,0.0802411425631128,"SNCA"
"Regulation Of Lymphocyte Apoptotic Process (GO:0070228)","1/7",0.857066491986385,0.99999537209541,0,0,0.520236377379235,0.0802411425631128,"LYN"
"Regulation Of Lysosome Size (GO:0062196)","1/7",0.857066491986385,0.99999537209541,0,0,0.520236377379235,0.0802411425631128,"BORCS5"
"Regulation Of Protein Localization To Cell Cortex (GO:1904776)","1/7",0.857066491986385,0.99999537209541,0,0,0.520236377379235,0.0802411425631128,"GNAI1"
"Regulation Of Response To Wounding (GO:1903034)","1/7",0.857066491986385,0.99999537209541,0,0,0.520236377379235,0.0802411425631128,"STK24"
"Regulation Of Stem Cell Division (GO:2000035)","1/7",0.857066491986385,0.99999537209541,0,0,0.520236377379235,0.0802411425631128,"NCOA3"
"Release Of Sequestered Calcium Ion Into Cytosol By Endoplasmic Reticulum (GO:1903514)","1/7",0.857066491986385,0.99999537209541,0,0,0.520236377379235,0.0802411425631128,"RYR2"
"Response To Potassium Ion (GO:0035864)","1/7",0.857066491986385,0.99999537209541,0,0,0.520236377379235,0.0802411425631128,"CRHBP"
"siRNA Processing (GO:0030422)","1/7",0.857066491986385,0.99999537209541,0,0,0.520236377379235,0.0802411425631128,"TSN"
"Sodium-Dependent Phosphate Transport (GO:0044341)","1/7",0.857066491986385,0.99999537209541,0,0,0.520236377379235,0.0802411425631128,"SLC34A2"
"Somatic Hypermutation Of Immunoglobulin Genes (GO:0016446)","1/7",0.857066491986385,0.99999537209541,0,0,0.520236377379235,0.0802411425631128,"MSH6"
"Spermidine Metabolic Process (GO:0008216)","1/7",0.857066491986385,0.99999537209541,0,0,0.520236377379235,0.0802411425631128,"SLC38A2"
"Spleen Development (GO:0048536)","1/7",0.857066491986385,0.99999537209541,0,0,0.520236377379235,0.0802411425631128,"CITED2"
"Store-Operated Calcium Entry (GO:0002115)","1/7",0.857066491986385,0.99999537209541,0,0,0.520236377379235,0.0802411425631128,"ORAI1"
"tRNA Surveillance (GO:0106354)","1/7",0.857066491986385,0.99999537209541,0,0,0.520236377379235,0.0802411425631128,"ZCCHC7"
"Terpenoid Metabolic Process (GO:0006721)","1/7",0.857066491986385,0.99999537209541,0,0,0.520236377379235,0.0802411425631128,"PLPP6"
"Tooth Mineralization (GO:0034505)","1/7",0.857066491986385,0.99999537209541,0,0,0.520236377379235,0.0802411425631128,"SLC24A4"
"Venous Blood Vessel Development (GO:0060841)","1/7",0.857066491986385,0.99999537209541,0,0,0.520236377379235,0.0802411425631128,"CCBE1"
"Ventricular Trabecula Myocardium Morphogenesis (GO:0003222)","1/7",0.857066491986385,0.99999537209541,0,0,0.520236377379235,0.0802411425631128,"RBPJ"
"Regulation Of Translation (GO:0006417)","43/202",0.858978517155824,0.99999537209541,0,0,0.842925541862676,0.128134263427719,"PIWIL2;APP;MSI1;MALSU1;MSI2;PLD1;THBS1;TOB1;GIGYF2;GSPT1;FXR1;RIDA;ATXN2;METTL14;LARP1;ALKBH1;MTG2;TRIM2;DHX36;ERBB2;IGF2BP1;IGF2BP3;IGF2BP2;EIF4E;SOX4;NIBAN1;EPHA4;YTHDF1;NHLRC3;ELP1;PYM1;ELP3;CNOT10;ELP5;MTOR;ZAR1;DHFR;PRR16;GEMIN5;VIM;EIF1B;LSM14A;METAP1"
"Chromatin Organization (GO:0006325)","58/268",0.860084684780847,0.99999537209541,0,0,0.860603532193019,0.129713971602207,"RB1;FOXA1;KDM5A;SETD7;CHD6;EHMT1;NUCKS1;CHD3;MYSM1;ING4;CHAF1B;DPF1;RUVBL1;DPF3;SMARCAD1;HMG20A;SOX9;JARID2;ARID2;KDM6A;SMARCC1;PBRM1;ATRX;TET1;BAZ1A;ARID1A;SIRT1;ARID1B;TTI1;KAT2B;CFDP1;KAT6B;H2BC11;TOP1;INO80C;HDAC4;HDAC5;SMARCD2;SMARCD3;ZBTB1;HDAC8;RNF2;CECR2;UBN1;SUDS3;KDM4A;KDM4B;TCF7L1;KDM4C;HMGA2;SMARCA1;SMARCA2;PER2;PER1;TADA2A;RYBP;TNP1;FAM50B"
"Cytoskeleton-Dependent Cytokinesis (GO:0061640)","16/81",0.860550593955768,0.99999537209541,0,0,0.767729210409111,0.115299775481602,"ROPN1B;ROCK1;EXOC6B;ANK3;SEPTIN11;CIT;CECR2;SNX18;APC;INCENP;KIF4B;SPIRE1;TRIM36;EXOC6;NOX5;BBS4"
"Histone Modification (GO:0016570)","16/81",0.860550593955768,0.99999537209541,0,0,0.767729210409111,0.115299775481602,"HDAC4;HDAC5;MEAF6;USP3;JADE1;CHD3;HDAC8;SIRT1;ING4;KAT2B;TADA2A;BRMS1L;RUVBL1;UBE2N;SUDS3;TBL1X"
"Positive Regulation Of Growth (GO:0045927)","16/81",0.860550593955768,0.99999537209541,0,0,0.767729210409111,0.115299775481602,"PRR5;YAP1;MAPKAP1;INSR;AKAP6;CDKN2AIP;EGFR;MTOR;RPTOR;LEP;ERBB2;AGR2;BCL2;RICTOR;TEAD1;SLC25A33"
"Acute-Phase Response (GO:0006953)","2/13",0.860699475732275,0.99999537209541,0,0,0.567460168697282,0.0851246297935871,"IL6R;MBL2"
"Amyloid Precursor Protein Catabolic Process (GO:0042987)","2/13",0.860699475732275,0.99999537209541,0,0,0.567460168697282,0.0851246297935871,"PSEN1;ABCG1"
"Cardiocyte Differentiation (GO:0035051)","2/13",0.860699475732275,0.99999537209541,0,0,0.567460168697282,0.0851246297935871,"GREM1;GATA6"
"Cellular Modified Amino Acid Catabolic Process (GO:0042219)","2/13",0.860699475732275,0.99999537209541,0,0,0.567460168697282,0.0851246297935871,"GOT2;CDO1"
"Cellular Response To Interleukin-4 (GO:0071353)","2/13",0.860699475732275,0.99999537209541,0,0,0.567460168697282,0.0851246297935871,"STAT5A;LEF1"
"Inhibitory Synapse Assembly (GO:1904862)","2/13",0.860699475732275,0.99999537209541,0,0,0.567460168697282,0.0851246297935871,"WNT5A;SRGAP3"
"Membrane Protein Intracellular Domain Proteolysis (GO:0031293)","2/13",0.860699475732275,0.99999537209541,0,0,0.567460168697282,0.0851246297935871,"MBTPS1;MMP7"
"Monoacylglycerol Metabolic Process (GO:0046462)","2/13",0.860699475732275,0.99999537209541,0,0,0.567460168697282,0.0851246297935871,"FAAH;MOGAT2"
"Negative Regulation Of DNA Damage Response, Signal Transduction By P53 Class Mediator (GO:0043518)","2/13",0.860699475732275,0.99999537209541,0,0,0.567460168697282,0.0851246297935871,"SIRT1;CD44"
"Negative Regulation Of NLRP3 Inflammasome Complex Assembly (GO:1900226)","2/13",0.860699475732275,0.99999537209541,0,0,0.567460168697282,0.0851246297935871,"NLRC3;IRGM"
"Negative Regulation Of Interleukin-12 Production (GO:0032695)","2/13",0.860699475732275,0.99999537209541,0,0,0.567460168697282,0.0851246297935871,"CCR7;THBS1"
"Negative Regulation Of Neuroinflammatory Response (GO:0150079)","2/13",0.860699475732275,0.99999537209541,0,0,0.567460168697282,0.0851246297935871,"IGF1;TNFRSF1B"
"Negative Regulation Of Secretion (GO:0051048)","2/13",0.860699475732275,0.99999537209541,0,0,0.567460168697282,0.0851246297935871,"NEUROG1;VAMP3"
"Negative Regulation Of Translational Initiation (GO:0045947)","2/13",0.860699475732275,0.99999537209541,0,0,0.567460168697282,0.0851246297935871,"LARP1;C8ORF88"
"Negative Regulation Of Viral Transcription (GO:0032897)","2/13",0.860699475732275,0.99999537209541,0,0,0.567460168697282,0.0851246297935871,"UBP1;TRIM14"
"Neuromuscular Process Controlling Balance (GO:0050885)","2/13",0.860699475732275,0.99999537209541,0,0,0.567460168697282,0.0851246297935871,"PCDH15;NEUROG1"
"Positive Regulation Of Cellular Response To Insulin Stimulus (GO:1900078)","2/13",0.860699475732275,0.99999537209541,0,0,0.567460168697282,0.0851246297935871,"SIRT1;SORL1"
"Positive Regulation Of Heterochromatin Formation (GO:0031453)","2/13",0.860699475732275,0.99999537209541,0,0,0.567460168697282,0.0851246297935871,"SIN3A;SETDB2"
"Positive Regulation Of Leukocyte Degranulation (GO:0043302)","2/13",0.860699475732275,0.99999537209541,0,0,0.567460168697282,0.0851246297935871,"SYK;F2RL1"
"Positive Regulation Of Protein Deacetylation (GO:0090312)","2/13",0.860699475732275,0.99999537209541,0,0,0.567460168697282,0.0851246297935871,"CTBP1;SIRT1"
"Positive Regulation Of Superoxide Anion Generation (GO:0032930)","2/13",0.860699475732275,0.99999537209541,0,0,0.567460168697282,0.0851246297935871,"SYK;F2RL1"
"Positive Regulation Of Type 2 Immune Response (GO:0002830)","2/13",0.860699475732275,0.99999537209541,0,0,0.567460168697282,0.0851246297935871,"CD86;DENND1B"
"Protein Import Into Peroxisome Matrix (GO:0016558)","2/13",0.860699475732275,0.99999537209541,0,0,0.567460168697282,0.0851246297935871,"PEX10;PEX2"
"Protein Localization To Phagophore Assembly Site (GO:0034497)","2/13",0.860699475732275,0.99999537209541,0,0,0.567460168697282,0.0851246297935871,"WIPI1;WIPI2"
"Regulation Of Fatty Acid Beta-Oxidation (GO:0031998)","2/13",0.860699475732275,0.99999537209541,0,0,0.567460168697282,0.0851246297935871,"AKT2;IRS2"
"Regulation Of Gastrulation (GO:0010470)","2/13",0.860699475732275,0.99999537209541,0,0,0.567460168697282,0.0851246297935871,"TENM4;CLASP2"
"Regulation Of Leukocyte Migration (GO:0002685)","2/13",0.860699475732275,0.99999537209541,0,0,0.567460168697282,0.0851246297935871,"ANXA1;VEGFA"
"Regulation Of Nitric-Oxide Synthase Biosynthetic Process (GO:0051769)","2/13",0.860699475732275,0.99999537209541,0,0,0.567460168697282,0.0851246297935871,"IL33;KDR"
"Regulation Of Response To Endoplasmic Reticulum Stress (GO:1905897)","2/13",0.860699475732275,0.99999537209541,0,0,0.567460168697282,0.0851246297935871,"CLU;MANF"
"Signal Peptide Processing (GO:0006465)","2/13",0.860699475732275,0.99999537209541,0,0,0.567460168697282,0.0851246297935871,"IMMP2L;SEC11C"
"Ubiquinone Biosynthetic Process (GO:0006744)","2/13",0.860699475732275,0.99999537209541,0,0,0.567460168697282,0.0851246297935871,"PDSS2;COQ7"
"Regulation Of Protein Catabolic Process (GO:0042176)","25/122",0.860734512574696,0.99999537209541,0,0,0.80363035246327,0.120519776839591,"PRKN;GSK3B;PHB1;TNFAIP3;FMN2;HMGCR;EGFR;DCAF1;NUDT15;ATG7;CDK5RAP3;BANP;RIC1;PLK2;WNT5A;RDX;MSN;SORL1;RBX1;RNF41;EEF1A1;APC;NEDD4;ASB5;EZR"
"Cellular Response To Cytokine Stimulus (GO:0071345)","67/308",0.865199343254798,0.99999537209541,0,0,0.866096073049858,0.125406678809206,"IFNA5;RIPOR2;GSK3B;PHB1;CXCL8;DOCK8;IFNA2;IL5RA;MT1X;MYLK3;CRHBP;GPER1;TNFSF11;CCR7;SOX9;IL6R;CCR2;NKX3-1;MME;WNT5A;OSMR;NPNT;SIRT1;DCSTAMP;HCK;GREM2;TRAF6;CD47;IL6ST;SOS1;ZNF675;IFNAR1;NFAT5;ASAH1;FOXC1;NPR2;LEF1;STK39;CXCR4;AKAP6;ADAMTS12;CBL;TANK;ZFP36L1;DUOX1;STAT4;ST3GAL6;CD58;CCL18;GBP1;CCR1;STAT5A;PNPT1;STAT1;STAT3;IL31RA;ERBIN;UBE2G2;POU4F1;IRGM;NFKBIA;FER;LRCH1;WNK1;IL7;IL7R;PF4"
"Cytosolic Transport (GO:0016482)","26/127",0.865942804790864,0.99999537209541,0,0,0.802628501557159,0.115527471400062,"TMEM87B;WIPF3;CLTC;VPS26B;RCSD1;AP4M1;CCDC91;AP1G1;VTI1A;ANKFY1;PIP4K2A;RAB6B;MON2;RIC1;GBF1;VPS13A;LMTK2;EMP2;HOOK3;ATG14;KLHL20;MYO1D;SNX16;TBC1D5;PIK3C3;VAMP3"
"Regulation Of Tumor Necrosis Factor Production (GO:0032680)","26/127",0.865942804790864,0.99999537209541,0,0,0.802628501557159,0.115527471400062,"ILRUN;APP;ORM1;CHRNA7;TNFAIP3;NLRC3;PSEN1;CLU;ORM2;THBS1;FXR1;CD33;CCR2;GHSR;IL33;FZD5;SYK;WNT5A;STAT3;IGF1;ISL1;POMC;CD47;LCP1;LTF;PF4"
"RNA Biosynthetic Process (GO:0032774)","5/29",0.86659151519042,0.99999537209541,0,0,0.650058455401967,0.0930802845039137,"PRIM2;TBPL1;MTERF1;SMN1;ZFP36L1"
"RNA-mediated Gene Silencing (GO:0031047)","5/29",0.86659151519042,0.99999537209541,0,0,0.650058455401967,0.0930802845039137,"PIWIL2;TDRD1;MOV10L1;PABPC1;TNRC6B"
"Establishment Of Mitotic Spindle Orientation (GO:0000132)","5/29",0.86659151519042,0.99999537209541,0,0,0.650058455401967,0.0930802845039137,"ITGB1;FBXW11;INSC;HTT;CDK5RAP2"
"Positive Regulation Of Neural Precursor Cell Proliferation (GO:2000179)","5/29",0.86659151519042,0.99999537209541,0,0,0.650058455401967,0.0930802845039137,"DISP3;SMARCD3;DRD2;HAPLN2;VEGFA"
"Protein K11-linked Ubiquitination (GO:0070979)","5/29",0.86659151519042,0.99999537209541,0,0,0.650058455401967,0.0930802845039137,"PRKN;UBE2H;CDC23;UBE2E2;UBE2L3"
"Regulation Of Neuron Migration (GO:2001222)","5/29",0.86659151519042,0.99999537209541,0,0,0.650058455401967,0.0930802845039137,"NTNG1;SEMA6A;PHACTR1;CTNNA2;SRGAP3"
"Regulation Of Voltage-Gated Calcium Channel Activity (GO:1901385)","5/29",0.86659151519042,0.99999537209541,0,0,0.650058455401967,0.0930802845039137,"PPP3CA;S100G;PDE4B;STAC3;GNB5"
"Response To Alcohol (GO:0097305)","5/29",0.86659151519042,0.99999537209541,0,0,0.650058455401967,0.0930802845039137,"TGFBR3;GRIN3A;GOT2;CCR7;TGFBR2"
"Response To Interferon-Beta (GO:0035456)","5/29",0.86659151519042,0.99999537209541,0,0,0.650058455401967,0.0930802845039137,"PNPT1;STAT1;UBE2G2;IRGM;IFNAR1"
"Histone Deubiquitination (GO:0016578)","6/34",0.866686044013451,0.99999537209541,0,0,0.668592653735039,0.095661224255043,"BABAM2;KAT2B;TMEM98;ATXN7;USP22;USP3"
"Purine Nucleotide Metabolic Process (GO:0006163)","6/34",0.866686044013451,0.99999537209541,0,0,0.668592653735039,0.095661224255043,"NOCT;NT5C1B;CD38;AMPD2;GPD1L;NUDT15"
"Cellular Response To Salt (GO:1902075)","22/109",0.867135473409323,0.99999537209541,0,0,0.788515266176436,0.112410782895417,"SYT4;MEF2C;CAMK2D;NLGN1;ADGRV1;CPNE5;CPNE4;WNT5A;BRAF;ADCY1;SYT13;SYT9;CLU;ADCY7;CDKN2AIP;ADD1;CRHBP;P2RY1;PPIF;FYN;TGM2;LGMN"
"Positive Regulation Of Wnt Signaling Pathway (GO:0030177)","22/109",0.867135473409323,0.99999537209541,0,0,0.788515266176436,0.112410782895417,"SEMA5A;MACF1;KANK1;CAV1;ATP6AP2;TNFAIP3;NRARP;LYPD6;EGFR;SKI;SCEL;HHEX;GPRC5B;SALL1;PTK7;WNK1;RUVBL1;TBL1X;LGR5;SOX4;ATP6V1C2;FGF10"
"Neuron Projection Extension (GO:1990138)","7/39",0.868090613210534,0.99999537209541,0,0,0.682481940144479,0.0965433333454418,"SEMA5A;CDKL3;AUTS2;FLRT3;MAP1B;ULK2;SPG11"
"Regulation Of Nitric Oxide Biosynthetic Process (GO:0045428)","7/39",0.868090613210534,0.99999537209541,0,0,0.682481940144479,0.0965433333454418,"SMAD3;CAV1;INSR;CD36;CD47;CLU;KLF2"
"Vitamin Transport (GO:0051180)","7/39",0.868090613210534,0.99999537209541,0,0,0.682481940144479,0.0965433333454418,"SLC2A14;SLC2A10;SLC22A1;PDPN;SLC2A1;APOA1;SLC2A3"
"Protein Complex Oligomerization (GO:0051259)","20/100",0.868459367544728,0.99999537209541,0,0,0.779594370860927,0.109949685949211,"CPSF7;PNPT1;HOMER1;ATL3;KCNC2;ATL1;ATL2;ZBTB1;BCL10;UPB1;OTOL1;COMP;EHD4;PXDN;G3BP2;LRRC8D;DNM1L;MICU1;BOK;SNCA"
"Regulation Of Organelle Organization (GO:0033043)","20/100",0.868459367544728,0.99999537209541,0,0,0.779594370860927,0.109949685949211,"INO80C;PRMT6;PRKN;RDX;STX18;MSN;PDE4DIP;CPLANE2;CAMSAP2;MTM1;RAB33B;TMEM33;RUVBL1;CAPN2;MAPK1;EZR;DNM1L;SFI1;TECPR1;STOX1"
"Dicarboxylic Acid Transport (GO:0006835)","4/24",0.86868164603552,0.99999537209541,0,0,0.624092409240924,0.0878588344375634,"SLC1A1;PDPN;UCP2;SLC1A3"
"Fat-Soluble Vitamin Metabolic Process (GO:0006775)","4/24",0.86868164603552,0.99999537209541,0,0,0.624092409240924,0.0878588344375634,"KDM5A;VKORC1L1;CYP11A1;LGMN"
"Multivesicular Body Sorting Pathway (GO:0071985)","4/24",0.86868164603552,0.99999537209541,0,0,0.624092409240924,0.0878588344375634,"LAPTM4B;CHMP1B;RAB27A;EXPH5"
"Negative Regulation Of Antigen Receptor-Mediated Signaling Pathway (GO:0050858)","4/24",0.86868164603552,0.99999537209541,0,0,0.624092409240924,0.0878588344375634,"SH2D1A;SLA2;EZR;GBP1"
"Neuromuscular Junction Development (GO:0007528)","4/24",0.86868164603552,0.99999537209541,0,0,0.624092409240924,0.0878588344375634,"CHRNA1;UNC13C;MUSK;NEDD4"
"Positive Regulation Of Vascular Endothelial Growth Factor Production (GO:0010575)","4/24",0.86868164603552,0.99999537209541,0,0,0.624092409240924,0.0878588344375634,"CCBE1;GATA4;IL6ST;ISL1"
"Protein Exit From Endoplasmic Reticulum (GO:0032527)","4/24",0.86868164603552,0.99999537209541,0,0,0.624092409240924,0.0878588344375634,"NPLOC4;MAP1LC3C;SEL1L;DERL1"
"Regulation Of Actin Nucleation (GO:0051125)","4/24",0.86868164603552,0.99999537209541,0,0,0.624092409240924,0.0878588344375634,"CARMIL1;WASHC5;RNH1;WASHC3"
"Regulation Of Cysteine-Type Endopeptidase Activity (GO:2000116)","4/24",0.86868164603552,0.99999537209541,0,0,0.624092409240924,0.0878588344375634,"CST3;USP50;FYN;LTF"
"Regulation Of Cytoplasmic Translation (GO:2000765)","4/24",0.86868164603552,0.99999537209541,0,0,0.624092409240924,0.0878588344375634,"DHX36;IGF2BP1;PABPC1;CPEB2"
"Regulation Of Proteolysis Involved In Protein Catabolic Process (GO:1903050)","4/24",0.86868164603552,0.99999537209541,0,0,0.624092409240924,0.0878588344375634,"EFNA1;EPHA4;UBE3A;NUDT15"
"Regulation Of Ryanodine-Sensitive Calcium-Release Channel Activity (GO:0060314)","4/24",0.86868164603552,0.99999537209541,0,0,0.624092409240924,0.0878588344375634,"JPH4;CAMK2D;JPH2;JPH1"
"Regulation Of Supramolecular Fiber Organization (GO:1902903)","4/24",0.86868164603552,0.99999537209541,0,0,0.624092409240924,0.0878588344375634,"CHRNA7;MAP1B;PARK7;CAMSAP2"
"Response To Copper Ion (GO:0046688)","4/24",0.86868164603552,0.99999537209541,0,0,0.624092409240924,0.0878588344375634,"MT1X;AQP1;LOXL2;SNCA"
"Response To Hexose (GO:0009746)","4/24",0.86868164603552,0.99999537209541,0,0,0.624092409240924,0.0878588344375634,"SLC30A8;IRS2;LCP1;THBS1"
"Protein Transport (GO:0015031)","68/313",0.86951234970396,0.99999537209541,0,0,0.864620162446249,0.120893561956942,"RAB3B;ARF1;LRSAM1;STEAP3;CLTC;SNX13;VLDLR;ABCA12;CLU;AP4M1;GOLGA4;HERC2;CHMP1B;LAMP2;ARL6IP5;TLK1;EIF2D;CD36;GOLGA7;SIL1;CEP290;ARRDC4;PRKCB;ARRDC2;VPS33B;TIMM23;LMTK2;AP3B1;ANK3;ARFGAP3;DNM2;CTAGE1;RAB32;ARL4C;RAB31;SCG5;MYH9;PPARG;CTAGE6;OPTN;ABCG1;RD3;MACF1;RAB1A;CALCRL;ARL6;SEL1L;VPS26B;NAPG;STX11;TIMM50;RAB21;RAB20;KIF3B;SCFD2;SYNDIG1;RAB28;SNX7;RAB6B;HSPA9;SLC10A7;RIC1;VMP1;SNX18;KRT18;RAB12;COPG2;RAMP1"
"Bone Development (GO:0060348)","8/44",0.870304861883638,0.99999537209541,0,0,0.693274612349757,0.0963039638121974,"SKI;SLC10A7;MYOC;LRRC17;SH3PXD2B;BMP6;TGM2;LTF"
"Embryonic Organ Morphogenesis (GO:0048562)","8/44",0.870304861883638,0.99999537209541,0,0,0.693274612349757,0.0963039638121974,"FBN2;MFAP5;RYR2;ALDH1A3;HOXC4;SOX11;DSCAML1;FBN1"
"Positive Regulation Of Cellular Process (GO:0048522)","133/594",0.870747912368791,0.99999537209541,0,0,0.897912118775854,0.124273521984258,"CD86;PHB1;CSF1;IRS2;POFUT2;AKT2;CSPP1;DPF1;KDR;DPF3;SOX9;ARID2;IL6R;SOX4;TGM2;EPHA4;SMARCC1;TPM1;PRKCA;ISL1;POU3F2;TIAM1;FRMD5;GAREM1;MYL1;IL6ST;EPHA1;TSPYL5;DLX1;KMT2D;PTGFR;DLX2;MAPKAP1;CHRNA7;CDKN2AIP;ZFP36L1;DPP4;EFNB2;GHRHR;GRK5;PDGFC;DHX36;ZNF703;RPRD1B;ASIC2;WNT2;LYN;SRPK2;WWTR1;ZFHX3;INSR;CAV1;NRDC;FN1;IL31RA;CDC7;IGF1;SMARCA2;BMP6;SLC6A6;MLXIPL;FER;GDNF;IL7;BCL2;ATM;IL7R;LGMN;RNF187;PRR5;RYR2;SLC35F6;GSK3B;TENM4;CITED2;AKR1B1;LAMC2;AREG;RPTOR;PPP3CA;FLCN;GPER1;CTSH;ITGAV;CCR7;TEAD1;NKX3-1;PBRM1;TBC1D8;EMP2;AXIN2;TNFRSF1B;OSMR;ARID1A;SIRT1;ARID1B;ADRA2A;TGFBR2;GREM1;HCK;ITGB1BP1;CD47;EAPP;CACUL1;HDAC4;YAP1;SMARCD2;SMARCD3;LAMA2;LAMA1;SRF;LEF1;NEDD9;TTK;AKAP6;THBS1;EGFR;PTHLH;DUOX1;FTMT;SPOCK2;NTF3;ERBB2;GCNT2;RICTOR;NTRK2;KDM4C;NTRK3;MTOR;VEGFA;KITLG;FAM98B;SLC25A33"
"Double-Strand Break Repair (GO:0006302)","35/168",0.87199626834666,0.99999537209541,0,0,0.820285611267113,0.112354630504723,"SMARCAL1;FBH1;NUCKS1;SMC6;PRPF19;RAD54B;BABAM2;PAXX;RNF138;NSD2;RBBP8;SMARCAD1;NHEJ1;GEN1;PARP1;EYA1;INTS3;EYA3;NSMCE2;TOP3A;HUS1;SETMAR;LIG3;RAD51B;RNF169;NPC1;TDP1;RPA3;RPA4;FSCN1;UBE2V2;UBE2N;NABP1;SLX1A;ATM"
"Regulation Of Interleukin-6 Production (GO:0032675)","23/114",0.87204355256992,0.99999537209541,0,0,0.788075250489829,0.107900040630948,"APP;GHSR;IL33;ORM1;SYK;WNT5A;STAT3;TNFAIP3;FOXJ1;NLRC3;BCL10;ISL1;SCIMP;C1QTNF3;LEP;POU2AF1;F2RL1;TLR7;CD47;LCP1;IL6R;CD200;MBL2"
"Nuclear Export (GO:0051168)","9/49",0.873024883523293,0.99999537209541,0,0,0.701899648977906,0.0953118097123948,"RANBP2;ATXN1;NEMF;NUP42;SMURF1;CSE1L;XPO7;NUP98;RAN"
"Intermediate Filament Organization (GO:0045109)","13/68",0.873139348979452,0.99999537209541,0,0,0.737225948261286,0.10001215696374,"DSP;KRT80;KRT4;KRT1;KRT24;TCHH;MTM1;BFSP2;KRT28;KRT16;PKP2;PKP1;VIM"
"Regulation Of Programmed Cell Death (GO:0043067)","41/195",0.874464529958549,0.99999537209541,0,0,0.829746225505943,0.11130510073189,"FANK1;PRKN;ALK;PHB1;ASAH1;RBM25;ANP32A;MEAF6;ETFA;USP17L20;IKZF3;CLU;BCL2L11;NTF3;RUVBL1;ABL2;FYN;SOX9;IFT57;TGM2;BNIP3L;APAF1;STAT1;BNIP3;STYK1;TNFRSF10B;SIRT1;POU4F1;USP17L3;CIDEC;AGT;TOX3;XPNPEP1;STK26;ANP32E;GAS1;ATM;ALPK2;RAF1;BCAR1;TPT1"
"COPII Vesicle Coating (GO:0048208)","3/19",0.874617880005696,0.99999537209541,0,0,0.585120643431635,0.078387557378988,"TRAPPC12;TRAPPC2B;TRAPPC8"
"Epithelial Structure Maintenance (GO:0010669)","3/19",0.874617880005696,0.99999537209541,0,0,0.585120643431635,0.078387557378988,"SERPINA3;ILDR1;MUC4"
"Fluid Transport (GO:0042044)","3/19",0.874617880005696,0.99999537209541,0,0,0.585120643431635,0.078387557378988,"PDPN;SLC4A11;AQP7P3"
"Negative Regulation Of Fatty Acid Metabolic Process (GO:0045922)","3/19",0.874617880005696,0.99999537209541,0,0,0.585120643431635,0.078387557378988,"NCOR1;SOX9;UGT1A8"
"Positive Regulation Of Histone Methylation (GO:0031062)","3/19",0.874617880005696,0.99999537209541,0,0,0.585120643431635,0.078387557378988,"SMAD4;KAT8;SIRT1"
"rRNA Catabolic Process (GO:0016075)","3/19",0.874617880005696,0.99999537209541,0,0,0.585120643431635,0.078387557378988,"ZCCHC7;XRN1;PELO"
"Regulation Of Cellular Response To Growth Factor Stimulus (GO:0090287)","3/19",0.874617880005696,0.99999537209541,0,0,0.585120643431635,0.078387557378988,"FSTL5;DOK5;TMEM204"
"Skeletal Muscle Contraction (GO:0003009)","3/19",0.874617880005696,0.99999537209541,0,0,0.585120643431635,0.078387557378988,"CHRNA1;STAC3;RCSD1"
"tRNA Metabolic Process (GO:0006399)","3/19",0.874617880005696,0.99999537209541,0,0,0.585120643431635,0.078387557378988,"ELAC2;RPP30;ZFP36L1"
"Vesicle Targeting, Rough ER To cis-Golgi (GO:0048207)","3/19",0.874617880005696,0.99999537209541,0,0,0.585120643431635,0.078387557378988,"TRAPPC12;TRAPPC2B;TRAPPC8"
"Water Transport (GO:0006833)","3/19",0.874617880005696,0.99999537209541,0,0,0.585120643431635,0.078387557378988,"PDPN;CFTR;AQP7P3"
"Xenobiotic Catabolic Process (GO:0042178)","3/19",0.874617880005696,0.99999537209541,0,0,0.585120643431635,0.078387557378988,"CYP2A6;NR1I2;NUDT15"
"Negative Regulation Of TOR Signaling (GO:0032007)","10/54",0.87605770848437,0.99999537209541,0,0,0.708948218241899,0.093810376947977,"FLCN;NUAK1;DEPTOR;NPC1;DDIT4;TSC2;SH3BP4;ATM;RNF152;SIRT1"
"Negative Regulation Of Protein Catabolic Process (GO:0042177)","10/54",0.87605770848437,0.99999537209541,0,0,0.708948218241899,0.093810376947977,"CST3;PHB1;RIC1;ROCK1;FMN2;HMGCR;CDK5RAP3;EGFR;BANP;SNCA"
"Regulation Of Smooth Muscle Cell Proliferation (GO:0048660)","10/54",0.87605770848437,0.99999537209541,0,0,0.708948218241899,0.093810376947977,"PHB1;STAT1;ELN;TNFAIP3;CDH13;PPARG;APOD;IGF1;IL6R;THBS1"
"Regulation Of Protein-Containing Complex Assembly (GO:0043254)","24/119",0.876732870898183,0.99999537209541,0,0,0.78766842541316,0.103620087022161,"RB1;ATF7IP;FARP2;GSK3B;SYK;TGFBRAP1;PARK7;CLU;ISL1;IRGM;SORL1;VEGFA;HCK;CHAF1B;BCL2L11;BBS10;IAPP;CD36;SOST;ANKRA2;RAF1;FNIP2;TRABD2B;ANKS1B"
"DNA Replication (GO:0006260)","14/73",0.877199040844297,0.99999537209541,0,0,0.740066283167859,0.0969644878526635,"RFC3;DUT;MCM7;RFC1;BAZ1A;ORC5;TBRG1;FAM111A;POLE2;RPA3;RPA4;RBMS1;CDK2AP1;TOP1"
"Ubiquitin-Dependent ERAD Pathway (GO:0030433)","14/73",0.877199040844297,0.99999537209541,0,0,0.740066283167859,0.0969644878526635,"EDEM1;SEL1L;EDEM2;DERL1;UBE4B;UBE2G2;FBXO44;ECPAS;NPLOC4;RNF103;TMEM67;DNAJB9;STT3B;MARCHF6"
"Cilium Movement (GO:0003341)","11/59",0.879276637401332,0.99999537209541,0,0,0.714814432279832,0.0919649600849535,"CLXN;DNAI4;SPAG17;ODAD2;TTLL3;DNAAF2;DNAH5;HYDIN;DNAH9;DNAI1;CCDC40"
"Mitotic Cytokinesis (GO:0000281)","11/59",0.879276637401332,0.99999537209541,0,0,0.714814432279832,0.0919649600849535,"SNX18;ROCK1;APC;INCENP;KIF4B;EXOC6B;TRIM36;EXOC6;KLHDC8B;BBS4;CIT"
"Negative Regulation Of Cytokine-Mediated Signaling Pathway (GO:0001960)","11/59",0.879276637401332,0.99999537209541,0,0,0.714814432279832,0.0919649600849535,"ARG1;H2BC11;APOA1;F2RL1;PPARG;TTLL12;DCST1;RFFL;PARP14;ZNF675;ROBO1"
"Positive Regulation Of Tumor Necrosis Factor Production (GO:0032760)","15/78",0.881175496876204,0.99999537209541,0,0,0.742540141961271,0.0939301926004176,"APP;IL33;ORM1;SYK;FZD5;WNT5A;STAT3;PSEN1;CLU;ORM2;ISL1;THBS1;LCP1;CCR2;PF4"
"Protein-Containing Complex Assembly (GO:0065003)","71/328",0.88159869911251,0.99999537209541,0,0,0.860459324645138,0.108433635235663,"SRP19;CLTC;SLC2A1;WASL;CLU;CHCHD4;RIMS1;SH3PXD2B;TRAPPC12;SOX9;KIFAP3;DNM1L;TEAD1;RAB5IF;BOK;NCK1;DNAI4;DNAAF2;DNAJB12;TRAPPC2B;MITF;TRAF1;DARS1;TIAM1;BBS10;NEMF;NPC1;SLC7A9;GEMIN5;ITGB1BP1;VAMP3;CCDC40;YAP1;KMT2D;TBCEL;ARL6;TUBGCP2;LIN7A;ADRB2;TSPAN33;NAPG;CAND1;FCHO2;REPS2;STXBP6;GBP1;WASF3;SNCA;FARP2;SMAD4;TTC12;CENPW;SMAD3;HSPA4;FN1;PDE4DIP;TRAPPC8;IRGM;HOPX;PML;APC;CAPZA1;CAPZA2;TBCE;PDCL;APBA1;TCF4;PSMG2;FMOD;FERMT2;PICALM"
"Endocytic Recycling (GO:0032456)","12/64",0.882596360462619,0.99999537209541,0,0,0.719771137952956,0.0898902782184554,"ARL4C;DENND1B;EHD4;WIPF3;VTI1A;LMTK2;VPS13B;SNX7;CCDC93;RAB11FIP3;BLTP1;VPS35L"
"Positive Regulation Of Interleukin-1 Production (GO:0032732)","12/64",0.882596360462619,0.99999537209541,0,0,0.719771137952956,0.0898902782184554,"APP;ORM1;FZD5;RIPK2;WNT5A;STAT3;USP50;F2RL1;CD36;LCP1;ORM2;ISL1"
"One-Carbon Compound Transport (GO:0019755)","6/35",0.884639927149478,0.99999537209541,0,0,0.645495040346108,0.0791212826511137,"CYB5R2;CYB5R4;SLC4A11;RHAG;SLC4A4;CFTR"
"Regulation Of mRNA Processing (GO:0050684)","6/35",0.884639927149478,0.99999537209541,0,0,0.645495040346108,0.0791212826511137,"SRPK2;SAFB2;RBM20;MAGOHB;QKI;ZFP36L1"
"Water-Soluble Vitamin Metabolic Process (GO:0006767)","7/40",0.884896250166903,0.99999537209541,0,0,0.66175688776308,0.0809228565112243,"DHFR;DHFR2;GSTO2;RFK;SLC2A1;SLC2A3;MTHFS"
"Positive Regulation Of Proteasomal Ubiquitin-Dependent Protein Catabolic Process (GO:0032436)","16/83",0.885055547791353,0.99999537209541,0,0,0.744713158771897,0.090933103497195,"PRKN;GSK3B;ANKIB1;RNF180;CAV1;AXIN2;CLU;SH3RF1;RBX1;SH3RF3;RNF144B;COP1;DAB2;RNF19A;RNF217;ARIH2"
"Regulation Of Cell Division (GO:0051302)","16/83",0.885055547791353,0.99999537209541,0,0,0.744713158771897,0.090933103497195,"NCOA3;SUSD2;FLCN;KAT2B;TADA2A;CSPP1;INSC;MBIP;CDK2AP2;BIRC6;PIK3C3;RAB11FIP3;BBS4;TP63;NKX3-1;BCL2L1"
"GPI Anchor Biosynthetic Process (GO:0006506)","5/30",0.885787753167933,0.99999537209541,0,0,0.624014854549206,0.0756792194398523,"PIGC;PGAP2;SLC30A5;PIGZ;PIGV"
"Embryonic Skeletal System Morphogenesis (GO:0048704)","5/30",0.885787753167933,0.99999537209541,0,0,0.624014854549206,0.0756792194398523,"COL2A1;HOXC4;SOX11;DSCAML1;TGFBR2"
"Intrinsic Apoptotic Signaling Pathway In Response To Endoplasmic Reticulum Stress (GO:0070059)","5/30",0.885787753167933,0.99999537209541,0,0,0.624014854549206,0.0756792194398523,"TMEM117;ITPR1;BCL2;TNFRSF10B;MAP3K5"
"Negative Regulation Of Blood Coagulation (GO:0030195)","5/30",0.885787753167933,0.99999537209541,0,0,0.624014854549206,0.0756792194398523,"CPB2;C1QTNF1;SERPINE2;KRT1;TFPI"
"Negative Regulation Of Epithelial To Mesenchymal Transition (GO:0010719)","5/30",0.885787753167933,0.99999537209541,0,0,0.624014854549206,0.0756792194398523,"FOXA1;EFNA1;EPHA4;SPRED1;USF3"
"Negative Regulation Of Myeloid Leukocyte Differentiation (GO:0002762)","5/30",0.885787753167933,0.99999537209541,0,0,0.624014854549206,0.0756792194398523,"CDK6;LRRC17;INHBA;ZNF675;FBN1"
"Positive Regulation Of Protein Targeting To Mitochondrion (GO:1903955)","5/30",0.885787753167933,0.99999537209541,0,0,0.624014854549206,0.0756792194398523,"NPEPPS;FZD5;ARIH2;RNF2;UBE2L3"
"Regulation Of Defense Response (GO:0031347)","19/97",0.885950626674755,0.99999537209541,0,0,0.759548403868702,0.0919767969759842,"ANXA1;IL1R1;WNT5A;ERAP1;GATA6;NR1D2;PARK7;ADAMTS12;HCK;NLRP8;TRAF3;IGF2BP1;GGT3P;GGT1;DAGLB;PIK3AP1;N4BP1;CCR2;BRD4"
"Regulation Of I-kappaB kinase/NF-kappaB Signaling (GO:0043122)","49/232",0.885979754441549,0.99999537209541,0,0,0.834274798651571,0.100998290864537,"TRAF3IP2;SUMO4;TNFAIP3;EDA2R;TRIM8;TBK1;TNFSF10;CCR7;MAP3K7;PARP1;PRKCB;RIPK2;WNT5A;TNFRSF19;TRAF1;TICAM1;SIRT1;EDAR;GPRC5B;TRAF4;TRAF3;TRAF6;PRKD1;OPTN;LTF;PRKN;CANT1;PELI2;NLRC3;NOD1;BCL10;ATP2C1;CXXC5;TANK;MTDH;DHX36;BRD4;NDFIP2;STAT1;PLK2;TNFRSF10B;IRGM;PER1;VAPA;CLEC6A;UBE2N;F2RL1;TAB2;LTBR"
"Establishment Of Protein Localization To Extracellular Region (GO:0035592)","8/45",0.886062417613089,0.99999537209541,0,0,0.674492824781842,0.0815919684955344,"RAB3B;CTAGE1;STEAP3;RAB12;SEL1L;COPG2;CTAGE6;ARFGAP3"
"Negative Regulation Of Response To Biotic Stimulus (GO:0002832)","8/45",0.886062417613089,0.99999537209541,0,0,0.674492824781842,0.0815919684955344,"ILRUN;PARP1;PCBP2;TNFAIP3;TRAFD1;NLRC3;IRGM;LTF"
"Regulation Of Cellular Metabolic Process (GO:0031323)","8/45",0.886062417613089,0.99999537209541,0,0,0.674492824781842,0.0815919684955344,"PRKN;NCOR2;NUAK1;PNPT1;PDK4;PRKAG2;COQ7;RNF41"
"Pyruvate Metabolic Process (GO:0006090)","9/50",0.887828770617785,0.99999537209541,0,0,0.684734819679396,0.0814672704232199,"GPI;PDHA1;HKDC1;UCP2;PGAM4;VDAC1;ALDOB;HK2;HK1"
"COPII-coated Vesicle Cargo Loading (GO:0090110)","2/14",0.887965464380007,0.99999537209541,0,0,0.520137457044674,0.0618039956491347,"RAB1A;SEC24D"
"MHC Class II Protein Complex Assembly (GO:0002399)","2/14",0.887965464380007,0.99999537209541,0,0,0.520137457044674,0.0618039956491347,"GNAO1;HLA-DRB3"
"Centromere Complex Assembly (GO:0034508)","2/14",0.887965464380007,0.99999537209541,0,0,0.520137457044674,0.0618039956491347,"CENPW;NPC1"
"Dolichol Metabolic Process (GO:0019348)","2/14",0.887965464380007,0.99999537209541,0,0,0.520137457044674,0.0618039956491347,"ALG8;ALG6"
"Embryonic Cranial Skeleton Morphogenesis (GO:0048701)","2/14",0.887965464380007,0.99999537209541,0,0,0.520137457044674,0.0618039956491347,"MTHFD1L;TGFBR2"
"Establishment Of Chromosome Localization (GO:0051303)","2/14",0.887965464380007,0.99999537209541,0,0,0.520137457044674,0.0618039956491347,"INCENP;TRAPPC12"
"Glucosamine-Containing Compound Metabolic Process (GO:1901071)","2/14",0.887965464380007,0.99999537209541,0,0,0.520137457044674,0.0618039956491347,"CHST7;CHST3"
"Medium-Chain Fatty Acid Metabolic Process (GO:0051791)","2/14",0.887965464380007,0.99999537209541,0,0,0.520137457044674,0.0618039956491347,"CYP4Z1;ABHD2"
"Negative Regulation Of Blood Pressure (GO:0045776)","2/14",0.887965464380007,0.99999537209541,0,0,0.520137457044674,0.0618039956491347,"DRD2;APLN"
"Negative Regulation Of mRNA Splicing, Via Spliceosome (GO:0048025)","2/14",0.887965464380007,0.99999537209541,0,0,0.520137457044674,0.0618039956491347,"SFSWAP;RBM20"
"Negative Regulation Of Peptidyl-Threonine Phosphorylation (GO:0010801)","2/14",0.887965464380007,0.99999537209541,0,0,0.520137457044674,0.0618039956491347,"SPRED1;PPEF2"
"Negative Regulation Of Receptor Signaling Pathway Via STAT (GO:1904893)","2/14",0.887965464380007,0.99999537209541,0,0,0.520137457044674,0.0618039956491347,"CAV1;PPARG"
"Pathway-Restricted SMAD Protein Phosphorylation (GO:0060389)","2/14",0.887965464380007,0.99999537209541,0,0,0.520137457044674,0.0618039956491347,"TGFBR3;TGFBR2"
"Peptide Antigen Assembly With MHC Class II Protein Complex (GO:0002503)","2/14",0.887965464380007,0.99999537209541,0,0,0.520137457044674,0.0618039956491347,"GNAO1;HLA-DRB3"
"Positive Regulation Of Exosomal Secretion (GO:1903543)","2/14",0.887965464380007,0.99999537209541,0,0,0.520137457044674,0.0618039956491347,"SMPD3;SDC1"
"Positive Regulation Of Histone Acetylation (GO:0035066)","2/14",0.887965464380007,0.99999537209541,0,0,0.520137457044674,0.0618039956491347,"SMAD4;GLYR1"
"Positive Regulation Of Telomere Maintenance In Response To DNA Damage (GO:1904507)","2/14",0.887965464380007,0.99999537209541,0,0,0.520137457044674,0.0618039956491347,"INO80C;RUVBL1"
"Positive Regulation Of Transporter Activity (GO:0032411)","2/14",0.887965464380007,0.99999537209541,0,0,0.520137457044674,0.0618039956491347,"RXRA;STK39"
"Post-Translational Protein Targeting To Endoplasmic Reticulum Membrane (GO:0006620)","2/14",0.887965464380007,0.99999537209541,0,0,0.520137457044674,0.0618039956491347,"SEC61A1;SEC61G"
"Regulation Of MHC Class II Biosynthetic Process (GO:0045346)","2/14",0.887965464380007,0.99999537209541,0,0,0.520137457044674,0.0618039956491347,"SIRT1;PF4"
"Regulation Of Histone H3-K4 Methylation (GO:0051569)","2/14",0.887965464380007,0.99999537209541,0,0,0.520137457044674,0.0618039956491347,"SMAD4;KAT8"
"Regulation Of Superoxide Anion Generation (GO:0032928)","2/14",0.887965464380007,0.99999537209541,0,0,0.520137457044674,0.0618039956491347,"SYK;F2RL1"
"Serine Family Amino Acid Metabolic Process (GO:0009069)","2/14",0.887965464380007,0.99999537209541,0,0,0.520137457044674,0.0618039956491347,"BAAT;CDO1"
"Synaptic Vesicle Membrane Organization (GO:0048499)","2/14",0.887965464380007,0.99999537209541,0,0,0.520137457044674,0.0618039956491347,"SNAP25;STX11"
"Ubiquinone Metabolic Process (GO:0006743)","2/14",0.887965464380007,0.99999537209541,0,0,0.520137457044674,0.0618039956491347,"PDSS2;COQ7"
"ATP Biosynthetic Process (GO:0006754)","4/25",0.889172483197855,0.99999537209541,0,0,0.594334433443344,0.0698129254121257,"ATP5PF;PRKAG2;ATP5MC1;SLC25A13"
"Inner Ear Morphogenesis (GO:0042472)","4/25",0.889172483197855,0.99999537209541,0,0,0.594334433443344,0.0698129254121257,"MYO3B;SOX9;NEUROG1;POU3F4"
"Negative Regulation Of Transposition (GO:0010529)","4/25",0.889172483197855,0.99999537209541,0,0,0.594334433443344,0.0698129254121257,"PIWIL2;SPOCD1;TDRD9;MYBL1"
"Regulation Of B Cell Activation (GO:0050864)","4/25",0.889172483197855,0.99999537209541,0,0,0.594334433443344,0.0698129254121257,"TNFAIP3;FOXJ1;IKZF3;ZFP36L1"
"Regulation Of Biomineral Tissue Development (GO:0070167)","4/25",0.889172483197855,0.99999537209541,0,0,0.594334433443344,0.0698129254121257,"ROCK1;HEY2;SOX9;DDR2"
"Regulation Of Keratinocyte Proliferation (GO:0010837)","4/25",0.889172483197855,0.99999537209541,0,0,0.594334433443344,0.0698129254121257,"NOTCH2;PRKD1;ZFP36L1;FGF10"
"Regulation Of Protein Processing (GO:0070613)","4/25",0.889172483197855,0.99999537209541,0,0,0.594334433443344,0.0698129254121257,"CCBE1;SERPINE2;GAS1;TNP1"
"AMP Biosynthetic Process (GO:0006167)","1/8",0.891753942322663,0.99999537209541,0,0,0.445887445887446,0.0510831103401383,"ADSS2"
"DNA Cytosine Deamination (GO:0070383)","1/8",0.891753942322663,0.99999537209541,0,0,0.445887445887446,0.0510831103401383,"CDADC1"
"DNA Damage Response, Signal Transduction By P53 Class Mediator Resulting In Transcription Of P21 Class Mediator (GO:0006978)","1/8",0.891753942322663,0.99999537209541,0,0,0.445887445887446,0.0510831103401383,"RPS6KA6"
"RNA Secondary Structure Unwinding (GO:0010501)","1/8",0.891753942322663,0.99999537209541,0,0,0.445887445887446,0.0510831103401383,"DHX36"
"T-helper 17 Cell Differentiation (GO:0072539)","1/8",0.891753942322663,0.99999537209541,0,0,0.445887445887446,0.0510831103401383,"STAT3"
"Alcohol Catabolic Process (GO:0046164)","1/8",0.891753942322663,0.99999537209541,0,0,0.445887445887446,0.0510831103401383,"AKR1D1"
"Amyloid-Beta Formation (GO:0034205)","1/8",0.891753942322663,0.99999537209541,0,0,0.445887445887446,0.0510831103401383,"PSEN1"
"Angiotensin Maturation (GO:0002003)","1/8",0.891753942322663,0.99999537209541,0,0,0.445887445887446,0.0510831103401383,"ATP6AP2"
"Apoptotic DNA Fragmentation (GO:0006309)","1/8",0.891753942322663,0.99999537209541,0,0,0.445887445887446,0.0510831103401383,"DNASE1L3"
"Box C/D snoRNP Assembly (GO:0000492)","1/8",0.891753942322663,0.99999537209541,0,0,0.445887445887446,0.0510831103401383,"RUVBL1"
"Cellular Response To Sterol Depletion (GO:0071501)","1/8",0.891753942322663,0.99999537209541,0,0,0.445887445887446,0.0510831103401383,"INSIG2"
"Constitutive Heterochromatin Formation (GO:0140719)","1/8",0.891753942322663,0.99999537209541,0,0,0.445887445887446,0.0510831103401383,"SMCHD1"
"Detection Of Mechanical Stimulus Involved In Sensory Perception Of Sound (GO:0050910)","1/8",0.891753942322663,0.99999537209541,0,0,0.445887445887446,0.0510831103401383,"TMC1"
"Embryonic Digestive Tract Morphogenesis (GO:0048557)","1/8",0.891753942322663,0.99999537209541,0,0,0.445887445887446,0.0510831103401383,"SOX11"
"Endosome To Melanosome Transport (GO:0035646)","1/8",0.891753942322663,0.99999537209541,0,0,0.445887445887446,0.0510831103401383,"RAB32"
"Endosome To Pigment Granule Transport (GO:0043485)","1/8",0.891753942322663,0.99999537209541,0,0,0.445887445887446,0.0510831103401383,"RAB32"
"Formation Of Translation Preinitiation Complex (GO:0001731)","1/8",0.891753942322663,0.99999537209541,0,0,0.445887445887446,0.0510831103401383,"EIF2D"
"Glycerol Transmembrane Transport (GO:0015793)","1/8",0.891753942322663,0.99999537209541,0,0,0.445887445887446,0.0510831103401383,"AQP7P3"
"Immune Response-Inhibiting Cell Surface Receptor Signaling Pathway (GO:0002767)","1/8",0.891753942322663,0.99999537209541,0,0,0.445887445887446,0.0510831103401383,"LYN"
"Interleukin-12-Mediated Signaling Pathway (GO:0035722)","1/8",0.891753942322663,0.99999537209541,0,0,0.445887445887446,0.0510831103401383,"STAT4"
"Internal Protein Amino Acid Acetylation (GO:0006475)","1/8",0.891753942322663,0.99999537209541,0,0,0.445887445887446,0.0510831103401383,"KAT2B"
"Kynurenine Metabolic Process (GO:0070189)","1/8",0.891753942322663,0.99999537209541,0,0,0.445887445887446,0.0510831103401383,"KYAT1"
"Manganese Ion Transport (GO:0006828)","1/8",0.891753942322663,0.99999537209541,0,0,0.445887445887446,0.0510831103401383,"ATP2C2"
"Membrane Lipid Catabolic Process (GO:0046466)","1/8",0.891753942322663,0.99999537209541,0,0,0.445887445887446,0.0510831103401383,"ENPP2"
"Modification-Dependent Macromolecule Catabolic Process (GO:0043632)","1/8",0.891753942322663,0.99999537209541,0,0,0.445887445887446,0.0510831103401383,"TUT7"
"ncRNA Export From Nucleus (GO:0097064)","1/8",0.891753942322663,0.99999537209541,0,0,0.445887445887446,0.0510831103401383,"XPOT"
"Negative Regulation Of T Cell Cytokine Production (GO:0002725)","1/8",0.891753942322663,0.99999537209541,0,0,0.445887445887446,0.0510831103401383,"IFNA2"
"Negative Regulation Of Cytoplasmic Translation (GO:2000766)","1/8",0.891753942322663,0.99999537209541,0,0,0.445887445887446,0.0510831103401383,"CPEB2"
"Negative Regulation Of Glycoprotein Biosynthetic Process (GO:0010561)","1/8",0.891753942322663,0.99999537209541,0,0,0.445887445887446,0.0510831103401383,"SLC2A10"
"Negative Regulation Of Protein-Containing Complex Disassembly (GO:0043242)","1/8",0.891753942322663,0.99999537209541,0,0,0.445887445887446,0.0510831103401383,"SLN"
"Negative Regulation Of Retrograde Protein Transport, ER To Cytosol (GO:1904153)","1/8",0.891753942322663,0.99999537209541,0,0,0.445887445887446,0.0510831103401383,"UBE2G2"
"Negative Regulation Of Systemic Arterial Blood Pressure (GO:0003085)","1/8",0.891753942322663,0.99999537209541,0,0,0.445887445887446,0.0510831103401383,"ADRB2"
"Negative Regulation Of Ubiquitin Protein Ligase Activity (GO:1904667)","1/8",0.891753942322663,0.99999537209541,0,0,0.445887445887446,0.0510831103401383,"USP44"
"Neurotransmitter Reuptake (GO:0098810)","1/8",0.891753942322663,0.99999537209541,0,0,0.445887445887446,0.0510831103401383,"SLC22A1"
"Nucleoside Diphosphate Metabolic Process (GO:0009132)","1/8",0.891753942322663,0.99999537209541,0,0,0.445887445887446,0.0510831103401383,"ENTPD6"
"Phototransduction, Visible Light (GO:0007603)","1/8",0.891753942322663,0.99999537209541,0,0,0.445887445887446,0.0510831103401383,"GNAQ"
"Positive Regulation Of CD8-positive, Alpha-Beta T Cell Activation (GO:2001187)","1/8",0.891753942322663,0.99999537209541,0,0,0.445887445887446,0.0510831103401383,"RUNX3"
"Positive Regulation Of Calcium Ion Import Across Plasma Membrane (GO:1905665)","1/8",0.891753942322663,0.99999537209541,0,0,0.445887445887446,0.0510831103401383,"PPP3CA"
"Positive Regulation Of Calcium Ion Transport Into Cytosol (GO:0010524)","1/8",0.891753942322663,0.99999537209541,0,0,0.445887445887446,0.0510831103401383,"TRPC3"
"Positive Regulation Of Centriole Replication (GO:0046601)","1/8",0.891753942322663,0.99999537209541,0,0,0.445887445887446,0.0510831103401383,"CEP120"
"Positive Regulation Of Epithelial Cell Proliferation Involved In Wound Healing (GO:0060054)","1/8",0.891753942322663,0.99999537209541,0,0,0.445887445887446,0.0510831103401383,"FGF10"
"Positive Regulation Of Mast Cell Degranulation (GO:0043306)","1/8",0.891753942322663,0.99999537209541,0,0,0.445887445887446,0.0510831103401383,"SYK"
"Positive Regulation Of Monocyte Chemotactic Protein-1 Production (GO:0071639)","1/8",0.891753942322663,0.99999537209541,0,0,0.445887445887446,0.0510831103401383,"SYK"
"Positive Regulation Of Respiratory Burst (GO:0060267)","1/8",0.891753942322663,0.99999537209541,0,0,0.445887445887446,0.0510831103401383,"INSR"
"Positive Regulation Of Smooth Muscle Cell Apoptotic Process (GO:0034393)","1/8",0.891753942322663,0.99999537209541,0,0,0.445887445887446,0.0510831103401383,"PPARG"
"Positive Regulation Of Tumor Necrosis Factor-Mediated Signaling Pathway (GO:1903265)","1/8",0.891753942322663,0.99999537209541,0,0,0.445887445887446,0.0510831103401383,"PRKN"
"Positive Regulation Of Ubiquitin Protein Ligase Activity (GO:1904668)","1/8",0.891753942322663,0.99999537209541,0,0,0.445887445887446,0.0510831103401383,"CDC14B"
"Presynaptic Membrane Assembly (GO:0097105)","1/8",0.891753942322663,0.99999537209541,0,0,0.445887445887446,0.0510831103401383,"NLGN1"
"Protein Hexamerization (GO:0034214)","1/8",0.891753942322663,0.99999537209541,0,0,0.445887445887446,0.0510831103401383,"LRRC8D"
"Protein poly-ADP-ribosylation (GO:0070212)","1/8",0.891753942322663,0.99999537209541,0,0,0.445887445887446,0.0510831103401383,"ZC3HAV1"
"Regulation Of CD8-positive, Alpha-Beta T Cell Proliferation (GO:2000564)","1/8",0.891753942322663,0.99999537209541,0,0,0.445887445887446,0.0510831103401383,"SH3RF1"
"Regulation Of DNA Demethylation (GO:1901535)","1/8",0.891753942322663,0.99999537209541,0,0,0.445887445887446,0.0510831103401383,"USP7"
"Regulation Of ER-associated Ubiquitin-Dependent Protein Catabolic Process (GO:1903069)","1/8",0.891753942322663,0.99999537209541,0,0,0.445887445887446,0.0510831103401383,"CAV1"
"Regulation Of Angiotensin Levels In Blood (GO:0002002)","1/8",0.891753942322663,0.99999537209541,0,0,0.445887445887446,0.0510831103401383,"ATP6AP2"
"Regulation Of Fertilization (GO:0080154)","1/8",0.891753942322663,0.99999537209541,0,0,0.445887445887446,0.0510831103401383,"LHFPL2"
"Regulation Of Glucan Biosynthetic Process (GO:0010962)","1/8",0.891753942322663,0.99999537209541,0,0,0.445887445887446,0.0510831103401383,"PPP1R3A"
"Regulation Of Intrinsic Apoptotic Signaling Pathway By P53 Class Mediator (GO:1902253)","1/8",0.891753942322663,0.99999537209541,0,0,0.445887445887446,0.0510831103401383,"PRKN"
"Regulation Of Lysosomal Protein Catabolic Process (GO:1905165)","1/8",0.891753942322663,0.99999537209541,0,0,0.445887445887446,0.0510831103401383,"LAPTM4B"
"Regulation Of miRNA Metabolic Process (GO:2000628)","1/8",0.891753942322663,0.99999537209541,0,0,0.445887445887446,0.0510831103401383,"SMAD3"
"Regulation Of Mitochondrial Gene Expression (GO:0062125)","1/8",0.891753942322663,0.99999537209541,0,0,0.445887445887446,0.0510831103401383,"MTG2"
"Regulation Of Morphogenesis Of An Epithelium (GO:1905330)","1/8",0.891753942322663,0.99999537209541,0,0,0.445887445887446,0.0510831103401383,"MMRN2"
"Regulation Of Nephron Tubule Epithelial Cell Differentiation (GO:0072182)","1/8",0.891753942322663,0.99999537209541,0,0,0.445887445887446,0.0510831103401383,"PROM1"
"Regulation Of Pattern Recognition Receptor Signaling Pathway (GO:0062207)","1/8",0.891753942322663,0.99999537209541,0,0,0.445887445887446,0.0510831103401383,"CD36"
"Regulation Of Pinocytosis (GO:0048548)","1/8",0.891753942322663,0.99999537209541,0,0,0.445887445887446,0.0510831103401383,"CAV1"
"Regulation Of Protein ADP-ribosylation (GO:0010835)","1/8",0.891753942322663,0.99999537209541,0,0,0.445887445887446,0.0510831103401383,"KAT2B"
"Regulation Of Sister Chromatid Cohesion (GO:0007063)","1/8",0.891753942322663,0.99999537209541,0,0,0.445887445887446,0.0510831103401383,"BUB1"
"Regulation Of Urine Volume (GO:0035809)","1/8",0.891753942322663,0.99999537209541,0,0,0.445887445887446,0.0510831103401383,"NPR3"
"Sequestering Of Actin Monomers (GO:0042989)","1/8",0.891753942322663,0.99999537209541,0,0,0.445887445887446,0.0510831103401383,"TMSB15A"
"Serotonin Uptake (GO:0051610)","1/8",0.891753942322663,0.99999537209541,0,0,0.445887445887446,0.0510831103401383,"SLC22A1"
"Skin Morphogenesis (GO:0043589)","1/8",0.891753942322663,0.99999537209541,0,0,0.445887445887446,0.0510831103401383,"VPS33B"
"Sympathetic Ganglion Development (GO:0061549)","1/8",0.891753942322663,0.99999537209541,0,0,0.445887445887446,0.0510831103401383,"PHOX2B"
"tRNA Transcription (GO:0009304)","1/8",0.891753942322663,0.99999537209541,0,0,0.445887445887446,0.0510831103401383,"ZFP36L1"
"Transcription-Coupled Nucleotide-Excision Repair (GO:0006283)","1/8",0.891753942322663,0.99999537209541,0,0,0.445887445887446,0.0510831103401383,"USP7"
"Tyrosine Phosphorylation Of STAT Protein (GO:0007260)","1/8",0.891753942322663,0.99999537209541,0,0,0.445887445887446,0.0510831103401383,"LEP"
"Vitamin K Metabolic Process (GO:0042373)","1/8",0.891753942322663,0.99999537209541,0,0,0.445887445887446,0.0510831103401383,"VKORC1L1"
"Negative Regulation Of Peptidase Activity (GO:0010466)","11/60",0.892419400788875,0.99999537209541,0,0,0.700180010033346,0.0796938422277323,"CST3;SERPINA3;SERPINA1;SERPINE2;SERPINE3;SPOCK2;PARK7;SERPINA13P;SERPINA4;SERPINB5;SERPINB6"
"Response To Light Stimulus (GO:0009416)","11/60",0.892419400788875,0.99999537209541,0,0,0.700180010033346,0.0796938422277323,"MSH6;TRPM1;MAPK10;SLC24A4;OPN4;OPN3;GPR88;GPR52;UBE4B;DRD2;CLOCK"
"Positive Regulation Of I-kappaB kinase/NF-kappaB Signaling (GO:0043123)","36/175",0.892650293341086,0.99999537209541,0,0,0.80714763737183,0.0916599953257862,"PRKN;CANT1;TRAF3IP2;PELI2;NOD1;BCL10;ATP2C1;CXXC5;EDA2R;MTDH;TRIM8;TBK1;DHX36;TNFSF10;CCR7;MAP3K7;BRD4;NDFIP2;PARP1;PRKCB;RIPK2;PLK2;TNFRSF19;TNFRSF10B;TICAM1;EDAR;GPRC5B;VAPA;CLEC6A;TRAF6;UBE2N;F2RL1;TAB2;PRKD1;LTBR;LTF"
"Protein Import Into Nucleus (GO:0006606)","15/79",0.892658817239485,0.99999537209541,0,0,0.730889497622493,0.0829931125081231,"RANBP2;IPO11;NXT1;SYK;CSE1L;STAT3;TSC2;STK4;RGPD3;NUP93;IPO8;NUP35;FAM53A;NUP98;RAN"
"Vesicle Fusion (GO:0006906)","15/79",0.892658817239485,0.99999537209541,0,0,0.730889497622493,0.0829931125081231,"SYT4;CAV2;GOSR2;VPS33B;TGFBRAP1;PLA2G5;RAB20;CHMP1B;RAB12;RUBCNL;VTI1A;PIP4K2A;STXBP6;VAMP3;SNCA"
"Cellular Response To Copper Ion (GO:0071280)","3/20",0.896302651656902,0.99999537209541,0,0,0.550665388861257,0.0602852730673491,"MT1X;AQP1;SNCA"
"Cilium-Dependent Cell Motility (GO:0060285)","3/20",0.896302651656902,0.99999537209541,0,0,0.550665388861257,0.0602852730673491,"DNAAF2;DNAH8;RFX3"
"Hydrogen Peroxide Catabolic Process (GO:0042744)","3/20",0.896302651656902,0.99999537209541,0,0,0.550665388861257,0.0602852730673491,"GPX3;PXDN;PXDNL"
"Limb Morphogenesis (GO:0035108)","3/20",0.896302651656902,0.99999537209541,0,0,0.550665388861257,0.0602852730673491,"SKI;TBX4;GLI3"
"Microglial Cell Activation (GO:0001774)","3/20",0.896302651656902,0.99999537209541,0,0,0.550665388861257,0.0602852730673491,"APP;CLU;SNCA"
"Negative Regulation Of Phosphoprotein Phosphatase Activity (GO:0032515)","3/20",0.896302651656902,0.99999537209541,0,0,0.550665388861257,0.0602852730673491,"GSK3B;ROCK1;MGAT5"
"Nuclear-Transcribed mRNA poly(A) Tail Shortening (GO:0000289)","3/20",0.896302651656902,0.99999537209541,0,0,0.550665388861257,0.0602852730673491,"TUT7;PARN;CNOT10"
"Positive Regulation Of Embryonic Development (GO:0040019)","3/20",0.896302651656902,0.99999537209541,0,0,0.550665388861257,0.0602852730673491,"NIBAN2;TENM4;RBM19"
"Regulation Of Calcium Ion Import (GO:0090279)","3/20",0.896302651656902,0.99999537209541,0,0,0.550665388861257,0.0602852730673491,"PLPP4;SLN;SLC30A1"
"Regulation Of Calcium Ion Transmembrane Transport (GO:1903169)","3/20",0.896302651656902,0.99999537209541,0,0,0.550665388861257,0.0602852730673491,"CAMK2D;ATP1A2;FYN"
"Regulation Of Membrane Depolarization (GO:0003254)","3/20",0.896302651656902,0.99999537209541,0,0,0.550665388861257,0.0602852730673491,"CAMK2D;NEDD4L;GPD1L"
"Regulation Of Protein Localization To Cell Periphery (GO:1904375)","3/20",0.896302651656902,0.99999537209541,0,0,0.550665388861257,0.0602852730673491,"AKR1B1;ZDHHC7;GBP1"
"Response To ATP (GO:0033198)","3/20",0.896302651656902,0.99999537209541,0,0,0.550665388861257,0.0602852730673491,"KCNJ11;TRPC3;P2RY1"
"Negative Regulation Of Defense Response (GO:0031348)","22/112",0.897300998891562,0.99999537209541,0,0,0.762079595123073,0.0825819257710643,"RB1;ILRUN;GHSR;PARP1;STAT3;TRAFD1;TNFAIP3;APOA1;NLRC3;ISL1;IRGM;FXR1;IL22RA1;MFHAS1;C1QTNF3;GPER1;PCBP2;OTULIN;PPARG;ENPP3;TEK;EXTL3"
"Double-Strand Break Repair Via Nonhomologous End Joining (GO:0006303)","7/41",0.899868376378115,0.99999537209541,0,0,0.642250956109998,0.0677618270054715,"SMARCAL1;PAXX;NSMCE2;SETMAR;ATM;PRPF19;NHEJ1"
"Negative Regulation Of Proteolysis (GO:0045861)","7/41",0.899868376378115,0.99999537209541,0,0,0.642250956109998,0.0677618270054715,"CST3;EFNA1;EPHA4;ROCK1;SERPINE2;GAS1;CLN8"
"Positive Regulation Of Viral Process (GO:0048524)","7/41",0.899868376378115,0.99999537209541,0,0,0.642250956109998,0.0677618270054715,"SRPK2;LARP1;NR5A2;PPIE;ADARB1;PABPC1;HACD3"
"Intracellular Protein Transmembrane Transport (GO:0065002)","8/46",0.90019296757079,0.99999537209541,0,0,0.656699552349081,0.0690494166519891,"CHCHD4;SEC61A1;AKT2;SEC61G;TIMM23;PEX10;PEX2;TIMM50"
"Regulation Of Cytokine Production Involved In Inflammatory Response (GO:1900015)","8/46",0.90019296757079,0.99999537209541,0,0,0.656699552349081,0.0690494166519891,"PER1;LEP;STAT3;NLRC3;APOD;TICAM1;ADCY7;EXTL3"
"Nucleosome Organization (GO:0034728)","14/75",0.900457807823449,0.99999537209541,0,0,0.715706937563957,0.0750432820813594,"SMARCC1;SMARCD2;SMARCD3;ATRX;HMGA1;BAZ1A;ARID1A;CHAF1B;KAT6B;H2BC11;UBN1;SOX9;ARID2;TNP1"
"COPII-coated Vesicle Budding (GO:0090114)","6/36",0.900501955935671,0.99999537209541,0,0,0.623937267849773,0.0653904614895941,"RAB1A;VAPA;TRAPPC12;TRAPPC2B;TRAPPC8;SEC24D"
"Histone H3 Acetylation (GO:0043966)","6/36",0.900501955935671,0.99999537209541,0,0,0.623937267849773,0.0653904614895941,"KAT2B;TADA2A;TMEM98;USP22;MBIP;MAP3K7"
"Lytic Vacuole Organization (GO:0080171)","6/36",0.900501955935671,0.99999537209541,0,0,0.623937267849773,0.0653904614895941,"MBTPS1;HPS1;TFEB;HOOK3;SPG11;MTOR"
"DNA Damage Response (GO:0006974)","83/384",0.901154887057611,0.99999537209541,0,0,0.858465769724041,0.0893475123455151,"SMARCAL1;CDKN1A;DYRK2;MCM7;FBH1;SETD7;MCM10;SMC6;FMN2;PARK7;BACH1;RPTOR;BABAM2;HERC2;PAXX;ALKBH1;MACROD2;TRAPPC13;TOPBP1;BOK;NKX3-1;VAV3;SHPRH;RFC3;PARP1;USP3;ATRX;HUS1;UBE2E2;PPP4R3A;VRK1;PPP4R3B;TNFRSF1B;PRAP1;SIRT1;WDR76;HIC1;RBX1;RAD51B;MSH6;RNF169;MSH3;FSCN1;IRF7;SLX1A;YAP1;NFAT5;ZBTB1;PSEN1;TANK;CDKN2AIP;NPAS2;BCL2L10;BCL2L11;ABL1;RBBP8;SUSD6;FNIP2;MAP2K6;MCL1;LYN;GADD45A;MGMT;INTS3;NFATC2;MTOR;PML;BATF;FAM111A;ETAA1;TAOK3;APC;TDP1;RPA3;POLE2;RPA4;SHLD1;BCL2;NABP1;ATM;TRIP12;RAD18;BCL2L1"
"Regulation Of Release Of Sequestered Calcium Ion Into Cytosol (GO:0051279)","9/51",0.901174171895233,0.99999537209541,0,0,0.668387363204625,0.0695502037332979,"JPH4;JPH2;CAMK2D;CEMIP;GPER1;ANK2;JPH1;SNCA;F2RL3"
"Antigen Processing And Presentation Of Exogenous Peptide Antigen (GO:0002478)","5/31",0.902561253580974,0.99999537209541,0,0,0.599974607608195,0.0615086288491229,"GNAO1;MFSD6;HLA-DRB3;DNM2;LGMN"
"Cardiac Muscle Tissue Morphogenesis (GO:0055008)","5/31",0.902561253580974,0.99999537209541,0,0,0.599974607608195,0.0615086288491229,"TGFBR3;TPM1;PKP2;ISL1;TTN"
"Leukocyte Cell-Cell Adhesion (GO:0007159)","5/31",0.902561253580974,0.99999537209541,0,0,0.599974607608195,0.0615086288491229,"ITGB1;ROCK1;SYK;MSN;EZR"
"Positive Regulation Of Mononuclear Cell Migration (GO:0071677)","5/31",0.902561253580974,0.99999537209541,0,0,0.599974607608195,0.0615086288491229,"CCR1;CCR7;CD47;CCR2;LGMN"
"Regulation Of Gluconeogenesis (GO:0006111)","5/31",0.902561253580974,0.99999537209541,0,0,0.599974607608195,0.0615086288491229,"C1QTNF3;USP7;SIRT1;FBP1;GNMT"
"Regulation Of Mitotic Nuclear Division (GO:0007088)","10/56",0.902610153284728,0.99999537209541,0,0,0.678034588653629,0.0694745040760523,"TOM1L1;CDCA2;CAV2;USP44;INSR;NEK2;IGF1;MKI67;BMP7;CDK5RAP2"
"Positive Regulation Of Translation (GO:0045727)","21/108",0.902823753665613,0.99999537209541,0,0,0.752517862368754,0.0769283383009617,"NIBAN1;PIWIL2;YTHDF1;MRPS27;UQCC2;PYM1;DAZ2;PLD1;THBS1;MTOR;FXR1;METTL14;LARP1;DHX36;ERBB2;PRR16;IGF2BP1;PABPC1;VIM;METTL8;SOX4"
"Negative Regulation Of Intrinsic Apoptotic Signaling Pathway (GO:2001243)","11/61",0.904361778462761,0.99999537209541,0,0,0.68613096467672,0.068973864974918,"PRKN;PTPN1;CREB3L1;PPIF;BCL2;TMBIM6;PARK7;CLU;SIRT1;TPT1;BCL2L1"
"Negative Regulation Of Viral Process (GO:0048525)","11/61",0.904361778462761,0.99999537209541,0,0,0.68613096467672,0.068973864974918,"SRPK2;ISG20;FAM111A;STAT1;MX1;UBP1;TRIM14;ZC3HAV1;N4BP1;MBL2;LTF"
"Acute Inflammatory Response (GO:0002526)","4/26",0.906806157115708,0.99999537209541,0,0,0.567281728172817,0.0554952259369585,"CNTN1;IL6R;MYLK3;MBL2"
"Antigen Processing And Presentation Of Exogenous Peptide Antigen Via MHC Class II (GO:0019886)","4/26",0.906806157115708,0.99999537209541,0,0,0.567281728172817,0.0554952259369585,"GNAO1;HLA-DRB3;DNM2;LGMN"
"miRNA-mediated Gene Silencing (GO:0035195)","4/26",0.906806157115708,0.99999537209541,0,0,0.567281728172817,0.0554952259369585,"LIMD1;WTIP;RAN;TNRC6B"
"Mitotic G1 DNA Damage Checkpoint Signaling (GO:0031571)","4/26",0.906806157115708,0.99999537209541,0,0,0.567281728172817,0.0554952259369585,"CDKN1A;PLK2;PRAP1;PML"
"Negative Regulation Of Endothelial Cell Apoptotic Process (GO:2000352)","4/26",0.906806157115708,0.99999537209541,0,0,0.567281728172817,0.0554952259369585,"SEMA5A;KDR;TNFAIP3;TEK"
"Negative Regulation Of Interleukin-1 Beta Production (GO:0032691)","4/26",0.906806157115708,0.99999537209541,0,0,0.567281728172817,0.0554952259369585,"GHSR;TNFAIP3;IGF1;CD33"
"Organelle Membrane Fusion (GO:0090174)","4/26",0.906806157115708,0.99999537209541,0,0,0.567281728172817,0.0554952259369585,"SYT4;CAV2;GOSR2;VAMP3"
"Positive Regulation Of Erythrocyte Differentiation (GO:0045648)","4/26",0.906806157115708,0.99999537209541,0,0,0.567281728172817,0.0554952259369585,"FAM210B;STAT1;STAT3;INHBA"
"Regulation Of Transcription By RNA Polymerase III (GO:0006359)","4/26",0.906806157115708,0.99999537209541,0,0,0.567281728172817,0.0554952259369585,"RPTOR;ZNF143;DHX36;MTOR"
"Respiratory Chain Complex IV Assembly (GO:0008535)","4/26",0.906806157115708,0.99999537209541,0,0,0.567281728172817,0.0554952259369585,"UQCC5;COA8;COA6;COX10"
"Regulation Of Inflammatory Response (GO:0050727)","50/240",0.908610141231911,0.99999537209541,0,0,0.819724237707973,0.0785616859286124,"RB1;APP;DAGLA;TNFAIP3;PARK7;C1QTNF3;GPER1;FFAR2;ENPP3;GGT1;CCR2;GHSR;ANXA1;IL1R1;WNT5A;APOA1;TNFRSF1B;ISL1;HCK;GPRC5B;PPARG;TLR7;CD47;DNASE1;LCP1;DAGLB;DNASE1L3;VAMP3;NLRC3;ADAMTS12;FXR1;NLRP8;IGF2BP1;EXTL3;BRD4;SNCA;IL33;STAT3;NR1D2;IRGM;AGT;IL22RA1;NFKBIA;MFHAS1;OTULIN;NAPEPLD;GGT3P;TEK;PIK3AP1;CD200"
"3'-UTR-mediated mRNA Destabilization (GO:0061158)","2/15",0.910203214565895,0.99999537209541,0,0,0.480095162569389,0.0451709016101189,"DHX36;ZFP36L1"
"B Cell Mediated Immunity (GO:0019724)","2/15",0.910203214565895,0.99999537209541,0,0,0.480095162569389,0.0451709016101189,"CD27;SLA2"
"Amyloid-Beta Metabolic Process (GO:0050435)","2/15",0.910203214565895,0.99999537209541,0,0,0.480095162569389,0.0451709016101189,"MME;PSEN1"
"Anterograde Synaptic Vesicle Transport (GO:0048490)","2/15",0.910203214565895,0.99999537209541,0,0,0.480095162569389,0.0451709016101189,"DTNBP1;AP3S2"
"Branched-Chain Amino Acid Metabolic Process (GO:0009081)","2/15",0.910203214565895,0.99999537209541,0,0,0.480095162569389,0.0451709016101189,"PCCA;HIBCH"
"Cellular Response To Sterol (GO:0036315)","2/15",0.910203214565895,0.99999537209541,0,0,0.480095162569389,0.0451709016101189,"INSIG2;MYL1"
"Cellular Response To Zinc Ion (GO:0071294)","2/15",0.910203214565895,0.99999537209541,0,0,0.480095162569389,0.0451709016101189,"ZNF658;MT1X"
"Digestive Tract Morphogenesis (GO:0048546)","2/15",0.910203214565895,0.99999537209541,0,0,0.480095162569389,0.0451709016101189,"SOX11;EPHB3"
"Dolichol-Linked Oligosaccharide Biosynthetic Process (GO:0006488)","2/15",0.910203214565895,0.99999537209541,0,0,0.480095162569389,0.0451709016101189,"ALG8;ALG6"
"Endosome To Lysosome Transport Via Multivesicular Body Sorting Pathway (GO:0032510)","2/15",0.910203214565895,0.99999537209541,0,0,0.480095162569389,0.0451709016101189,"CHMP1B;LYST"
"Glutamine Family Amino Acid Catabolic Process (GO:0009065)","2/15",0.910203214565895,0.99999537209541,0,0,0.480095162569389,0.0451709016101189,"ARG1;GLS"
"Intracellular Sterol Transport (GO:0032366)","2/15",0.910203214565895,0.99999537209541,0,0,0.480095162569389,0.0451709016101189,"NPC1;ABCG1"
"Melanosome Transport (GO:0032402)","2/15",0.910203214565895,0.99999537209541,0,0,0.480095162569389,0.0451709016101189,"MLPH;RAB27A"
"Negative Regulation Of Epithelial Cell Differentiation (GO:0030857)","2/15",0.910203214565895,0.99999537209541,0,0,0.480095162569389,0.0451709016101189,"SPRED1;SORD"
"Negative Regulation Of Gluconeogenesis (GO:0045721)","2/15",0.910203214565895,0.99999537209541,0,0,0.480095162569389,0.0451709016101189,"C1QTNF3;USP7"
"Negative Regulation Of mRNA Processing (GO:0050686)","2/15",0.910203214565895,0.99999537209541,0,0,0.480095162569389,0.0451709016101189,"SFSWAP;RBM20"
"Negative Regulation Of Macrophage Activation (GO:0043031)","2/15",0.910203214565895,0.99999537209541,0,0,0.480095162569389,0.0451709016101189,"IL31RA;CD200"
"Negative Regulation Of Phagocytosis (GO:0050765)","2/15",0.910203214565895,0.99999537209541,0,0,0.480095162569389,0.0451709016101189,"DYSF;CD47"
"Negative Regulation Of Type I Interferon-Mediated Signaling Pathway (GO:0060339)","2/15",0.910203214565895,0.99999537209541,0,0,0.480095162569389,0.0451709016101189,"TTLL12;DCST1"
"Peptidyl-Lysine Trimethylation (GO:0018023)","2/15",0.910203214565895,0.99999537209541,0,0,0.480095162569389,0.0451709016101189,"SETD3;ATPSCKMT"
"Pigment Granule Transport (GO:0051904)","2/15",0.910203214565895,0.99999537209541,0,0,0.480095162569389,0.0451709016101189,"MLPH;RAB27A"
"Polyol Biosynthetic Process (GO:0046173)","2/15",0.910203214565895,0.99999537209541,0,0,0.480095162569389,0.0451709016101189,"PPIP5K1;IP6K3"
"Positive Regulation Of Collagen Biosynthetic Process (GO:0032967)","2/15",0.910203214565895,0.99999537209541,0,0,0.480095162569389,0.0451709016101189,"CREB3L1;VIM"
"Positive Regulation Of Endothelial Cell Apoptotic Process (GO:2000353)","2/15",0.910203214565895,0.99999537209541,0,0,0.480095162569389,0.0451709016101189,"GPER1;THBS1"
"Positive Regulation Of Immunoglobulin Mediated Immune Response (GO:0002891)","2/15",0.910203214565895,0.99999537209541,0,0,0.480095162569389,0.0451709016101189,"SHLD1;TRAPPC13"
"Positive Regulation Of Isotype Switching (GO:0045830)","2/15",0.910203214565895,0.99999537209541,0,0,0.480095162569389,0.0451709016101189,"SHLD1;TRAPPC13"
"Positive Regulation Of Muscle Cell Differentiation (GO:0051149)","2/15",0.910203214565895,0.99999537209541,0,0,0.480095162569389,0.0451709016101189,"LAMA2;LAMA1"
"Regulation Of Bicellular Tight Junction Assembly (GO:2000810)","2/15",0.910203214565895,0.99999537209541,0,0,0.480095162569389,0.0451709016101189,"PRKCH;ROCK1"
"Regulation Of Interleukin-13 Production (GO:0032656)","2/15",0.910203214565895,0.99999537209541,0,0,0.480095162569389,0.0451709016101189,"IFNA2;LEF1"
"Regulation Of Isotype Switching (GO:0045191)","2/15",0.910203214565895,0.99999537209541,0,0,0.480095162569389,0.0451709016101189,"SHLD1;TRAPPC13"
"Regulation Of rRNA Processing (GO:2000232)","2/15",0.910203214565895,0.99999537209541,0,0,0.480095162569389,0.0451709016101189,"KAT2B;RIOK1"
"Regulation Of Telomere Maintenance In Response To DNA Damage (GO:1904505)","2/15",0.910203214565895,0.99999537209541,0,0,0.480095162569389,0.0451709016101189,"INO80C;RUVBL1"
"Retrograde Axonal Transport (GO:0008090)","2/15",0.910203214565895,0.99999537209541,0,0,0.480095162569389,0.0451709016101189,"DST;FBXW11"
"Synaptic Vesicle Transport Along Microtubule (GO:0099517)","2/15",0.910203214565895,0.99999537209541,0,0,0.480095162569389,0.0451709016101189,"DTNBP1;AP3S2"
"Regulation Of Cell Growth (GO:0001558)","47/227",0.910850794560708,0.99999537209541,0,0,0.81338420626662,0.0759507077572093,"RB1;YAP1;PRR5;PHB1;CDKN1A;CAMK2D;MEAF6;MAPKAP1;NAIF1;FAM107A;JADE1;AKAP6;PRDM11;CDKN2AIP;EGFR;RNF2;ING4;RPTOR;FLCN;WNT11;ERBB2;SH3BP4;RICTOR;TEAD1;TSPYL2;SMAD4;SMAD3;INHBA;SMARCA2;SIRT1;AGT;BLTP1;ESR2;MTOR;PML;RAB33B;ST7L;DCSTAMP;NRG3;WT1;BCL2;ST20;SCGB3A1;SGK3;FBP1;SLC25A33;BCAR1"
"Protein Localization (GO:0008104)","75/351",0.911049093230821,0.99999537209541,0,0,0.845992118029325,0.0788113514721045,"FCN1;RTP4;PTPRU;ARF1;RTP1;CLTC;SNX13;PRPF19;LYST;AP4M1;AKAP10;HHEX;HERC2;AKAP11;INSC;HEY2;SH3PXD2B;TLK1;EIF2D;SIL1;BBS4;VPS33B;WNT5A;VPS13A;TIMM23;TSC2;SHROOM3;ANK2;AP3B1;EMP2;WIPI1;ANK3;AXIN2;WIPI2;ARFGAP3;PARD3B;RAB32;ARL4C;RAB31;SCG5;VCL;RAB1A;ARL6;VPS26B;EGFR;NAPG;STX11;TIMM50;RAB21;RAB20;WNT11;SCFD2;FHIP1A;SYNDIG1;AP4S1;RAB28;DRD2;RAB6B;CACNG3;CNTLN;HSPA9;RIC1;ODF1;ATP8B1;SMURF1;CAV1;ERBIN;FOXJ1;NR0B1;CPLANE2;HOOK3;CPE;FERMT2;FGF10;NECTIN1"
"Regulation Of Proteasomal Ubiquitin-Dependent Protein Catabolic Process (GO:0032434)","21/109",0.911340257731012,0.99999537209541,0,0,0.743917126136128,0.069064486588311,"PRKN;GSK3B;USP7;ANKIB1;RNF180;PARK7;AXIN2;COMMD1;CLU;SH3RF1;RBX1;SH3RF3;RNF144B;COP1;DAB2;RYBP;RNF19A;RNF217;GNA12;ARIH2;N4BP1"
"Negative Regulation Of Response To External Stimulus (GO:0032102)","29/146",0.91244333071744,0.99999537209541,0,0,0.772472004692614,0.0707810681151067,"RB1;ILRUN;PTPRS;TNFAIP3;NLRC3;FXR1;C1QTNF3;GPER1;PCBP2;ENPP3;CTNNA2;DRD2;EXTL3;EPHA4;GHSR;PARP1;STAT3;TRAFD1;APOA1;ISL1;IRGM;AJAP1;IL22RA1;MFHAS1;CD109;OTULIN;PPARG;TEK;LTF"
"Positive Regulation Of Lymphocyte Activation (GO:0051251)","8/47",0.912813758906196,0.99999537209541,0,0,0.639818755425692,0.0583664468924574,"GNAO1;TNFSF11;CD47;CYRIB;TICAM1;HLA-DRB3;CCR2;FGF10"
"Modulation By Host Of Symbiont Process (GO:0051851)","7/42",0.913149649889331,0.99999537209541,0,0,0.623859649122807,0.0566810814451087,"ST6GALNAC1;CTDP1;FASN;LEF1;NAPEPLD;HMGA2;NUCKS1"
"Negative Regulation Of I-kappaB kinase/NF-kappaB Signaling (GO:0043124)","7/42",0.913149649889331,0.99999537209541,0,0,0.623859649122807,0.0566810814451087,"PER1;STAT1;TNFAIP3;NLRC3;TANK;IRGM;SIRT1"
"Regulation Of Ubiquitin-Dependent Protein Catabolic Process (GO:2000058)","7/42",0.913149649889331,0.99999537209541,0,0,0.623859649122807,0.0566810814451087,"SMURF1;GNA12;UBE3A;COMMD1;CLU;CDK5RAP3;PML"
"Arachidonic Acid Metabolic Process (GO:0019369)","9/52",0.913159819730119,0.99999537209541,0,0,0.652800253542634,0.0593032243182135,"CYP2J2;CYP4Z1;CYP2A7;FAAH;CYP2A6;DAGLA;EPHX1;DAGLB;ALOX15B"
"Fatty Acid Oxidation (GO:0019395)","9/52",0.913159819730119,0.99999537209541,0,0,0.652800253542634,0.0593032243182135,"ABCD3;AUH;CPT2;ACSM1;ECI2;PEX2;ACAA1;HAO2;ACAT2"
"Negative Regulation Of Cellular Biosynthetic Process (GO:0031327)","27/137",0.913592528961089,0.99999537209541,0,0,0.765004239284032,0.0691339056440214,"CDKN1A;MALSU1;TOB1;GIGYF2;ACMSD;FXR1;C1QTNF3;RIDA;LARP1;ACADL;TRIM2;DHX36;IGF2BP1;FYN;IGF2BP3;IGF2BP2;EPHA4;USP7;NIBAN2;OPN3;NHLRC3;CAV1;CNOT10;SIRT1;ZAR1;DHFR;LSM14A"
"Chemokine-Mediated Signaling Pathway (GO:0070098)","10/57",0.913993436938096,0.99999537209541,0,0,0.663564379059119,0.0596755975156527,"CCR1;LYN;FOXC1;CXCL8;WNK1;STK39;CXCL13;CCL18;CCR2;PF4"
"Monoatomic Anion Transport (GO:0006820)","10/57",0.913993436938096,0.99999537209541,0,0,0.663564379059119,0.0596755975156527,"CLIC5;SLC5A8;FXYD1;LRRC8D;VDAC1;NMUR1;ANO4;SLC26A4;SLC26A3;BEST1"
"Signal Transduction In Response To DNA Damage (GO:0042770)","10/57",0.913993436938096,0.99999537209541,0,0,0.663564379059119,0.0596755975156527,"GADD45A;ATRX;RPA4;HUS1;ATM;PRPF19;CLOCK;E2F7;MAP2K6;BATF"
"Antigen Processing And Presentation Of Endogenous Peptide Antigen (GO:0002483)","3/21",0.914549346211607,0.99999537209541,0,0,0.52003849590981,0.0464518420771144,"ERAP2;ERAP1;ULBP3"
"Mitochondrial Calcium Ion Homeostasis (GO:0051560)","3/21",0.914549346211607,0.99999537209541,0,0,0.52003849590981,0.0464518420771144,"MICU3;MICU1;TGM2"
"Plasma Membrane Repair (GO:0001778)","3/21",0.914549346211607,0.99999537209541,0,0,0.52003849590981,0.0464518420771144,"CHMP1B;MYOF;MYH9"
"Protein Mannosylation (GO:0035268)","3/21",0.914549346211607,0.99999537209541,0,0,0.52003849590981,0.0464518420771144,"DPY19L2;CRPPA;TMTC2"
"Retrotransposon Silencing (GO:0010526)","3/21",0.914549346211607,0.99999537209541,0,0,0.52003849590981,0.0464518420771144,"SPOCD1;TUT7;TDRD9"
"Positive Regulation Of Apoptotic Signaling Pathway (GO:2001235)","11/62",0.915177769794212,0.99999537209541,0,0,0.672632862275255,0.0596201244732521,"PLEKHF1;GPER1;CAV1;TNFSF10;CTSH;BCL10;LTBR;DNM1L;PML;BOK;NKX3-1"
"Cellular Response To Organonitrogen Compound (GO:0071417)","20/105",0.916692726876447,0.99999537209541,0,0,0.73349240358395,0.0638013316535978,"MEF2C;AKAP6;CLU;MTOR;AQP1;ZFP36L1;RAP1B;RPTOR;CRHBP;LARP1;RAP1A;WT1;P2RY1;CAPN2;SH3BP4;SLC38A9;SOX9;EZR;SLC26A3;CFTR"
"miRNA Processing (GO:0035196)","5/32",0.917145174614719,0.99999537209541,0,0,0.577715119699853,0.0499662944554879,"TUT7;SMAD3;ZC3H7A;ZC3H7B;PUM2"
"Protein Transmembrane Import Into Intracellular Organelle (GO:0044743)","5/32",0.917145174614719,0.99999537209541,0,0,0.577715119699853,0.0499662944554879,"CHCHD4;TIMM23;PEX10;PEX2;TIMM50"
"Regulation Of Ubiquitin-Protein Transferase Activity (GO:0051438)","5/32",0.917145174614719,0.99999537209541,0,0,0.577715119699853,0.0499662944554879,"ARRDC4;FEM1B;UBE2N;PARK7;UBE2L3"
"DNA Damage Response, Signal Transduction Resulting In Transcription (GO:0042772)","1/9",0.918024558638029,0.99999537209541,0,0,0.390125747268604,0.0333678984990673,"RPS6KA6"
"ER-associated Misfolded Protein Catabolic Process (GO:0071712)","1/9",0.918024558638029,0.99999537209541,0,0,0.390125747268604,0.0333678984990673,"DERL1"
"ESCRT III Complex Disassembly (GO:1904903)","1/9",0.918024558638029,0.99999537209541,0,0,0.390125747268604,0.0333678984990673,"CHMP1B"
"ESCRT Complex Disassembly (GO:1904896)","1/9",0.918024558638029,0.99999537209541,0,0,0.390125747268604,0.0333678984990673,"CHMP1B"
"Alpha-Linolenic Acid Metabolic Process (GO:0036109)","1/9",0.918024558638029,0.99999537209541,0,0,0.390125747268604,0.0333678984990673,"ACAA1"
"Amine Metabolic Process (GO:0009308)","1/9",0.918024558638029,0.99999537209541,0,0,0.390125747268604,0.0333678984990673,"MAOA"
"cGMP Biosynthetic Process (GO:0006182)","1/9",0.918024558638029,0.99999537209541,0,0,0.390125747268604,0.0333678984990673,"NPR2"
"Carnitine Metabolic Process (GO:0009437)","1/9",0.918024558638029,0.99999537209541,0,0,0.390125747268604,0.0333678984990673,"CPT2"
"Cellular Response To Oxygen Levels (GO:0071453)","1/9",0.918024558638029,0.99999537209541,0,0,0.390125747268604,0.0333678984990673,"ATP6V0D1"
"Dosage Compensation (GO:0007549)","1/9",0.918024558638029,0.99999537209541,0,0,0.390125747268604,0.0333678984990673,"SMCHD1"
"Endothelial Tube Morphogenesis (GO:0061154)","1/9",0.918024558638029,0.99999537209541,0,0,0.390125747268604,0.0333678984990673,"RBPJ"
"Error-Prone Translesion Synthesis (GO:0042276)","1/9",0.918024558638029,0.99999537209541,0,0,0.390125747268604,0.0333678984990673,"POLE2"
"Ether Lipid Biosynthetic Process (GO:0008611)","1/9",0.918024558638029,0.99999537209541,0,0,0.390125747268604,0.0333678984990673,"FAR1"
"Hematopoietic Stem Cell Differentiation (GO:0060218)","1/9",0.918024558638029,0.99999537209541,0,0,0.390125747268604,0.0333678984990673,"BATF"
"High-Density Lipoprotein Particle Assembly (GO:0034380)","1/9",0.918024558638029,0.99999537209541,0,0,0.390125747268604,0.0333678984990673,"APOA1"
"Iron Ion Transmembrane Transport (GO:0034755)","1/9",0.918024558638029,0.99999537209541,0,0,0.390125747268604,0.0333678984990673,"ABCC5"
"Ketone Biosynthetic Process (GO:0042181)","1/9",0.918024558638029,0.99999537209541,0,0,0.390125747268604,0.0333678984990673,"SRD5A2"
"Leukotriene D4 Biosynthetic Process (GO:1901750)","1/9",0.918024558638029,0.99999537209541,0,0,0.390125747268604,0.0333678984990673,"GGT3P"
"Lipid Import Into Cell (GO:0140354)","1/9",0.918024558638029,0.99999537209541,0,0,0.390125747268604,0.0333678984990673,"CD36"
"Mitochondrial DNA Replication (GO:0006264)","1/9",0.918024558638029,0.99999537209541,0,0,0.390125747268604,0.0333678984990673,"MGME1"
"Mitochondrial RNA Processing (GO:0000963)","1/9",0.918024558638029,0.99999537209541,0,0,0.390125747268604,0.0333678984990673,"PNPT1"
"Mitochondrial Ribosome Assembly (GO:0061668)","1/9",0.918024558638029,0.99999537209541,0,0,0.390125747268604,0.0333678984990673,"MTERF4"
"Mitotic Nuclear Membrane Organization (GO:0101024)","1/9",0.918024558638029,0.99999537209541,0,0,0.390125747268604,0.0333678984990673,"REEP4"
"Mitotic Nuclear Membrane Reassembly (GO:0007084)","1/9",0.918024558638029,0.99999537209541,0,0,0.390125747268604,0.0333678984990673,"REEP4"
"Motor Neuron Axon Guidance (GO:0008045)","1/9",0.918024558638029,0.99999537209541,0,0,0.390125747268604,0.0333678984990673,"EPHA4"
"Multivesicular Body-Lysosome Fusion (GO:0061763)","1/9",0.918024558638029,0.99999537209541,0,0,0.390125747268604,0.0333678984990673,"CHMP1B"
"Myelin Assembly (GO:0032288)","1/9",0.918024558638029,0.99999537209541,0,0,0.390125747268604,0.0333678984990673,"TENM4"
"Negative Regulation Of Bone Resorption (GO:0045779)","1/9",0.918024558638029,0.99999537209541,0,0,0.390125747268604,0.0333678984990673,"TNFAIP3"
"Negative Regulation Of Cell Adhesion Mediated By Integrin (GO:0033629)","1/9",0.918024558638029,0.99999537209541,0,0,0.390125747268604,0.0333678984990673,"WNK1"
"Negative Regulation Of Cell-Cell Adhesion Mediated By Cadherin (GO:2000048)","1/9",0.918024558638029,0.99999537209541,0,0,0.390125747268604,0.0333678984990673,"VEGFA"
"Negative Regulation Of Delayed Rectifier Potassium Channel Activity (GO:1902260)","1/9",0.918024558638029,0.99999537209541,0,0,0.390125747268604,0.0333678984990673,"KCNE4"
"Negative Regulation Of Humoral Immune Response Mediated By Circulating Immunoglobulin (GO:0002924)","1/9",0.918024558638029,0.99999537209541,0,0,0.390125747268604,0.0333678984990673,"FOXJ1"
"Negative Regulation Of Leukocyte Migration (GO:0002686)","1/9",0.918024558638029,0.99999537209541,0,0,0.390125747268604,0.0333678984990673,"CD200"
"Negative Regulation Of Necroptotic Process (GO:0060546)","1/9",0.918024558638029,0.99999537209541,0,0,0.390125747268604,0.0333678984990673,"SLC25A4"
"Negative Regulation Of Protein Autophosphorylation (GO:0031953)","1/9",0.918024558638029,0.99999537209541,0,0,0.390125747268604,0.0333678984990673,"CAV1"
"Negative Regulation Of Protein Exit From Endoplasmic Reticulum (GO:0070862)","1/9",0.918024558638029,0.99999537209541,0,0,0.390125747268604,0.0333678984990673,"UBE2G2"
"Negative Regulation Of Telomerase Activity (GO:0051974)","1/9",0.918024558638029,0.99999537209541,0,0,0.390125747268604,0.0333678984990673,"PINX1"
"Negative Regulation Of Tyrosine Phosphorylation Of STAT Protein (GO:0042532)","1/9",0.918024558638029,0.99999537209541,0,0,0.390125747268604,0.0333678984990673,"PARP14"
"Neuron Projection Regeneration (GO:0031102)","1/9",0.918024558638029,0.99999537209541,0,0,0.390125747268604,0.0333678984990673,"NREP"
"Neurotransmitter Receptor Transport To Postsynaptic Membrane (GO:0098969)","1/9",0.918024558638029,0.99999537209541,0,0,0.390125747268604,0.0333678984990673,"LRRC7"
"Nucleobase-Containing Compound Biosynthetic Process (GO:0034654)","1/9",0.918024558638029,0.99999537209541,0,0,0.390125747268604,0.0333678984990673,"DCK"
"Nucleoside Metabolic Process (GO:0009116)","1/9",0.918024558638029,0.99999537209541,0,0,0.390125747268604,0.0333678984990673,"MACROD2"
"Ornithine Metabolic Process (GO:0006591)","1/9",0.918024558638029,0.99999537209541,0,0,0.390125747268604,0.0333678984990673,"ARG1"
"Positive Regulation Of Protein Acetylation (GO:1901985)","1/9",0.918024558638029,0.99999537209541,0,0,0.390125747268604,0.0333678984990673,"DIP2B"
"Positive Regulation Of rRNA Processing (GO:2000234)","1/9",0.918024558638029,0.99999537209541,0,0,0.390125747268604,0.0333678984990673,"RIOK1"
"Positive Regulation Of Transcription Of Nucleolar Large rRNA By RNA Polymerase I (GO:1901838)","1/9",0.918024558638029,0.99999537209541,0,0,0.390125747268604,0.0333678984990673,"MTOR"
"Presynaptic Membrane Organization (GO:0097090)","1/9",0.918024558638029,0.99999537209541,0,0,0.390125747268604,0.0333678984990673,"NLGN1"
"Primary Alcohol Catabolic Process (GO:0034310)","1/9",0.918024558638029,0.99999537209541,0,0,0.390125747268604,0.0333678984990673,"SULT1E1"
"Protein Localization To Microtubule (GO:0035372)","1/9",0.918024558638029,0.99999537209541,0,0,0.390125747268604,0.0333678984990673,"MAPRE2"
"Protein Localization To Microtubule Cytoskeleton (GO:0072698)","1/9",0.918024558638029,0.99999537209541,0,0,0.390125747268604,0.0333678984990673,"MAPRE2"
"Quinone Metabolic Process (GO:1901661)","1/9",0.918024558638029,0.99999537209541,0,0,0.390125747268604,0.0333678984990673,"VKORC1L1"
"Receptor Guanylyl Cyclase Signaling Pathway (GO:0007168)","1/9",0.918024558638029,0.99999537209541,0,0,0.390125747268604,0.0333678984990673,"NPR2"
"Regulation Of Bile Acid Biosynthetic Process (GO:0070857)","1/9",0.918024558638029,0.99999537209541,0,0,0.390125747268604,0.0333678984990673,"SIRT1"
"Regulation Of Ceramide Biosynthetic Process (GO:2000303)","1/9",0.918024558638029,0.99999537209541,0,0,0.390125747268604,0.0333678984990673,"PLA2G6"
"Regulation Of High Voltage-Gated Calcium Channel Activity (GO:1901841)","1/9",0.918024558638029,0.99999537209541,0,0,0.390125747268604,0.0333678984990673,"PDE4B"
"Regulation Of Long-Term Synaptic Depression (GO:1900452)","1/9",0.918024558638029,0.99999537209541,0,0,0.390125747268604,0.0333678984990673,"KCNB1"
"Regulation Of Mast Cell Activation (GO:0033003)","1/9",0.918024558638029,0.99999537209541,0,0,0.390125747268604,0.0333678984990673,"LYN"
"Regulation Of Natural Killer Cell Proliferation (GO:0032817)","1/9",0.918024558638029,0.99999537209541,0,0,0.390125747268604,0.0333678984990673,"LEP"
"Regulation Of Postsynaptic Neurotransmitter Receptor Activity (GO:0098962)","1/9",0.918024558638029,0.99999537209541,0,0,0.390125747268604,0.0333678984990673,"DLGAP2"
"Regulation Of Protein Localization To Centrosome (GO:1904779)","1/9",0.918024558638029,0.99999537209541,0,0,0.390125747268604,0.0333678984990673,"GSK3B"
"Regulation Of Protein Localization To Chromatin (GO:1905634)","1/9",0.918024558638029,0.99999537209541,0,0,0.390125747268604,0.0333678984990673,"VRK1"
"Regulation Of Sequestering Of Calcium Ion (GO:0051282)","1/9",0.918024558638029,0.99999537209541,0,0,0.390125747268604,0.0333678984990673,"RYR2"
"Regulation Of Viral-Induced Cytoplasmic Pattern Recognition Receptor Signaling Pathway (GO:0039531)","1/9",0.918024558638029,0.99999537209541,0,0,0.390125747268604,0.0333678984990673,"SLC15A2"
"Response To Histamine (GO:0034776)","1/9",0.918024558638029,0.99999537209541,0,0,0.390125747268604,0.0333678984990673,"DRD2"
"Response To Platelet-Derived Growth Factor (GO:0036119)","1/9",0.918024558638029,0.99999537209541,0,0,0.390125747268604,0.0333678984990673,"FER"
"Response To Type I Interferon (GO:0034340)","1/9",0.918024558638029,0.99999537209541,0,0,0.390125747268604,0.0333678984990673,"MX1"
"Somatic Recombination Of Immunoglobulin Genes Involved In Immune Response (GO:0002204)","1/9",0.918024558638029,0.99999537209541,0,0,0.390125747268604,0.0333678984990673,"MSH6"
"Type II Interferon-Mediated Signaling Pathway (GO:0060333)","1/9",0.918024558638029,0.99999537209541,0,0,0.390125747268604,0.0333678984990673,"STAT1"
"Vasoconstriction (GO:0042310)","1/9",0.918024558638029,0.99999537209541,0,0,0.390125747268604,0.0333678984990673,"SLC8A1"
"Vesicle Fusion With Vacuole (GO:0051469)","1/9",0.918024558638029,0.99999537209541,0,0,0.390125747268604,0.0333678984990673,"CHMP1B"
"Wound Healing, Spreading Of Epidermal Cells (GO:0035313)","1/9",0.918024558638029,0.99999537209541,0,0,0.390125747268604,0.0333678984990673,"ITGB1"
"Positive Regulation Of Synaptic Transmission (GO:0050806)","14/77",0.919974494291363,0.99999537209541,0,0,0.692894217077764,0.0577938444303755,"APP;NLGN1;CLSTN2;CHRNA7;PLK2;CLSTN1;DTNBP1;RIMS2;RIMS1;GPER1;CACNG3;CACNG4;CCR2;LGMN"
"Cellular Response To Oxygen-Containing Compound (GO:1901701)","87/406",0.921212595127535,0.99999537209541,0,0,0.848745588095011,0.0696518302070013,"CD86;GSK3B;CXCL8;CPNE5;KCNC2;CPNE4;TNFAIP3;CXCL13;CLU;AQP1;RPTOR;CRHBP;MEIOSIN;GPER1;PDK4;CAPN2;PDE4B;FFAR2;SOX9;TGM2;MEF2C;ADGRV1;TESC;NCOA3;CD180;TPM1;WNT5A;WNT9B;LDOC1;PEX2;FOS;TICAM1;TNFRSF1B;FAM210B;TRAF6;PPIF;ADAM9;PRKD1;LCP1;EZR;CFTR;NLGN1;CAMK2D;ABCB4;UCP1;AKAP6;BCL10;ADCY1;ADCY7;EGFR;CDKN2AIP;ADD1;CAMKK2;ZFP36L1;RAP1B;RAP1A;WNT11;P2RY1;DHX36;ZNF703;ABL2;SH3BP4;MAPK1;SLC38A9;BRINP3;WNT2;LYN;SYT4;ERCC6L2;WNT7B;DEFA5;OR51E2;BRAF;PEX10;SYT13;SYT9;POU4F1;IRGM;MTOR;FER;WT1;PTK7;ATM;VIM;SLC26A3;LGMN;PF4"
"Endoplasmic Reticulum To Golgi Vesicle-Mediated Transport (GO:0006888)","22/115",0.921720213756265,0.99999537209541,0,0,0.737349451234444,0.0601039767236923,"SEC16B;RAB1A;ATL3;GOLT1A;GOSR2;TRAPPC10;ATL2;GBF1;TRAPPC2B;TRAPPC8;TRAPPC9;NRBP1;CTAGE1;VAPA;TRAPPC12;VTI1A;BCAP29;KDELR2;COPG2;TRAPPC13;CTAGE6;SEC24D"
"DNA Synthesis Involved In DNA Repair (GO:0000731)","4/27",0.921901642730293,0.99999537209541,0,0,0.542581432056249,0.0441209528501923,"RFC3;USP43;ZBTB1;SIRT1"
"T Cell Activation Involved In Immune Response (GO:0002286)","4/27",0.921901642730293,0.99999537209541,0,0,0.542581432056249,0.0441209528501923,"IFNA5;IFNA2;F2RL1;LCP1"
"Chaperone Cofactor-Dependent Protein Refolding (GO:0051085)","4/27",0.921901642730293,0.99999537209541,0,0,0.542581432056249,0.0441209528501923,"HSPA9;DNAJB4;DNAJB12;DNAJC18"
"Glycerophospholipid Catabolic Process (GO:0046475)","4/27",0.921901642730293,0.99999537209541,0,0,0.542581432056249,0.0441209528501923,"PLA2G4E;ENPP2;PLA2G5;PLA2G6"
"mRNA Modification (GO:0016556)","4/27",0.921901642730293,0.99999537209541,0,0,0.542581432056249,0.0441209528501923,"METTL14;WTAP;METTL8;CBLL1"
"Negative Regulation Of NIK/NF-kappaB Signaling (GO:1901223)","4/27",0.921901642730293,0.99999537209541,0,0,0.542581432056249,0.0441209528501923,"C1QTNF3;MKRN2;NLRC3;BMP7"
"Positive Regulation Of Ubiquitin-Protein Transferase Activity (GO:0051443)","4/27",0.921901642730293,0.99999537209541,0,0,0.542581432056249,0.0441209528501923,"ARRDC4;UBE2N;CDC14B;UBE2L3"
"Regulation Of Chromatin Organization (GO:1902275)","4/27",0.921901642730293,0.99999537209541,0,0,0.542581432056249,0.0441209528501923,"LSM11;KAT8;TLK1;MKI67"
"Regulation Of Peptidase Activity (GO:0052547)","4/27",0.921901642730293,0.99999537209541,0,0,0.542581432056249,0.0441209528501923,"CST3;CAV1;NRDC;CTSH"
"Visual Perception (GO:0007601)","19/101",0.922094823530361,0.99999537209541,0,0,0.722305491211337,0.0585841869419391,"RD3;COL18A1;S100G;ADGRV1;OAT;EYA3;PITPNA;PAX6;MYO9A;BEST1;TRPM1;SIX6;COL2A1;ATXN7;CRYAA;DRAM2;ATF6;IMPG2;CNGB1"
"Protein Homotetramerization (GO:0051289)","9/53",0.923885709828677,0.99999537209541,0,0,0.637921648865279,0.0505022829893272,"ALDH1A3;DEFA5;CLU;B2M;UPB1;ACACB;CBR4;GLS;GNMT"
"Regulation Of Intrinsic Apoptotic Signaling Pathway (GO:2001242)","8/48",0.924043034770054,0.99999537209541,0,0,0.623781998348472,0.0492766782184136,"PLEKHF1;CAV1;BCL2;PPIF;DNM1L;BOK;NKX3-1;BCL2L1"
"Retrograde Vesicle-Mediated Transport, Golgi To Endoplasmic Reticulum (GO:0006890)","8/48",0.924043034770054,0.99999537209541,0,0,0.623781998348472,0.0492766782184136,"STX18;GBF1;HTT;COPG2;KDELR2;PLPP3;ATP9B;RAB6B"
"Inorganic Anion Transport (GO:0015698)","10/58",0.924229104930973,0.99999537209541,0,0,0.649697094864381,0.051193070362205,"CLIC5;SLC34A2;SLC5A8;FXYD1;SLC4A11;NMUR1;ENPP3;ANO4;SLC26A4;BEST1"
"Positive Regulation Of Type II Interferon Production (GO:0032729)","10/58",0.924229104930973,0.99999537209541,0,0,0.649697094864381,0.051193070362205,"FZD5;IL1R1;TXK;PDE4B;F2RL1;TLR7;CYRIB;ISL1;IL18R1;CCR2"
"Renal System Development (GO:0072001)","10/58",0.924229104930973,0.99999537209541,0,0,0.649697094864381,0.051193070362205,"FOXC1;SALL1;MME;STAT1;WT1;GREB1L;CEP290;AGT;GLI2;VEGFA"
"Regulation Of Primary Metabolic Process (GO:0080090)","7/43",0.924882943570105,0.99999537209541,0,0,0.606490081412682,0.0473596562882719,"SERPINA3;RUBCNL;IRS2;NR1D2;PPARG;CNDP1;BBS4"
"B Cell Activation (GO:0042113)","17/92",0.925606739526589,0.99999537209541,0,0,0.7066280592899,0.0546264628850815,"CD86;IFNA5;ITGB1;TPD52;HDAC4;HDAC5;PHB1;MEF2C;PRKCB;IFNA2;DCAF1;HHEX;KLF6;BLNK;BCL2;DNAJB9;NHEJ1"
"B Cell Differentiation (GO:0030183)","12/68",0.925930425641911,0.99999537209541,0,0,0.668181818181818,0.051420721244713,"IFNA5;ITGB1;DCAF1;TPD52;HDAC4;HDAC5;HHEX;KLF6;IFNA2;BLNK;DNAJB9;NHEJ1"
"Telomere Maintenance (GO:0000723)","12/68",0.925930425641911,0.99999537209541,0,0,0.668181818181818,0.051420721244713,"INO80C;PARP1;RPA3;RUVBL1;NSMCE2;SHLD1;HUS1;SLX1A;ATM;SMC6;TRAPPC13;TERF2"
"DNA Metabolic Process (GO:0006259)","60/288",0.92636857437308,0.99999537209541,0,0,0.819348036200685,0.0626662737298277,"SMARCAL1;MCM7;FBH1;MCM10;PARK7;BACH1;ALKBH1;RUVBL1;SMARCAD1;TOPBP1;NUDT15;TOP3B;GEN1;RFC3;PARP1;USP3;TOP3A;ATRX;HUS1;SETMAR;LIG3;AXIN2;GLRX2;TERF2;TSN;RAD51B;MSH6;NEIL3;MSH3;DMC1;FSCN1;UBE2V2;RBMS1;SLX1A;DNASE1;TOP1;DNASE1L3;INO80C;PRIM2;PARG;ZBTB1;ORC5;TBRG1;NTHL1;RBBP8;DUT;GADD45A;MGMT;INTS3;ISG20;FAM111A;TDP1;RPA3;POLE2;RPA4;UBE2N;NABP1;ATM;RAD18;RAN"
"Amino Acid Catabolic Process (GO:0009063)","6/38",0.926664475965843,0.99999537209541,0,0,0.584863805200165,0.0445454060416017,"HDC;GOT2;ETFA;DDO;HIBCH;ACMSD"
"Membrane Fission (GO:0090148)","6/38",0.926664475965843,0.99999537209541,0,0,0.584863805200165,0.0445454060416017,"CHMP1B;EXOC6B;UBAP1;EXOC6;TMCC1;DNM1L"
"Negative Regulation Of Epithelial Cell Apoptotic Process (GO:1904036)","6/38",0.926664475965843,0.99999537209541,0,0,0.584863805200165,0.0445454060416017,"SEMA5A;YAP1;CAST;KDR;TNFAIP3;TEK"
"Negative Regulation Of Type I Interferon Production (GO:0032480)","6/38",0.926664475965843,0.99999537209541,0,0,0.584863805200165,0.0445454060416017,"ILRUN;PTPRS;NPLOC4;NLRC3;IRGM;RBX1"
"Regulation Of Protein Import Into Nucleus (GO:0042306)","6/38",0.926664475965843,0.99999537209541,0,0,0.584863805200165,0.0445454060416017,"S100G;SMAD3;SUFU;PSEN1;EFCAB7;RAN"
"Protein Tetramerization (GO:0051262)","13/73",0.927121412680337,0.99999537209541,0,0,0.675566577116484,0.0511206283678278,"CPSF7;HOMER1;KRT1;DEFA5;CLU;UPB1;ACACB;GLS;GNMT;ALDH1A3;B2M;CBR4;SNCA"
"B Cell Activation Involved In Immune Response (GO:0002312)","2/16",0.928247178950813,0.99999537209541,0,0,0.445773195876289,0.0331910351597245,"MSH6;CD180"
"DNA Repair-Dependent Chromatin Remodeling (GO:0140861)","2/16",0.928247178950813,0.99999537209541,0,0,0.445773195876289,0.0331910351597245,"USP3;TRIP12"
"Cellular Response To Gamma Radiation (GO:0071480)","2/16",0.928247178950813,0.99999537209541,0,0,0.445773195876289,0.0331910351597245,"YAP1;TSPYL5"
"Establishment Of Melanosome Localization (GO:0032401)","2/16",0.928247178950813,0.99999537209541,0,0,0.445773195876289,0.0331910351597245,"MLPH;RAB27A"
"Innate Immune Response-Activating Signaling Pathway (GO:0002758)","2/16",0.928247178950813,0.99999537209541,0,0,0.445773195876289,0.0331910351597245,"HCK;NOD1"
"Lymphocyte Mediated Immunity (GO:0002449)","2/16",0.928247178950813,0.99999537209541,0,0,0.445773195876289,0.0331910351597245,"JAG1;SLA2"
"Mitophagy (GO:0000423)","2/16",0.928247178950813,0.99999537209541,0,0,0.445773195876289,0.0331910351597245,"PRKN;ATG14"
"Negative Regulation Of Receptor Signaling Pathway Via JAK-STAT (GO:0046426)","2/16",0.928247178950813,0.99999537209541,0,0,0.445773195876289,0.0331910351597245,"CAV1;PARP14"
"Positive Regulation Of Collagen Metabolic Process (GO:0010714)","2/16",0.928247178950813,0.99999537209541,0,0,0.445773195876289,0.0331910351597245,"CREB3L1;VIM"
"Prostanoid Metabolic Process (GO:0006692)","2/16",0.928247178950813,0.99999537209541,0,0,0.445773195876289,0.0331910351597245,"HPGDS;HPGD"
"Protein O-linked Mannosylation (GO:0035269)","2/16",0.928247178950813,0.99999537209541,0,0,0.445773195876289,0.0331910351597245,"CRPPA;TMTC2"
"Protein Targeting To Peroxisome (GO:0006625)","2/16",0.928247178950813,0.99999537209541,0,0,0.445773195876289,0.0331910351597245,"PEX10;PEX2"
"Regulation Of Triglyceride Biosynthetic Process (GO:0010866)","2/16",0.928247178950813,0.99999537209541,0,0,0.445773195876289,0.0331910351597245,"FITM2;SIRT1"
"Stabilization Of Membrane Potential (GO:0030322)","2/16",0.928247178950813,0.99999537209541,0,0,0.445773195876289,0.0331910351597245,"KCNK13;KCNK1"
"Synaptic Transmission, Cholinergic (GO:0007271)","2/16",0.928247178950813,0.99999537209541,0,0,0.445773195876289,0.0331910351597245,"CHRNA7;CHRNA10"
"Tail-Anchored Membrane Protein Insertion Into ER Membrane (GO:0071816)","2/16",0.928247178950813,0.99999537209541,0,0,0.445773195876289,0.0331910351597245,"EMC2;EMC3"
"Proteolysis Involved In Protein Catabolic Process (GO:0051603)","14/78",0.92846175223932,0.99999537209541,0,0,0.682022529971062,0.0506238671257132,"PRKN;OTUD7A;FBXL17;TNFAIP3;PEX10;PRPF19;FBXO44;RNF41;CLPP;CAPN2;CTSH;SOCS6;MARCHF6;LGMN"
"Protein Catabolic Process (GO:0030163)","19/102",0.929470065859774,0.99999537209541,0,0,0.713555650285811,0.0521899432684742,"PRKN;BNIP3L;LRSAM1;BNIP3;PRPF19;CLN8;FBXO44;MTOR;RNF41;CLPP;RAB12;LAMP2;CAPN2;CTSH;STT3B;SOCS6;SFI1;MARCHF6;LGMN"
"Regulation Of Cytokine Production (GO:0001817)","33/167",0.929526619321968,0.99999537209541,0,0,0.767270722544158,0.0560720169651635,"ZBTB25;HHLA2;TRIL;TXK;MAST2;ZBTB1;C1QTNF3;TBK1;IGF2BP1;CCR7;IGF2BP3;IGF2BP2;ICOSLG;N4BP1;CCR2;LYN;IL33;AFAP1L2;ANXA1;CADM1;BTN1A1;TNFRSF1B;ADRA2A;AGT;BATF;PER1;TRAF3;CLEC6A;LEP;IRF7;NOX5;CD47;LTF"
"Positive Regulation Of Establishment Of Protein Localization To Mitochondrion (GO:1903749)","5/33",0.929766702032846,0.99999537209541,0,0,0.557045595213534,0.0405649416757302,"NPEPPS;FZD5;ARIH2;RNF2;UBE2L3"
"Positive Regulation Of Interleukin-12 Production (GO:0032735)","5/33",0.929766702032846,0.99999537209541,0,0,0.557045595213534,0.0405649416757302,"SYK;RIPK2;CCR7;ISL1;SCIMP"
"Regulation Of NLRP3 Inflammasome Complex Assembly (GO:1900225)","5/33",0.929766702032846,0.99999537209541,0,0,0.557045595213534,0.0405649416757302,"USP50;NLRC3;CD36;PRKD1;IRGM"
"Regulation Of Activated T Cell Proliferation (GO:0046006)","5/33",0.929766702032846,0.99999537209541,0,0,0.557045595213534,0.0405649416757302,"PPP3CA;HHLA2;IGFBP2;IGF1;ICOSLG"
"Regulation Of Lamellipodium Assembly (GO:0010591)","5/33",0.929766702032846,0.99999537209541,0,0,0.557045595213534,0.0405649416757302,"ACTR3;FER;CAPZB;AUTS2;FSCN1"
"Regulation Of Protein Polymerization (GO:0032271)","5/33",0.929766702032846,0.99999537209541,0,0,0.557045595213534,0.0405649416757302,"ARHGAP40;ABL1;ARHGAP28;CAMSAP2;MEGF9"
"Natural Killer Cell Mediated Immunity (GO:0002228)","3/22",0.929822008223122,0.99999537209541,0,0,0.492635486426936,0.0358451926054934,"TUBB2A;LYST;ULBP3"
"Protein Peptidyl-Prolyl Isomerization (GO:0000413)","3/22",0.929822008223122,0.99999537209541,0,0,0.492635486426936,0.0358451926054934,"PPIF;PPIE;PPIAL4F"
"Regulation Of Catabolic Process (GO:0009894)","3/22",0.929822008223122,0.99999537209541,0,0,0.492635486426936,0.0358451926054934,"ITGB1;UBE3A;ZDHHC7"
"Regulation Of Histone Acetylation (GO:0035065)","3/22",0.929822008223122,0.99999537209541,0,0,0.492635486426936,0.0358451926054934,"FLCN;CTBP1;GLYR1"
"snRNA 3'-End Processing (GO:0034472)","3/22",0.929822008223122,0.99999537209541,0,0,0.492635486426936,0.0358451926054934,"TUT1;INTS6;INTS9"
"Vesicle-Mediated Transport To The Plasma Membrane (GO:0098876)","15/83",0.929910372257543,0.99999537209541,0,0,0.687713580367024,0.0499741318443368,"DENND1B;WIPF3;EXOC6B;LMTK2;COMMD1;BLTP1;ARL4C;EHD4;VTI1A;EXOC6;SNX7;CCDC93;GOLGA7;RAB11FIP3;VPS35L"
"Anterograde Trans-Synaptic Signaling (GO:0098916)","40/199",0.930116124335615,0.99999537209541,0,0,0.783627932265772,0.0567705804722326,"CHRNA1;GRIA1;CHRM3;SNAP25;NLGN1;CHRM1;CHRNA2;KCNC4;SLC1A1;SLC1A2;GRIK4;SLC1A3;GRM3;HTR7;HRH3;GRM7;HRH2;RPS6KA2;KCNMB1;PENK;CHRNA10;MAPK1;BSN;ASIC2;SPG11;MBL2;SNCA;UNC13C;DTNA;HOMER1;KCND2;HTR3C;OPRK1;DLG1;RIT2;SYPL1;GLRB;MTNR1B;KCNQ3;APBA1"
"Protein Targeting To Mitochondrion (GO:0006626)","10/59",0.933403049636056,0.99999537209541,0,0,0.636395822269428,0.0438592407090386,"CHCHD4;MTCH1;MTCH2;IMMP2L;HSPA4;MTX2;TIMM23;FBXO7;GDAP1;TIMM50"
"Regulation Of Lipid Metabolic Process (GO:0019216)","9/54",0.933451279909194,0.99999537209541,0,0,0.623704315506917,0.0429523383207207,"SERPINA3;DISP3;CAV1;RUBCNL;PRKAG2;IRS2;PPARG;NR1D2;BBS4"
"Negative Regulation Of DNA Metabolic Process (GO:0051053)","8/49",0.933997763518551,0.99999537209541,0,0,0.608527522104288,0.0415510109086719,"TSPYL2;MSH6;CDKN1A;NIBAN2;MSH3;GMNC;TERF2;S100A11"
"Inflammatory Response (GO:0006954)","48/236",0.934153039093422,0.99999537209541,0,0,0.795082112424044,0.0541570186894167,"HDAC4;PTGFR;SERPINA3;HDAC5;ORM1;CXCL8;TRAF3IP2;GPR68;PTGER2;IFNA2;CXCR4;NOD1;ADCY1;CXCL13;THBS1;CRHBP;IL1RL1;TBK1;MMP24;SCUBE1;IRAK2;ADORA3;CCRL2;ADORA1;BLNK;CCR7;CCL18;TAC1;MAP3K7;CCR3;CCR2;CCR1;CD96;AFAP1L2;ANXA1;RIPK2;IL10RB;STAT3;WNT5A;NFATC3;FOS;LYZ;MFHAS1;KRT16;TAB2;CDO1;CD44;PF4"
"Antigen Processing And Presentation Of Peptide Antigen Via MHC Class II (GO:0002495)","4/28",0.934761950760612,0.99999537209541,0,0,0.519939493949395,0.0350768757748458,"GNAO1;HLA-DRB3;DNM2;LGMN"
"Fatty Acid Derivative Biosynthetic Process (GO:1901570)","4/28",0.934761950760612,0.99999537209541,0,0,0.519939493949395,0.0350768757748458,"FAR1;GGT3P;GGT1;PAM"
"Negative Regulation Of Signaling (GO:0023057)","4/28",0.934761950760612,0.99999537209541,0,0,0.519939493949395,0.0350768757748458,"PPP3CA;PTPN1;AP1AR;OPTN"
"Positive Regulation Of mRNA Processing (GO:0050685)","4/28",0.934761950760612,0.99999537209541,0,0,0.519939493949395,0.0350768757748458,"THRAP3;DHX36;PEX2;NUP98"
"Positive Regulation Of Protein Import Into Nucleus (GO:0042307)","4/28",0.934761950760612,0.99999537209541,0,0,0.519939493949395,0.0350768757748458,"SMAD3;PSEN1;EFCAB7;RAN"
"Protein Insertion Into Mitochondrial Membrane (GO:0051204)","4/28",0.934761950760612,0.99999537209541,0,0,0.519939493949395,0.0350768757748458,"MTCH1;MTCH2;HSPA4;MTX2"
"Import Into Nucleus (GO:0051170)","13/74",0.935177002039868,0.99999537209541,0,0,0.664447674123159,0.0445309247267895,"IPO11;NXT1;SYK;CSE1L;STAT3;TSC2;STK4;BACH2;NUP93;IPO8;FAM53A;NUP98;RAN"
"Establishment Of Protein Localization To Mitochondrion (GO:0072655)","7/44",0.935208491374782,0.99999537209541,0,0,0.590059409254456,0.0395255951586153,"CHCHD4;TIMM23;FBXO7;GDAP1;HK2;HK1;TIMM50"
"Positive Regulation Of Nucleocytoplasmic Transport (GO:0046824)","7/44",0.935208491374782,0.99999537209541,0,0,0.590059409254456,0.0395255951586153,"GSK3B;SMAD3;NEDD4;PSEN1;CAMK1;EFCAB7;RAN"
"Axonal Transport (GO:0098930)","6/39",0.93731423064201,0.99999537209541,0,0,0.567103140359434,0.0367123828917793,"RAB21;KIF3B;DST;FBXW11;DTNBP1;AP3S2"
"Negative Regulation Of Lymphocyte Proliferation (GO:0050672)","6/39",0.93731423064201,0.99999537209541,0,0,0.567103140359434,0.0367123828917793,"CD86;LYN;DLG5;SOX11;ATM;PLA2G5"
"Positive Regulation Of Lipid Biosynthetic Process (GO:0046889)","6/39",0.93731423064201,0.99999537209541,0,0,0.567103140359434,0.0367123828917793,"RPTOR;KAT2B;MLXIPL;LPGAT1;SLC45A3;MTOR"
"Positive Regulation Of Pattern Recognition Receptor Signaling Pathway (GO:0062208)","6/39",0.93731423064201,0.99999537209541,0,0,0.567103140359434,0.0367123828917793,"MFHAS1;CAV1;F2RL1;DDX60;PUM2;LTF"
"Regulation Of Protein Targeting To Mitochondrion (GO:1903214)","6/39",0.93731423064201,0.99999537209541,0,0,0.567103140359434,0.0367123828917793,"PRKN;NPEPPS;FZD5;ARIH2;RNF2;UBE2L3"
"T Cell Chemotaxis (GO:0010818)","1/10",0.937920343543491,0.99999537209541,0,0,0.346755537231728,0.0222236508653512,"CCR2"
"T-helper Cell Lineage Commitment (GO:0002295)","1/10",0.937920343543491,0.99999537209541,0,0,0.346755537231728,0.0222236508653512,"STAT3"
"Ammonium Transmembrane Transport (GO:0072488)","1/10",0.937920343543491,0.99999537209541,0,0,0.346755537231728,0.0222236508653512,"RHAG"
"Arginine Metabolic Process (GO:0006525)","1/10",0.937920343543491,0.99999537209541,0,0,0.346755537231728,0.0222236508653512,"ARG1"
"Basement Membrane Organization (GO:0071711)","1/10",0.937920343543491,0.99999537209541,0,0,0.346755537231728,0.0222236508653512,"PXDN"
"Cellular Response To Cholesterol (GO:0071397)","1/10",0.937920343543491,0.99999537209541,0,0,0.346755537231728,0.0222236508653512,"MYL1"
"Cellular Response To Interleukin-12 (GO:0071349)","1/10",0.937920343543491,0.99999537209541,0,0,0.346755537231728,0.0222236508653512,"STAT4"
"Cellular Response To Type III Interferon (GO:0071358)","1/10",0.937920343543491,0.99999537209541,0,0,0.346755537231728,0.0222236508653512,"IL10RB"
"Embryonic Appendage Morphogenesis (GO:0035113)","1/10",0.937920343543491,0.99999537209541,0,0,0.346755537231728,0.0222236508653512,"SKI"
"Endosomal Vesicle Fusion (GO:0034058)","1/10",0.937920343543491,0.99999537209541,0,0,0.346755537231728,0.0222236508653512,"TGFBRAP1"
"Epithelial Cell Apoptotic Process (GO:1904019)","1/10",0.937920343543491,0.99999537209541,0,0,0.346755537231728,0.0222236508653512,"RYR2"
"Establishment Of Endothelial Intestinal Barrier (GO:0090557)","1/10",0.937920343543491,0.99999537209541,0,0,0.346755537231728,0.0222236508653512,"RAB1A"
"Meiotic Sister Chromatid Cohesion (GO:0051177)","1/10",0.937920343543491,0.99999537209541,0,0,0.346755537231728,0.0222236508653512,"HORMAD2"
"Microtubule Anchoring At Centrosome (GO:0034454)","1/10",0.937920343543491,0.99999537209541,0,0,0.346755537231728,0.0222236508653512,"HOOK3"
"Mitochondrial Protein Processing (GO:0034982)","1/10",0.937920343543491,0.99999537209541,0,0,0.346755537231728,0.0222236508653512,"IMMP2L"
"Mitochondrial Respirasome Assembly (GO:0097250)","1/10",0.937920343543491,0.99999537209541,0,0,0.346755537231728,0.0222236508653512,"RAB5IF"
"Mitotic DNA Replication (GO:1902969)","1/10",0.937920343543491,0.99999537209541,0,0,0.346755537231728,0.0222236508653512,"GINS3"
"Negative Regulation Of B Cell Proliferation (GO:0030889)","1/10",0.937920343543491,0.99999537209541,0,0,0.346755537231728,0.0222236508653512,"LYN"
"Negative Regulation Of Dephosphorylation (GO:0035305)","1/10",0.937920343543491,0.99999537209541,0,0,0.346755537231728,0.0222236508653512,"MFHAS1"
"Negative Regulation Of Inclusion Body Assembly (GO:0090084)","1/10",0.937920343543491,0.99999537209541,0,0,0.346755537231728,0.0222236508653512,"SORL1"
"Negative Regulation Of Lipopolysaccharide-Mediated Signaling Pathway (GO:0031665)","1/10",0.937920343543491,0.99999537209541,0,0,0.346755537231728,0.0222236508653512,"LTF"
"Negative Regulation Of Programmed Necrotic Cell Death (GO:0062099)","1/10",0.937920343543491,0.99999537209541,0,0,0.346755537231728,0.0222236508653512,"SLC25A4"
"Negative Regulation Of Response To Cytokine Stimulus (GO:0060761)","1/10",0.937920343543491,0.99999537209541,0,0,0.346755537231728,0.0222236508653512,"MAP2K5"
"Negative Regulation Of Steroid Biosynthetic Process (GO:0010894)","1/10",0.937920343543491,0.99999537209541,0,0,0.346755537231728,0.0222236508653512,"NR0B1"
"Nuclear RNA Surveillance (GO:0071027)","1/10",0.937920343543491,0.99999537209541,0,0,0.346755537231728,0.0222236508653512,"XRN1"
"Phosphate Ion Transmembrane Transport (GO:0035435)","1/10",0.937920343543491,0.99999537209541,0,0,0.346755537231728,0.0222236508653512,"SLC20A2"
"Positive Regulation Of DNA Methylation-Dependent Heterochromatin Formation (GO:0090309)","1/10",0.937920343543491,0.99999537209541,0,0,0.346755537231728,0.0222236508653512,"SETDB2"
"Positive Regulation Of MHC Class II Biosynthetic Process (GO:0045348)","1/10",0.937920343543491,0.99999537209541,0,0,0.346755537231728,0.0222236508653512,"SIRT1"
"Positive Regulation Of Actin Nucleation (GO:0051127)","1/10",0.937920343543491,0.99999537209541,0,0,0.346755537231728,0.0222236508653512,"WASF3"
"Positive Regulation Of Cholesterol Metabolic Process (GO:0090205)","1/10",0.937920343543491,0.99999537209541,0,0,0.346755537231728,0.0222236508653512,"APOA1"
"Positive Regulation Of Lipid Localization (GO:1905954)","1/10",0.937920343543491,0.99999537209541,0,0,0.346755537231728,0.0222236508653512,"LCP1"
"Positive Regulation Of Non-Canonical Wnt Signaling Pathway (GO:2000052)","1/10",0.937920343543491,0.99999537209541,0,0,0.346755537231728,0.0222236508653512,"DAB2"
"Protein Kinase C-activating G Protein-Coupled Receptor Signaling Pathway (GO:0007205)","1/10",0.937920343543491,0.99999537209541,0,0,0.346755537231728,0.0222236508653512,"CHRM1"
"rRNA Base Methylation (GO:0070475)","1/10",0.937920343543491,0.99999537209541,0,0,0.346755537231728,0.0222236508653512,"METTL15"
"Regulation Of Amyloid Precursor Protein Biosynthetic Process (GO:0042984)","1/10",0.937920343543491,0.99999537209541,0,0,0.346755537231728,0.0222236508653512,"NECAB1"
"Regulation Of Calcium Ion Transmembrane Transport Via High Voltage-Gated Calcium Channel (GO:1902514)","1/10",0.937920343543491,0.99999537209541,0,0,0.346755537231728,0.0222236508653512,"CAMK2D"
"Regulation Of Coagulation (GO:0050818)","1/10",0.937920343543491,0.99999537209541,0,0,0.346755537231728,0.0222236508653512,"F2RL1"
"Regulation Of Inclusion Body Assembly (GO:0090083)","1/10",0.937920343543491,0.99999537209541,0,0,0.346755537231728,0.0222236508653512,"SNCAIP"
"Regulation Of mRNA Polyadenylation (GO:1900363)","1/10",0.937920343543491,0.99999537209541,0,0,0.346755537231728,0.0222236508653512,"CPSF7"
"Regulation Of Programmed Necrotic Cell Death (GO:0062098)","1/10",0.937920343543491,0.99999537209541,0,0,0.346755537231728,0.0222236508653512,"PRKN"
"Regulation Of Respiratory Burst (GO:0060263)","1/10",0.937920343543491,0.99999537209541,0,0,0.346755537231728,0.0222236508653512,"INSR"
"Regulation Of Toll-Like Receptor 9 Signaling Pathway (GO:0034163)","1/10",0.937920343543491,0.99999537209541,0,0,0.346755537231728,0.0222236508653512,"PTPRS"
"Response To Sterol (GO:0036314)","1/10",0.937920343543491,0.99999537209541,0,0,0.346755537231728,0.0222236508653512,"TGFBR2"
"Small Nucleolar Ribonucleoprotein Complex Assembly (GO:0000491)","1/10",0.937920343543491,0.99999537209541,0,0,0.346755537231728,0.0222236508653512,"RUVBL1"
"Type III Interferon-Mediated Signaling Pathway (GO:0038196)","1/10",0.937920343543491,0.99999537209541,0,0,0.346755537231728,0.0222236508653512,"IL10RB"
"Vacuole Fusion (GO:0097576)","1/10",0.937920343543491,0.99999537209541,0,0,0.346755537231728,0.0222236508653512,"CHMP1B"
"ERAD Pathway (GO:0036503)","16/89",0.938505680649049,0.99999537209541,0,0,0.683231924946463,0.0433622501932038,"PRKN;EDEM1;SEL1L;DNAJB12;DERL1;UBE4B;UBE2G2;FBXO44;ECPAS;NPLOC4;RNF103;TMEM67;DNAJB9;STT3B;ATF6;MARCHF6"
"Positive Regulation Of Cellular Component Organization (GO:0051130)","21/113",0.939513569199667,0.99999537209541,0,0,0.71138390647359,0.044385388334942,"RB1;GSK3B;SYK;AHNAK;FRMPD4;INSR;BNIP3;AKR1B1;PARK7;CLU;BMP7;ADD1;VEGFA;DAB2;CHAF1B;BCL2L11;CAMK1;CBLL1;FNIP2;TRABD2B;SNCA"
"Peptidyl-Lysine Modification (GO:0018205)","17/94",0.939785309145505,0.99999537209541,0,0,0.688182758296512,0.0427387811282831,"HDAC4;RANBP2;UHRF2;EYA1;NSMCE2;VPS33B;SUMO4;ATPSCKMT;PARK7;SMC6;SIRT1;PML;LOXL2;SENP6;KAT2B;HINT1;ZMIZ2"
"Positive Regulation Of Transcription By RNA Polymerase I (GO:0045943)","5/34",0.940642634877951,0.99999537209541,0,0,0.537801555174548,0.0329091437171468,"UBTFL1;ERBB2;ASIC2;MTOR;PHF8"
"Regulation Of Neuronal Synaptic Plasticity (GO:0048168)","5/34",0.940642634877951,0.99999537209541,0,0,0.537801555174548,0.0329091437171468,"APP;MCTP1;NETO1;DRD2;RAB3GAP1"
"Transcription Initiation-Coupled Chromatin Remodeling (GO:0045815)","5/34",0.940642634877951,0.99999537209541,0,0,0.537801555174548,0.0329091437171468,"KAT2B;NIBAN2;DPY30;ARID1B;GLYR1"
"Positive Regulation Of Cell Cycle Process (GO:0090068)","22/118",0.941132177621331,0.99999537209541,0,0,0.714164941338854,0.0433295897884701,"MAP10;GEN1;SVIL;PRKCE;INSR;CEP120;NCAPG2;ATRX;NCAPG;CDC7;SMC6;IGF1;CDC14C;CDC14B;CIT;DBF4;INCENP;CSPP1;DRD2;OR2A4;RAD18;E2F7"
"Cellular Response To Light Stimulus (GO:0071482)","11/65",0.941618372023377,0.99999537209541,0,0,0.635138133382298,0.0382068688925214,"TRPM1;OPN4;OPN3;PARP1;NEDD4;GPR88;DHX36;ZBTB1;GPR52;N4BP1;RBX1"
"Protein Localization To Organelle (GO:0033365)","26/137",0.942343447369117,0.99999537209541,0,0,0.729834268582714,0.043341556202729,"ROPN1B;MTCH2;TRAM1;FAM149B1;ARL6;SNX10;RCSD1;SEC61A1;HHEX;TTC21B;PACSIN2;ZNF423;TRAM1L1;GBP1;BBS4;BANP;CNTLN;IFT140;GBF1;ANK2;PEX2;BMP7;SORL1;RAB33B;VAPA;OPTN"
"Defense Response To Gram-negative Bacterium (GO:0050829)","13/75",0.942456809524623,0.99999537209541,0,0,0.653687445419942,0.0387409081354588,"CHGA;DEFA5;RNASE3;DEFB132;LYZ;MR1;IRGM;AQP1;H2BC11;IL6R;CAMP;OPTN;LTF"
"Regulation Of DNA Replication (GO:0006275)","13/75",0.942456809524623,0.99999537209541,0,0,0.653687445419942,0.0387409081354588,"BCAR3;TSPYL2;INO80C;MEAF6;JADE1;NUCKS1;BAZ1A;EGFR;GLI2;ORC5;RUVBL1;GMNC;S100A11"
"Negative Regulation Of Protein Tyrosine Kinase Activity (GO:0061099)","3/23",0.942544296918155,0.99999537209541,0,0,0.467972777892349,0.0276910543302673,"GPRC5A;CBL;SOCS6"
"Positive Regulation Of Lamellipodium Assembly (GO:0010592)","3/23",0.942544296918155,0.99999537209541,0,0,0.467972777892349,0.0276910543302673,"ACTR3;AUTS2;FSCN1"
"Protein Alkylation (GO:0008213)","3/23",0.942544296918155,0.99999537209541,0,0,0.467972777892349,0.0276910543302673,"PRMT2;FAM98B;GSPT1"
"Regulation Of Centrosome Cycle (GO:0046605)","3/23",0.942544296918155,0.99999537209541,0,0,0.467972777892349,0.0276910543302673,"GEN1;CHMP1B;SIRT1"
"Regulation Of Interleukin-4 Production (GO:0032673)","3/23",0.942544296918155,0.99999537209541,0,0,0.467972777892349,0.0276910543302673,"CD86;SYK;LEF1"
"Translesion Synthesis (GO:0019985)","3/23",0.942544296918155,0.99999537209541,0,0,0.467972777892349,0.0276910543302673,"USP43;POLE2;ZBTB1"
"Regulation Of TORC1 Signaling (GO:1903432)","8/50",0.94279182524337,0.99999537209541,0,0,0.593999449490779,0.0349923761053512,"FLCN;DYRK3;DEPTOR;NPC1;SIK3;SLC38A9;ATM;RNF152"
"Regulation Of Interleukin-12 Production (GO:0032655)","8/50",0.94279182524337,0.99999537209541,0,0,0.593999449490779,0.0349923761053512,"SYK;RIPK2;MAST2;CCR7;CD47;ISL1;THBS1;SCIMP"
"DNA Biosynthetic Process (GO:0071897)","2/17",0.94282295012307,0.99999537209541,0,0,0.416027491408935,0.0244943531370713,"RFC3;SIRT1"
"DNA Replication Checkpoint Signaling (GO:0000076)","2/17",0.94282295012307,0.99999537209541,0,0,0.416027491408935,0.0244943531370713,"HUS1;TOPBP1"
"NAD Biosynthetic Process (GO:0009435)","2/17",0.94282295012307,0.99999537209541,0,0,0.416027491408935,0.0244943531370713,"SLC5A8;NUDT12"
"Branched-Chain Amino Acid Catabolic Process (GO:0009083)","2/17",0.94282295012307,0.99999537209541,0,0,0.416027491408935,0.0244943531370713,"HIBADH;HIBCH"
"Carbohydrate Derivative Catabolic Process (GO:1901136)","2/17",0.94282295012307,0.99999537209541,0,0,0.416027491408935,0.0244943531370713,"STT3B;FBXO44"
"Detection Of Visible Light (GO:0009584)","2/17",0.94282295012307,0.99999537209541,0,0,0.416027491408935,0.0244943531370713,"GNAQ;CNGB1"
"Extracellular Matrix Assembly (GO:0085029)","2/17",0.94282295012307,0.99999537209541,0,0,0.416027491408935,0.0244943531370713,"ELN;PXDN"
"Intracellular Estrogen Receptor Signaling Pathway (GO:0030520)","2/17",0.94282295012307,0.99999537209541,0,0,0.416027491408935,0.0244943531370713,"ARID1A;ESR2"
"Leukocyte Tethering Or Rolling (GO:0050901)","2/17",0.94282295012307,0.99999537209541,0,0,0.416027491408935,0.0244943531370713,"ITGB1;ROCK1"
"Negative Regulation Of Ubiquitin-Protein Transferase Activity (GO:0051444)","2/17",0.94282295012307,0.99999537209541,0,0,0.416027491408935,0.0244943531370713,"USP44;PARK7"
"Neural Tube Development (GO:0021915)","2/17",0.94282295012307,0.99999537209541,0,0,0.416027491408935,0.0244943531370713,"INTU;GRHL2"
"Nicotinamide Nucleotide Metabolic Process (GO:0046496)","2/17",0.94282295012307,0.99999537209541,0,0,0.416027491408935,0.0244943531370713,"NOCT;GPD1L"
"Nuclear Envelope Organization (GO:0006998)","2/17",0.94282295012307,0.99999537209541,0,0,0.416027491408935,0.0244943531370713,"NUP93;REEP4"
"Nuclear-Transcribed mRNA Catabolic Process, Exonucleolytic (GO:0000291)","2/17",0.94282295012307,0.99999537209541,0,0,0.416027491408935,0.0244943531370713,"DCP2;DIS3L2"
"Peptidyl-Threonine Dephosphorylation (GO:0035970)","2/17",0.94282295012307,0.99999537209541,0,0,0.416027491408935,0.0244943531370713,"DUSP5;DUSP10"
"Positive Regulation Of Cell Cycle Phase Transition (GO:1901989)","2/17",0.94282295012307,0.99999537209541,0,0,0.416027491408935,0.0244943531370713,"DYRK3;PEX2"
"Positive Regulation Of Peptidyl-Serine Phosphorylation Of STAT Protein (GO:0033141)","2/17",0.94282295012307,0.99999537209541,0,0,0.416027491408935,0.0244943531370713,"IFNA5;IFNA2"
"Postsynaptic Membrane Organization (GO:0001941)","2/17",0.94282295012307,0.99999537209541,0,0,0.416027491408935,0.0244943531370713,"NLGN1;MUSK"
"Regulation Of Single Stranded Viral RNA Replication Via Double Stranded DNA Intermediate (GO:0045091)","2/17",0.94282295012307,0.99999537209541,0,0,0.416027491408935,0.0244943531370713,"CXCL8;HMGA2"
"Regulation Of Ubiquitin Protein Ligase Activity (GO:1904666)","2/17",0.94282295012307,0.99999537209541,0,0,0.416027491408935,0.0244943531370713,"USP44;CDC14B"
"Regulation Of Viral Transcription (GO:0046782)","2/17",0.94282295012307,0.99999537209541,0,0,0.416027491408935,0.0244943531370713,"UBP1;TRIM14"
"Chromosome Organization (GO:0051276)","7/45",0.944261680641704,0.99999537209541,0,0,0.574493509315083,0.0329483214020568,"RB1;MSH6;HHEX;CENPW;MSH3;KAT6A;AXIN2"
"Lipid Droplet Organization (GO:0034389)","4/29",0.945669172464865,0.99999537209541,0,0,0.499108910891089,0.0278814630876973,"FITM2;SFI1;CIDEC;RAB3GAP1"
"Morphogenesis Of An Epithelium (GO:0002009)","4/29",0.945669172464865,0.99999537209541,0,0,0.499108910891089,0.0278814630876973,"KRT16;PRKX;SOX9;VCL"
"Positive Regulation Of Dephosphorylation (GO:0035306)","4/29",0.945669172464865,0.99999537209541,0,0,0.499108910891089,0.0278814630876973,"CDCA2;ROCK1;MTMR9;PPP2R5A"
"Regulation Of Muscle Contraction (GO:0006937)","4/29",0.945669172464865,0.99999537209541,0,0,0.499108910891089,0.0278814630876973,"CAV1;TPM1;MYBPH;ATP1A2"
"Regulation Of Striated Muscle Contraction (GO:0006942)","4/29",0.945669172464865,0.99999537209541,0,0,0.499108910891089,0.0278814630876973,"RYR2;MYBPH;ATP1A2;TNNI3K"
"Cytokine-Mediated Signaling Pathway (GO:0019221)","52/257",0.94627327123442,0.99999537209541,0,0,0.789670731707317,0.0436086828475198,"IFNA5;CXCL8;TRAF3IP2;IFNA2;IL5RA;CXCL13;TNFSF11;IL6R;MAP3K7;CCR2;IL15RA;SYK;IL1R1;TRAF1;OSMR;TNFRSF1B;COMMD7;SIRT1;HCK;GREM2;TRAF4;TRAF3;TRAF6;IL6ST;SOS1;ZNF675;YAP1;FOXC1;CBL;DUOX1;IL1RL1;IRAK2;STAT4;CCL18;CCR1;LYN;STAT5A;IL33;SMAD4;STAT1;STAT3;MX1;IL31RA;ST18;NFKBIA;FER;IL7;LEP;MFAP3;IL7R;IL18R1;PF4"
"Cell Cycle G2/M Phase Transition (GO:0044839)","6/40",0.94656442444729,0.99999537209541,0,0,0.550387220509335,0.0302251992658768,"CCNY;CCDC57;KDM8;CDK14;FBXL7;DNM2"
"Protein Localization To Chromosome (GO:0034502)","6/40",0.94656442444729,0.99999537209541,0,0,0.550387220509335,0.0302251992658768,"RB1;PARP1;LEF1;PINX1;ATRX;TERF2"
"Regulation Of Protein Dephosphorylation (GO:0035304)","6/40",0.94656442444729,0.99999537209541,0,0,0.550387220509335,0.0302251992658768,"MFHAS1;CDCA2;PPP6R2;PPP6R3;HTT;PPP2R5A"
"Defense Response To Virus (GO:0051607)","37/189",0.947347885747588,0.99999537209541,0,0,0.758118817292452,0.0410058111230538,"RTP4;PHB1;IFNA2;ZDHHC1;DDX60;LYST;TANK;AKAP1;TRIM8;TBK1;IGF2BP1;ATG7;MBL2;NCK1;BNIP3L;STAT1;USP44;BNIP3;MX2;MX1;OPRK1;ZDHHC11;USP29;PML;ISG20;AGBL4;TRAF3;TRAF6;DDIT4;BCL2;UBE2N;IRF7;TRIM35;F2RL1;TLR7;SERINC5;BCL2L1"
"Cellular Response To Lipopolysaccharide (GO:0071222)","23/124",0.948004259049183,0.99999537209541,0,0,0.709576424612849,0.0378887443375009,"CD86;LYN;MEF2C;CXCL8;PRKCE;CD180;WNT5A;DEFA5;TNFAIP3;LDOC1;PEX2;BCL10;CXCL13;TICAM1;TNFRSF1B;IRGM;MTDH;HCK;TRAF6;PDE4B;ADAM9;VIM;PF4"
"Endosomal Transport (GO:0016197)","35/180",0.94821126553934,0.99999537209541,0,0,0.751798586901276,0.039979105868196,"WASHC5;DENND1B;TMEM87B;WIPF3;CLTC;DPY30;VPS26B;RCSD1;LAPTM4B;ALS2CL;CHMP1B;VTI1A;REPS2;ANKFY1;SNX7;CCDC93;RAB11FIP3;RAB6B;WASHC3;RIC1;GBF1;LMTK2;EPS15L1;BLTP1;DCLK1;ARL4C;ACAP2;SNX18;ZFYVE16;EHD4;TBC1D5;TMCC1;PICALM;VAMP3;VPS35L"
"Regulation Of Double-Strand Break Repair Via Homologous Recombination (GO:0010569)","12/71",0.948734859069784,0.99999537209541,0,0,0.634080403417846,0.0333690577480473,"SMCHD1;PARP1;MEAF6;FBH1;RADX;KLHL15;FIGNL1;RUVBL1;SHLD1;KMT5A;TRAPPC13;ARID2"
"Protein Homooligomerization (GO:0051260)","24/129",0.949374900156574,0.99999537209541,0,0,0.712178956089478,0.036998772728557,"STEAP4;PNPT1;ATL3;KCNC2;ATL1;DEFA5;ATL2;SLC1A2;ZBTB1;BCL10;CLU;UPB1;ACACB;GLS;OTOL1;GNMT;COMP;ALDH1A3;EHD4;PXDN;G3BP2;MICU1;B2M;CBR4"
"Cellular Response To Interleukin-1 (GO:0071347)","14/81",0.949479702521772,0.99999537209541,0,0,0.651354636490964,0.0337669577653183,"CXCL8;IL1R1;ADAMTS12;TANK;MYLK3;ST18;IRAK2;TRAF6;SOX9;CD47;CCL18;MAP3K7;GBP1;NKX3-1"
"Nucleotide-Excision Repair (GO:0006289)","9/56",0.949487806524619,0.99999537209541,0,0,0.597084627516793,0.0309484431760902,"USP7;NTHL1;USP44;RPA3;RPA4;FSCN1;HUS1;COMMD1;SIRT1"
"Cellular Response To Amino Acid Stimulus (GO:0071230)","5/35",0.949976377573043,0.99999537209541,0,0,0.519840451138161,0.0266772556587477,"RPTOR;SH3BP4;FYN;SLC38A9;MTOR"
"Platelet Aggregation (GO:0070527)","5/35",0.949976377573043,0.99999537209541,0,0,0.519840451138161,0.0266772556587477,"ITGB3;MYH9;PIK3CB;METAP1;VCL"
"Positive Regulation Of Mitotic Nuclear Division (GO:0045840)","5/35",0.949976377573043,0.99999537209541,0,0,0.519840451138161,0.0266772556587477,"RB1;CDC23;INSR;NSMCE2;IGF1"
"Protein Methylation (GO:0006479)","5/35",0.949976377573043,0.99999537209541,0,0,0.519840451138161,0.0266772556587477,"SETD3;PRMT2;NTMT2;FAM98B;GSPT1"
"Protein Stabilization (GO:0050821)","41/208",0.949997418840575,0.99999537209541,0,0,0.764491802095248,0.0392153801963729,"PRKN;GPI;PHB1;SEL1L;MTMR9;PARK7;STK4;CLU;RPAP3;NAPG;C10ORF90;RAB21;TBRG1;LAMP2;RUVBL1;MFSD1;TBL1X;COA8;GOLGA7;SOX4;TRIM44;ATF7IP;EPHA4;USP7;DNAAF2;TESC;GLMP;APOA1;ANK2;PARVA;IGF1;ATP1B1;IRGM;USP29;TTI1;EFNA1;GNAQ;AAK1;PLPP3;CRYAA;SAXO1"
"Cholesterol Transport (GO:0030301)","8/51",0.950534612803849,0.99999537209541,0,0,0.580147101184875,0.0294312699107542,"CETP;NPC1;CAV1;APOA1;CD36;CLU;TSKU;ABCG1"
"Cellular Component Disassembly (GO:0022411)","7/46",0.952171415378029,0.99999537209541,0,0,0.559725860654653,0.0274322776235418,"DYRK3;MMP7;MMP15;SH3PXD2B;KLK4;PLAAT3;LCP1"
"Homotypic Cell-Cell Adhesion (GO:0034109)","7/46",0.952171415378029,0.99999537209541,0,0,0.559725860654653,0.0274322776235418,"MEGF11;ITGB3;MYH9;PIK3CB;PLPP3;METAP1;VCL"
"DNA Methylation-Dependent Heterochromatin Formation (GO:0006346)","1/11",0.95298796890079,0.99999537209541,0,0,0.312059369202226,0.0150265947602281,"SIRT1"
"Carbon Dioxide Transport (GO:0015670)","1/11",0.95298796890079,0.99999537209541,0,0,0.312059369202226,0.0150265947602281,"RHAG"
"Cellular Response To UV-B (GO:0071493)","1/11",0.95298796890079,0.99999537209541,0,0,0.312059369202226,0.0150265947602281,"MME"
"Cellular Response To Growth Hormone Stimulus (GO:0071378)","1/11",0.95298796890079,0.99999537209541,0,0,0.312059369202226,0.0150265947602281,"STAT3"
"Cytidine To Uridine Editing (GO:0016554)","1/11",0.95298796890079,0.99999537209541,0,0,0.312059369202226,0.0150265947602281,"RBM47"
"Detection Of Light Stimulus Involved In Sensory Perception (GO:0050962)","1/11",0.95298796890079,0.99999537209541,0,0,0.312059369202226,0.0150265947602281,"CNGB1"
"Detection Of Light Stimulus Involved In Visual Perception (GO:0050908)","1/11",0.95298796890079,0.99999537209541,0,0,0.312059369202226,0.0150265947602281,"CNGB1"
"Dosage Compensation By Inactivation Of X Chromosome (GO:0009048)","1/11",0.95298796890079,0.99999537209541,0,0,0.312059369202226,0.0150265947602281,"SMCHD1"
"Ganglion Development (GO:0061548)","1/11",0.95298796890079,0.99999537209541,0,0,0.312059369202226,0.0150265947602281,"PHOX2B"
"Glutamine Family Amino Acid Biosynthetic Process (GO:0009084)","1/11",0.95298796890079,0.99999537209541,0,0,0.312059369202226,0.0150265947602281,"GLS"
"Glycerol Metabolic Process (GO:0006071)","1/11",0.95298796890079,0.99999537209541,0,0,0.312059369202226,0.0150265947602281,"GOT1"
"Heterocycle Biosynthetic Process (GO:0018130)","1/11",0.95298796890079,0.99999537209541,0,0,0.312059369202226,0.0150265947602281,"HDC"
"Histone H2A Ubiquitination (GO:0033522)","1/11",0.95298796890079,0.99999537209541,0,0,0.312059369202226,0.0150265947602281,"RNF2"
"Isotype Switching (GO:0045190)","1/11",0.95298796890079,0.99999537209541,0,0,0.312059369202226,0.0150265947602281,"MSH6"
"Macrophage Chemotaxis (GO:0048246)","1/11",0.95298796890079,0.99999537209541,0,0,0.312059369202226,0.0150265947602281,"TAFA4"
"Negative Regulation Of CD4-positive, Alpha-Beta T Cell Activation (GO:2000515)","1/11",0.95298796890079,0.99999537209541,0,0,0.312059369202226,0.0150265947602281,"RUNX3"
"Negative Regulation Of Fibrinolysis (GO:0051918)","1/11",0.95298796890079,0.99999537209541,0,0,0.312059369202226,0.0150265947602281,"THBS1"
"Negative Regulation Of Heart Contraction (GO:0045822)","1/11",0.95298796890079,0.99999537209541,0,0,0.312059369202226,0.0150265947602281,"ATP1A2"
"Pentose-Phosphate Shunt (GO:0006098)","1/11",0.95298796890079,0.99999537209541,0,0,0.312059369202226,0.0150265947602281,"PHACTR1"
"Protein Polyglutamylation (GO:0018095)","1/11",0.95298796890079,0.99999537209541,0,0,0.312059369202226,0.0150265947602281,"TTLL5"
"Regulation Of T Cell Apoptotic Process (GO:0070232)","1/11",0.95298796890079,0.99999537209541,0,0,0.312059369202226,0.0150265947602281,"PIP"
"Regulation Of Endosome Size (GO:0051036)","1/11",0.95298796890079,0.99999537209541,0,0,0.312059369202226,0.0150265947602281,"BORCS5"
"Regulation Of Leukocyte Tethering Or Rolling (GO:1903236)","1/11",0.95298796890079,0.99999537209541,0,0,0.312059369202226,0.0150265947602281,"ST3GAL4"
"Regulation Of Phospholipase C Activity (GO:1900274)","1/11",0.95298796890079,0.99999537209541,0,0,0.312059369202226,0.0150265947602281,"ABL2"
"Sulfate Transport (GO:0008272)","1/11",0.95298796890079,0.99999537209541,0,0,0.312059369202226,0.0150265947602281,"SLC26A4"
"Endosome Transport Via Multivesicular Body Sorting Pathway (GO:0032509)","3/24",0.95309604916413,0.99999537209541,0,0,0.445658898742009,0.0214092726895891,"LAPTM4B;CHMP1B;LYST"
"Natural Killer Cell Mediated Cytotoxicity (GO:0042267)","3/24",0.95309604916413,0.99999537209541,0,0,0.445658898742009,0.0214092726895891,"TUBB2A;LYST;ULBP3"
"Regulation Of Muscle Cell Differentiation (GO:0051147)","3/24",0.95309604916413,0.99999537209541,0,0,0.445658898742009,0.0214092726895891,"LAMA2;LAMA1;SRF"
"Mitotic Sister Chromatid Segregation (GO:0000070)","20/111",0.954322896038949,0.99999537209541,0,0,0.684857361181864,0.0320192727341488,"ARHGEF10;NCAPG2;PINX1;NCAPG;TEX14;KNSTRN;TTN;STAG1;CDC23;KIF3B;KIF2A;CHMP1B;CEP192;KMT5A;LSM14A;MAP9;CLASP1;RAN;DIS3L2;CLASP2"
"Cell Junction Maintenance (GO:0034331)","2/18",0.954550959019387,0.99999537209541,0,0,0.39,0.0181405571333145,"NLGN1;F2RL1"
"Icosanoid Biosynthetic Process (GO:0046456)","2/18",0.954550959019387,0.99999537209541,0,0,0.39,0.0181405571333145,"MGST3;PLA2G5"
"Lysosomal Lumen Acidification (GO:0007042)","2/18",0.954550959019387,0.99999537209541,0,0,0.39,0.0181405571333145,"ATP6AP2;ATP6V1H"
"Mitotic Cytokinetic Process (GO:1902410)","2/18",0.954550959019387,0.99999537209541,0,0,0.39,0.0181405571333145,"CHMP1B;KLHDC8B"
"Negative Regulation Of Viral Entry Into Host Cell (GO:0046597)","2/18",0.954550959019387,0.99999537209541,0,0,0.39,0.0181405571333145,"FCN1;IFNA2"
"Peptide Antigen Assembly With MHC Protein Complex (GO:0002501)","2/18",0.954550959019387,0.99999537209541,0,0,0.39,0.0181405571333145,"GNAO1;HLA-DRB3"
"Positive Regulation Of Cytokine Production Involved In Inflammatory Response (GO:1900017)","2/18",0.954550959019387,0.99999537209541,0,0,0.39,0.0181405571333145,"STAT3;TICAM1"
"Positive Regulation Of Establishment Of Protein Localization (GO:1904951)","2/18",0.954550959019387,0.99999537209541,0,0,0.39,0.0181405571333145,"CEP120;CORO2B"
"Positive Regulation Of Interleukin-4 Production (GO:0032753)","2/18",0.954550959019387,0.99999537209541,0,0,0.39,0.0181405571333145,"CD86;SYK"
"Positive Regulation Of Natural Killer Cell Activation (GO:0032816)","2/18",0.954550959019387,0.99999537209541,0,0,0.39,0.0181405571333145,"ZBTB1;TICAM1"
"Positive Regulation Of Triglyceride Metabolic Process (GO:0090208)","2/18",0.954550959019387,0.99999537209541,0,0,0.39,0.0181405571333145,"ABHD5;DAGLB"
"Protein Autoprocessing (GO:0016540)","2/18",0.954550959019387,0.99999537209541,0,0,0.39,0.0181405571333145,"FAM111A;TMPRSS2"
"Protein Import Into Mitochondrial Matrix (GO:0030150)","2/18",0.954550959019387,0.99999537209541,0,0,0.39,0.0181405571333145,"TIMM23;TIMM50"
"Regulation Of Collagen Biosynthetic Process (GO:0032965)","2/18",0.954550959019387,0.99999537209541,0,0,0.39,0.0181405571333145,"CREB3L1;VIM"
"Regulation Of Oxidative Stress-Induced Intrinsic Apoptotic Signaling Pathway (GO:1902175)","2/18",0.954550959019387,0.99999537209541,0,0,0.39,0.0181405571333145,"PARK7;SIRT1"
"Regulation Of Peptidyl-Serine Phosphorylation Of STAT Protein (GO:0033139)","2/18",0.954550959019387,0.99999537209541,0,0,0.39,0.0181405571333145,"IFNA5;IFNA2"
"Renal Absorption (GO:0070293)","2/18",0.954550959019387,0.99999537209541,0,0,0.39,0.0181405571333145,"SLC15A2;KLHL3"
"Response To Cholesterol (GO:0070723)","2/18",0.954550959019387,0.99999537209541,0,0,0.39,0.0181405571333145,"MYL1;TGFBR2"
"Stem Cell Differentiation (GO:0048863)","6/41",0.954569423898749,0.99999537209541,0,0,0.534626496079241,0.0248574082521272,"MEF2C;ZNF281;FBXL17;HMGA2;JARID2;BATF"
"Cholesterol Homeostasis (GO:0042632)","12/72",0.954835577153716,0.99999537209541,0,0,0.623471074380165,0.0288144163867812,"DISP3;CETP;NPC1;ACSM1;CAV1;APOA1;RALY;LCP1;SIRT1;TSKU;ABCG1;TTC39B"
"Cytoplasmic Translational Initiation (GO:0002183)","4/30",0.954881651431974,0.99999537209541,0,0,0.47988068037573,0.0221550695307209,"EIF3I;EIF3J;EIF3G;EIF2D"
"Extrinsic Apoptotic Signaling Pathway Via Death Domain Receptors (GO:0008625)","4/30",0.954881651431974,0.99999537209541,0,0,0.47988068037573,0.0221550695307209,"BCL2;TNFRSF10B;TNFRSF10A;NGF"
"Negative Regulation Of Calcium Ion Transmembrane Transporter Activity (GO:1901020)","4/30",0.954881651431974,0.99999537209541,0,0,0.47988068037573,0.0221550695307209,"PPP3CA;SLN;ATP1A2;GNB5"
"Negative Regulation Of Interleukin-1 Production (GO:0032692)","4/30",0.954881651431974,0.99999537209541,0,0,0.47988068037573,0.0221550695307209,"GHSR;TNFAIP3;IGF1;CD33"
"Positive Regulation Of Lipid Kinase Activity (GO:0090218)","4/30",0.954881651431974,0.99999537209541,0,0,0.47988068037573,0.0221550695307209,"CCR7;PRKD1;TEK;ATG14"
"Regulation Of Immune Response (GO:0050776)","13/77",0.954918047822497,0.99999537209541,0,0,0.633175759454433,0.0292082432773845,"LYN;DENND1B;SYK;AMBP;ERAP1;SH2D1A;CXCL13;SLA2;FCRLB;C7;IRF7;CSK;N4BP1"
"Regulation Of T Cell Activation (GO:0050863)","10/62",0.955386551519562,0.99999537209541,0,0,0.599561528929559,0.0273635411520606,"GNAO1;TNFSF11;TNFSF8;CD47;TNFRSF1B;CYRIB;HLA-DRB3;B2M;PAG1;CCR2"
"Negative Regulation Of Transcription By RNA Polymerase II (GO:0000122)","166/763",0.955583650473171,0.99999537209541,0,0,0.863424391841123,0.0392279369534163,"RB1;TCERG1;PHB1;ZBTB25;MAGEB18;MYT1L;WWC2;ZBTB21;EHMT1;UBE2D1;PRDM1;RBPJ;SLA2;NR3C1;BACH1;BACH2;ETS2;LOXL2;DCAF1;ELK4;SALL1;ZNF608;MYB;WWC3;KMT5A;SOX9;SOX4;MEF2C;MSX2;ZNF281;SOX13;MED9;ARID5B;SOX11;MITF;ISL1;RUNX3;HIC1;BIN1;MAGEB2;EZR;ZNF675;DLX1;ZBTB8A;DLX2;CTBP2;CTBP1;GATA6;GLIS3;ZBTB1;GATA5;GATA4;PSEN1;ZBTB5;MTDH;SCRT2;ATXN1;MIER3;PRDM16;HIVEP1;SUDS3;NKX6-1;MAP2K5;CBX7;SMAD4;ZFHX3;SMAD3;GADD45A;CAV1;HMGA2;NR0B1;NR1D2;NR2F2;SUPT5H;SMARCA2;BMP6;ESR2;POU6F1;EFNA1;DAB2;DLG1;SP2;ID4;PHF14;ZNF536;ZNF778;MXD1;THRA;CITED2;AKR1B1;CHD3;LDB2;NR2E1;GLI3;GLI2;IRF2BPL;TRO;FLCN;HHEX;SIN3B;SIN3A;SUFU;TRPS1;HEY2;ZNF587B;PARP1;EN1;TET1;PAX6;PEX2;SIRT1;ETV6;NCOR2;NCOR1;TGIF2LX;TRAF6;TFEC;IRF7;ZNF239;PPARG;FBP1;HDAC4;PRKN;YAP1;HDAC5;FOXC1;NFIX;ZNF350;NR1I2;LEF1;CXXC5;HDAC8;TBXT;RNF2;CUX2;RXRA;CUX1;DNAJB4;ZNF589;TBL1X;CRYM;E2F6;FNIP2;E2F7;SNCA;IRX1;IRX2;IL33;CDX2;STAT1;STAT3;FOXJ1;WWP2;POU4F1;KLF2;TBX2;VEGFA;SKI;PER2;KLF7;PER1;WT1;BRMS1L;TAF3;FRK;TRIM33"
"Interstrand Cross-Link Repair (GO:0036297)","5/36",0.957956081776935,0.99999537209541,0,0,0.503038128007347,0.021607170622024,"NEIL3;ERCC6L2;FSCN1;NUCKS1;FAAP100"
"tRNA Methylation (GO:0030488)","5/36",0.957956081776935,0.99999537209541,0,0,0.503038128007347,0.021607170622024,"TRMT9B;NSUN6;TRMT44;METTL8;TARBP1"
"Protein Monoubiquitination (GO:0006513)","7/47",0.959058971500462,0.99999537209541,0,0,0.545696594427245,0.0228115982791269,"PRKN;UBE2R2;MGRN1;PEX2;RAD18;FAAP100;RBX1"
"Cellular Response To Molecule Of Bacterial Origin (GO:0071219)","21/117",0.959706924131762,0.99999537209541,0,0,0.681561788449596,0.0280308155616226,"CD86;MEF2C;CXCL8;FZD5;CD180;WNT5A;DEFA5;TNFAIP3;LDOC1;PEX2;BCL10;CXCL13;TICAM1;CYRIB;TNFRSF1B;IRGM;TRAF6;PDE4B;ADAM9;VIM;PF4"
"Sterol Homeostasis (GO:0055092)","12/73",0.960287519826309,0.99999537209541,0,0,0.613209592196179,0.0248488099474878,"DISP3;CETP;NPC1;ACSM1;CAV1;APOA1;RALY;LCP1;SIRT1;TSKU;ABCG1;TTC39B"
"Cellular Response To Glucose Starvation (GO:0042149)","6/42",0.961472682834734,0.99999537209541,0,0,0.519741367450819,0.0204201837328704,"NUAK1;MTMR3;PIK3C3;BHLHA15;ATG14;SIRT1"
"Mismatch Repair (GO:0006298)","3/25",0.961812845393513,0.99999537209541,0,0,0.425373554059881,0.0165620872015147,"MSH6;MSH3;RPA3"
"Negative Regulation Of TORC1 Signaling (GO:1904262)","3/25",0.961812845393513,0.99999537209541,0,0,0.425373554059881,0.0165620872015147,"DEPTOR;NPC1;RNF152"
"Negative Regulation Of Proteolysis Involved In Protein Catabolic Process (GO:1903051)","3/25",0.961812845393513,0.99999537209541,0,0,0.425373554059881,0.0165620872015147,"EFNA1;EPHA4;PML"
"Regulation Of Lysosomal Lumen pH (GO:0035751)","3/25",0.961812845393513,0.99999537209541,0,0,0.425373554059881,0.0165620872015147,"OCA2;ATP6AP2;ATP6V1H"
"Response To dsRNA (GO:0043331)","3/25",0.961812845393513,0.99999537209541,0,0,0.425373554059881,0.0165620872015147,"IFNA5;IFNA2;TICAM1"
"B Cell Proliferation (GO:0042100)","4/31",0.962632775613819,0.99999537209541,0,0,0.462076763231879,0.0175973958189529,"IFNA5;MEF2C;IFNA2;CD180"
"Positive Regulation Of Leukocyte Migration (GO:0002687)","4/31",0.962632775613819,0.99999537209541,0,0,0.462076763231879,0.0175973958189529,"CSF1;F2RL1;IL6R;VEGFA"
"Positive Regulation Of Proteolysis Involved In Protein Catabolic Process (GO:1903052)","4/31",0.962632775613819,0.99999537209541,0,0,0.462076763231879,0.0175973958189529,"PRKN;SMURF1;CLU;CDK5RAP3"
"Regulation Of Protein Autophosphorylation (GO:0031952)","4/31",0.962632775613819,0.99999537209541,0,0,0.462076763231879,0.0175973958189529,"TOM1L1;PDGFC;NEK10;VEGFA"
"Negative Regulation Of Viral Genome Replication (GO:0045071)","8/53",0.963275618901687,0.99999537209541,0,0,0.554289384347188,0.0207391250481099,"SRPK2;ISG20;FAM111A;MX1;HMGA2;ZC3HAV1;N4BP1;LTF"
"RNA-templated DNA Biosynthetic Process (GO:0006278)","2/19",0.963954785697215,0.99999537209541,0,0,0.367034566403881,0.013474164960419,"RFC1;PINX1"
"Leukocyte Adhesion To Vascular Endothelial Cell (GO:0061756)","2/19",0.963954785697215,0.99999537209541,0,0,0.367034566403881,0.013474164960419,"ITGB1;ROCK1"
"Linoleic Acid Metabolic Process (GO:0043651)","2/19",0.963954785697215,0.99999537209541,0,0,0.367034566403881,0.013474164960419,"CYP2J2;ALOX15B"
"Negative Regulation Of Leukocyte Cell-Cell Adhesion (GO:1903038)","2/19",0.963954785697215,0.99999537209541,0,0,0.367034566403881,0.013474164960419,"WNK1;PAG1"
"Negative Regulation Of Protein Dephosphorylation (GO:0035308)","2/19",0.963954785697215,0.99999537209541,0,0,0.367034566403881,0.013474164960419,"GSK3B;MFHAS1"
"Phosphate Ion Transport (GO:0006817)","2/19",0.963954785697215,0.99999537209541,0,0,0.367034566403881,0.013474164960419,"SLC34A2;SLC20A2"
"Telomere Maintenance Via Telomerase (GO:0007004)","2/19",0.963954785697215,0.99999537209541,0,0,0.367034566403881,0.013474164960419,"RFC1;PINX1"
"DNA Deamination (GO:0045006)","1/12",0.964398909210795,0.99999537209541,0,0,0.283671595359907,0.0102831701446525,"CDADC1"
"UV-damage Excision Repair (GO:0070914)","1/12",0.964398909210795,0.99999537209541,0,0,0.283671595359907,0.0102831701446525,"SIRT1"
"Cellular Response To Leucine Starvation (GO:1990253)","1/12",0.964398909210795,0.99999537209541,0,0,0.283671595359907,0.0102831701446525,"MTOR"
"Detection Of Bacterium (GO:0016045)","1/12",0.964398909210795,0.99999537209541,0,0,0.283671595359907,0.0102831701446525,"NOD1"
"Early Endosome To Golgi Transport (GO:0034498)","1/12",0.964398909210795,0.99999537209541,0,0,0.283671595359907,0.0102831701446525,"TRAPPC10"
"Exonucleolytic Catabolism Of Deadenylated mRNA (GO:0043928)","1/12",0.964398909210795,0.99999537209541,0,0,0.283671595359907,0.0102831701446525,"DCP2"
"Fibrinolysis (GO:0042730)","1/12",0.964398909210795,0.99999537209541,0,0,0.283671595359907,0.0102831701446525,"KRT1"
"Gamma-Delta T Cell Activation (GO:0046629)","1/12",0.964398909210795,0.99999537209541,0,0,0.283671595359907,0.0102831701446525,"SOX13"
"Histone H4-K16 Acetylation (GO:0043984)","1/12",0.964398909210795,0.99999537209541,0,0,0.283671595359907,0.0102831701446525,"KAT8"
"Histone Monoubiquitination (GO:0010390)","1/12",0.964398909210795,0.99999537209541,0,0,0.283671595359907,0.0102831701446525,"RNF2"
"Microtubule Anchoring At Microtubule Organizing Center (GO:0072393)","1/12",0.964398909210795,0.99999537209541,0,0,0.283671595359907,0.0102831701446525,"HOOK3"
"Multicellular Organismal-Level Iron Ion Homeostasis (GO:0060586)","1/12",0.964398909210795,0.99999537209541,0,0,0.283671595359907,0.0102831701446525,"PICALM"
"Negative Regulation By Host Of Viral Transcription (GO:0043922)","1/12",0.964398909210795,0.99999537209541,0,0,0.283671595359907,0.0102831701446525,"HMGA2"
"Negative Regulation Of Complement Activation (GO:0045916)","1/12",0.964398909210795,0.99999537209541,0,0,0.283671595359907,0.0102831701446525,"CD55"
"Negative Regulation Of Locomotion (GO:0040013)","1/12",0.964398909210795,0.99999537209541,0,0,0.283671595359907,0.0102831701446525,"FRMD5"
"Phosphate Ion Homeostasis (GO:0055062)","1/12",0.964398909210795,0.99999537209541,0,0,0.283671595359907,0.0102831701446525,"SLC34A2"
"Phosphatidylcholine Acyl-Chain Remodeling (GO:0036151)","1/12",0.964398909210795,0.99999537209541,0,0,0.283671595359907,0.0102831701446525,"MBOAT2"
"Positive Regulation Of ERAD Pathway (GO:1904294)","1/12",0.964398909210795,0.99999537209541,0,0,0.283671595359907,0.0102831701446525,"CAV1"
"Positive Regulation Of T-helper Cell Differentiation (GO:0045624)","1/12",0.964398909210795,0.99999537209541,0,0,0.283671595359907,0.0102831701446525,"CD86"
"Positive Regulation Of Calcium-Mediated Signaling (GO:0050850)","1/12",0.964398909210795,0.99999537209541,0,0,0.283671595359907,0.0102831701446525,"CDH13"
"Positive Regulation Of Neuroinflammatory Response (GO:0150078)","1/12",0.964398909210795,0.99999537209541,0,0,0.283671595359907,0.0102831701446525,"IL33"
"Positive Regulation Of Neuron Migration (GO:2001224)","1/12",0.964398909210795,0.99999537209541,0,0,0.283671595359907,0.0102831701446525,"SEMA6A"
"Positive Regulation Of Protein Localization To Cell Surface (GO:2000010)","1/12",0.964398909210795,0.99999537209541,0,0,0.283671595359907,0.0102831701446525,"GPD1L"
"Positive Regulation Of Vascular Endothelial Cell Proliferation (GO:1905564)","1/12",0.964398909210795,0.99999537209541,0,0,0.283671595359907,0.0102831701446525,"APLN"
"pre-miRNA Processing (GO:0031054)","1/12",0.964398909210795,0.99999537209541,0,0,0.283671595359907,0.0102831701446525,"TUT7"
"Primary miRNA Processing (GO:0031053)","1/12",0.964398909210795,0.99999537209541,0,0,0.283671595359907,0.0102831701446525,"SMAD3"
"Regulation Of DNA-templated DNA Replication Initiation (GO:0030174)","1/12",0.964398909210795,0.99999537209541,0,0,0.283671595359907,0.0102831701446525,"MCM7"
"Regulation Of Actomyosin Structure Organization (GO:0110020)","1/12",0.964398909210795,0.99999537209541,0,0,0.283671595359907,0.0102831701446525,"ROCK1"
"Regulation Of Dosage Compensation By Inactivation Of X Chromosome (GO:1900095)","1/12",0.964398909210795,0.99999537209541,0,0,0.283671595359907,0.0102831701446525,"KAT8"
"Regulation Of Hematopoietic Stem Cell Differentiation (GO:1902036)","1/12",0.964398909210795,0.99999537209541,0,0,0.283671595359907,0.0102831701446525,"FOXC1"
"tRNA 5'-Leader Removal (GO:0001682)","1/12",0.964398909210795,0.99999537209541,0,0,0.283671595359907,0.0102831701446525,"RPP30"
"Chloride Transmembrane Transport (GO:1902476)","7/48",0.965037268984294,0.99999537209541,0,0,0.532351682649953,0.0189456285639259,"GLRB;SLC1A1;SLC1A3;ANO4;GABRG3;ANO2;CFTR"
"Regulation Of Endopeptidase Activity (GO:0052548)","11/69",0.965553587792254,0.99999537209541,0,0,0.59117879605952,0.02072298998737,"SERPINA3;SERPINA1;SERPINE2;SERPINE3;SPOCK2;NRDC;SERPINA13P;SERPINA4;SERPINB5;SERPINB6;PICALM"
"Response To Molecule Of Bacterial Origin (GO:0002237)","11/69",0.965553587792254,0.99999537209541,0,0,0.59117879605952,0.02072298998737,"FER;CXCL8;FZD5;NOCT;ERBIN;TNFAIP3;TAB2;CYRIB;SMAD6;IFNAR1;SNCA"
"protein-DNA Complex Assembly (GO:0065004)","9/59",0.967152937623304,0.99999537209541,0,0,0.561148048730126,0.018741581237907,"CHAF1B;KAT6B;ATRX;DMC1;H2BC11;UBN1;TCF4;SOX9;BAZ1A"
"Regulation Of Type I Interferon Production (GO:0032479)","9/59",0.967152937623304,0.99999537209541,0,0,0.561148048730126,0.018741581237907,"ILRUN;TBK1;NPLOC4;TRAF3;IRF7;TICAM1;TANK;IRGM;RBX1"
"Lysosome Organization (GO:0007040)","6/43",0.967406118086865,0.99999537209541,0,0,0.505660840369879,0.0167560298470943,"MBTPS1;HPS1;TFEB;HOOK3;SPG11;MTOR"
"Regulation Of Endothelial Cell Apoptotic Process (GO:2000351)","6/43",0.967406118086865,0.99999537209541,0,0,0.505660840369879,0.0167560298470943,"SEMA5A;GPER1;KDR;TNFAIP3;TEK;THBS1"
"Positive Regulation Of Defense Response (GO:0031349)","22/124",0.967964687945261,0.99999537209541,0,0,0.671887305646896,0.0218764301358341,"APP;IL33;MEF2C;LRSAM1;WNT5A;CD1D;GRPR;IRGM;NPAS2;AGT;NFKBIA;GPRC5B;MMRN2;NAPEPLD;IGF2BP1;EMILIN2;TLR7;CD47;LCP1;OPTN;CCR2;SNCA"
"Monoatomic Anion Transmembrane Transport (GO:0098656)","8/54",0.968462430257236,0.99999537209541,0,0,0.542203712346964,0.0173752370860264,"GLRB;SLC1A1;SLC1A3;LRRC8D;ANO4;GABRG3;ANO2;CFTR"
"Negative Regulation Of Protein Modification By Small Protein Conjugation Or Removal (GO:1903321)","8/54",0.968462430257236,0.99999537209541,0,0,0.542203712346964,0.0173752370860264,"PER2;CAV1;PINX1;TNFAIP3;PARK7;HDAC8;SOX4;N4BP1"
"Negative Regulation Of Protein Ubiquitination (GO:0031397)","8/54",0.968462430257236,0.99999537209541,0,0,0.542203712346964,0.0173752370860264,"PER2;CAV1;PINX1;TNFAIP3;PARK7;HDAC8;SOX4;N4BP1"
"Telomere Maintenance Via Telomere Lengthening (GO:0010833)","3/26",0.968987578772542,0.99999537209541,0,0,0.406852152393591,0.0128172609965653,"RFC1;PINX1;SLX1A"
"Positive Regulation Of Proteasomal Protein Catabolic Process (GO:1901800)","15/90",0.969019404159681,0.99999537209541,0,0,0.623237543932189,0.0196136858499633,"PRKN;GSK3B;ANKIB1;RNF180;AXIN2;CLU;SH3RF1;RBX1;SH3RF3;RNF144B;COP1;DAB2;RNF19A;RNF217;ARIH2"
"Chromosome Condensation (GO:0030261)","4/32",0.969130959635881,0.99999537209541,0,0,0.445544554455446,0.0139702842891869,"GPER1;NCAPG;KMT5A;TTN"
"Negative Regulation Of Proteasomal Ubiquitin-Dependent Protein Catabolic Process (GO:0032435)","4/32",0.969130959635881,0.99999537209541,0,0,0.445544554455446,0.0139702842891869,"USP7;RYBP;PARK7;N4BP1"
"Regulation Of Transcription By RNA Polymerase I (GO:0006356)","4/32",0.969130959635881,0.99999537209541,0,0,0.445544554455446,0.0139702842891869,"UBTFL1;ERBB2;ASIC2;PHF8"
"Heterophilic Cell-Cell Adhesion Via Plasma Membrane Cell Adhesion Molecules (GO:0007157)","7/49",0.970210487431418,0.99999537209541,0,0,0.519642242862057,0.0157151421351269,"CRB1;IGSF21;NLGN1;TENM3;TENM4;CADM1;NECTIN1"
"Lymphocyte Proliferation (GO:0046651)","5/38",0.970524757759893,0.99999537209541,0,0,0.472488449587686,0.0141360825471115,"IFNA5;MEF2C;IFNA2;MSN;EMP2"
"mRNA Transcription By RNA Polymerase II (GO:0042789)","5/38",0.970524757759893,0.99999537209541,0,0,0.472488449587686,0.0141360825471115,"RXRA;TFCP2;ZBTB1;PPARG;TAF3"
"Maturation Of SSU-rRNA (GO:0030490)","5/38",0.970524757759893,0.99999537209541,0,0,0.472488449587686,0.0141360825471115,"UTP6;LSM6;IGF2BP3;SRFBP1;RIOK1"
"Intracellular Monoatomic Ion Homeostasis (GO:0006873)","2/20",0.97147162679948,0.99999537209541,0,0,0.346620847651775,0.0100323221157105,"SLC4A11;RHAG"
"Maturation Of LSU-rRNA (GO:0000470)","2/20",0.97147162679948,0.99999537209541,0,0,0.346620847651775,0.0100323221157105,"DDX18;NEDD4"
"Negative Regulation Of Reproductive Process (GO:2000242)","2/20",0.97147162679948,0.99999537209541,0,0,0.346620847651775,0.0100323221157105,"IGF1;NKX3-1"
"Negative Regulation Of Viral Life Cycle (GO:1903901)","2/20",0.97147162679948,0.99999537209541,0,0,0.346620847651775,0.0100323221157105,"FCN1;IFNA2"
"Positive Regulation Of Antigen Receptor-Mediated Signaling Pathway (GO:0050857)","2/20",0.97147162679948,0.99999537209541,0,0,0.346620847651775,0.0100323221157105,"PRKCH;PRKCB"
"Positive Regulation Of Lipid Storage (GO:0010884)","2/20",0.97147162679948,0.99999537209541,0,0,0.346620847651775,0.0100323221157105,"FITM2;LCP1"
"Positive Regulation Of Phospholipase Activity (GO:0010518)","2/20",0.97147162679948,0.99999537209541,0,0,0.346620847651775,0.0100323221157105,"AVPR1B;PLA2G5"
"Regulation Of Meiotic Cell Cycle (GO:0051445)","2/20",0.97147162679948,0.99999537209541,0,0,0.346620847651775,0.0100323221157105,"CDC23;ANAPC16"
"Regulation Of Toll-Like Receptor Signaling Pathway (GO:0034121)","2/20",0.97147162679948,0.99999537209541,0,0,0.346620847651775,0.0100323221157105,"IRF7;CD36"
"Histone Acetylation (GO:0016573)","9/60",0.971662295657,0.99999537209541,0,0,0.550108707534222,0.0158139570500258,"KAT2B;TADA2A;MEAF6;TMEM98;ATXN7;USP22;RUVBL1;MBIP;MAP3K7"
"Regulation Of DNA-templated Transcription Elongation (GO:0032784)","6/44",0.972489918720663,0.99999537209541,0,0,0.49232139366162,0.013733585848844,"PARP1;INTS3;INTS6;SUPT5H;THOC5;INTS9"
"Positive Regulation Of Tyrosine Phosphorylation Of STAT Protein (GO:0042531)","8/55",0.972974486987615,0.99999537209541,0,0,0.530632324261644,0.0145379556551051,"LYN;IFNA2;IL31RA;IGF1;IL6ST;PARP14;IL6R;VEGFA"
"acyl-CoA Biosynthetic Process (GO:0071616)","1/13",0.973040444607393,0.99999537209541,0,0,0.260015117157974,0.00710611714028953,"ACSS1"
"Antigen Processing And Presentation Of Endogenous Peptide Antigen Via MHC Class I Via ER Pathway (GO:0002484)","1/13",0.973040444607393,0.99999537209541,0,0,0.260015117157974,0.00710611714028953,"ULBP3"
"Antigen Processing And Presentation Of Endogenous Peptide Antigen Via MHC Class I Via ER Pathway, TAP-independent (GO:0002486)","1/13",0.973040444607393,0.99999537209541,0,0,0.260015117157974,0.00710611714028953,"ULBP3"
"Antigen Processing And Presentation Of Endogenous Peptide Antigen Via MHC Class Ib (GO:0002476)","1/13",0.973040444607393,0.99999537209541,0,0,0.260015117157974,0.00710611714028953,"ULBP3"
"Antigen Processing And Presentation Of Peptide Antigen Via MHC Class Ib (GO:0002428)","1/13",0.973040444607393,0.99999537209541,0,0,0.260015117157974,0.00710611714028953,"ULBP3"
"Endonucleolytic Cleavage Of Tricistronic rRNA Transcript (SSU-rRNA, 5.8S rRNA, LSU-rRNA) (GO:0000479)","1/13",0.973040444607393,0.99999537209541,0,0,0.260015117157974,0.00710611714028953,"BMS1"
"Immune Response-Regulating Cell Surface Receptor Signaling Pathway (GO:0002768)","1/13",0.973040444607393,0.99999537209541,0,0,0.260015117157974,0.00710611714028953,"LYN"
"ncRNA Transcription (GO:0098781)","1/13",0.973040444607393,0.99999537209541,0,0,0.260015117157974,0.00710611714028953,"ZFP36L1"
"Positive Regulation Of T-helper 17 Type Immune Response (GO:2000318)","1/13",0.973040444607393,0.99999537209541,0,0,0.260015117157974,0.00710611714028953,"CLEC6A"
"Positive Regulation Of Granulocyte Macrophage Colony-Stimulating Factor Production (GO:0032725)","1/13",0.973040444607393,0.99999537209541,0,0,0.260015117157974,0.00710611714028953,"ISL1"
"Protein Hydroxylation (GO:0018126)","1/13",0.973040444607393,0.99999537209541,0,0,0.260015117157974,0.00710611714028953,"VPS33B"
"Regulation Of T-helper 17 Type Immune Response (GO:2000316)","1/13",0.973040444607393,0.99999537209541,0,0,0.260015117157974,0.00710611714028953,"CLEC6A"
"Regulation Of Cell Fate Commitment (GO:0010453)","1/13",0.973040444607393,0.99999537209541,0,0,0.260015117157974,0.00710611714028953,"CHD3"
"Regulation Of Immune Effector Process (GO:0002697)","1/13",0.973040444607393,0.99999537209541,0,0,0.260015117157974,0.00710611714028953,"CD55"
"Regulation Of Nitrogen Compound Metabolic Process (GO:0051171)","1/13",0.973040444607393,0.99999537209541,0,0,0.260015117157974,0.00710611714028953,"CNDP1"
"Regulation Of Oxidoreductase Activity (GO:0051341)","1/13",0.973040444607393,0.99999537209541,0,0,0.260015117157974,0.00710611714028953,"ABL2"
"Regulation Of Short-Term Neuronal Synaptic Plasticity (GO:0048172)","1/13",0.973040444607393,0.99999537209541,0,0,0.260015117157974,0.00710611714028953,"RAB3GAP1"
"Regulation Of Transcription Of Nucleolar Large rRNA By RNA Polymerase I (GO:1901836)","1/13",0.973040444607393,0.99999537209541,0,0,0.260015117157974,0.00710611714028953,"MTOR"
"Regulation Of Trophoblast Cell Migration (GO:1901163)","1/13",0.973040444607393,0.99999537209541,0,0,0.260015117157974,0.00710611714028953,"VEGFA"
"Spliceosomal tri-snRNP Complex Assembly (GO:0000244)","1/13",0.973040444607393,0.99999537209541,0,0,0.260015117157974,0.00710611714028953,"PRPF19"
"T Cell Activation (GO:0042110)","19/111",0.973136108801183,0.99999537209541,0,0,0.643366708948443,0.017519725284414,"CD86;IFNA5;IFNA2;MSN;NLRC3;SLA2;DPP4;NCOR2;PPP3CA;LEP;MFAP3;F2RL1;CCR7;LCP1;ICOSLG;SOX4;NHEJ1;CD44;NCK1"
"Positive Regulation Of RNA Metabolic Process (GO:0051254)","4/33",0.974560468836511,0.99999537209541,0,0,0.430152498008422,0.011084475329257,"PNPT1;RBM20;RIOK1;SLC38A2"
"Positive Regulation Of T Cell Mediated Cytotoxicity (GO:0001916)","4/33",0.974560468836511,0.99999537209541,0,0,0.430152498008422,0.011084475329257,"CD1D;CYRIB;MR1;ULBP3"
"Protein K63-linked Deubiquitination (GO:0070536)","4/33",0.974560468836511,0.99999537209541,0,0,0.430152498008422,0.011084475329257,"BABAM2;OTUD7A;TNFAIP3;USP50"
"Ubiquitin-Dependent Protein Catabolic Process Via The Multivesicular Body Sorting Pathway (GO:0043162)","4/33",0.974560468836511,0.99999537209541,0,0,0.430152498008422,0.011084475329257,"TOM1L1;CHMP1B;NEDD4;UBAP1"
"Regulation Of Interferon-Beta Production (GO:0032648)","7/50",0.974673958717972,0.99999537209541,0,0,0.507523939808482,0.0130191387113839,"PTPRS;TBK1;RIPK2;TRAF3;IRF7;TLR7;NLRC3"
"Negative Regulation Of Notch Signaling Pathway (GO:0045746)","3/27",0.974873270378077,0.99999537209541,0,0,0.389874200866158,0.00992143894673226,"NIBAN2;NRARP;WWP2"
"Peptidyl-Proline Modification (GO:0018208)","3/27",0.974873270378077,0.99999537209541,0,0,0.389874200866158,0.00992143894673226,"PPIF;PPIE;PPIAL4F"
"Positive Regulation Of TORC1 Signaling (GO:1904263)","3/27",0.974873270378077,0.99999537209541,0,0,0.389874200866158,0.00992143894673226,"FLCN;SIK3;SLC38A9"
"Positive Regulation Of Immune System Process (GO:0002684)","3/27",0.974873270378077,0.99999537209541,0,0,0.389874200866158,0.00992143894673226,"C7;PIK3CB;VEGFA"
"Anterograde Axonal Transport (GO:0008089)","5/39",0.975408620427924,0.99999537209541,0,0,0.458561390308135,0.011417627384997,"RAB21;KIF3B;KIF5C;DTNBP1;AP3S2"
"Histone H4 Acetylation (GO:0043967)","5/39",0.975408620427924,0.99999537209541,0,0,0.458561390308135,0.011417627384997,"ING4;MEAF6;RUVBL1;JADE1;KAT8"
"Negative Regulation Of Ubiquitin-Dependent Protein Catabolic Process (GO:2000059)","5/39",0.975408620427924,0.99999537209541,0,0,0.458561390308135,0.011417627384997,"USP7;RYBP;PARK7;N4BP1;PML"
"Organelle Transport Along Microtubule (GO:0072384)","5/39",0.975408620427924,0.99999537209541,0,0,0.458561390308135,0.011417627384997,"RAB1A;FBXW11;HTT;COPG2;BORCS5"
"Regulation Of Type II Interferon Production (GO:0032649)","14/87",0.975998681791826,0.99999537209541,0,0,0.597580795868326,0.0145176536661836,"FZD5;IL1R1;TXK;INHBA;CYRIB;ISL1;IRGM;PDE4B;F2RL1;CCR7;TLR7;CD47;IL18R1;CCR2"
"Protein Localization To Nucleus (GO:0034504)","21/122",0.976506470310007,0.99999537209541,0,0,0.647605911491584,0.015396119905625,"IPO11;NXT1;SYK;CSE1L;PINX1;STAT3;TSC2;PEX2;STK4;BMP7;PML;NUP93;TBRG1;IPO8;HHEX;FAM53A;NUP98;TAF3;BBS4;RAN;BANP"
"Chemical Synaptic Transmission (GO:0007268)","53/273",0.976685776592807,0.99999537209541,0,0,0.749383394267745,0.017678178601152,"CHRM3;SNAP25;CHRM1;KCNC4;GRIK4;GRM3;CRHBP;HTR7;GRM7;RPS6KA2;BSN;ERC2;DLGAP2;SPG11;MBL2;UNC13C;KCND2;HTR3C;SYN3;GABRG3;SYPL1;MTNR1B;KCNQ3;CDHR3;CHRNA1;GRIA1;NLGN1;CHRNA2;CHRNA7;SLC1A1;SLC1A2;SLC1A3;LIN7A;HRH3;HRH2;KCNMB1;PENK;CHRNA10;MAPK1;ASIC2;DRD2;GRIA3;SNCA;DTNA;PTPRN2;HOMER1;STAC3;OPRK1;DLG1;GRIN3A;RIT2;GLRB;APBA1"
"Chloride Transport (GO:0006821)","12/77",0.976698531638161,0.99999537209541,0,0,0.57532104259377,0.0135644822526502,"CLIC5;SLC5A8;GLRB;SLC1A1;FXYD1;SLC1A3;NMUR1;ANO4;GABRG3;ANO2;CFTR;BEST1"
"Regulation Of T Cell Proliferation (GO:0042129)","12/77",0.976698531638161,0.99999537209541,0,0,0.57532104259377,0.0135644822526502,"CD86;ANXA1;ARG1;DLG5;LEP;TNFSF8;CD1D;PLA2G5;TNFRSF1B;IL6ST;SLC7A1;NCK1"
"Positive Regulation Of Innate Immune Response (GO:0045089)","6/45",0.97683269015064,0.99999537209541,0,0,0.479666021143528,0.0112433188541015,"RBM47;WNT5A;IGF2BP1;CD1D;PLA2G5;USP29"
"Regulation Of Stem Cell Differentiation (GO:2000736)","6/45",0.97683269015064,0.99999537209541,0,0,0.479666021143528,0.0112433188541015,"MTCH2;JAG1;GDNF;SLC4A11;CHD3;BMPR1A"
"Mitotic DNA Damage Checkpoint Signaling (GO:0044773)","8/56",0.97688890459311,0.99999537209541,0,0,0.519543077346546,0.0121481350400206,"BABAM2;CDKN1A;TAOK3;HUS1;ATM;TOPBP1;CDK5RAP3;CDC14B"
"Positive Regulation Of DNA-templated Transcription, Elongation (GO:0032786)","8/56",0.97688890459311,0.99999537209541,0,0,0.519543077346546,0.0121481350400206,"TCERG1;PARP1;MED9;MED27;THOC5;EAPP;SUPT5H;BRD4"
"Second-Messenger-Mediated Signaling (GO:0019932)","11/72",0.977278578457638,0.99999537209541,0,0,0.561992678656693,0.0129165761424871,"POMC;CHRM3;RYR2;GUCY1A1;CXCL8;MCTP1;TNFSF11;CXCR4;NMUR1;CD36;CAMKK2"
"Anaphase-Promoting Complex-Dependent Catabolic Process (GO:0031145)","2/21",0.977463385566674,0.99999537209541,0,0,0.328355941399891,0.00748469146142256,"CDC23;ANAPC16"
"Histone H2A Acetylation (GO:0043968)","2/21",0.977463385566674,0.99999537209541,0,0,0.328355941399891,0.00748469146142256,"MEAF6;RUVBL1"
"poly(A)+ mRNA Export From Nucleus (GO:0016973)","2/21",0.977463385566674,0.99999537209541,0,0,0.328355941399891,0.00748469146142256,"NUP93;HHEX"
"Porphyrin-Containing Compound Biosynthetic Process (GO:0006779)","2/21",0.977463385566674,0.99999537209541,0,0,0.328355941399891,0.00748469146142256,"SUCLA2;COX10"
"Purine Nucleotide Biosynthetic Process (GO:0006164)","2/21",0.977463385566674,0.99999537209541,0,0,0.328355941399891,0.00748469146142256,"ADSL;HAAO"
"Sulfur Compound Transport (GO:0072348)","2/21",0.977463385566674,0.99999537209541,0,0,0.328355941399891,0.00748469146142256,"SLC22A1;SLC26A4"
"RNA Methylation (GO:0001510)","9/62",0.979034403501876,0.99999537209541,0,0,0.529279761881572,0.0112146419038219,"TRMT9B;METTL14;WTAP;SNRPD1;NSUN6;TRMT44;METTL8;CBLL1;TARBP1"
"Phosphatidylinositol-Mediated Signaling (GO:0048015)","9/62",0.979034403501876,0.99999537209541,0,0,0.529279761881572,0.0112146419038219,"ERBB2;STAT3;NF1;PIK3C3;PIK3CB;IGF1;EZR;MYO16;ZFP36L1"
"DNA Damage Checkpoint Signaling (GO:0000077)","4/34",0.979082804423379,0.99999537209541,0,0,0.415786578657866,0.00878933718897875,"RPA4;HUS1;PRPF19;CLOCK"
"Inner Mitochondrial Membrane Organization (GO:0007007)","4/34",0.979082804423379,0.99999537209541,0,0,0.415786578657866,0.00878933718897875,"HSPA9;APOO;MTX2;GHITM"
"Mitochondrial Electron Transport, NADH To Ubiquinone (GO:0006120)","4/34",0.979082804423379,0.99999537209541,0,0,0.415786578657866,0.00878933718897875,"NDUFB9;NDUFB4;NDUFS4;NDUFC2"
"Regulation Of T Cell Receptor Signaling Pathway (GO:0050856)","4/34",0.979082804423379,0.99999537209541,0,0,0.415786578657866,0.00878933718897875,"SH2D1A;SLA2;EZR;GBP1"
"Regulation Of Phosphatidylinositol 3-Kinase Activity (GO:0043551)","4/34",0.979082804423379,0.99999537209541,0,0,0.415786578657866,0.00878933718897875,"CCR7;PRKD1;TEK;ATG14"
"Sister Chromatid Segregation (GO:0000819)","4/34",0.979082804423379,0.99999537209541,0,0,0.415786578657866,0.00878933718897875,"RB1;NCAPG2;KNSTRN;RAN"
"RNA Phosphodiester Bond Hydrolysis, Endonucleolytic (GO:0090502)","1/14",0.979584594036511,0.99999537209541,0,0,0.239998097140954,0.00495036414660515,"RPP30"
"Blood Coagulation, Fibrin Clot Formation (GO:0072378)","1/14",0.979584594036511,0.99999537209541,0,0,0.239998097140954,0.00495036414660515,"F13A1"
"Cellular Response To ATP (GO:0071318)","1/14",0.979584594036511,0.99999537209541,0,0,0.239998097140954,0.00495036414660515,"P2RY1"
"Cellular Response To Exogenous dsRNA (GO:0071360)","1/14",0.979584594036511,0.99999537209541,0,0,0.239998097140954,0.00495036414660515,"COLEC12"
"Histone H2A Monoubiquitination (GO:0035518)","1/14",0.979584594036511,0.99999537209541,0,0,0.239998097140954,0.00495036414660515,"RNF2"
"Inner Dynein Arm Assembly (GO:0036159)","1/14",0.979584594036511,0.99999537209541,0,0,0.239998097140954,0.00495036414660515,"CCDC40"
"Maturation Of LSU-rRNA From Tricistronic rRNA Transcript (SSU-rRNA, 5.8S rRNA, LSU-rRNA) (GO:0000463)","1/14",0.979584594036511,0.99999537209541,0,0,0.239998097140954,0.00495036414660515,"DDX18"
"miRNA-mediated Gene Silencing By Inhibition Of Translation (GO:0035278)","1/14",0.979584594036511,0.99999537209541,0,0,0.239998097140954,0.00495036414660515,"TNRC6B"
"Mitotic intra-S DNA Damage Checkpoint Signaling (GO:0031573)","1/14",0.979584594036511,0.99999537209541,0,0,0.239998097140954,0.00495036414660515,"HUS1"
"Negative Regulation Of Fatty Acid Biosynthetic Process (GO:0045717)","1/14",0.979584594036511,0.99999537209541,0,0,0.239998097140954,0.00495036414660515,"SIRT1"
"Negative Regulation Of Single Stranded Viral RNA Replication Via Double Stranded DNA Intermediate (GO:0045869)","1/14",0.979584594036511,0.99999537209541,0,0,0.239998097140954,0.00495036414660515,"HMGA2"
"Positive Regulation Of Telomerase RNA Localization To Cajal Body (GO:1904874)","1/14",0.979584594036511,0.99999537209541,0,0,0.239998097140954,0.00495036414660515,"RUVBL1"
"Prostanoid Biosynthetic Process (GO:0046457)","1/14",0.979584594036511,0.99999537209541,0,0,0.239998097140954,0.00495036414660515,"DAGLB"
"Protein Activation Cascade (GO:0072376)","1/14",0.979584594036511,0.99999537209541,0,0,0.239998097140954,0.00495036414660515,"F13A1"
"Protein Maturation By Iron-Sulfur Cluster Transfer (GO:0097428)","1/14",0.979584594036511,0.99999537209541,0,0,0.239998097140954,0.00495036414660515,"GLRX3"
"Protein Transport To Vacuole Involved In Ubiquitin-Dependent Protein Catabolic Process Via The Multivesicular Body Sorting Pathway (GO:0043328)","1/14",0.979584594036511,0.99999537209541,0,0,0.239998097140954,0.00495036414660515,"UBAP1"
"Regulation Of Carbohydrate Catabolic Process (GO:0043470)","1/14",0.979584594036511,0.99999537209541,0,0,0.239998097140954,0.00495036414660515,"PRKAG2"
"Regulation Of Non-Canonical Wnt Signaling Pathway (GO:2000050)","1/14",0.979584594036511,0.99999537209541,0,0,0.239998097140954,0.00495036414660515,"TIAM1"
"Renal Water Homeostasis (GO:0003091)","1/14",0.979584594036511,0.99999537209541,0,0,0.239998097140954,0.00495036414660515,"AQP1"
"Synaptic Transmission, GABAergic (GO:0051932)","1/14",0.979584594036511,0.99999537209541,0,0,0.239998097140954,0.00495036414660515,"GABRG3"
"Synaptonemal Complex Assembly (GO:0007130)","1/14",0.979584594036511,0.99999537209541,0,0,0.239998097140954,0.00495036414660515,"SYCP2"
"Synaptonemal Complex Organization (GO:0070193)","1/14",0.979584594036511,0.99999537209541,0,0,0.239998097140954,0.00495036414660515,"SYCP2"
"tRNA 5'-End Processing (GO:0099116)","1/14",0.979584594036511,0.99999537209541,0,0,0.239998097140954,0.00495036414660515,"RPP30"
"Telomere Capping (GO:0016233)","1/14",0.979584594036511,0.99999537209541,0,0,0.239998097140954,0.00495036414660515,"TERF2"
"Hematopoietic Progenitor Cell Differentiation (GO:0002244)","3/28",0.979686579924701,0.99999537209541,0,0,0.37425448546092,0.00768066569944965,"LYN;INHBA;BATF"
"Negative Regulation Of Innate Immune Response (GO:0045824)","7/52",0.981809579928698,0.99999537209541,0,0,0.484903107441807,0.00890180270291661,"PARP1;PCBP2;TNFAIP3;TRAFD1;NLRC3;TTLL12;DCST1"
"Inorganic Anion Transmembrane Transport (GO:0098661)","9/63",0.982018332574883,0.99999537209541,0,0,0.519443870878932,0.009425466008915,"SLC5A8;SLC20A2;GLRB;SLC1A1;SLC1A3;ANO4;GABRG3;ANO2;CFTR"
"Mitochondrial Cytochrome C Oxidase Assembly (GO:0033617)","2/22",0.9822274654602,0.99999537209541,0,0,0.311917525773196,0.0055934181618261,"UQCC5;COA8"
"Natural Killer Cell Activation Involved In Immune Response (GO:0002323)","2/22",0.9822274654602,0.99999537209541,0,0,0.311917525773196,0.0055934181618261,"IFNA5;IFNA2"
"Positive Regulation Of Viral Life Cycle (GO:1903902)","2/22",0.9822274654602,0.99999537209541,0,0,0.311917525773196,0.0055934181618261,"TMPRSS4;TMPRSS2"
"Response To Gamma Radiation (GO:0010332)","2/22",0.9822274654602,0.99999537209541,0,0,0.311917525773196,0.0055934181618261,"YAP1;TSPYL5"
"tRNA Aminoacylation (GO:0043039)","2/22",0.9822274654602,0.99999537209541,0,0,0.311917525773196,0.0055934181618261,"GATB;QRSL1"
"Cellular Response To UV (GO:0034644)","12/79",0.982338842576205,0.99999537209541,0,0,0.558073270013569,0.00994429454226439,"CDKN1A;OPN3;MME;PARP1;NEDD4;DHX36;ZBTB1;ST20;SIRT1;N4BP1;AQP1;RBX1"
"Negative Regulation Of Cytokine Production (GO:0001818)","32/178",0.982484686642827,0.99999537209541,0,0,0.682180412664128,0.0120544836313669,"ILRUN;ORM1;IFNA2;LEF1;TNFAIP3;NLRC3;ADCY7;THBS1;C1QTNF3;APOD;CCR7;CD34;EXTL3;GBP1;MAP2K5;N4BP1;CD33;GHSR;ANXA1;HOMER2;SLC2A10;ANXA4;FN1;APOA1;FOXJ1;INHBA;IRGM;RBX1;NPLOC4;F2RL1;EZR;CD200"
"Epithelium Development (GO:0060429)","27/154",0.982594339990999,0.99999537209541,0,0,0.661853045571376,0.011621424348882,"EHF;INTU;IHH;GATA6;KRT24;SALL1;KRT28;PTER;KDR;SOX9;WNT2;CD34;GSTK1;KRT4;STAT1;ANXA4;WNT7B;FOXJ1;GRHL2;TBX2;VEGFA;KRT16;WT1;VDAC1;PPARG;VCL;FGF10"
"Response To Exogenous dsRNA (GO:0043330)","4/35",0.982838431393247,0.99999537209541,0,0,0.402347492813798,0.00696485040396083,"COLEC12;IFNA5;IFNA2;TICAM1"
"DNA Duplex Unwinding (GO:0032508)","5/41",0.982995779121321,0.99999537209541,0,0,0.433028448295624,0.00742663392836166,"GINS2;MCM7;ASCC1;GINS3;HMGA1"
"mRNA Transport (GO:0051028)","8/58",0.983199346245632,0.99999537209541,0,0,0.49869529314616,0.00844958667642923,"HHEX;NXT1;KIF5C;THOC3;THOC5;MAGOHB;SMG6;ZFP36L1"
"Defense Response To Fungus (GO:0050832)","3/29",0.983611618276558,0.99999537209541,0,0,0.359836286625315,0.00594599119252088,"CLEC6A;IGF2BP1;LTF"
"Integrated Stress Response Signaling (GO:0140467)","3/29",0.983611618276558,0.99999537209541,0,0,0.359836286625315,0.00594599119252088,"NFE2L3;FOS;BATF"
"Organic Cyclic Compound Biosynthetic Process (GO:1901362)","3/29",0.983611618276558,0.99999537209541,0,0,0.359836286625315,0.00594599119252088,"SRD5A2;SRD5A1;HDC"
"Positive Regulation Of TOR Signaling (GO:0032008)","6/47",0.983674187143753,0.99999537209541,0,0,0.4562072818417,0.00750942158030966,"RPTOR;FLCN;LEP;SIK3;RICTOR;SLC38A9"
"T Cell Homeostasis (GO:0043029)","1/15",0.98454033114242,0.99999537209541,0,0,0.22284065141208,0.00347194996710316,"PPP2R3C"
"Alpha-Beta T Cell Activation (GO:0046631)","1/15",0.98454033114242,0.99999537209541,0,0,0.22284065141208,0.00347194996710316,"NCOR2"
"Coenzyme A Metabolic Process (GO:0015936)","1/15",0.98454033114242,0.99999537209541,0,0,0.22284065141208,0.00347194996710316,"NUDT7"
"Midbody Abscission (GO:0061952)","1/15",0.98454033114242,0.99999537209541,0,0,0.22284065141208,0.00347194996710316,"CHMP1B"
"Positive Regulation Of Sprouting Angiogenesis (GO:1903672)","1/15",0.98454033114242,0.99999537209541,0,0,0.22284065141208,0.00347194996710316,"VEGFA"
"Regulation Of Granulocyte Macrophage Colony-Stimulating Factor Production (GO:0032645)","1/15",0.98454033114242,0.99999537209541,0,0,0.22284065141208,0.00347194996710316,"ISL1"
"Regulation Of Lipoprotein Lipase Activity (GO:0051004)","1/15",0.98454033114242,0.99999537209541,0,0,0.22284065141208,0.00347194996710316,"ANGPTL4"
"Regulation Of Systemic Arterial Blood Pressure (GO:0003073)","1/15",0.98454033114242,0.99999537209541,0,0,0.22284065141208,0.00347194996710316,"DRD2"
"Stem Cell Development (GO:0048864)","1/15",0.98454033114242,0.99999537209541,0,0,0.22284065141208,0.00347194996710316,"CYP26C1"
"Positive Regulation Of Type I Interferon Production (GO:0032481)","9/64",0.984606010731676,0.99999537209541,0,0,0.509965648640024,0.00791145761835054,"TBK1;RIPK2;TRAF3;STAT1;DHX36;IRF7;TLR7;TICAM1;TANK"
"Regulation Of Alternative mRNA Splicing, Via Spliceosome (GO:0000381)","7/53",0.98462993547848,0.99999537209541,0,0,0.474330327096514,0.0073470961646814,"FXR1;RBM25;RBM47;KHDRBS3;RBFOX3;WTAP;THRAP3"
"Lymphocyte Differentiation (GO:0030098)","14/91",0.985861446387605,0.99999537209541,0,0,0.566387312563418,0.00806504673962132,"IFNA5;ITGB1;TPD52;HDAC4;HDAC5;IFNA2;DCAF1;HHEX;KLF6;LEP;BLNK;DNAJB9;SOX4;NHEJ1"
"Regulation Of RNA Metabolic Process (GO:0051252)","14/91",0.985861446387605,0.99999537209541,0,0,0.566387312563418,0.00806504673962132,"AHNAK;USP22;ILDR1;MITF;TNFRSF1B;PTBP2;CLK3;KAT2B;PCBP3;TMEM98;ESRP2;ATXN7;PCBP2;RBM20"
"DNA Integrity Checkpoint Signaling (GO:0031570)","5/42",0.98590427014406,0.99999537209541,0,0,0.421297096560146,0.00598074124883361,"RPA4;HUS1;SETMAR;PRPF19;CLOCK"
"Monocyte Chemotaxis (GO:0002548)","5/42",0.98590427014406,0.99999537209541,0,0,0.421297096560146,0.00598074124883361,"PTPRO;TNFSF11;CCL18;IL6R;MSMP"
"Positive Regulation Of RNA Splicing (GO:0033120)","4/36",0.985948685192734,0.99999537209541,0,0,0.389748349834984,0.00551531687434346,"THRAP3;RBM20;NUP98;SLC38A2"
"Positive Regulation Of Double-Strand Break Repair Via Homologous Recombination (GO:1905168)","4/36",0.985948685192734,0.99999537209541,0,0,0.389748349834984,0.00551531687434346,"MEAF6;PARP1;RUVBL1;ARID2"
"Positive Regulation Of Interferon-Beta Production (GO:0032728)","4/36",0.985948685192734,0.99999537209541,0,0,0.389748349834984,0.00551531687434346,"TBK1;RIPK2;IRF7;TLR7"
"Mitochondrial ATP Synthesis Coupled Electron Transport (GO:0042775)","10/70",0.985974570425865,0.99999537209541,0,0,0.519344623433843,0.00733559497726928,"NDUFB9;NDUFA12;NDUFB4;COX4I2;NDUFS4;NDUFC2;CYCS;COX6C;COA6;UQCRHL"
"U2-type Prespliceosome Assembly (GO:1903241)","2/23",0.98600675923451,0.99999537209541,0,0,0.297044673539519,0.0041859740936988,"SNRPD1;SNRPB2"
"Nuclear Membrane Reassembly (GO:0031468)","2/23",0.98600675923451,0.99999537209541,0,0,0.297044673539519,0.0041859740936988,"REEP4;CHMP1B"
"Positive Regulation Of Epithelial Cell Apoptotic Process (GO:1904037)","2/23",0.98600675923451,0.99999537209541,0,0,0.297044673539519,0.0041859740936988,"GPER1;THBS1"
"Positive Regulation Of mRNA Splicing, Via Spliceosome (GO:0048026)","2/23",0.98600675923451,0.99999537209541,0,0,0.297044673539519,0.0041859740936988,"THRAP3;NUP98"
"DNA Geometric Change (GO:0032392)","3/30",0.986803791210875,0.99999537209541,0,0,0.346486102518274,0.00460273954520329,"ASCC1;DHX36;MTERF1"
"Immunoglobulin Mediated Immune Response (GO:0016064)","3/30",0.986803791210875,0.99999537209541,0,0,0.346486102518274,0.00460273954520329,"GNAO1;CD27;HLA-DRB3"
"Multivesicular Body Organization (GO:0036257)","3/30",0.986803791210875,0.99999537209541,0,0,0.346486102518274,0.00460273954520329,"CHMP1B;RAB27A;UBAP1"
"Negative Regulation Of Peptidyl-Tyrosine Phosphorylation (GO:0050732)","3/30",0.986803791210875,0.99999537209541,0,0,0.346486102518274,0.00460273954520329,"CAV1;NTF3;PARP14"
"Positive Regulation Of Interleukin-10 Production (GO:0032733)","3/30",0.986803791210875,0.99999537209541,0,0,0.346486102518274,0.00460273954520329,"SYK;STAT3;F2RL1"
"Prostaglandin Metabolic Process (GO:0006693)","3/30",0.986803791210875,0.99999537209541,0,0,0.346486102518274,0.00460273954520329,"HPGDS;HPGD;DAGLB"
"Protein Deubiquitination (GO:0016579)","18/112",0.986842436887355,0.99999537209541,0,0,0.596334474775306,0.00789838494155953,"USP46;PRKN;USP7;USP32;USP3;USP44;USP22;USP9Y;OTUD7A;TNFAIP3;USP17L20;USP17L3;USP29;RNF2;BABAM2;OTULIN;USP50;USP40"
"Antimicrobial Humoral Immune Response Mediated By Antimicrobial Peptide (GO:0061844)","9/65",0.986844933071839,0.99999537209541,0,0,0.50082593433822,0.00663211794153286,"CXCL8;GNLY;H2BC11;DEFA5;RNASE3;CXCL13;CAMP;LTF;PF4"
"Regulation Of Translational Initiation (GO:0006446)","9/65",0.986844933071839,0.99999537209541,0,0,0.50082593433822,0.00663211794153286,"PPP1R15B;YTHDF1;LARP1;ALKBH1;DAZ2;EIF1B;C8ORF88;MTOR;NCK1"
"Regulation Of Tyrosine Phosphorylation Of STAT Protein (GO:0042509)","9/65",0.986844933071839,0.99999537209541,0,0,0.50082593433822,0.00663211794153286,"LYN;IFNA2;IL31RA;IGF1;IL6ST;PARP14;IL6R;IL22RA2;VEGFA"
"Nucleosome Assembly (GO:0006334)","7/54",0.98703783266431,0.99999537209541,0,0,0.464207452297828,0.00605647253412164,"CHAF1B;KAT6B;ATRX;H2BC11;UBN1;SOX9;BAZ1A"
"Antifungal Innate Immune Response (GO:0061760)","1/16",0.988293136218966,0.99999537209541,0,0,0.207970865113722,0.00244905007137321,"CLEC6A"
"Cellular Response To Nitrogen Compound (GO:1901699)","1/16",0.988293136218966,0.99999537209541,0,0,0.207970865113722,0.00244905007137321,"ATRX"
"Intraciliary Anterograde Transport (GO:0035720)","1/16",0.988293136218966,0.99999537209541,0,0,0.207970865113722,0.00244905007137321,"IFT57"
"Late Endosome To Lysosome Transport (GO:1902774)","1/16",0.988293136218966,0.99999537209541,0,0,0.207970865113722,0.00244905007137321,"CHMP1B"
"Maturation Of 5.8S rRNA (GO:0000460)","1/16",0.988293136218966,0.99999537209541,0,0,0.207970865113722,0.00244905007137321,"NEDD4"
"Negative Regulation Of RNA Biosynthetic Process (GO:1902679)","1/16",0.988293136218966,0.99999537209541,0,0,0.207970865113722,0.00244905007137321,"HMGA2"
"Negative Regulation Of Phosphatase Activity (GO:0010923)","1/16",0.988293136218966,0.99999537209541,0,0,0.207970865113722,0.00244905007137321,"GSK3B"
"Oligodendrocyte Development (GO:0014003)","1/16",0.988293136218966,0.99999537209541,0,0,0.207970865113722,0.00244905007137321,"PRDM8"
"Regulation Of Fibrinolysis (GO:0051917)","1/16",0.988293136218966,0.99999537209541,0,0,0.207970865113722,0.00244905007137321,"THBS1"
"Response To UV-B (GO:0010224)","1/16",0.988293136218966,0.99999537209541,0,0,0.207970865113722,0.00244905007137321,"MME"
"mRNA Transcription (GO:0009299)","5/43",0.988338202981129,0.99999537209541,0,0,0.410183184389693,0.00481158374400011,"RXRA;TFCP2;ZBTB1;PPARG;TAF3"
"Defense Response To Symbiont (GO:0140546)","25/148",0.98841438249213,0.99999537209541,0,0,0.632662479514789,0.00737257637171054,"RTP4;IFNA2;DDX60;LYST;TANK;TBK1;IGF2BP1;ATG7;BNIP3L;STAT1;BNIP3;MX2;MX1;OPRK1;USP29;ISG20;AGBL4;TRAF3;DDIT4;BCL2;IRF7;F2RL1;TLR7;SERINC5;BCL2L1"
"Negative Regulation Of Transferase Activity (GO:0051348)","4/37",0.988517735378589,0.99999537209541,0,0,0.377912791279128,0.00436439949663759,"GSK3B;PINX1;IRS2;PARK7"
"Positive Regulation Of Receptor Signaling Pathway Via STAT (GO:1904894)","4/37",0.988517735378589,0.99999537209541,0,0,0.377912791279128,0.00436439949663759,"IL10RB;MGAT5;LEP;IL7R"
"Spliceosomal snRNP Assembly (GO:0000387)","4/37",0.988517735378589,0.99999537209541,0,0,0.377912791279128,0.00436439949663759,"SNRPD1;GEMIN5;SMN1;PRPF19"
"Response To Tumor Necrosis Factor (GO:0034612)","17/108",0.988526552533053,0.99999537209541,0,0,0.581767560257736,0.00671346691790937,"ASAH1;CXCL8;ERBIN;NPNT;ADAMTS12;SIRT1;TANK;ZFP36L1;NFKBIA;CRHBP;DCSTAMP;GPER1;ADAM9;CD58;CCL18;GBP1;NKX3-1"
"Antibacterial Humoral Response (GO:0019731)","6/49",0.988586692171764,0.99999537209541,0,0,0.434930750847018,0.00499254376991635,"H2BC11;DEFA5;RNASE3;PLA2G6;CAMP;LTF"
"Negative Regulation Of T Cell Activation (GO:0050868)","6/49",0.988586692171764,0.99999537209541,0,0,0.434930750847018,0.00499254376991635,"CD86;RIPOR2;DLG5;IFNA2;PLA2G5;PAG1"
"Mitochondrial Gene Expression (GO:0140053)","16/103",0.988710664473731,0.99999537209541,0,0,0.572754152286967,0.00650278934180819,"MRPS28;MRPS27;GFM2;MRPS22;MTERF4;MRPS18A;MRPL17;GATB;MRPS30;QRSL1;MRPL46;MRPL44;MRPL3;MRPS9;MRPL1;SLC25A33"
"Negative Regulation Of DNA-templated Transcription (GO:0045892)","219/1025",0.988745099720299,0.99999537209541,0,0,0.84111715554451,0.00952036616230411,"RB1;TCERG1;PHB1;MYT1L;EHMT1;RBPJ;SLA2;BACH1;BACH2;FERD3L;DCAF1;ELK4;ZNF608;CREB3L1;MYB;KAT8;SOX9;SOX7;TP63;SOX4;MEF2C;ZNF281;SOX13;RFX3;MED9;SOX11;ISL1;RUNX3;BIN1;MAGEB2;EZR;CLOCK;ZBTB8A;CTBP2;CTBP1;GATA6;ZBTB1;GATA5;GATA4;ZBTB5;PRDM11;MTDH;MIER3;ZNF703;PRDM16;HIVEP1;GADD45A;SETDB2;NFATC3;NR0B1;NR1D2;NR2F2;SMARCA2;POU6F1;ID4;RCOR1;CITED2;KDM8;IFNA2;AKR1B1;LIMD1;GLI3;GLI2;ING4;SUFU;HEY2;CD38;ZNF587B;PRMT6;PARP1;PRMT2;EN1;TET1;PAX6;CBFA2T2;SIRT1;COMMD7;NCOR2;NCOR1;TGIF2LX;TFEC;DEPDC1;ZNF239;PPARG;PRKN;YAP1;FOXC1;NFIX;ZNF350;CIPC;NR1I2;RXRA;CUX2;CUX1;ZNF589;TBL1X;IL33;CDX2;STAT1;STAT3;WWP2;POU4F1;VEGFA;SKI;PER2;HEYL;PER1;WT1;NFIB;FRK;CDK5R1;ZBTB25;MAGEB18;WWC2;ZBTB21;UBE2D1;PRDM1;NR3C1;ETS2;LOXL2;SALL1;SCMH1;WWC3;KMT5A;MSX2;FBXW11;WNT5A;ARID5B;MITF;FOXP2;HIC1;KAT6B;KAT6A;ZNF675;DLX1;DLX2;GLIS3;PSEN1;NPAS1;SCRT2;ATXN1;SUDS3;ZNF423;NKX6-1;MAP2K5;CBX7;ZFHX3;SMAD4;NIBAN2;POU2F1;SMAD3;ATP8B1;CAV1;HMGA1;HMGA2;SUPT5H;BMP7;BMP6;ESR2;EFNA1;MLXIPL;DAB2;DAP;DLG1;SP2;ZNF658;PHF14;ZNF536;ZNF778;MXD1;THRA;SUMO4;CHD3;LDB2;NR2E1;IRF2BPL;TRO;FLCN;HHEX;YWHAQ;SIN3B;SIN3A;TRPS1;NKX3-1;PEX2;ETV6;TRAF6;IRF7;LANCL2;FBP1;HDAC4;HDAC5;SRF;LEF1;CXXC5;HDAC8;TBXT;RNF2;WNT11;DNAJB4;CRYM;E2F6;FNIP2;BEND5;E2F7;SNCA;ATF7IP;IRX1;IRX2;KDM4A;FOXJ1;KLF2;PML;TBX2;KLF7;BRMS1L;TNP1;TAF3;TRIM33"
"Mitochondrial Translation (GO:0032543)","15/98",0.988948902853062,0.99999537209541,0,0,0.562867554568076,0.00625492995777688,"MRPS28;GFM1;MRPS27;GFM2;MRPS22;MRPS18A;MRPL17;GATB;MRPS30;QRSL1;MRPL46;MRPL44;MRPL3;MRPS9;MRPL1"
"RNA Splicing, Via Transesterification Reactions (GO:0000375)","2/24",0.988998588736248,0.99999537209541,0,0,0.283523898781631,0.00313644749720324,"SNRNP40;SCAF11"
"Cellular Response To Fibroblast Growth Factor Stimulus (GO:0044344)","7/55",0.989088708784051,0.99999537209541,0,0,0.454506363949088,0.00498650564887874,"KL;CXCL8;FLRT3;FRS2;ITGB1BP1;CD44;ZFP36L1"
"Positive Regulation Of Cytokine Production (GO:0001819)","61/320",0.989355975695824,0.99999537209541,0,0,0.731929800808949,0.00783243725942655,"CD86;FCN1;APP;PHB1;ORM1;PARK7;ORM2;C1QTNF3;TBK1;PDE4B;CCR7;FFAR2;IL6R;MAP3K7;CCR2;MBL2;CCBE1;ANXA1;SYK;IL1R1;RIPK2;WNT5A;TICAM1;ISL1;ADRA2A;TRAF3;TRAF6;IRF7;TLR7;LCP1;IL6ST;RAB1A;HHLA2;TXK;GATA4;NOD1;BCL10;TANK;CD58;DRD2;IL33;AFAP1L2;CADM1;FZD5;STAT3;DEFA5;CYRIB;ALOX15B;SCIMP;SORL1;AGT;BATF;IL7;CLEC6A;LEP;POU2AF1;CNTN1;F2RL1;NOX5;CD200;IL18R1"
"Protein Localization To Chromatin (GO:0071168)","3/31",0.989393498933032,0.99999537209541,0,0,0.334089502990307,0.00356244679340505,"PARP1;LEF1;H2BC11"
"Positive Regulation Of Protein Localization To Nucleus (GO:1900182)","10/72",0.989685357014518,0.99999537209541,0,0,0.50252494970087,0.00521028298600366,"YAP1;WWTR1;SMAD3;PINX1;PARK7;PSEN1;EFCAB7;CDK5RAP3;FERMT2;RAN"
"Extracellular Matrix Disassembly (GO:0022617)","5/44",0.990370000730052,0.99999537209541,0,0,0.39963921643311,0.00386717584337204,"MMP7;MMP15;SH3PXD2B;KLK4;LCP1"
"Regulation Of DNA Recombination (GO:0000018)","5/44",0.990370000730052,0.99999537209541,0,0,0.39963921643311,0.00386717584337204,"MSH6;MSH3;FIGNL1;SMARCAD1;IL7R"
"Positive Regulation Of Response To External Stimulus (GO:0032103)","26/155",0.990802502788094,0.99999537209541,0,0,0.627245186762915,0.00579578023905352,"APP;LRSAM1;CD1D;THBS1;IGF2BP1;EMILIN2;CCR2;SNCA;IL33;CD180;WNT5A;LY86;PRKCA;IRGM;SCIMP;BMP6;AGT;NFKBIA;GPRC5B;MMRN2;NAPEPLD;F2RL1;TLR7;CD47;LCP1;OPTN"
"T Cell Migration (GO:0072678)","1/17",0.991134954891386,0.99999537209541,0,0,0.194959802102659,0.00173603386940179,"MSN"
"Amyloid Precursor Protein Metabolic Process (GO:0042982)","1/17",0.991134954891386,0.99999537209541,0,0,0.194959802102659,0.00173603386940179,"PSEN1"
"Carboxylic Acid Biosynthetic Process (GO:0046394)","1/17",0.991134954891386,0.99999537209541,0,0,0.194959802102659,0.00173603386940179,"CDO1"
"Cellular Response To dsRNA (GO:0071359)","1/17",0.991134954891386,0.99999537209541,0,0,0.194959802102659,0.00173603386940179,"COLEC12"
"Facultative Heterochromatin Formation (GO:0140718)","1/17",0.991134954891386,0.99999537209541,0,0,0.194959802102659,0.00173603386940179,"SIRT1"
"mRNA Cis Splicing, Via Spliceosome (GO:0045292)","1/17",0.991134954891386,0.99999537209541,0,0,0.194959802102659,0.00173603386940179,"SFSWAP"
"Membrane Lipid Metabolic Process (GO:0006643)","1/17",0.991134954891386,0.99999537209541,0,0,0.194959802102659,0.00173603386940179,"ST3GAL6"
"Positive Regulation Of Regulatory T Cell Differentiation (GO:0045591)","1/17",0.991134954891386,0.99999537209541,0,0,0.194959802102659,0.00173603386940179,"DUSP10"
"Prostaglandin Biosynthetic Process (GO:0001516)","1/17",0.991134954891386,0.99999537209541,0,0,0.194959802102659,0.00173603386940179,"DAGLB"
"Purine-Containing Compound Biosynthetic Process (GO:0072522)","1/17",0.991134954891386,0.99999537209541,0,0,0.194959802102659,0.00173603386940179,"ADSL"
"rRNA Transcription (GO:0009303)","1/17",0.991134954891386,0.99999537209541,0,0,0.194959802102659,0.00173603386940179,"ZFP36L1"
"Regulation Of DNA-templated DNA Replication (GO:0090329)","1/17",0.991134954891386,0.99999537209541,0,0,0.194959802102659,0.00173603386940179,"MCM7"
"Transcription By RNA Polymerase I (GO:0006360)","1/17",0.991134954891386,0.99999537209541,0,0,0.194959802102659,0.00173603386940179,"UBTFL1"
"Long-Chain Fatty Acid Biosynthetic Process (GO:0042759)","2/25",0.991362515223301,0.99999537209541,0,0,0.271178843567907,0.0023524775669524,"ELOVL6;ALOX15B"
"Positive Regulation Of Peptidase Activity (GO:0010952)","2/25",0.991362515223301,0.99999537209541,0,0,0.271178843567907,0.0023524775669524,"CTSH;TANK"
"Aerobic Electron Transport Chain (GO:0019646)","9/68",0.991874421251699,0.99999537209541,0,0,0.475265716375548,0.00387758423473241,"NDUFB9;NDUFB4;COX4I2;NDUFS4;NDUFC2;SLC25A51;CYCS;COX6C;UQCRHL"
"Positive Regulation Of DNA Recombination (GO:0045911)","6/51",0.992079766285894,0.99999537209541,0,0,0.415545467051864,0.00330432005354407,"PARP1;MEAF6;RUVBL1;SHLD1;TRAPPC13;ARID2"
"Fibroblast Growth Factor Receptor Signaling Pathway (GO:0008543)","4/39",0.992374585075919,0.99999537209541,0,0,0.356270627062706,0.00272712234143222,"KL;FLRT3;FRS2;FGF10"
"Internal Peptidyl-Lysine Acetylation (GO:0018393)","4/39",0.992374585075919,0.99999537209541,0,0,0.356270627062706,0.00272712234143222,"KAT2B;TADA2A;MEAF6;RUVBL1"
"Negative Regulation Of Proteasomal Protein Catabolic Process (GO:1901799)","4/39",0.992374585075919,0.99999537209541,0,0,0.356270627062706,0.00272712234143222,"USP7;RYBP;PARK7;N4BP1"
"Nuclear-Transcribed mRNA Catabolic Process, Deadenylation-Dependent Decay (GO:0000288)","4/39",0.992374585075919,0.99999537209541,0,0,0.356270627062706,0.00272712234143222,"TUT7;PARN;CNOT10;DCP2"
"Regulation Of Mitotic Spindle Organization (GO:0060236)","4/39",0.992374585075919,0.99999537209541,0,0,0.356270627062706,0.00272712234143222,"CHMP1B;CLTC;GNAI1;MAP9"
"Cellular Respiration (GO:0045333)","12/85",0.992601846293814,0.99999537209541,0,0,0.512000452847277,0.00380193911809591,"CHCHD5;NDUFB9;NDUFA12;MDH2;NDUFB4;COX4I2;NDUFS4;NDUFC2;CYCS;ETFA;COX6C;SLC25A13"
"Telomere Organization (GO:0032200)","8/63",0.992668800185715,0.99999537209541,0,0,0.453209218527138,0.00333480639589775,"INO80C;PARP1;RPA3;RUVBL1;ATRX;HUS1;ATM;TERF2"
"Inositol Lipid-Mediated Signaling (GO:0048017)","3/33",0.993182451399639,0.99999537209541,0,0,0.311775623839967,0.00213282407306102,"PIK3C3;IGF1;EZR"
"Nuclear Membrane Organization (GO:0071763)","2/26",0.993227044171225,0.99999537209541,0,0,0.259862542955326,0.00176602490334342,"CHMP1B;GPER1"
"Nucleic Acid Phosphodiester Bond Hydrolysis (GO:0090305)","2/26",0.993227044171225,0.99999537209541,0,0,0.259862542955326,0.00176602490334342,"SETMAR;EDC3"
"Positive Regulation Of Nuclear Division (GO:0051785)","2/26",0.993227044171225,0.99999537209541,0,0,0.259862542955326,0.00176602490334342,"INSR;IGF1"
"Regulation Of Protein Neddylation (GO:2000434)","1/18",0.993286890167953,0.99999537209541,0,0,0.183479452387015,0.00123587064041296,"EPAS1"
"Nucleic Acid-Templated Transcription (GO:0097659)","4/40",0.993801816697465,0.99999537209541,0,0,0.346351301796846,0.00215342944638738,"SPOCD1;DIDO1;SMAD4;MKRN2"
"Cellular Response To Virus (GO:0098586)","8/64",0.993820602708368,0.99999537209541,0,0,0.445086705202312,0.00275890055825886,"IFNA5;IL10RB;POU2AF1;IFNA2;GBF1;LGALS8;IRGM;IFNAR1"
"Regulation Of Protein Localization (GO:0032880)","14/97",0.993886536776048,0.99999537209541,0,0,0.525234464106945,0.00322085693774691,"RABGAP1L;PARP1;MMD;ITGB3;GBF1;SUMO4;NEDD9;ZDHHC7;DLG1;CAMK1;SLC26A4;CEP290;PICALM;NKX3-1"
"Response To Lipopolysaccharide (GO:0032496)","26/159",0.994176342037901,0.99999537209541,0,0,0.608218640259995,0.00355241141088918,"CD86;CXCL8;TNFAIP3;BCL10;CXCL13;NOCT;PDE4B;SNCA;MEF2C;CD180;WNT5A;DEFA5;ERBIN;LDOC1;PEX2;TICAM1;SMAD6;TNFRSF1B;IRGM;FER;TRAF6;ADAM9;TAB2;VIM;IFNAR1;PF4"
"NADH Dehydrogenase Complex Assembly (GO:0010257)","6/53",0.994541348410659,0.99999537209541,0,0,0.397809994643531,0.00217745456401199,"NDUFB9;NDUFB4;NDUFS4;NDUFAF2;NDUFC2;TMEM186"
"Mitochondrial Respiratory Chain Complex I Assembly (GO:0032981)","6/53",0.994541348410659,0.99999537209541,0,0,0.397809994643531,0.00217745456401199,"NDUFB9;NDUFB4;NDUFS4;NDUFAF2;NDUFC2;TMEM186"
"Proton Motive Force-Driven Mitochondrial ATP Synthesis (GO:0042776)","6/53",0.994541348410659,0.99999537209541,0,0,0.397809994643531,0.00217745456401199,"NDUFB9;ATP5PF;NDUFA12;NDUFB4;NDUFS4;NDUFC2"
"DNA-templated Transcription Initiation (GO:0006352)","7/59",0.994615403142525,0.99999537209541,0,0,0.419433198380567,0.00226458109641338,"CRCP;TBPL1;ELOC;MED27;GTF2F2;GTF2E2;ZFP36L1"
"Aerobic Respiration (GO:0009060)","7/59",0.994615403142525,0.99999537209541,0,0,0.419433198380567,0.00226458109641338,"NDUFB9;NDUFA12;MDH2;NDUFB4;NDUFS4;NDUFC2;SLC25A51"
"Myeloid Cell Development (GO:0061515)","2/27",0.994695298938594,0.99999537209541,0,0,0.249451546391753,0.00132678810964247,"APP;MYB"
"RNA Export From Nucleus (GO:0006405)","8/65",0.99479962000367,0.99999537209541,0,0,0.437249192345024,0.00227979500474435,"HHEX;NXT1;THOC3;NUP98;THOC5;MAGOHB;RAN;SMG6"
"Protein Modification By Small Protein Removal (GO:0070646)","17/114",0.994818215392132,0.99999537209541,0,0,0.545564451646606,0.00283434732536277,"USP46;PRKN;USP7;USP32;USP44;USP22;USP9Y;OTUD7A;TNFAIP3;USP17L20;USP17L3;USP29;RNF2;SENP6;HINT1;USP50;USP40"
"Gastrulation (GO:0007369)","1/19",0.994916390334857,0.99999537209541,0,0,0.173274697084221,0.000883107518482017,"LMBRD1"
"Heme Biosynthetic Process (GO:0006783)","1/19",0.994916390334857,0.99999537209541,0,0,0.173274697084221,0.000883107518482017,"COX10"
"Vesicle Docking (GO:0048278)","1/19",0.994916390334857,0.99999537209541,0,0,0.173274697084221,0.000883107518482017,"STX11"
"Detection Of Chemical Stimulus Involved In Sensory Perception Of Bitter Taste (GO:0001580)","4/41",0.994970002706641,0.99999537209541,0,0,0.336968156275087,0.00169922605694325,"RTP4;RTP1;GNAT3;PIP"
"Lymphocyte Migration (GO:0072676)","4/41",0.994970002706641,0.99999537209541,0,0,0.336968156275087,0.00169922605694325,"NEDD9;MSN;CCL18;MSMP"
"Positive Regulation Of Inflammatory Response (GO:0050729)","15/104",0.995196678674523,0.99999537209541,0,0,0.524712364660982,0.00252643459868162,"APP;IL33;WNT5A;OSMR;AGT;NFKBIA;GPRC5B;NAPEPLD;IGF2BP1;TLR7;CD47;LCP1;IL6ST;CCR2;SNCA"
"Regulation Of Transcription Elongation By RNA Polymerase II (GO:0034243)","10/77",0.995346543938195,0.99999537209541,0,0,0.464868963731528,0.00216829625483652,"TCERG1;PARP1;INTS3;MED9;NELFCD;INTS6;MED27;EAPP;SUPT5H;INTS9"
"Proton Motive Force-Driven ATP Synthesis (GO:0015986)","7/60",0.995505151276203,0.99999537209541,0,0,0.411492104289581,0.00185376408248202,"NDUFB9;ATP5PF;NDUFA12;NDUFB4;NDUFS4;NDUFC2;ATP5MC1"
"tRNA Aminoacylation For Protein Translation (GO:0006418)","3/35",0.99564452368906,0.99999537209541,0,0,0.292250979583419,0.00127567231975696,"NARS2;CARS2;DARS1"
"Retrograde Transport, Endosome To Golgi (GO:0042147)","13/94",0.995687956819753,0.99999537209541,0,0,0.49972318533316,0.00215948720767877,"TMEM87B;RIC1;TRAPPC10;CLTC;WIPF3;GBF1;VPS26B;RCSD1;TBC1D5;VTI1A;TBC1D14;RAB6B;VAMP3"
"Regulation Of Cellular Localization (GO:0060341)","9/72",0.995819822572467,0.99999537209541,0,0,0.444972124716085,0.00186396099536675,"CAMK2D;RABGAP1L;PARP1;MMD;ITGB3;CAMK1;SLC26A4;NKX3-1;PICALM"
"Negative Regulation Of Cation Channel Activity (GO:2001258)","2/28",0.995849770405779,0.99999537209541,0,0,0.239841395717684,0.000997468154064847,"PPP3CA;GNB5"
"Negative Regulation Of Type II Interferon Production (GO:0032689)","2/28",0.995849770405779,0.99999537209541,0,0,0.239841395717684,0.000997468154064847,"INHBA;IRGM"
"Sensory Perception Of Bitter Taste (GO:0050913)","4/42",0.995924256985616,0.99999537209541,0,0,0.328078860517631,0.00133989752152241,"RTP4;RTP1;GNAT3;PIP"
"Gamma-Aminobutyric Acid Signaling Pathway (GO:0007214)","1/20",0.996150267008341,0.99999537209541,0,0,0.164144126550142,0.000633130534568991,"GABRG3"
"Late Endosome To Vacuole Transport (GO:0045324)","1/20",0.996150267008341,0.99999537209541,0,0,0.164144126550142,0.000633130534568991,"CHMP1B"
"Long-Term Memory (GO:0007616)","1/20",0.996150267008341,0.99999537209541,0,0,0.164144126550142,0.000633130534568991,"RASGRF1"
"Long-Term Synaptic Potentiation (GO:0060291)","1/20",0.996150267008341,0.99999537209541,0,0,0.164144126550142,0.000633130534568991,"PLK2"
"Regulation Of Mitotic Spindle Assembly (GO:1901673)","1/20",0.996150267008341,0.99999537209541,0,0,0.164144126550142,0.000633130534568991,"CHMP1B"
"Negative Regulation Of T Cell Proliferation (GO:0042130)","3/36",0.9965259263059,0.99999537209541,0,0,0.283376141284988,0.00098618362887144,"CD86;DLG5;PLA2G5"
"Regulation Of T Cell Mediated Cytotoxicity (GO:0001914)","3/36",0.9965259263059,0.99999537209541,0,0,0.283376141284988,0.00098618362887144,"CD1D;CYRIB;ULBP3"
"DNA Repair (GO:0006281)","52/291",0.996635952964071,0.99999537209541,0,0,0.675791492329149,0.00227722686702129,"SMARCAL1;FBH1;NUCKS1;PARK7;BACH1;BABAM2;ALKBH1;TOPBP1;FAAP100;PRMT6;RFC3;PARP1;USP3;USP44;ATRX;HUS1;LIG3;COMMD1;SIRT1;RAD51B;MSH6;NEIL3;NEIL2;RNF169;MSH3;FSCN1;UBE2V2;SLX1A;ZBTB1;NTHL1;NSD2;RBBP8;NHEJ1;MGME1;EYA1;GADD45A;ERCC6L2;MGMT;ASCC1;INTS3;EYA3;HMGA2;FAM111A;TDP1;RPA3;POLE2;RPA4;UBE2N;NABP1;ATM;TNP1;RAD18"
"Positive Regulation Of Transcription Elongation By RNA Polymerase II (GO:0032968)","4/43",0.996702281374704,0.99999537209541,0,0,0.31964542608107,0.00105584256936524,"TCERG1;MED9;MED27;EAPP"
"mRNA Splice Site Recognition (GO:0006376)","2/29",0.996756256544565,0.99999537209541,0,0,0.23094310805651,0.000750337805992367,"SFSWAP;SRSF5"
"Multivesicular Body Assembly (GO:0036258)","2/29",0.996756256544565,0.99999537209541,0,0,0.23094310805651,0.000750337805992367,"CHMP1B;UBAP1"
"Regulation Of Protein Modification By Small Protein Conjugation Or Removal (GO:1903320)","2/29",0.996756256544565,0.99999537209541,0,0,0.23094310805651,0.000750337805992367,"PRKN;EPAS1"
"Regulation Of Spindle Assembly (GO:0090169)","2/29",0.996756256544565,0.99999537209541,0,0,0.23094310805651,0.000750337805992367,"SENP6;CHMP1B"
"mRNA Export From Nucleus (GO:0006406)","7/62",0.996881887299054,0.99999537209541,0,0,0.396476217281171,0.00123818893982834,"NUP93;HHEX;NXT1;THOC3;THOC5;MAGOHB;SMG6"
"Spliceosomal Complex Assembly (GO:0000245)","7/62",0.996881887299054,0.99999537209541,0,0,0.396476217281171,0.00123818893982834,"SRPK2;SNRPD1;SCAF11;SNRPB2;SRSF5;SMN1;PRPF19"
"Positive Regulation Of DNA-templated Transcription Initiation (GO:2000144)","6/56",0.996913352153566,0.99999537209541,0,0,0.373867106892282,0.00115578076349449,"SRF;DHX36;MED9;MITF;MED27;TAF3"
"Regulation Of RNA Splicing (GO:0043484)","14/102",0.99707055492509,0.99999537209541,0,0,0.495227178774099,0.00145286991165119,"SRPK2;AHNAK;USP22;ILDR1;CLK3;QKI;PTBP2;KAT2B;TMEM98;ATXN7;ESRP2;RBM20;TMBIM6;SLC38A2"
"Modulation By Symbiont Of Entry Into Host (GO:0052372)","1/21",0.997084555631873,0.99999537209541,0,0,0.15592661306947,0.000455259330479336,"CXCL8"
"Positive Regulation Of Natural Killer Cell Mediated Cytotoxicity (GO:0045954)","1/21",0.997084555631873,0.99999537209541,0,0,0.15592661306947,0.000455259330479336,"CADM1"
"Positive Regulation Of Receptor Signaling Pathway Via JAK-STAT (GO:0046427)","3/37",0.997232495332337,0.99999537209541,0,0,0.27502335229823,0.000762183571640914,"IL10RB;LEP;IL7R"
"Regulation Of Viral Entry Into Host Cell (GO:0046596)","4/44",0.997335477917275,0.99999537209541,0,0,0.311633663366337,0.000831462996100115,"FCN1;IFNA2;TMPRSS4;TMPRSS2"
"Oxidative Phosphorylation (GO:0006119)","7/63",0.99740849924663,0.99999537209541,0,0,0.38937048503612,0.0010103636505823,"NDUFB9;ATP5PF;NDUFA12;NDUFB4;NDUFS4;NDUFC2;SLC25A51"
"Regulation Of Transcription Initiation By RNA Polymerase II (GO:0060260)","6/57",0.997454984417353,0.99999537209541,0,0,0.366512102158238,0.000933967997535163,"SRF;HEY2;DHX36;MED9;MED27;TAF3"
"Homologous Chromosome Pairing At Meiosis (GO:0007129)","2/30",0.997467104766,0.99999537209541,0,0,0.222680412371134,0.000564741673256997,"TERB2;SYCP2"
"Maturation Of SSU-rRNA From Tricistronic rRNA Transcript (SSU-rRNA, 5.8S rRNA, LSU-rRNA) (GO:0000462)","2/30",0.997467104766,0.99999537209541,0,0,0.222680412371134,0.000564741673256997,"UTP6;BMS1"
"Metaphase Plate Congression (GO:0051310)","5/51",0.997593138046302,0.99999537209541,0,0,0.338667575640692,0.000816108627614043,"CDC23;INCENP;CHMP1B;PINX1;TRAPPC12"
"Negative Regulation Of Cell Communication (GO:0010648)","1/22",0.99779198320117,0.99999537209541,0,0,0.148491719920291,0.000328234719460526,"PTPN1"
"Protein Neddylation (GO:0045116)","1/22",0.99779198320117,0.99999537209541,0,0,0.148491719920291,0.000328234719460526,"RBX1"
"rRNA Methylation (GO:0031167)","1/22",0.99779198320117,0.99999537209541,0,0,0.148491719920291,0.000328234719460526,"METTL15"
"Regulation Of Neural Precursor Cell Proliferation (GO:2000177)","1/22",0.99779198320117,0.99999537209541,0,0,0.148491719920291,0.000328234719460526,"DISP3"
"Regulation Of Regulatory T Cell Differentiation (GO:0045589)","1/22",0.99779198320117,0.99999537209541,0,0,0.148491719920291,0.000328234719460526,"DUSP10"
"Membrane Assembly (GO:0071709)","3/38",0.997798001195324,0.99999537209541,0,0,0.267147865539286,0.000588907906062115,"NLGN1;CHMP1B;EMP2"
"Detection Of Chemical Stimulus Involved In Sensory Perception Of Taste (GO:0050912)","4/45",0.997849919946746,0.99999537209541,0,0,0.304012718345005,0.000654355392240814,"RTP4;RTP1;GNAT3;PIP"
"Natural Killer Cell Activation (GO:0030101)","4/45",0.997849919946746,0.99999537209541,0,0,0.304012718345005,0.000654355392240814,"IFNA5;IFNA2;EMP2;ULBP3"
"Regulation Of mRNA Splicing, Via Spliceosome (GO:0048024)","12/94",0.998177591047844,0.99999537209541,0,0,0.455533158637371,0.000830925079136583,"FXR1;SRPK2;RBM25;RBM47;KHDRBS3;RBFOX3;WTAP;THRAP3;SFSWAP;RBM20;NUP98;QKI"
"Regulation Of Interleukin-10 Production (GO:0032653)","4/46",0.99826719360774,0.99999537209541,0,0,0.296754675467547,0.000514664434384255,"SYK;STAT3;F2RL1;CD47"
"Regulation Of Receptor Signaling Pathway Via JAK-STAT (GO:0046425)","5/53",0.998401250466898,0.99999537209541,0,0,0.324513444742452,0.000519230889022629,"GPI;IL10RB;CAV1;LEP;IL7R"
"Regulation Of Natural Killer Cell Mediated Cytotoxicity (GO:0042269)","2/32",0.998459444202585,0.99999537209541,0,0,0.207807560137457,0.000320385991178022,"CADM1;LEP"
"Regulation Of Innate Immune Response (GO:0045088)","9/78",0.998521223951461,0.99999537209541,0,0,0.406117300631122,0.000601001019629581,"PTPN1;PARP1;PCBP2;ERAP1;TNFAIP3;TRAFD1;NLRC3;CD1D;N4BP1"
"Cellular Response To Type II Interferon (GO:0071346)","7/66",0.998524012259119,0.99999537209541,0,0,0.369498521977926,0.000545778168812744,"HCK;STAT1;WNT5A;CD47;CD58;CCL18;GBP1"
"Mitochondrial Respiratory Chain Complex Assembly (GO:0033108)","11/90",0.998616028012762,0.99999537209541,0,0,0.433425984274616,0.000600264891552175,"CHCHD4;NDUFB9;UQCC2;NDUFB4;NDUFS4;NDUFAF2;NDUFC2;UQCC5;COA8;SLC25A33;TMEM186"
"Ear Morphogenesis (GO:0042471)","1/24",0.998733186240812,0.99999537209541,0,0,0.135561470965198,0.000171840004270924,"NEUROG1"
"Eosinophil Chemotaxis (GO:0048245)","1/24",0.998733186240812,0.99999537209541,0,0,0.135561470965198,0.000171840004270924,"CCL18"
"Eosinophil Migration (GO:0072677)","1/24",0.998733186240812,0.99999537209541,0,0,0.135561470965198,0.000171840004270924,"CCL18"
"Positive Regulation Of Interleukin-17 Production (GO:0032740)","1/24",0.998733186240812,0.99999537209541,0,0,0.135561470965198,0.000171840004270924,"PHB1"
"Positive Regulation Of Natural Killer Cell Mediated Immunity (GO:0002717)","1/24",0.998733186240812,0.99999537209541,0,0,0.135561470965198,0.000171840004270924,"CADM1"
"Granulocyte Chemotaxis (GO:0071621)","8/73",0.998756522150586,0.99999537209541,0,0,0.38323064219018,0.000476835343353954,"CXCL8;ANXA1;SYK;GBF1;PDE4B;CXCL13;CCL18;PF4"
"Cellular Defense Response (GO:0006968)","4/48",0.99887837946883,0.99999537209541,0,0,0.283228322832283,0.00031785299045879,"ITGB1;GNLY;CCR3;CCR2"
"Late Endosome To Vacuole Transport Via Multivesicular Body Sorting Pathway (GO:0032511)","1/25",0.999040250846089,0.99999537209541,0,0,0.129904487047344,0.000124735588550039,"UBAP1"
"Neutrophil Chemotaxis (GO:0030593)","7/70",0.999314558911094,0.99999537209541,0,0,0.345946565760807,0.000237207295842546,"CXCL8;SYK;GBF1;PDE4B;CXCL13;CCL18;PF4"
"Antimicrobial Humoral Response (GO:0019730)","12/100",0.99932112870987,0.99999537209541,0,0,0.424305033809166,0.000288146323914039,"CXCL8;GNLY;DEFA5;H2BC11;CST9;RNASE3;CXCL13;PLA2G6;LYZ;CAMP;LTF;PF4"
"Epigenetic Regulation Of Gene Expression (GO:0040029)","9/83",0.999397880436119,0.99999537209541,0,0,0.378551378138411,0.000228001839786091,"HDAC4;KAT2B;HDAC5;PHB1;TFAP2C;DPY30;ARID1B;RNF2;GLYR1"
"Neutrophil Migration (GO:1990266)","8/77",0.999409251118721,0.99999537209541,0,0,0.360918632343613,0.000213275280560651,"CXCL8;SYK;GBF1;PDE4B;EMP2;CXCL13;CCL18;PF4"
"Positive Regulation Of Leukocyte Mediated Cytotoxicity (GO:0001912)","4/51",0.999420222604093,0.99999537209541,0,0,0.265097254406292,0.00015374196818853,"CADM1;CD1D;CYRIB;ULBP3"
"Lymphocyte Chemotaxis (GO:0048247)","3/44",0.999452761633922,0.99999537209541,0,0,0.227962516787469,0.000124783981619788,"CXCL13;CCL18;MSMP"
"Intracellular Protein Transport (GO:0006886)","55/325",0.999501020174873,0.99999537209541,0,0,0.631791474609903,0.000315329877685647,"IPO11;ARF1;NXT1;CSE1L;CLTC;SNX13;AP4M1;IPO8;HERC2;MAP1LC3C;AKT2;LAMP2;TLK1;EIF2D;FAM53A;SIL1;SYK;VPS33B;TIMM23;TSC2;AP3B1;ARFGAP3;NUP93;RAB32;ARL4C;RAB31;SCG5;NUP98;RAB1A;NLGN1;ARL6;AKAP6;VPS26B;STK4;NAPG;STX11;TIMM50;RAB21;RAB20;SCFD2;NUP42;SYNDIG1;AP4S1;RAB28;RAB6B;CACNG3;CACNG4;HSPA9;RIC1;SMURF1;STAT3;XPO7;SORL1;UBAP1;RAN"
"Positive Regulation Of Transcription Initiation By RNA Polymerase II (GO:0060261)","4/52",0.999535453826278,0.99999537209541,0,0,0.259557205720572,0.000120604322087176,"SRF;MED9;MED27;TAF3"
"Pyroptosis (GO:0070269)","1/28",0.999581999831164,0.99999537209541,0,0,0.115447750368385,4.82672677116286e-05,"IGF2BP1"
"Transcription By RNA Polymerase III (GO:0006383)","1/28",0.999581999831164,0.99999537209541,0,0,0.115447750368385,4.82672677116286e-05,"ZFP36L1"
"Defense Response To Gram-positive Bacterium (GO:0050830)","9/85",0.999582458274126,0.99999537209541,0,0,0.368540595759479,0.000153913211238492,"CHGA;H2BC11;DEFA5;RNASE3;RNASE12;LYZ;MR1;CAMP;MBL2"
"Regulation Of Proteasomal Protein Catabolic Process (GO:0061136)","4/53",0.999628016195311,0.99999537209541,0,0,0.254243281471004,9.45919775909883e-05,"PRKN;GNA12;COMMD1;NUDT15"
"Ribosomal Large Subunit Biogenesis (GO:0042273)","4/54",0.999702281423073,0.99999537209541,0,0,0.249141914191419,7.41852198529534e-05,"EBNA1BP2;NVL;NEDD4;MALSU1"
"ncRNA Processing (GO:0034470)","11/100",0.999752788380599,0.99999537209541,0,0,0.384471125614775,9.5057479717028e-05,"EBNA1BP2;NVL;RPP30;INTS3;XRN2;TUT1;PIN4;IGF2BP3;INTS6;TSEN2;INTS9"
"Response To UV (GO:0009411)","11/100",0.999752788380599,0.99999537209541,0,0,0.384471125614775,9.5057479717028e-05,"MSH6;PARP1;NEDD4;DHX36;ZBTB1;UBE4B;MAP3K4;N4BP1;EGFR;AQP1;RBX1"
"Cellular Response To Heat (GO:0034605)","2/40",0.999793354145374,0.99999537209541,0,0,0.163971785132935,3.38875911591288e-05,"DHX36;THBS1"
"Regulation Of Transcription By RNA Polymerase II (GO:0006357)","428/2028",0.999812626576949,0.99999537209541,0,0,0.819188517179024,0.000153508538747239,"ATF1;RB1;PHB1;EHF;MYT1L;EHMT1;SLA2;RBPJ;BACH1;BACH2;ELK4;DCAF1;MEIOSIN;TBK1;ZMIZ2;CREB3L1;CREB3L2;MYB;ZNF18;HES6;MEF2C;PRKCB;ZNF281;MRTFB;RFX2;SOX13;RFX3;MED9;SOX11;BHLHA15;ISL1;ISL2;ZSCAN20;BIN1;ATF7;NOBOX;PRKD1;HOXB1;MAML3;ATF6;CLOCK;SKAP1;ZBTB8A;ZNF394;CTBP2;CTBP1;GATA6;GATA5;GATA4;PRDM10;MTDH;POU5F1B;GALR1;PRDM16;HOXC5;HOXC4;HOXC6;ZNF143;JAG1;FZD5;PBX3;NFATC3;NFATC2;NFATC1;NR1D2;NR0B1;NR2F2;ST18;POU6F1;ISX;MLLT10;TADA2A;TMEM98;NANOG;ZBTB8B;MESP2;SETD3;TCF24;TCF20;TFCP2L1;HIF3A;EFCAB7;GLI3;PHF8;GLI2;HEY2;ELOC;TEAD1;RIPK2;ANXA4;TCF12;EN2;EN1;TET1;PAX6;BAZ1A;FOS;MED27;SIRT1;NCOR2;KAT2B;NCOR1;TGIF2LX;ZNF239;PPARG;ZNF236;ASCL4;NFIX;ZNF350;NR1I2;EGFR;GBX2;STAT4;ZNF589;MEF2D;BRD4;STAT1;ATAD2;STAT3;ELP3;WWP2;POU4F1;TARBP1;SKI;HEYL;NFIA;WT1;NFIB;ZNF697;FRK;PF4;ZBTB25;ZBTB24;ZBTB21;UBP1;UBE2D1;PARK7;FOXQ1;SALL1;SALL3;RUVBL1;KMT5A;UBE2E1;MITF;GTF2F2;HIC1;FOXP2;ZNF438;ADNP;ZNF675;GLYR1;DLX1;KMT2D;DLX2;DLX5;KMT2C;GLIS3;NPAS1;NPAS2;SCRT2;ATXN1;ATXN7;TTC21B;MBIP;DVL2;ABL1;SAFB2;NKX6-1;MAP2K5;GLMP;ESRRG;HOPX;MLXIPL;DAB2;TFCP2;SP2;LHX2;NFE2L3;ZNF778;ZNF536;ZNF652;CALCOCO1;TRO;HHEX;SIN3B;SIN3A;NKX3-1;NCK1;ACTR3;BCAS3;PROP1;PPP1R12A;ATRX;ADRA2A;FOXD4L5;DUX4L3;TRAF6;FOXD4L3;SOS1;MET;HDAC4;HDAC5;NFAT5;SMARCD2;SMARCD3;SRF;HDAC8;CXXC5;TBXT;BARX2;DNAJB4;RBBP8;E2F5;E2F6;FNIP2;E2F7;ZNF740;MLXIP;IRX1;IRX2;FOXJ3;FOXJ2;FOXJ1;TBX4;KLF3;KLF2;TBX2;ASXL1;KLF7;KLF6;POU2AF1;ASXL3;TRIM33;SMARCAL1;TCERG1;APP;IKZF3;FERD3L;ZNF608;DPF1;TNFSF11;DPF3;SOX9;SOX6;TP63;SOX4;SMARCC1;RUNX3;MAGEB2;EZR;EPAS1;TXK;TSHZ2;ZBTB1;ZBTB5;CDKN2AIP;MED12L;MIER3;ZNF704;DHX36;HIVEP1;HIVEP3;STAT5A;WWTR1;BCL11B;GADD45A;IGF1;SMARCA1;SMARCA2;ID4;CREBRF;ATM;SIM2;RCOR1;CSRNP1;HMX3;CITED2;HNF4G;AKR1B1;WASL;MEOX2;PPP3CA;SUFU;ZNF587B;FOXD4;PBRM1;PARP1;NCOA3;TFEB;RGMA;TOX3;TOX2;GAL;NR5A2;TFEC;VGLL3;YAP1;PRKN;FOXC1;PTH;RXRA;CUX2;CUX1;CREG1;HSF2;TBL1X;RTRAF;FOXB2;IL33;FOXB1;ARNT2;CDX2;GRHL3;GRHL2;VEGFA;BATF;PER2;PER1;F2RL1;CAMK1;ZNF354A;NEUROG1;FOXA1;CRTC3;MAGEB18;CRTC1;WWC2;JADE1;NUCKS1;PRDM1;NR3C1;ETS2;LOXL2;NR3C2;HOXA10;WWC3;ARID2;MSX2;HGF;WNT5A;ARID5B;LMO7;POU3F2;POU3F4;MYCN;PSEN1;RPRD1B;SUDS3;WNT2;CBX7;TFAP2C;ZFHX3;SMAD4;POU2F1;SMAD3;AUTS2;CAV1;HMGA1;HMGA2;SMAD9;INHBA;SUPT5H;SMAD6;BMP6;PHOX2B;ESR2;EFNA1;NFKBIA;DLG1;GDNF;JMY;MKRN2;MYF6;PHF14;TCF4;MXD1;BMPR1B;BMPR1A;THRA;CHD6;LDB2;NR2E1;CHD3;MYSM1;IRF2BPL;FLCN;SIX6;ZIC3;TRPS1;GPER1;MYBL1;KLF13;OLIG3;ETV1;PEX2;ETV3;ARID1A;ARID1B;KLF15;DCN;ETV6;GREM1;ELF2;THRAP3;IRF7;CDH13;ITGB1BP1;IRF6;FBP1;CREB5;CAMK2D;LEF1;RNF2;ATAD2B;CRYM;HES2;SNCA;TCF7L1;KDM4C;USP22;ARID3B;USF3;POMC;TBX15;BRMS1L;CDK2AP1;LPIN2;TAF3"
"Transcription By RNA Polymerase II (GO:0006366)","27/192",0.999831278231346,0.99999537209541,0,0,0.508137541215261,8.57410980713874e-05,"NFAT5;CTDP1;NFIX;THRA;GLIS3;ZBTB1;GTF2E2;RXRA;PCF11;NOCT;RPRD1B;RPRD1A;ELOC;PBRM1;KLF13;PARP1;ETV1;PEX2;SUPT5H;MED27;GTF2F2;TFCP2;XRN2;NFE2L3;TBPL1;PPARG;TAF3"
"Ribosomal Small Subunit Biogenesis (GO:0042274)","8/84",0.999844106837703,0.99999537209541,0,0,0.327524012342996,5.10627342814158e-05,"UTP6;LSM6;BMS1;SRFBP1;IGF2BP3;RIOK1;UTP18;RPS23"
"Mitotic Metaphase Plate Congression (GO:0007080)","3/50",0.999866517204179,0.99999537209541,0,0,0.198781937929733,2.65357399053859e-05,"CDC23;CHMP1B;PINX1"
"Positive Regulation Of Immune Response (GO:0050778)","7/80",0.999904095552389,0.99999537209541,0,0,0.298358709020739,2.8615299367833e-05,"C7;F2RL1;CCR7;CD1D;IL6ST;SIRT1;SKAP1"
"Response To Type II Interferon (GO:0034341)","7/80",0.999904095552389,0.99999537209541,0,0,0.298358709020739,2.8615299367833e-05,"STAT1;WNT5A;CD47;CD58;CCL18;GBP1;SNCA"
"Regulation Of Interleukin-17 Production (GO:0032660)","1/34",0.999918994862319,0.99999537209541,0,0,0.0944197697444451,7.64879624803117e-06,"PHB1"
"rRNA Processing (GO:0006364)","10/101",0.999930499909347,0.99999537209541,0,0,0.341721475550472,2.37504988693782e-05,"EBNA1BP2;LSM6;NVL;NEDD4;XRN2;C1D;SRFBP1;PIN4;IGF2BP3;RIOK1"
"Regulation Of DNA-templated Transcription (GO:0006355)","398/1922",0.999944357482317,0.99999537209541,0,0,0.798826617261078,4.4449960841915e-05,"ATF1;RB1;PHB1;EHF;MYT1L;EHMT1;RBPJ;BACH1;BACH2;ELK4;MEIOSIN;MSANTD1;ZMIZ2;CREB3L1;CREB3L2;MYB;CDK5RAP2;ZNF18;HES6;MEF2C;PRKCB;ZNF281;RFX2;SOX13;RFX3;ZSCAN20;ATF7;NOBOX;HOXB1;ATF6;CLOCK;SKAP1;ZBTB8A;ZNF394;CTBP2;MEAF6;CTBP1;GATA6;GATA4;ZNF22;BCL10;PRDM11;MTDH;POU5F1B;PRDM16;HOXC5;HOXC4;HOXC6;FZD1;CDK18;ZNF143;AFAP1L2;IL31RA;PBX3;NFATC3;NFATC2;NFATC1;NR1D2;NR0B1;NR2F2;POU6F1;ISX;MLLT10;TADA2A;TMEM98;NANOG;ZBTB8B;CDK14;FANK1;MESP2;GPI;SETD3;SPIN3;TCF24;KDM8;TCF20;TFCP2L1;HIF3A;GLI3;PHF8;GLI2;ING4;HEY2;ELOC;TEAD1;ANXA4;TESC;TCF12;EN2;EN1;PAX6;BAZ1A;FOS;MED27;SIRT1;NCOR2;KAT2B;NCOR1;ZNF239;PPARG;ZNF236;ASCL4;NFIX;ZNF350;CIPC;NR1I2;EGFR;NSD3;GBX2;NSD2;STAT4;BRD4;ZNF341;STAT1;ATAD2;STAT3;ELP3;WWP2;WTIP;POU4F1;AGT;TARBP1;HEYL;RYBP;NFIA;WT1;NFIB;ZNF697;ZNF331;ZBTB24;ZBTB21;UBP1;FOXQ1;SALL1;SALL3;RUVBL1;SCMH1;KMT5A;MAP3K5;KCNH2;MAP2K1;MITF;HIC1;FOXP2;KAT6B;KAT6A;ZNF438;ADNP;ZNF675;INO80C;KMT2D;DLX5;GLIS3;NPAS1;NPAS2;SCRT2;ATXN1;ATXN7;TTC21B;MBIP;DVL2;ABL1;SAFB2;ZNF423;NKX6-1;ZNF664;ATP8B1;ESRRG;FOXN2;HOPX;MLXIPL;TFCP2;SP2;LHX2;NFE2L3;ZNF658;ZNF536;ZNF652;RNF187;CALCOCO1;BNC2;SUMO4;HHEX;SIN3A;HMG20A;SOST;CEP290;NKX3-1;PROP1;ATRX;ADRA2A;FOXD4L5;DUX4L3;TRAF6;ZNF516;LANCL2;FOXD4L3;SOS1;HDAC4;HDAC5;NFAT5;SMARCD2;SMARCD3;TBXT;BARX2;RBBP8;E2F5;E2F6;E2F7;TRIM44;ZNF740;BEND5;MLXIP;IRX1;IRX2;ASCC1;FOXJ3;FOXJ2;TBX4;KLF3;PML;KLF2;TBX2;KLF7;KLF6;ZNF737;TNP1;TRIM33;SMARCAL1;IKZF3;FERD3L;UBE2L3;ZNF608;DPF1;KAT8;DPF3;SOX9;SOX6;SOX7;TP63;SOX4;SMARCC1;RUNX3;ZNF716;EPAS1;IGSF1;TSHZ2;ZBTB5;CDKN2AIP;SEC14L2;ZNF704;DHX36;ZNF703;HIVEP1;HIVEP3;STAT5A;WWTR1;INSR;SETDB2;IGF1;SMARCA1;SMARCA2;ID4;CREBRF;SIM2;RCOR1;CSRNP1;HMX3;CITED2;IFNA2;HNF4G;AKR1B1;LIMD1;MEOX2;HINT1;SUFU;CD38;FOXD4;PRMT6;PBRM1;PARP1;PRMT2;TFEB;CBFA2T2;RGMB;COMMD7;TOX3;TOX2;NR5A2;TFEC;DEPDC1;VGLL3;YAP1;FOXC1;CAMKK2;RXRA;CUX1;CREG1;HSF2;TBL1X;FOXB2;FOXB1;ARNT2;CDX2;GRHL3;GRHL2;BATF;PER2;PER1;ZNF354A;NEUROG1;CDK5R1;PRDM8;CD86;FOXA1;WWC2;JADE1;PRDM1;NR3C1;ETS2;LOXL2;NR3C2;HOXA10;WWC3;ARID2;MSX2;FBXW11;WNT5A;ARID5B;POU3F2;POU3F4;ZNF92;MYCN;PPIE;PSEN1;TASP1;SUDS3;ASIC2;TFAP2C;ZFHX3;SMAD4;POU2F1;NIBAN2;SMAD3;HMGA1;HMGA2;SMAD9;INHBA;SMAD6;BMP7;PHOX2B;ESR2;DAP;JMY;MYF6;PHF14;TCF4;MXD1;PICALM;KDM5A;THRA;CHD3;SIX6;YWHAQ;ZIC3;TRPS1;MYBL1;KLF13;ETV1;GLRX2;ETV3;ARID1A;ARID1B;KLF15;ETV6;DNM2;ELF2;SETBP1;THRAP3;IRF7;IRF6;CREB5;CAMK2D;LEF1;TGFBRAP1;RNF6;RNF2;WNT11;HES2;ATF7IP;KDM4A;TCF7L1;KDM4C;USP22;ARID3B;TBX15;PITHD1;CDK2AP1"
"Transcription Initiation At RNA Polymerase II Promoter (GO:0006367)","6/76",0.999944627875828,0.99999537209541,0,0,0.266694180767643,1.47678321602639e-05,"MED9;ELOC;MED27;GTF2F2;TAF3;GTF2E2"
"RNA Splicing (GO:0008380)","9/98",0.999961784335849,0.99999537209541,0,0,0.314437378632893,1.20166628723227e-05,"SRPK2;TCERG1;SNRNP40;LSM6;PRPF18;SNRPD1;SCAF11;WT1;MAGOHB"
"Defense Response To Bacterium (GO:0042742)","27/204",0.999965529311049,0.99999537209541,0,0,0.473308158426276,1.63155395125446e-05,"COLEC12;RAB1A;NOD1;PLA2G6;CXCL13;LYST;AQP1;GNLY;IL6R;GBP1;CAMP;MBL2;CHGA;SYK;DEFA5;TFEB;SLC30A1;RNASE3;RNASE12;LYZ;DEFB132;MR1;IRGM;H2BC11;DEFB130A;OPTN;LTF"
"RNA Polymerase II Preinitiation Complex Assembly (GO:0051123)","3/56",0.999966241583881,0.99999537209541,0,0,0.176208282586956,5.94861293556074e-06,"MED9;MED27;TAF3"
"RNA Splicing, Via Transesterification Reactions With Bulged Adenosine As Nucleophile (GO:0000377)","22/180",0.999978823164098,0.99999537209541,0,0,0.432135650077312,9.15136264796903e-06,"AQR;RBM19;CWF19L2;MAGOHB;PRPF19;LSM3;LSM8;METTL14;SNRNP40;LSM6;SNRPD1;DHX35;FRG1;GEMIN5;PPIE;RALY;SNRPB2;BUD13;SRSF5;PABPC1;RBM10;CTNNBL1"
"mRNA Processing (GO:0006397)","28/214",0.99997972257063,0.99999537209541,0,0,0.46690383209401,9.46770546858202e-06,"TCERG1;CWF19L2;PRPF19;METTL14;SNRPD1;DHX35;RPRD1B;RALY;SNRPB2;RPRD1A;RBM10;CTNNBL1;AQR;CPSF7;SCAF11;RBM19;MAGOHB;LSM3;LSM8;SNRNP40;PRPF18;LSM6;FRG1;GEMIN5;PPIE;BUD13;PABPC1;SRSF5"
"Ribosome Assembly (GO:0042255)","2/50",0.999981246505783,0.99999537209541,0,0,0.129725085910653,2.43282146047477e-06,"EFNA1;MTERF4"
"Peptide Biosynthetic Process (GO:0043043)","18/158",0.999981589610611,0.99999537209541,0,0,0.399172527927182,7.34898932143463e-06,"RPL4;PCSK1;RPS4Y2;RPL32;MRPS18A;RRBP1;RPS4Y1;GSPT1;DARS1;ZAR1;EEF1A1;MRPL3;RPS29;IGF2BP3;GGT3P;GGT1;RPS23;RPL19"
"Transcription Preinitiation Complex Assembly (GO:0070897)","3/59",0.999981994812078,0.99999537209541,0,0,0.166735409362755,3.00212940587024e-06,"MED9;MED27;TAF3"
"rRNA Metabolic Process (GO:0016072)","7/91",0.999986802878742,0.99999537209541,0,0,0.259098727210182,3.41937988385632e-06,"EBNA1BP2;XRN1;NVL;XRN2;IGF2BP3;PIN4;ZFP36L1"
"Ribonucleoprotein Complex Biogenesis (GO:0022613)","11/118",0.99998721218482,0.99999537209541,0,0,0.319411491021975,4.08460123024446e-06,"EBNA1BP2;UTP6;NVL;BMS1;ZNF658;URB2;IGF2BP3;RIOK1;MALSU1;UTP18;RPS23"
"Cytoplasmic Translation (GO:0002181)","7/93",0.999989971291196,0.99999537209541,0,0,0.253039575683395,2.53767294527411e-06,"RPL4;RPL32;RPS29;EIF3I;RPL22L1;RPL19;RPS23"
"mRNA Splicing, Via Spliceosome (GO:0000398)","26/211",0.999990442031504,0.99999537209541,0,0,0.435745567365957,4.16486230904648e-06,"CWF19L2;PRPF19;METTL14;SNRPD1;DHX35;RALY;SNRPB2;SMN1;RBM10;CTNNBL1;SRPK2;AQR;SCAF11;RBM19;MAGOHB;DNAJC17;LSM3;LSM8;SNRNP40;LSM6;FRG1;GEMIN5;PPIE;BUD13;PABPC1;SRSF5"
"RNA Processing (GO:0006396)","21/183",0.999991104409291,0.99999537209541,0,0,0.402117497335879,3.57708858356138e-06,"SRPK2;TCERG1;TUT7;RBPMS;SCAF11;ELAVL4;ADARB1;ADARB2;MAGOHB;TENT4B;LSM3;SNRNP40;ATXN1;LSM6;PRPF18;SNRPD1;WT1;XRN2;RBMS1;SRSF5;RBMS2"
"Translation (GO:0006412)","29/234",0.999992928806589,0.99999537209541,0,0,0.438293138063041,3.09926650769375e-06,"RPL4;RPS4Y2;RPL32;GFM2;MRPL17;RRBP1;MRPS30;RPS4Y1;GSPT1;MRPL3;EEF2K;MRPL1;IGF2BP3;RPL19;MRPS28;MRPS27;MRPS22;MRPS18A;GATB;QRSL1;MRPL46;DARS1;MRPL44;ZAR1;EEF1A1;MRPS9;RPS29;RPL22L1;RPS23"
"DNA-templated Transcription (GO:0006351)","23/199",0.999992974028743,0.99999537209541,0,0,0.405170466311489,2.84672605087958e-06,"DIDO1;NFAT5;SMAD4;NFIX;CRCP;KLF13;PARP1;THRA;MTERF4;GLIS3;ETV1;GTF2F2;GTF2E2;ZFP36L1;SPOCD1;UBTFL1;NOCT;MKRN2;NFE2L3;TBPL1;MTERF1;SMN1;SLC25A33"
"Macromolecule Biosynthetic Process (GO:0009059)","20/183",0.999993551597239,0.99999537209541,0,0,0.380515378052249,2.45372432586539e-06,"RPL4;RPS4Y2;RPL32;PTH;MRPS18A;RRBP1;INHBA;RPS4Y1;GSPT1;DARS1;ZAR1;EEF1A1;EXT1;MRPL3;EEF2K;RPS29;ST3GAL4;IGF2BP3;RPS23;RPL19"
"Gene Expression (GO:0010467)","39/296",0.999993600124649,0.99999537209541,0,0,0.469504204323408,3.00477799955478e-06,"RPL4;RPS4Y2;NXT1;RPL32;ELAVL4;RRBP1;ADARB1;ADARB2;RPS4Y1;TSPAN33;GSPT1;SMG6;MRPL3;HHEX;ATXN1;TASP1;IGF2BP3;RPL19;TGM2;MBTPS1;RBPMS;GALNT2;TESC;ABCC6;MRPS18A;THOC3;MAGOHB;THOC5;SORL1;DARS1;ZAR1;EEF1A1;SNRNP40;TSPAN14;RPS29;XRN2;RBMS1;RBMS2;RPS23"
"Sensory Perception Of Smell (GO:0007608)","13/230",0.999994618144319,0.99999537209541,0,0,0.184848909065456,9.94832828487873e-07,"OR1D5;OR4E2;SLC24A4;OR10G2;OR13G1;OR8U8;OR9Q2;OR5M11;DRD2;OR2A4;BBS4;OR13C4;CNGB1"
"Sensory Perception Of Chemical Stimulus (GO:0007606)","8/110",0.999995007274457,0.99999537209541,0,0,0.24361652175321,1.21631346724233e-06,"OR5M11;OR1D5;SLC24A4;OR8U8;OR9Q2;CD36;DRD2;BBS4"
"protein-RNA Complex Assembly (GO:0022618)","13/150",0.999995063020459,0.99999537209541,0,0,0.294358640184752,1.4532461717537e-06,"SRPK2;CPSF7;SCAF11;PRPF19;PRPF18;SNRPD1;EIF3I;EIF3J;EIF3G;GEMIN5;EIF2D;SRSF5;SMN1"
"Ribosome Biogenesis (GO:0042254)","13/155",0.999995140720445,0.99999537209541,0,0,0.283899304069925,1.37954943565026e-06,"UTP6;NVL;URB2;MALSU1;UTP18;EBNA1BP2;BMS1;XRN2;ZNF658;PIN4;IGF2BP3;RIOK1;RPS23"
"Detection Of Chemical Stimulus Involved In Sensory Perception (GO:0050907)","6/141",0.999995351492066,0.99999537209541,0,0,0.137689732654652,6.40053302295822e-07,"OR4E2;SLC24A4;OR10G2;OR13G1;OR2A4;OR13C4"
"Detection Of Chemical Stimulus Involved In Sensory Perception Of Smell (GO:0050911)","6/139",0.99999537209541,0.99999537209541,0,0,0.139778873514782,6.46884787231398e-07,"OR4E2;SLC24A4;OR10G2;OR13G1;OR2A4;OR13C4"
