"Term","Overlap","P.value","Adjusted.P.value","Old.P.value","Old.Adjusted.P.value","Odds.Ratio","Combined.Score","Genes"
"Adherens Junction (GO:0005912)","61/150",6.24682601307811e-06,0.00270487566366282,0,0,2.15431790412266,25.816133013691,"CTNND2;PTPRM;LDB3;PARK7;LIMD1;CDH9;CDH7;CDH4;CHAF1B;CDH2;PGM5;DSP;ANXA1;TMOD3;SHROOM3;FRMD4A;FRS2;FRMD4B;AJAP1;PARD3B;FRMD5;LRRC7;CDH11;PKP2;CDH12;CDHR3;PKP1;CDH13;EZR;PLPP3;CDH17;JCAD;VCL;CDH18;CRB1;LIN7A;ADD1;CYTH3;IGSF21;PDLIM3;CCDC85C;CCDC85A;CTNNA3;STXBP6;CTNNA2;PDLIM5;S100A11;JAG1;NIBAN2;RDX;MSN;WTIP;ALOX15B;VEGFA;MYO1E;DLG1;KRT18;APC;DLG5;FERMT2;NECTIN1"
"Axon (GO:0030424)","69/205",0.0014546310320397,0.314927618436594,0,0,1.59238602403119,10.4030626669692,"APP;CNTNAP2;GSK3B;ROBO4;PTPRS;KCNC2;KCNC4;PTPRO;ELAVL4;PARK7;SLC6A3;SLC8A1;GRM3;PCLO;GRM7;GPER1;LRRTM1;NRCAM;DIP2B;EMB;BSN;ATP7A;SPG11;EPHA5;KIRREL3;EPHA4;SEMA6A;MME;COBL;BIN1;PALLD;MAP1B;SCN8A;FEZ2;ALDH1A1;RIN3;DSCAML1;MTMR2;SLC1A1;ADAM22;HTT;RNF6;FXR1;DHX36;MAP7;MAP6;MAP4;CTNNA2;DRD2;MAP9;SNCA;SYT4;NTRK2;KCNB1;STAT1;INSR;NTRK3;DTNBP1;MYO1D;NFASC;PTK7;NFIB;CNTN1;NF1;CNTN4;VIM;CD200;ADGRL3;CDK5R1"
"Cell-Cell Junction (GO:0005911)","92/299",0.00583656482940673,0.723634518309619,0,0,1.39505135387488,7.17560409719568,"PTPRU;PATJ;B4GALT1;WDR1;CTNND2;ITGB3;PTPRM;LDB3;PARK7;LIMD1;CDH9;FGFRL1;VSIG10;CDH7;FLCN;CHAF1B;CDH4;CDH2;PGM5;CD53;KIRREL3;DSP;ANXA1;OPALIN;TMOD3;KAZN;SHROOM3;FRS2;FRMD4A;FRMD4B;AJAP1;PARD3B;TIAM1;FRMD5;LRRC7;CDH11;FSCN1;PKP2;CDH12;CDHR3;PKP1;CDH13;EZR;PLPP3;DSG4;DSC1;CDH17;JCAD;VCL;CDH18;SDCCAG8;CRB1;COL13A1;AHNAK;ILDR1;LIN7A;ADD1;MTDH;RAP1B;CYTH3;IGSF21;PDLIM3;CCDC85C;PERP;CCDC85A;CTNNA3;STXBP6;CTNNA2;PCDH1;PDLIM5;S100A11;JAG1;NIBAN2;CADM1;RDX;MSN;CDC42BPB;WTIP;CDC42BPA;ALOX15B;GRHL2;VEGFA;MYO1E;DLG1;KRT18;APC;PTK7;DLG5;TEK;FERMT2;ADGRL3;NECTIN1"
"TORC2 Complex (GO:0031932)","5/7",0.0112402578862592,0.723634518309619,0,0,7.81204868991129,35.0624548056252,"PRR5;PRR5L;RICTOR;MTOR;TTI1"
"Extrinsic Component Of Cytoplasmic Side Of Plasma Membrane (GO:0031234)","28/77",0.0116492805845551,0.723634518309619,0,0,1.78855721393035,7.96357040672977,"TRAF3IP2;GNAI1;GNAT3;GNA12;FYN;RGS8;TGM3;CYTH1;LYN;FARP1;GRAMD2A;YES1;SYK;STAC3;GNAO1;HCK;TIAM1;FER;SNX18;GNAL;TRAF6;GNAQ;GNB4;ESYT2;GNB5;FERMT2;FRK;GCOM1"
"Neuron Projection (GO:0043005)","158/557",0.0134517891141373,0.723634518309619,0,0,1.2442386323713,5.3609802754397,"CYFIP2;CHRM3;APP;CHRM1;STMN2;FAM107A;STMN4;PARK7;SLC8A1;CRHBP;SCGN;TMEM266;HTR7;CDH2;ADORA3;ADORA1;CAPN2;NRCAM;DIP2B;BSN;RGS8;FBXO7;RGS6;EPHB3;EPHA5;KIRREL3;EPHA4;GHSR;SEMA6A;EPHA6;FBXW11;MAGI2;ANK2;ANK3;GABRG3;BIN1;MAP1B;SCN8A;FEZ2;RIN3;GRIA1;CHRNA1;MTMR2;ADCYAP1R1;CHRNA2;CHRNA7;SLC1A1;SLC1A3;PSEN1;MCHR1;FXR1;BRINP2;HRH3;KIF3B;HRH2;DHX36;PENK;ABL1;MAP7;MAP6;APOD;SMN1;KCNN3;MAP4;DRD2;BRINP3;MARK3;MAP9;SYT4;CADM1;HOMER1;HOMER2;PLK2;INSR;RAB27A;SLC6A6;DLG1;GRIN3A;PTK7;NF1;CNTN1;STRN;CNTN4;CPEB2;CNIH3;CD200;CNTNAP2;SNAP25;PCSK1;GSK3B;ROBO4;PTPRS;TENM3;TENM4;KCNC2;KCNC4;RASGRF1;PTPRO;ELAVL4;SLC6A3;ROBO1;GRM3;PCLO;GRM7;GPER1;LRRTM1;DNER;PRLHR;EMB;ATP7A;SPG11;CCR2;PACRG;MME;HTR3C;COBL;SSTR4;PALLD;ALDH1A1;CDH13;RGS7BP;ARHGEF7;DSCAML1;PRKN;NLGN1;CAMK2D;NPY4R;ADAM22;ATP1A4;HTT;RNF6;STRN3;P2RY1;GNA12;CHRNA10;FYN;CTNNA2;SNCA;FARP1;NTRK2;KCNB1;STAT1;NTRK3;BNIP3;DTNBP1;OPRK1;SORBS2;MYO1D;KISS1;NFASC;RIT2;MLPH;GLRB;GPR149;RGS12;VIM;ADGRL3;CDK5R1"
"Early Endosome (GO:0005769)","91/307",0.0172665518507093,0.723634518309619,0,0,1.32131827269403,5.36320981759559,"PLEKHF2;APP;WASHC5;CNTNAP2;PHB1;DAGLA;PLEKHF1;WIPF3;DYSF;SNX13;RCSD1;AP4M1;LAPTM4B;AP1G1;GPER1;DNER;KDR;ANKFY1;AP3S2;ATP7A;B2M;WASHC3;BOK;EPHA4;MAP2K1;ANXA1;MME;PLA2G4E;VPS33B;AP1B1;LMTK2;APOA1;AP3B1;TBC1D2B;COMMD1;TICAM1;MR1;RAB32;ZFYVE16;RAB31;MYL1;SLC9A9;RIN3;WDFY2;ATP6V0D1;ATP6V0D2;CFTR;LTF;GRIA1;VAC14;ASAH1;PARM1;MGRN1;TGFBRAP1;CXCR4;HTT;ADRB1;VPS26B;EGFR;ECPAS;RAB21;NEU3;RAP1A;RPS6KC1;SYNDIG1;MAPK1;SNX7;KIAA0319;TBC1D16;NTRK2;PTPN1;RABGAP1L;MON2;RAB4A;FZD5;CAV1;OR51E2;CTNS;LNPEP;SORL1;IGF2R;TMEM230;FIG4;ENTREP1;MYO1B;EHD4;SNX16;NAPEPLD;F2RL1;ATP13A3;PICALM"
"Dendrite (GO:0030425)","81/270",0.017605931121645,0.723634518309619,0,0,1.34374345001048,5.42807778621787,"CHRM3;CNTNAP2;GSK3B;CHRM1;DAGLA;KCNC2;KCNC4;ELAVL4;CLU;SLC8A1;CRHBP;SCGN;TMEM266;HTR7;GRM7;ADORA3;GPER1;DNER;ADORA1;CAPN2;DIP2B;BSN;RGS8;ATP7A;SPG11;EPHB3;CCR2;EPHA5;KIRREL3;EPHA4;EPHA6;MME;MAGI2;COBL;ANK3;GABRG3;BIN1;MAP1B;RIN3;GRIA1;MTMR2;NLGN1;SLC1A1;HTT;GIGYF2;STRN3;FXR1;BRINP2;HRH3;KIF3B;HRH2;DHX36;PENK;P2RY1;ABL1;MAP6;APOD;FYN;DRD2;BRINP3;MARK3;FARP1;NTRK2;HOMER1;HOMER2;KCNB1;STAT1;INSR;PLK2;BNIP3;ZNF804A;RAB27A;SORBS2;MYO1D;SLC6A6;MLPH;NF1;STRN;RGS12;CNIH3;CDK5R1"
"Brahma Complex (GO:0035060)","7/13",0.020615237438937,0.723634518309619,0,0,3.64616443068455,14.1534068776522,"SMARCC1;SMARCD2;SMARCD3;DPF3;ARID1A;ARID1B;SMARCA2"
"Postsynaptic Density (GO:0014069)","48/151",0.0213937410323004,0.723634518309619,0,0,1.45946339215702,5.61113596426251,"GRIA1;MTMR2;NLGN1;DAGLA;PTPRS;CTNND2;GRIK4;CACNA1C;ADD3;KALRN;SLC8A1;GRM1;INSYN2A;ADD1;INSYN2B;FXR1;SIPA1L1;ADGRA1;CDH2;NETO1;GPER1;P2RY1;SYNDIG1;USP50;FYN;SRGAP3;PDLIM5;CACNG3;GRIA3;CACNG4;NTRK2;S100G;HOMER1;KCND2;HOMER2;KCND3;MAGI2;DTNBP1;TSC2;INSYN1;DNM3;ARHGAP32;DLG1;GRIN3A;LRRC7;DLG5;STRN;CDK5R1"
"Cell-Cell Contact Zone (GO:0044291)","18/47",0.0225335408764291,0.723634518309619,0,0,1.94129228310958,7.36283703310096,"DSP;AHNAK;OPALIN;AKAP6;ANK2;ANK3;ATP1B1;FGFRL1;SLC8A1;AJAP1;FLCN;TIAM1;DLG1;CDH2;FXYD1;PKP2;PGM5;VCL"
"Clathrin Coat (GO:0030118)","8/16",0.022718990493014,0.723634518309619,0,0,3.12551610239472,11.8286848382002,"SYNJ1;CLTC;ENTHD1;KCNQ5;EPS15L1;EPN1;EPN2;PICALM"
"Platelet Alpha Granule Membrane (GO:0031092)","8/16",0.022718990493014,0.723634518309619,0,0,3.12551610239472,11.8286848382002,"TMX3;ITGB3;PCDH7;CD109;PHACTR2;LHFPL2;CD36;SNCA"
"Catenin Complex (GO:0016342)","12/28",0.0233969590215581,0.723634518309619,0,0,2.3448347107438,8.80520423837818,"CDH4;CDH2;CDH11;CDH23;CDH12;CDHR3;CDH13;CTNNA2;CDH9;CDH17;CDH18;CDH7"
"Postsynaptic Specialization Membrane (GO:0099634)","15/38",0.0269229128072468,0.777174749702525,0,0,2.03930751184259,7.3716430678634,"GRIA1;NLGN1;DAGLA;PTPRS;GRIK4;GRM1;DLG1;GRIN3A;NETO1;LRRTM1;SLITRK3;SYNDIG1;CACNG3;CACNG4;GRIA3"
"Sarcolemma (GO:0042383)","19/52",0.0321984478369861,0.80984724048703,0,0,1.80065709860868,6.18676434027806,"ITGB1;RYR2;CAV2;CAV1;DYSF;SLC2A1;DTNBP1;ANK2;ANK3;ATP1A1;ATP1B1;SLC8A1;AQP1;SGCD;FXYD1;SSPN;PGM5;PDE9A;VCL"
"nBAF Complex (GO:0071565)","7/14",0.0327357569944713,0.80984724048703,0,0,3.1250773993808,10.6855375020642,"SMARCC1;SMARCD3;DPF1;DPF3;ARID1A;ARID1B;SMARCA2"
"Vacuolar Membrane (GO:0005774)","21/59",0.0336657051472668,0.80984724048703,0,0,1.72847508960769,5.86173541595156,"SLC36A1;VAC14;SLC36A3;SLC36A2;ENTPD4;ATP6AP2;MAP1LC3B2;WIPI1;IRGM;VMP1;MAP1LC3A;ATG16L2;MAP1LC3C;ATG16L1;CHMP1B;JMY;RUBCNL;PRKD1;ATP6V0D1;ATP6V0D2;TECPR1"
"Potassium Channel Complex (GO:0034705)","27/81",0.0409632366604494,0.871366700077792,0,0,1.56414507772021,4.99756909498245,"KCNG1;CNTNAP2;KCNG2;KCNG3;KCNC2;LRRC38;KCNC4;GRIK4;KCNA6;LRRC55;KCNV1;KCNMB1;KCNMB2;KCNJ3;KCNH2;KCNJ5;KCND2;KCNIP1;KCNJ11;ABCC8;KCND3;KCNB1;KCNS1;KCNMA1;KCNQ3;KCNQ5;KCNK1"
"Pi-Body (GO:0071546)","5/9",0.0433530916427592,0.871366700077792,0,0,3.90550856199711,12.2569592602012,"PIWIL2;TDRD1;ASZ1;MOV10L1;TDRD5"
"Sodium:Potassium-Exchanging ATPase Complex (GO:0005890)","5/9",0.0433530916427592,0.871366700077792,0,0,3.90550856199711,12.2569592602012,"ATP4B;FXYD1;ATP1A4;ATP1A2;ATP1B1"
"Clathrin-Coated Vesicle (GO:0030136)","26/78",0.0442726729831673,0.871366700077792,0,0,1.56402818068794,4.87568214247294,"SFTA3;CEMIP;CLTC;ECE1;TGOLN2;AP1G1;FCHO2;DVL2;VTI1A;ATP7A;VWF;SGIP1;TNK2;VPS33B;AP2B1;IGF2R;MYO1E;LMBRD1;DAB2;SNX18;MYL1;RAB12;GPR107;SPG21;VAMP3;PICALM"
"Clathrin Coat Of Coated Pit (GO:0030132)","6/12",0.0475331034674538,0.894862339191631,0,0,3.12463887742468,9.51867770051962,"SYNJ1;SGIP1;AP2B1;EPS15L1;STON2;PICALM"
"Asymmetric Synapse (GO:0032279)","41/133",0.0500169145426026,0.902388499872788,0,0,1.39466620877879,4.17757484943902,"GRIA1;MTMR2;NLGN1;CTNND2;SLC1A1;CACNA1C;ADD3;KALRN;SLC8A1;INSYN2A;ADD1;INSYN2B;FXR1;SIPA1L1;ADGRA1;CDH2;GRM7;NETO1;GPER1;P2RY1;SYNDIG1;USP50;FYN;SRGAP3;PDLIM5;NTRK2;S100G;HOMER1;KCND2;HOMER2;KCND3;MAGI2;DTNBP1;TSC2;INSYN1;DNM3;ARHGAP32;LRRC7;DLG5;STRN;CDK5R1"
"Caveola (GO:0005901)","21/62",0.056304304399054,0.949338685657452,0,0,1.60168323479964,4.60801750738864,"CAV2;CAVIN2;CAV1;INSR;MYOF;EMP2;AKAP6;CBL;TFPI;SLC6A3;TGFBR2;HCK;MYL1;KCNMA1;FXYD1;PACSIN2;CDH13;MAPK1;CD36;ADTRP;BMPR1A"
"Voltage-Gated Potassium Channel Complex (GO:0008076)","24/73",0.0599804570704615,0.949338685657452,0,0,1.5317789087466,4.31002220296735,"KCNG1;KCNH2;CNTNAP2;KCNG2;KCNJ5;KCNG3;KCND2;KCNIP1;KCNC2;KCND3;KCNB1;LRRC38;KCNC4;KCNA6;LRRC55;KCNV1;KCNS1;KCNMB1;KCNMA1;KCNMB2;KCNQ3;KCNQ5;KCNK1;KCNJ3"
"Autophagosome Membrane (GO:0000421)","13/35",0.0613307874501998,0.949338685657452,0,0,1.84709462886772,5.15611537575373,"ENTPD4;MAP1LC3B2;WIPI1;IRGM;VMP1;MAP1LC3A;ATG16L2;MAP1LC3C;CHMP1B;JMY;RUBCNL;PRKD1;TECPR1"
"Cytoskeleton Of Presynaptic Active Zone (GO:0048788)","4/7",0.0638950863562411,0.949338685657452,0,0,4.16529152915292,11.4566877349306,"RIMS2;RIMS1;PCLO;ERC2"
"Platelet Dense Granule Lumen (GO:0031089)","6/13",0.0706055808549257,0.949338685657452,0,0,2.67808501857202,7.09865557960503,"ITIH3;CLEC3B;SELENOP;SPP2;FAM3C;SERPINA4"
"SWI/SNF Complex (GO:0016514)","11/29",0.0711353424831924,0.949338685657452,0,0,1.90995891574284,5.04834798736933,"RB1;SMARCD2;PBRM1;SMARCC1;SMARCD3;BCL11B;DPF3;ARID2;ARID1A;ARID1B;SMARCA2"
"Basement Membrane (GO:0005604)","16/46",0.0713080334108852,0.949338685657452,0,0,1.66727322856355,4.40284558832614,"LAMA2;DST;LAMA1;COL23A1;ERBIN;USH2A;THBS4;LOXL2;SMOC2;FRAS1;COL4A2;SMOC1;PXDN;VWA2;FBN1;FREM3"
"Filopodium (GO:0030175)","20/60",0.0713557678691547,0.949338685657452,0,0,1.56332781456954,4.12730596184281,"ITGB1;RIPOR2;MYO10;ITGB3;RDX;MSN;SCIMP;SYNE2;MTM1;FXR1;KITLG;MYO1B;ACTC1;SPATA13;PDPN;FSCN1;ITGAV;LCP1;EZR;UTRN"
"Platelet Alpha Granule (GO:0031091)","28/89",0.0743511544347936,0.949338685657452,0,0,1.43556806133268,3.73097834005568,"APP;SERPINA3;ORM1;SERPINA1;SERPINE2;ITGB3;OLA1;F13A1;THBS2;CLU;ORM2;THBS1;PHACTR2;CD36;SNCA;VWF;HGF;PCDH7;VPS33B;FN1;IGF1;LHFPL2;CYRIB;VEGFA;TMX3;CD109;NHLRC2;PF4"
"Endoplasmic Reticulum Tubular Network (GO:0071782)","10/26",0.0765025814632824,0.949338685657452,0,0,1.95322180916976,5.02062148599946,"ATL3;ASPH;REEP4;ATL1;ATL2;STIMATE;LNPK;RAB3GAP1;PARP8;RNF41"
"Plasma Membrane Raft (GO:0044853)","26/82",0.0767363833672306,0.949338685657452,0,0,1.45192706174886,3.7276475178044,"CHRNA7;AKAP6;TFPI;PRKAR2A;PACSIN2;MAPK1;CD36;KCND2;CAV2;CAVIN2;CAV1;INSR;MYOF;EMP2;TGFBR2;HCK;MYL1;KCNMA1;FXYD1;CDH13;ORAI1;LCP2;ADTRP;EZR;SKAP1;BMPR1A"
"Platelet Dense Granule (GO:0042827)","8/20",0.0879253772519353,0.956119039828781,0,0,2.08312689237545,5.06463727449402,"ITIH3;CLEC3B;LAMP2;SELENOP;ITPR1;SPP2;FAM3C;SERPINA4"
"Desmosome (GO:0030057)","7/17",0.0936856961666936,0.956119039828781,0,0,2.18712074303406,5.17868583515676,"DSP;CDH2;PKP2;KAZN;PKP1;DSG4;DSC1"
"Apicolateral Plasma Membrane (GO:0016327)","3/5",0.0958389768717952,0.956119039828781,0,0,4.68529593730666,10.9874210653145,"MTCL1;NEDD4;MPDZ"
"Neuronal Dense Core Vesicle (GO:0098992)","3/5",0.0958389768717952,0.956119039828781,0,0,4.68529593730666,10.9874210653145,"SYT4;NPY;VPS13A"
"Nuclear Envelope Lumen (GO:0005641)","3/5",0.0958389768717952,0.956119039828781,0,0,4.68529593730666,10.9874210653145,"APP;TUBB2A;SORL1"
"Organelle Outer Membrane (GO:0031968)","49/170",0.0976803368498708,0.956119039828781,0,0,1.26698189664518,2.94706957646461,"MTCH2;ITPRIP;HK2;DNM1L;SLC18A1;BOK;BNIP3L;MYOC;ACSL1;VPS13A;TRAPPC2B;ACSL4;RAB32;FAM210B;QTRT2;VDAC3;VDAC1;RAF1;SPATA19;SLC29A3;AGPAT5;MAOA;MTARC1;UGT2B28;PLD6;PSEN1;AMBRA1;ACACB;BPHL;AGPAT4;GHRHR;BCL2L10;BCL2L11;CYB5R3;CLMN;MFN1;MCL1;CYB5B;CYB5A;MTX2;BNIP3;GDAP1;SPART;GPAM;BCL2;SPIRE1;SFXN2;RTN4IP1;BCL2L1"
"Postsynaptic Density Membrane (GO:0098839)","12/34",0.0995242600606712,0.956119039828781,0,0,1.70465815176559,3.93324954059977,"GRIA1;DLG1;DAGLA;PTPRS;GRIN3A;NETO1;SYNDIG1;GRIK4;CACNG3;GRM1;CACNG4;GRIA3"
"Filopodium Membrane (GO:0031527)","5/11",0.103034993692242,0.956119039828781,0,0,2.60332851935905,5.91654985141419,"ITGB3;PDPN;ITGAV;UTRN;SYNE2"
"Chromatoid Body (GO:0033391)","4/8",0.103781974300122,0.956119039828781,0,0,3.12376237623762,7.07676802582408,"PIWIL2;TDRD7;TDRD5;CLOCK"
"Junctional Sarcoplasmic Reticulum Membrane (GO:0014701)","4/8",0.103781974300122,0.956119039828781,0,0,3.12376237623762,7.07676802582408,"JPH4;RYR2;JPH2;JPH1"
"Outer Dynein Arm (GO:0036157)","4/8",0.103781974300122,0.956119039828781,0,0,3.12376237623762,7.07676802582408,"DNAH8;DNAH5;DNAI1;DNAL1"
"Platelet Dense Tubular Network Membrane (GO:0031095)","4/8",0.103781974300122,0.956119039828781,0,0,3.12376237623762,7.07676802582408,"IRAG1;ITPR1;ATP2A2;ITPR2"
"Intercalated Disc (GO:0014704)","11/31",0.108456647614231,0.965640169266494,0,0,1.71873579838876,3.81800786139099,"DSP;DLG1;CDH2;FXYD1;PKP2;CTNNA3;PGM5;ANK2;ANK3;ATP1B1;SLC8A1"
"Cortical Cytoskeleton (GO:0030863)","20/63",0.109275677353483,0.965640169266494,0,0,1.45396965963345,3.21891644326006,"WDR1;RDX;SLC2A1;SHROOM3;MYRIP;SPTB;RIMS2;EEF1A1;RIMS1;PCLO;MLPH;CDH2;CAPN2;LANCL2;BSN;ERC2;EZR;CLASP1;GCOM1;SPTBN2"
"Actin Cytoskeleton (GO:0015629)","89/327",0.117282922454394,0.99998945479369,0,0,1.17060429042497,2.50879945814561,"CLIC5;WDR1;FAM107A;SLC2A1;FMN2;WASL;RCSD1;ARHGAP6;MYLK3;MYLK;SIPA1L1;MPRIP;CDH2;CAPZB;SH3PXD2B;CAPN2;TOPBP1;TMOD1;ACTR3;ANXA1;PPP1R12A;SWAP70;TPM1;MYO7B;COBL;SHROOM3;MYRIP;SPTB;MTSS1;EEF1A1;HCK;SYNPO2L;BIN1;PALLD;CDC42EP3;GAS2;FSCN1;LANCL2;MYH9;TAX1BP3;TLN2;LCP1;EZR;DDR2;GAS7;GCOM1;MACF1;AHNAK;KALRN;BARX2;C10ORF90;ABLIM1;ABLIM3;CALD1;MICAL1;ABL2;FLNB;RGS22;PDLIM5;GBP1;CORIN;SPTBN2;SNCA;SVIL;FYB1;AUTS2;RDX;PARVA;SORBS2;FHDC1;CORO2B;EFR3B;KLHL20;MYO1D;ARHGAP32;MYO1E;DIAPH2;FER;MARCKS;MYO1B;DIAPH3;ACTC1;MLPH;PARVG;CAPZA1;MYO5C;CAPZA2;INTS6;TEK"
"Exocytic Vesicle Membrane (GO:0099501)","17/53",0.122783097392644,0.99998945479369,0,0,1.47595082155579,3.09556466848343,"RAB3B;UNC13C;SYT4;FER1L5;MCTP1;PTPRS;PTPRN2;MYOF;DYSF;ICA1;DTNBP1;SYN3;SV2C;SYPL1;SYNDIG1;SLC18A1;BORCS5"
"Cytoplasmic Side Of Plasma Membrane (GO:0009898)","36/124",0.12834987169397,0.99998945479369,0,0,1.27925853216551,2.62631184526113,"TRAF3IP2;PTPN20;RAB21;PPP3CA;RGS2;PGM5;FYN;RGS8;SAMD12;TGM3;CYTH1;LYN;FARP1;YES1;GRAMD2A;SYK;KCNIP1;STAC3;TRAF1;AP2B1;SPTB;AJAP1;PTP4A1;TIAM1;HCK;DLG1;FER;SNX18;TRAF3;TRAF6;MYH9;ESYT2;EZR;FERMT2;FRK;GCOM1"
"Autophagosome (GO:0005776)","25/83",0.132285859081054,0.99998945479369,0,0,1.34748505175628,2.72567942100955,"HTT;FYCO1;MAP1LC3A;MAP1LC3C;CHMP1B;LAMP2;VTI1A;PIP4K2A;TBC1D14;ENTPD4;MAP1LC3B2;WIPI1;WIPI2;ATG14;IRGM;VMP1;ATG16L2;TBC1D5;ATG16L1;JMY;RUBCNL;ULK2;PIK3C3;PRKD1;TECPR1"
"Mitochondrial Outer Membrane (GO:0005741)","43/151",0.132457089514357,0.99998945479369,0,0,1.24519612146978,2.51715964959031,"AGPAT5;MTCH2;MAOA;MTARC1;PLD6;AMBRA1;ACACB;BPHL;HK2;AGPAT4;BCL2L10;BCL2L11;CYB5R3;MFN1;DNM1L;SLC18A1;MCL1;BOK;CYB5B;BNIP3L;CYB5A;MYOC;ACSL1;MTX2;BNIP3;VPS13A;ACSL4;GDAP1;RAB32;SPART;FAM210B;QTRT2;GPAM;VDAC3;BCL2;SPIRE1;VDAC1;SFXN2;RTN4IP1;RAF1;SPATA19;SLC29A3;BCL2L1"
"Cation-Transporting ATPase Complex (GO:0090533)","6/15",0.132476796943265,0.99998945479369,0,0,2.08267987343514,4.20982031008613,"ATP4B;FXYD1;ATP1A4;ATP1A2;ATP1A1;ATP1B1"
"Secondary Lysosome (GO:0005767)","6/15",0.132476796943265,0.99998945479369,0,0,2.08267987343514,4.20982031008613,"CRHBP;MAP1LC3A;NCF4;LAMP2;PIK3C3;PLA2G5"
"Synaptic Vesicle Membrane (GO:0030672)","17/54",0.140547505296298,0.99998945479369,0,0,1.43596523100143,2.81766495017821,"RAB3B;UNC13C;SYT4;FER1L5;MCTP1;PTPRS;PTPRN2;MYOF;DYSF;ICA1;DTNBP1;SYN3;SV2C;SYPL1;SYNDIG1;SLC18A1;BORCS5"
"npBAF Complex (GO:0071564)","5/12",0.142679216760528,0.99998945479369,0,0,2.23127707860532,4.34464546160707,"SMARCC1;SMARCD3;ARID1A;ARID1B;SMARCA2"
"Vesicle Membrane (GO:0012506)","21/69",0.145411234779927,0.99998945479369,0,0,1.36747050300145,2.63674219540556,"RAB4A;ANXA4;DYSF;AP1B1;HTT;SLC4A11;SLC30A1;FMN2;CLU;MFSD10;RAB21;APPBP2;SYNJ1;AP1G1;IYD;GPER1;TMEM67;STK26;SPIRE1;RAB11FIP2;GBP1"
"Focal Adhesion (GO:0005925)","103/387",0.151254592900351,0.99998945479369,0,0,1.13514779983332,2.14405673941035,"RPL4;PRAG1;FAM107A;MPRIP;CDH2;CAPN5;CAPN2;B2M;TNS1;TGM2;MAP2K1;LMO7;ADAM9;TLN2;EZR;VCL;HACD3;DPP4;EFNB2;PRKAR2A;PCBP2;PACSIN2;PIP5K1A;FZD1;HSPA9;YES1;CAV2;CAV1;RDX;HMGA1;MSN;PARVA;CORO2B;ALOX15B;IGF2R;DAB2;TMEM98;PARVG;PTPRA;PTK7;RPS29;ITGA11;FERMT2;BCAR3;ITGB1;ARF1;ITGB5;ITGB3;CLTC;GDI2;LIMD1;RND3;SYNE2;AKAP12;CSRP2;YWHAQ;ITGAV;PGM5;ACTR3;ANXA1;PPP1R12A;DST;MME;ITGA2;ITGA1;REXO2;DNM2;ENAH;HCK;PALLD;CDH13;MYH9;ITGB1BP1;LCP1;PABPC1;ARHGEF7;MAPRE2;CD44;DDR2;AHNAK;CXCR4;NEDD9;EGFR;ADD1;RAB21;IL1RL1;GNA12;MAPK1;FLNB;MPZL1;CLASP1;RPL19;MAP4K4;CLASP2;GIT2;SVIL;SPRY4;MARCKS;NFASC;ACTC1;VIM;BCAR1;SNTB1"
"bBAF Complex (GO:0140092)","4/9",0.152125100214406,0.99998945479369,0,0,2.49884488448845,4.7054550296239,"SMARCD2;ARID1A;ARID1B;SMARCA2"
"AMPA Glutamate Receptor Complex (GO:0032281)","7/19",0.155192098828431,0.99998945479369,0,0,1.82235982112143,3.39522324236073,"GRIA1;VWC2;VWC2L;CACNG3;CNIH3;CACNG4;GRIA3"
"GABA-ergic Synapse (GO:0098982)","7/19",0.155192098828431,0.99998945479369,0,0,1.82235982112143,3.39522324236073,"NLGN1;PCLO;SLITRK1;LRRTM1;PTPRO;SLITRK3;BSN"
"H3 Histone Acetyltransferase Complex (GO:0070775)","3/6",0.15787138708078,0.99998945479369,0,0,3.12332439678284,5.76557745172341,"MEAF6;KAT6B;KAT6A"
"MOZ/MORF Histone Acetyltransferase Complex (GO:0070776)","3/6",0.15787138708078,0.99998945479369,0,0,3.12332439678284,5.76557745172341,"MEAF6;KAT6B;KAT6A"
"Extrinsic Component Of Endosome Membrane (GO:0031313)","3/6",0.15787138708078,0.99998945479369,0,0,3.12332439678284,5.76557745172341,"SNX16;USP50;SNX10"
"Cortical Actin Cytoskeleton (GO:0030864)","14/44",0.159510747232819,0.99998945479369,0,0,1.45826098938955,2.67684800390032,"WDR1;RDX;SLC2A1;COBL;SHROOM3;MYRIP;SPTB;EEF1A1;MLPH;CDH2;CAPN2;LANCL2;SPTBN2;GCOM1"
"Dense Core Granule (GO:0031045)","6/16",0.170506679250565,0.99998945479369,0,0,1.87428807263723,3.31557963016271,"CHGA;SYT4;CRHBP;NPY;MYRIP;SYT9"
"Cell-Substrate Junction (GO:0030055)","104/395",0.181031252815351,0.99998945479369,0,0,1.11830627907717,1.91128115251814,"RPL4;PRAG1;FAM107A;MPRIP;CDH2;CAPN5;CAPN2;B2M;TNS1;TGM2;MAP2K1;LMO7;ADAM9;TLN2;EZR;VCL;HACD3;DPP4;EFNB2;PRKAR2A;PCBP2;PACSIN2;PIP5K1A;FZD1;HSPA9;YES1;CAV2;CAV1;RDX;HMGA1;MSN;PARVA;CORO2B;ALOX15B;IGF2R;DAB2;TMEM98;PARVG;PTPRA;PTK7;RPS29;ITGA11;FERMT2;BCAR3;ITGB1;ARF1;ITGB5;ITGB3;CLTC;GDI2;LIMD1;RND3;SYNE2;AKAP12;CSRP2;YWHAQ;ITGAV;PGM5;ACTR3;ANXA1;PPP1R12A;DST;MME;ITGA2;ITGA1;REXO2;DNM2;ENAH;HCK;PALLD;CDH13;MYH9;ITGB1BP1;LCP1;PABPC1;ARHGEF7;MAPRE2;CD44;DDR2;AHNAK;CXCR4;NEDD9;EGFR;ADD1;RAB21;IL1RL1;GNA12;MAPK1;FLNB;MPZL1;CLASP1;RPL19;MAP4K4;CLASP2;GIT2;SVIL;SPRY4;ERBIN;MARCKS;NFASC;ACTC1;VIM;BCAR1;SNTB1"
"Glial Cell Projection (GO:0097386)","5/13",0.187725248036229,0.99998945479369,0,0,1.95223849804002,3.26565737727998,"ITGB1;GRM3;SLC1A1;SLC1A2;FYN"
"Microvillus Membrane (GO:0031528)","5/13",0.187725248036229,0.99998945479369,0,0,1.95223849804002,3.26565737727998,"SLC6A6;ITGB3;PDPN;ITGAV;SLC38A4"
"Sarcoplasmic Reticulum Membrane (GO:0033017)","9/27",0.187870487870382,0.99998945479369,0,0,1.56204831715879,2.61174860995787,"JPH4;SLC30A7;RYR2;JPH2;SLN;ATP2A2;ITPR2;JPH1;STRIT1"
"Synaptic Membrane (GO:0097060)","10/31",0.200015736607092,0.99998945479369,0,0,1.48767726834641,2.39420714678474,"GRIA1;MTMR2;NLGN1;DLG1;DAGLA;SYNJ1;FLRT3;GPER1;LRRTM1;SLITRK3"
"SCF Ubiquitin Ligase Complex (GO:0019005)","18/61",0.206941469012364,0.99998945479369,0,0,1.30803128999047,2.06056691532144,"PRKN;FBH1;FBXW11;FBXO38;CCNF;FBXO25;FBXL17;FBXO15;FBXL18;FBXL13;FBXO44;FBXL21P;RBX1;FBXO4;FBXL5;FBXO7;FBXL4;FBXL7"
"Specific Granule Lumen (GO:0035580)","18/61",0.206941469012364,0.99998945479369,0,0,1.30803128999047,2.06056691532144,"ORM1;CANT1;ARG1;RAB27A;ARMC8;LYZ;ORM2;CHIT1;ERP44;CRACR2A;LRRC7;DOCK2;B2M;CEP290;CAMP;VCL;FRK;LTF"
"Platelet Dense Tubular Network (GO:0031094)","4/10",0.207054333419411,0.99998945479369,0,0,2.08223322332233,3.27904682504634,"IRAG1;ITPR1;ATP2A2;ITPR2"
"Heterotrimeric G-protein Complex (GO:0005834)","8/24",0.207718562324675,0.99998945479369,0,0,1.56193228736581,2.45468776988425,"GNAO1;GNAL;GNAT3;GNAQ;GNA12;GNB4;GNB5;GNAI1"
"Protein Kinase Complex (GO:1902911)","6/17",0.21240903756245,0.99998945479369,0,0,1.70378569016621,2.63957539743136,"TBK1;TRAF3;INSR;NEK10;TANK;MAP3K5"
"Bicellular Tight Junction (GO:0005923)","23/81",0.226626747837008,0.99998945479369,0,0,1.23917281367599,1.8394911953861,"PATJ;IGSF5;MAGI2;FRMD4A;ANK3;FRMD4B;MTDH;CLDN22;CYTH3;CLDN10;CHAF1B;DLG1;CLMP;APC;VAPA;CLDN8;CLDN23;CLDN12;UBN1;STRN;AMOTL1;MPDZ;CYTH1"
"U6 snRNP (GO:0005688)","3/7",0.228353620894853,0.99998945479369,0,0,2.34233862652093,3.45930594920882,"LSM8;LSM6;LSM3"
"Dendritic Spine Membrane (GO:0032591)","3/7",0.228353620894853,0.99998945479369,0,0,2.34233862652093,3.45930594920882,"GRIA1;DAGLA;GPER1"
"Supramolecular Fiber (GO:0099512)","11/36",0.240508815034496,0.99998945479369,0,0,1.37453418715141,1.95870920596434,"FBN2;MFAP5;ELN;MYH15;TNK2;MYH13;MYO18A;MYH9;LTBP1;SNCA;FBN1"
"Membrane Raft (GO:0045121)","45/169",0.26112515636361,0.99998945479369,0,0,1.13423300697236,1.52299756336244,"ITGB1;APP;AHNAK;CHRNA7;SLC1A2;ATP1A4;PSEN1;ATP1A1;CBL;SLC6A3;EGFR;RAP1B;PPP2R1B;PRKAR2A;PDPN;CAPN2;KDR;FYN;CD36;PAG1;CD55;EEIG1;LYN;GHSR;FYB2;KCND2;MME;CAV2;CAVIN2;CAV1;TNFRSF10A;EMP2;GP6;TNFRSF1B;TGFBR2;RIT2;MYL1;MFAP3;ORAI1;LCP2;TEK;EZR;IL6ST;PLPP3;SKAP1"
"MLL3/4 Complex (GO:0044666)","4/11",0.266493954597288,0.99998945479369,0,0,1.78465346534653,2.36003238161271,"KMT2D;KMT2C;DPY30;KDM6A"
"TRAPPII Protein Complex (GO:1990071)","4/11",0.266493954597288,0.99998945479369,0,0,1.78465346534653,2.36003238161271,"TRAPPC10;TRAPPC2B;TRAPPC13;TRAPPC9"
"TRAPPIII Protein Complex (GO:1990072)","4/11",0.266493954597288,0.99998945479369,0,0,1.78465346534653,2.36003238161271,"TRAPPC12;TRAPPC2B;TRAPPC8;TRAPPC13"
"Early Phagosome (GO:0032009)","4/11",0.266493954597288,0.99998945479369,0,0,1.78465346534653,2.36003238161271,"RAB31;SYK;TLR7;PLA2G5"
"Microfibril (GO:0001527)","4/11",0.266493954597288,0.99998945479369,0,0,1.78465346534653,2.36003238161271,"FBN2;MFAP5;LTBP1;FBN1"
"Organelle Envelope Lumen (GO:0031970)","19/68",0.279709884883797,0.99998945479369,0,0,1.21140374213,1.54333120019215,"APP;PRELID2;PNPT1;MYOC;UQCC2;AK2;TIMM23;REXO2;SORL1;CHCHD4;CHCHD5;GATM;TUBB2A;CYCS;MICU1;FBXL4;COA6;PRELID3A;PRELID3B"
"Golgi Cis Cisterna (GO:0000137)","8/26",0.283430653521484,0.99998945479369,0,0,1.3882007523626,1.75022656437484,"GOLGA8S;SLC30A7;GOLGA8CP;GOLT1A;SLC30A5;GOLGA8IP;XYLT1;GOLGA8O"
"Sarcoplasmic Reticulum (GO:0016529)","13/45",0.283879537665962,0.99998945479369,0,0,1.2690380243852,1.59797939853171,"SLC30A7;RYR2;ITPR1;ATP2A2;ITPR2;ANK3;JPH1;THBS1;SYNE2;THBS4;JPH2;SLN;STRIT1"
"Cytoplasmic Stress Granule (GO:0010494)","21/76",0.284855124175309,0.99998945479369,0,0,1.19287555747916,1.49798278332287,"DYRK3;YTHDF1;ROCK1;RBPMS;PABPC5;GIGYF2;PUM2;RPTOR;ATXN2L;FXR1;LARP1;DHX36;PABPC4L;G3BP2;IGF2BP1;PABPC3;IGF2BP3;PABPC1;IGF2BP2;EIF4E;LSM14A"
"Microbody Lumen (GO:0031907)","14/49",0.288467157994196,0.99998945479369,0,0,1.24952459694088,1.55337653703801,"GSTK1;ECI2;BAAT;DDO;GRHPR;ACOXL;NUDT7;ACOX2;ATM;ACOX3;ACAA1;CRYM;HAO2;NUDT12"
"Peroxisomal Matrix (GO:0005782)","14/49",0.288467157994196,0.99998945479369,0,0,1.24952459694088,1.55337653703801,"GSTK1;ECI2;BAAT;DDO;GRHPR;ACOXL;NUDT7;ACOX2;ATM;ACOX3;ACAA1;CRYM;HAO2;NUDT12"
"Chitosome (GO:0045009)","5/15",0.289280539848863,0.99998945479369,0,0,1.56158448524861,1.93692433302016,"RAB32;OCA2;TYRP1;RAB27A;ATP7A"
"Exocytic Vesicle (GO:0070382)","5/15",0.289280539848863,0.99998945479369,0,0,1.56158448524861,1.93692433302016,"RAB3IP;RAB27A;IGF1;SYTL3;PICALM"
"Melanosome Membrane (GO:0033162)","5/15",0.289280539848863,0.99998945479369,0,0,1.56158448524861,1.93692433302016,"RAB32;OCA2;TYRP1;RAB27A;ATP7A"
"Pigment Granule Membrane (GO:0090741)","5/15",0.289280539848863,0.99998945479369,0,0,1.56158448524861,1.93692433302016,"RAB32;OCA2;TYRP1;RAB27A;ATP7A"
"AP-2 Adaptor Complex (GO:0030122)","3/8",0.303096600597677,0.99998945479369,0,0,1.87374716436379,2.2366989425076,"SGIP1;AP2B1;STON2"
"Cul5-RING Ubiquitin Ligase Complex (GO:0031466)","3/8",0.303096600597677,0.99998945479369,0,0,1.87374716436379,2.2366989425076,"ELOC;PCMTD1;RBX1"
"Clathrin Coat Of Endocytic Vesicle (GO:0030128)","3/8",0.303096600597677,0.99998945479369,0,0,1.87374716436379,2.2366989425076,"SGIP1;AP2B1;STON2"
"Pseudopodium (GO:0031143)","3/8",0.303096600597677,0.99998945479369,0,0,1.87374716436379,2.2366989425076,"CAPN2;F2RL1;MSN"
"Intermediate Filament Cytoskeleton (GO:0045111)","22/81",0.309580684774361,0.99998945479369,0,0,1.16488753202091,1.36587318101615,"DSP;BCAS3;MACF1;KRT80;DTNA;DST;KRT4;PRKCE;NR1I2;CTNS;DDX60;SMARCA2;SYNE2;CLK3;ING4;BFSP2;KRT18;KRT16;MICAL1;PKP2;PKP1;VIM"
"Collagen-Containing Extracellular Matrix (GO:0062023)","95/373",0.309747866883577,0.99998945479369,0,0,1.06820996849777,1.25193849931079,"FCN1;COL18A1;SERPINA3;ADAMDEC1;ORM1;SERPINA1;WNT2B;SERPINE2;COL14A1;ELN;IFNA2;F13A1;LAMC2;ORM2;CLU;LOXL2;COMP;ADAMTS3;CDH2;ADAMTS1;CTSH;EMILIN2;SOST;FGFBP3;ADAMTS8;TGM4;ADAMTS9;TGM2;SBSPON;ANXA1;MYOC;DST;VWF;ANXA4;COL23A1;KRT1;WNT5A;APOA1;NPNT;DCN;SERPINB6;GREM1;COL2A1;F9;COL4A2;PXDN;MMRN2;ANGPTL2;COL21A1;CDH13;VWA2;ZP1;ANGPTL4;FREM3;MATN2;FBN2;ITIH5;COL13A1;LAMA2;LAMA1;SDC3;C17ORF58;PRELP;THBS2;LTBP1;THBS1;THBS4;CLEC3B;IGFBPL1;ABI3BP;SPP2;IGFBP7;AMELX;WNT2;COL28A1;ANGPT4;COL24A1;AMBP;GDF15;FN1;ERBIN;KAZALD1;SOD3;USH2A;AGT;MFAP5;SMOC2;FRAS1;IL7;SMOC1;CNTN1;FMOD;PF4;FBN1;FGF10"
"Endosome Membrane (GO:0010008)","92/361",0.310782730258718,0.99998945479369,0,0,1.06906063540658,1.24936971442545,"ITGB1;WASHC5;STEAP3;DAGLA;PLEKHF1;CLTC;NCF4;SNX10;ECE1;ANTXR2;SLA2;LAPTM4B;LAPTM4A;CHMP1B;LAMP2;ANKFY1;ATP7A;B2M;MAP3K7;WASHC3;BOK;EPHA4;ATP6V0E1;ANXA1;SLC36A2;PLA2G4E;VPS33B;ATP6AP2;VPS13A;WIPI1;ZDHHC11;TICAM1;MR1;DCSTAMP;ACAP2;ZFYVE16;RAB31;SLC9A7;TBC1D5;TRAF6;SLC9A9;TMBIM1;IRF7;TLR7;ATP6V0D1;ATP6V0D2;CFTR;OPTN;SLC29A3;VAMP3;GRIA1;OCA2;VAC14;GOSR2;TYRP1;ADRB2;ABHD17C;EGFR;RHOBTB1;RHOBTB2;RAB21;NEU3;RAP1A;IRAK2;ERBB2;SYNDIG1;VTI1A;PACSIN2;USP50;RFFL;RAB11FIP3;MON2;RAB4A;FZD5;INSR;CAV1;OR51E2;AP2B1;SORL1;IGF2R;FIG4;ENTREP1;SNX18;MYO1B;EHD4;SNX16;ATG16L1;RAB12;UBAP1;TAB2;ATP13A3;HLA-DRB3"
"Tight Junction (GO:0070160)","25/93",0.313577732667356,0.99998945479369,0,0,1.14856383821397,1.33199867002422,"PATJ;IGSF5;ILDR1;SIPA1L3;MTDH;CLDN22;CYTH3;CHAF1B;CLMP;CLDN23;UBN1;MPDZ;CYTH1;MAGI2;FRMD4A;ANK3;FRMD4B;CLDN10;DLG1;APC;VAPA;CLDN8;CLDN12;STRN;AMOTL1"
"Microvillus (GO:0005902)","16/58",0.323059156027687,0.99998945479369,0,0,1.18996415770609,1.34456409513059,"ITGB3;RDX;MYO7B;MSN;MYO1D;MYO1E;SLC6A6;MYO1B;PDPN;FSCN1;ITGAV;TEK;EZR;PROM1;CD44;SLC38A4"
"SUMO Ligase Complex (GO:0106068)","4/12",0.328401312936289,0.99998945479369,0,0,1.56146864686469,1.73872485540162,"RANBP2;NSMCE2;SUMO4;SMC6"
"beta-catenin-TCF Complex (GO:1990907)","4/12",0.328401312936289,0.99998945479369,0,0,1.56146864686469,1.73872485540162,"TLE4;TCF7L1;LEF1;TCF4"
"Aggresome (GO:0016235)","10/35",0.33502882379205,0.99998945479369,0,0,1.24931846344486,1.36617810050501,"PRKN;SLC2A14;EDEM1;PRDM16;XRN2;DVL2;SLC2A3;URB2;PSEN1;TRIM66"
"Golgi Cisterna (GO:0031985)","14/51",0.347351115253286,0.99998945479369,0,0,1.18182630749807,1.24968577082284,"GOLGA8S;B4GALT1;SLC10A7;GOLT1A;XYLT1;GCC1;GOLGA8O;ATP2C1;SORL1;RAB21;GOLGA8CP;RAB30;MAN2A1;GOLGA8IP"
"THO Complex Part Of Transcription Export Complex (GO:0000445)","2/5",0.351579024246209,0.99998945479369,0,0,2.08178694158076,2.17613513489779,"THOC3;THOC5"
"Cortical Endoplasmic Reticulum (GO:0032541)","2/5",0.351579024246209,0.99998945479369,0,0,2.08178694158076,2.17613513489779,"ASPH;STIMATE"
"Cortical Granule (GO:0060473)","2/5",0.351579024246209,0.99998945479369,0,0,2.08178694158076,2.17613513489779,"HEXB;MYH9"
"Intracellular Cyclic Nucleotide Activated Cation Channel Complex (GO:0017071)","2/5",0.351579024246209,0.99998945479369,0,0,2.08178694158076,2.17613513489779,"CNGA3;CNGB1"
"Multivesicular Body, Internal Vesicle (GO:0097487)","2/5",0.351579024246209,0.99998945479369,0,0,2.08178694158076,2.17613513489779,"LAPTM4B;EGFR"
"Platelet Dense Granule Membrane (GO:0031088)","2/5",0.351579024246209,0.99998945479369,0,0,2.08178694158076,2.17613513489779,"LAMP2;ITPR1"
"Protein Phosphatase 4 Complex (GO:0030289)","2/5",0.351579024246209,0.99998945479369,0,0,2.08178694158076,2.17613513489779,"PPP4R3A;PPP4R3B"
"Signal Recognition Particle, Endoplasmic Reticulum Targeting (GO:0005786)","2/5",0.351579024246209,0.99998945479369,0,0,2.08178694158076,2.17613513489779,"SRP19;SRP9"
"Uniplex Complex (GO:1990246)","2/5",0.351579024246209,0.99998945479369,0,0,2.08178694158076,2.17613513489779,"MICU3;MICU1"
"Actin Filament (GO:0005884)","19/71",0.354162174818815,0.99998945479369,0,0,1.14128825860669,1.18465761165253,"TMOD1;ANXA1;TPM1;COBL;RCSD1;FHDC1;ARHGAP6;HCK;DIAPH2;MYO1B;ACTC1;DIAPH3;PALLD;MICAL1;GAS2;LCP1;TEK;EZR;GAS7"
"Dendrite Membrane (GO:0032590)","8/28",0.364811208837914,0.99998945479369,0,0,1.24921552436003,1.259678073236,"GRIA1;DAGLA;KCNC2;KCNB1;GPER1;INSR;KCNC4;GABRG3"
"Golgi Membrane (GO:0000139)","107/427",0.36679617306053,0.99998945479369,0,0,1.04491306638567,1.0479944857274,"GALNT14;SLC35B4;PGAP2;GOLIM4;XYLT1;ZDHHC7;ABCA12;HS6ST1;HS6ST2;GOLGA3;B2M;GOLGA7;ST6GAL1;ST6GAL2;SLC30A8;COG5;ENTPD4;SLC30A5;CSGALNACT2;AP1B1;COG2;RAB30;RAB36;SLC9A7;KDELR2;ATF6;HPD;OPTN;NOTCH2;GLG1;APOO;CHST11;MAN2A1;PDGFC;ST3GAL4;VTI1A;ST8SIA5;ST3GAL6;ST8SIA6;RAB6B;ST3GAL3;SYT4;WSCD1;CAV1;ST8SIA3;EXT1;GNAO1;GOLGB1;UST;HLA-DRB3;ARF1;ST6GALNAC1;B4GALT1;ICA1;SLC2A1;FTCD;AP1G1;GLIPR2;B3GALT2;B3GALT1;DSE;GALNT9;CHST9;CHST7;VPS13B;WIPI1;ZDHHC11;ARFGAP3;RAB33A;RAB33B;DNM2;GORASP2;FAM20C;TLR7;DIPK2A;ST6GALNAC5;CHST3;RAB1A;VAC14;GOSR2;ZDHHC21;ATP2C2;ATP2C1;AGPAT3;CYTH3;MGAT5;MAN1C1;GCNT3;RFFL;CD55;CYTH1;ARFGEF1;MBTPS1;S100G;GALNT5;RIC1;SLC35A3;GALNT2;GALNT1;GBF1;SORL1;IRGM;FIG4;MGAT4C;VAPA;ZDHHC9;COPG2"
"Brush Border Membrane (GO:0031526)","11/40",0.373578757187976,0.99998945479369,0,0,1.18462984991702,1.16641786475655,"SLC34A2;B4GALT1;SLC20A2;SLC7A9;GNA12;CD36;SLC26A4;SLC28A1;AQP1;MFSD10;SLC28A3"
"Apical Dendrite (GO:0097440)","3/9",0.378582329730903,0.99998945479369,0,0,1.56135285625902,1.51657593243188,"MYO1D;MAP1B;SLC1A1"
"Autolysosome (GO:0044754)","3/9",0.378582329730903,0.99998945479369,0,0,1.56135285625902,1.51657593243188,"MAP1LC3A;LAMP2;PIK3C3"
"cis-Golgi Network (GO:0005801)","16/60",0.378998710526196,0.99998945479369,0,0,1.1357244905632,1.10190542752776,"GOLGA8S;SLC10A7;GBF1;GOLIM4;HOOK3;GOLGA8O;ATP2C1;GOLGA8CP;RAB30;GORASP2;GOLGB1;GOLGA8IP;MAP6;KDELR2;RETREG1;BOK"
"trans-Golgi Network Membrane (GO:0032588)","26/100",0.379037683642529,0.99998945479369,0,0,1.09744514510366,1.06465309974006,"APP;CLTC;ATP2C2;AP4M1;HTR7;MMP24;AP1G1;VTI1A;BPNT2;AP4S1;ATP7A;CALN1;BOK;RIC1;COG5;AP1B1;COG2;IGF2R;GNAO1;MYO1B;RAB31;TMEM79;HLA-DRB3;LGR5;SLC24A5;VAMP3"
"Actin-Based Cell Projection (GO:0098858)","22/84",0.379876342662777,0.99998945479369,0,0,1.10830160956388,1.0727356492985,"ITGB1;RIPOR2;MYO10;RDX;MYO7B;MSN;SCIMP;MTM1;MYO1D;MYO1E;KITLG;MYO1B;ACTC1;SPATA13;PDPN;FSCN1;LCP1;TEK;EZR;UTRN;PROM1;CD44"
"ATAC Complex (GO:0140672)","4/13",0.390923990102947,0.99998945479369,0,0,1.38788045471214,1.30355580364078,"KAT2B;TADA2A;MBIP;MAP3K7"
"Acetylcholine-Gated Channel Complex (GO:0005892)","4/13",0.390923990102947,0.99998945479369,0,0,1.38788045471214,1.30355580364078,"CHRNA1;CHRNA2;CHRNA7;STXBP5"
"Peroxisome (GO:0005777)","33/129",0.395707236876156,0.99998945479369,0,0,1.0736926748288,0.995399694251322,"ABCD3;ECI2;MGST1;HMGCR;DDO;ACOXL;RIDA;ISOC1;CCDC33;ACAA1;DNM1L;CRYM;HAO2;NUDT12;GSTK1;HSDL2;TTC1;PEX2;PLAAT3;PEX10;BAAT;GDAP1;ALDH3A2;GRHPR;TMEM135;NUDT7;ACOX2;FAR1;ATM;PIK3C3;ACOX3;VIM;DDR2"
"Cytoplasmic Vesicle Membrane (GO:0030659)","97/389",0.396111908890399,0.99998945479369,0,0,1.03786353225876,0.961122355688724,"STEAP3;NCF4;SLA2;ANTXR2;CLU;IYD;ANKFY1;MAP3K7;ATP6V0E1;SLC30A8;CD93;SLC30A5;VPS33B;WNT5A;AP1B1;SLC30A1;TICAM1;MFSD10;ACAP2;RAB31;ATP6V0D1;ATP6V0D2;CFTR;GRIA1;ITPR1;ITPR2;ADRB2;RHOBTB1;RHOBTB2;RAP1A;IRAK2;RAB11FIP2;GRIA3;LYN;RAB4A;PTPRN2;INSR;CAV1;IGF2R;GNAO1;APPBP2;CSPG5;SPIRE1;TAB2;HLA-DRB3;PAM;ITGB1;MOXD1;PLEKHF1;B4GALT1;DYSF;ICA1;ECE1;SLC2A3;FMN2;WASL;AP1G1;CHMP1B;GPER1;CD36;MME;ATP6AP2;VPS13A;WIPI1;ZDHHC11;SERPINB6;DNM2;DCSTAMP;TBC1D5;TRAF6;TMBIM1;IRF7;TLR7;CD44;CNGB1;COLEC12;OCA2;RAB1A;VAC14;CAMK2D;TYRP1;HTT;ABHD17C;EGFR;TMEM67;ERBB2;CD58;RFFL;CACNG3;CACNG4;CD55;WNT7B;AP2B1;SORL1;FIG4;MYO1B;UBAP1"
"Cell Projection Membrane (GO:0031253)","27/105",0.400285992330176,0.99998945479369,0,0,1.08114786767637,0.989873047150943,"B4GALT1;SLC20A2;ITGB3;EFCAB7;SYNE2;AQP1;TCTN2;TMEM67;GNA12;PDPN;ITGAV;CD36;DRD2;BBS4;SLC38A4;SLC34A2;MFSD10;MOSMO;SLC6A6;SLC7A9;SCNN1A;FSCN1;UTRN;SLC26A4;SLC28A1;CNGB1;SLC28A3"
"Clathrin-Coated Endocytic Vesicle (GO:0045334)","22/85",0.40390599322693,0.99998945479369,0,0,1.090637221072,0.988742386255737,"SFTA3;CEMIP;FZD5;CLTC;WNT5A;TYRP1;AP2B1;SYT9;AREG;EGFR;IGF2R;TGOLN2;GNAO1;MYO1E;LMBRD1;DVL2;HLA-DRB3;IL7R;KIAA0319;CFTR;VAMP3;PICALM"
"Endosome Lumen (GO:0031904)","7/25",0.404648056922982,0.99998945479369,0,0,1.21442495126706,1.09873589747929,"AP4M1;RAB32;APP;AP4S1;LNPEP;B2M;LGMN"
"Ionotropic Glutamate Receptor Complex (GO:0008328)","9/33",0.407451479568602,0.99998945479369,0,0,1.17107164980384,1.05142726667298,"GRIA1;GRIN3A;VWC2L;VWC2;GRIK4;CACNG3;CNIH3;CACNG4;GRIA3"
"Cytoskeleton (GO:0005856)","148/599",0.413455498822535,0.99998945479369,0,0,1.02528960586452,0.905541307290646,"RIPOR2;FAM107A;CLU;MYLK3;MYLK;MPRIP;SOX9;KIFAP3;CDK5RAP2;KRT4;PRKCE;SWAP70;TPM1;KRT1;MTUS1;MYO7B;ANK3;EML1;GABRG3;GTF2F2;FRMD3;FRMD5;BIN1;FSCN1;RELL1;TNIK;TLN2;EZR;KANK4;VCL;MACF1;ARL6;DDX60;KALRN;SPATA7;NUAK1;KIF3B;EPB41L1;ATXN7;CALD1;MICAL1;ABL1;MAP7;ABL2;FYB1;DTNA;AUTS2;TEX35;MSN;PARVA;CORO2B;ALOX15B;SMARCA2;CLK3;KLHL20;ADCY10;MFHAS1;ARHGAP32;FER;PARVG;MYO5C;CCSER2;INTS6;SNAP25;CLIC5;DYRK3;DYRK2;EDA;MTCL1;MAST2;TCHH;LDB3;FMN2;WASL;ARHGAP6;LYST;SYNE2;SEPTIN11;ING4;HINT1;PCLO;SIPA1L1;CAPZB;TOPBP1;ACTR3;BCAS3;PPP1R12A;DST;RIPK2;SHROOM3;NAV1;DYNLL2;SPTB;CKAP5;MTSS1;TUBB2A;IFT43;SYNPO2L;INCENP;PALLD;CDC42EP3;CFAP58;MYH9;TAX1BP3;ITGB1BP1;LCP1;SAXO1;MAPRE2;DDR2;KANK1;KRT80;AHNAK;ROCK1;NR1I2;AMBRA1;ADD3;BARX2;ADD1;C10ORF90;TUBA3D;ABLIM1;ABLIM3;MAPK1;FLNB;IGF2BP2;RGS22;PDLIM5;DNAI1;GBP1;CORIN;SNCA;SVIL;DTNBP1;CTNS;SORBS2;CDC42BPB;CDC42BPA;EFR3B;MYO1D;MYO1E;MARCKS;MYO1B;TTLL3;KRT16;KATNBL1;CAPZA1;CAPZA2;VIM"
"Apical Junction Complex (GO:0043296)","27/106",0.42199162330477,0.99998945479369,0,0,1.06739161802322,0.920913268955161,"CRB1;PATJ;IGSF5;MTDH;CLDN22;CYTH3;CHAF1B;CLMP;CCDC85C;CLDN23;UBN1;MPDZ;CYTH1;MAGI2;SHROOM3;FRMD4A;ANK3;FRMD4B;PARD3B;CLDN10;DLG1;APC;VAPA;CLDN8;CLDN12;STRN;AMOTL1"
"Basolateral Plasma Membrane (GO:0016323)","43/171",0.42212035460188,0.99998945479369,0,0,1.04923710750676,0.904930077460625,"B4GALT1;KCNC2;SLC22A1;SLC2A1;SLC41A1;NEDD9;LIN7A;NOD1;ATP1A1;SLC4A4;SLC7A1;EGFR;AQP1;BEST1;ERBB2;PDPN;SLC16A7;ATP7A;SLC38A1;ABCC1;CADM1;ABCC5;ABCC6;ERBIN;SLC4A11;ANK2;SLC30A1;SLC16A10;ANK3;ADRA2A;AJAP1;SLCO1C1;MYO1D;SLC6A6;DLG1;MYL1;ALPK2;TEK;EZR;PLPP3;CDH17;CD44;AQP7P3"
"Glutamatergic Synapse (GO:0098978)","20/78",0.43065268414877,0.99998945479369,0,0,1.07687257364695,0.90721490824904,"GSK3B;NLGN1;CTTNBP2;ITGB3;PTPRO;WNT5A;CADPS;DYNLL2;SPTB;BCR;PCLO;RAP1A;ADGRA1;LRRTM3;NRG3;SLITRK1;BSN;DRD2;DLGAP2;ADGRL3"
"Platelet Alpha Granule Lumen (GO:0031093)","17/66",0.434675850121259,0.99998945479369,0,0,1.08343920815482,0.902672466062758,"APP;SERPINA3;ORM1;SERPINA1;VWF;HGF;OLA1;FN1;F13A1;IGF1;CYRIB;CLU;ORM2;THBS1;VEGFA;NHLRC2;PF4"
"Mitochondrial Intermembrane Space (GO:0005758)","16/62",0.436063070383551,0.99998945479369,0,0,1.08620131621534,0.901512756822528,"PRELID2;PNPT1;MYOC;UQCC2;AK2;TIMM23;REXO2;CHCHD4;CHCHD5;GATM;CYCS;MICU1;FBXL4;COA6;PRELID3A;PRELID3B"
"NURF Complex (GO:0016589)","2/6",0.448432799731391,0.99998945479369,0,0,1.56123711340206,1.25210661019834,"HMGXB4;SMARCA1"
"Chloride Channel Complex (GO:0034707)","2/6",0.448432799731391,0.99998945479369,0,0,1.56123711340206,1.25210661019834,"GLRB;BEST1"
"Hemidesmosome (GO:0030056)","2/6",0.448432799731391,0.99998945479369,0,0,1.56123711340206,1.25210661019834,"DST;ERBIN"
"Phosphatidylinositol 3-Kinase Complex, Class III (GO:0035032)","2/6",0.448432799731391,0.99998945479369,0,0,1.56123711340206,1.25210661019834,"VAC14;PIK3C3"
"Nuclear Chromosome (GO:0000228)","24/95",0.448746809024874,0.99998945479369,0,0,1.05560287991412,0.84585084029869,"INO80C;GINS2;PBRM1;MCM7;GINS3;NCAPG2;PINX1;NCAPG;HMGA2;BAZ1A;HDAC8;TTN;SMCHD1;CFDP1;FIGNL1;BRMS1L;RUVBL1;DMC1;ANP32E;RGS12;TOP1;SUDS3;KIFAP3;BRD4"
"Sodium Channel Complex (GO:0034706)","5/18",0.45180049335286,0.99998945479369,0,0,1.20098078113345,0.954196744485672,"SCNN1G;SCN8A;SCNN1B;SCNN1A;GRIK4"
"CMG Complex (GO:0071162)","3/10",0.452094297280552,0.99998945479369,0,0,1.33821406475562,1.06236063754526,"GINS2;MCM7;GINS3"
"Neuron To Neuron Synapse (GO:0098984)","3/10",0.452094297280552,0.99998945479369,0,0,1.33821406475562,1.06236063754526,"NLGN1;GRM7;SLC1A1"
"Nuclear Inclusion Body (GO:0042405)","3/10",0.452094297280552,0.99998945479369,0,0,1.33821406475562,1.06236063754526,"RANBP2;NUP98;RAD18"
"Proton-Transporting V-type ATPase, V1 Domain (GO:0033180)","3/10",0.452094297280552,0.99998945479369,0,0,1.33821406475562,1.06236063754526,"ATP6V1H;ATP6V1C1;ATP6V1C2"
"Vacuolar Proton-Transporting V-type ATPase, V1 Domain (GO:0000221)","3/10",0.452094297280552,0.99998945479369,0,0,1.33821406475562,1.06236063754526,"ATP6V1H;ATP6V1C1;ATP6V1C2"
"RSC-type Complex (GO:0016586)","4/14",0.452488509762397,0.99998945479369,0,0,1.2490099009901,0.990455994699537,"PBRM1;SMARCC1;SMARCD2;ARID2"
"Neuromuscular Junction (GO:0031594)","10/39",0.481321500538703,0.99998945479369,0,0,1.07671381161959,0.787314492302429,"CHRNA1;ITGB1;UNC13C;NLGN1;DLG1;SERPINE2;MUSK;ASCC1;PSEN1;CDK5R1"
"Melanosome (GO:0042470)","8/31",0.488845186211572,0.99998945479369,0,0,1.08605895235702,0.777302636178927,"RAB32;OCA2;TMEM33;ITGB3;TYRP1;CTNS;RAB27A;ATP7A"
"Nuclear Inner Membrane (GO:0005637)","8/31",0.488845186211572,0.99998945479369,0,0,1.08605895235702,0.777302636178927,"GHRHR;TERB2;TMX4;SMAD3;DPY19L2;LBR;SIRT1;MFSD10"
"Golgi Cisterna Membrane (GO:0032580)","7/27",0.493281266748163,0.99998945479369,0,0,1.09283797729618,0.772282093777843,"RAB21;GOLGA8S;SLC30A7;GOLGA8CP;SLC30A5;GOLGA8IP;GOLGA8O"
"Cul2-RING Ubiquitin Ligase Complex (GO:0031462)","6/23",0.498372803755643,0.99998945479369,0,0,1.10201257556262,0.76744913957983,"FEM1B;FEM1C;COMMD1;ELOC;RBX1;KLHDC10"
"Specific Granule (GO:0042581)","39/159",0.499152233043488,0.99998945479369,0,0,1.01477249116975,0.705108732639645,"SNAP25;ORM1;CANT1;SLC2A3;PLD1;CLU;ORM2;CRACR2A;RAP1A;MMP24;MLEC;ITGAV;CD36;B2M;CEP290;CAMP;CD33;CD53;CD93;ARG1;RAB27A;ARMC8;ATP11A;TMC6;LYZ;TNFRSF1B;CHIT1;ERP44;PTPRB;TSPAN14;LRRC7;TMBIM1;SLCO4C1;DEGS1;CD47;DOCK2;VCL;FRK;LTF"
"Clathrin Adaptor Complex (GO:0030131)","5/19",0.504394732691974,0.99998945479369,0,0,1.11512275634413,0.763185685162947,"SGIP1;AP1G1;AP1B1;AP2B1;STON2"
"Nuclear Outer Membrane (GO:0005640)","5/19",0.504394732691974,0.99998945479369,0,0,1.11512275634413,0.763185685162947,"GHRHR;ITPRIP;TRAPPC2B;UGT2B28;PSEN1"
"Axonal Growth Cone (GO:0044295)","4/15",0.511836832017649,0.99998945479369,0,0,1.13538853885389,0.760425783808008,"FLRT3;KIF5C;COBL;MYO9A"
"Myosin Filament (GO:0032982)","4/15",0.511836832017649,0.99998945479369,0,0,1.13538853885389,0.760425783808008,"MYH15;MYH13;MYO18A;MYH9"
"trans-Golgi Network Transport Vesicle (GO:0030140)","4/15",0.511836832017649,0.99998945479369,0,0,1.13538853885389,0.760425783808008,"TGOLN2;RAB12;IGF2R;SPG21"
"Cyclin-Dependent Protein Kinase Holoenzyme Complex (GO:0000307)","10/40",0.517235732225449,0.99998945479369,0,0,1.040754509156,0.686124223607573,"CCNB3;CDKN1A;CCND3;CDK6;CCNY;CCNF;CCNP;CDK14;CCNO;CDK5R1"
"Intracellular Vesicle (GO:0097708)","3/11",0.521694387378634,0.99998945479369,0,0,1.17085997112807,0.76184735326642,"TYRP1;ABCA13;EGFR"
"Endoplasmic Reticulum Membrane (GO:0005789)","194/801",0.524946292428536,0.99998945479369,0,0,0.997718049689362,0.642988697610168,"FAAH;AHCYL1;LPGAT1;PGAP2;ZDHHC1;CYP4Z1;STS;BCAP29;ALG8;ALG6;ACSL1;ACSL5;ACSL4;ATG14;CTAGE1;PLPP6;KDELR2;CTAGE6;SIK2;ATF6;HPD;CFTR;HACD1;MGST3;MGST1;TMTC2;MTDH;CYB5R2;HSD11B1;APOO;CYB5R4;CYB5R3;RDH11;VTI1A;MLEC;RDH14;RCE1;ABCA1;EDEM1;EXT1;CYP26A1;GRIN3A;RNF103;NCEH1;NOX5;HLA-DRB3;RETREG1;SFTA3;RYR2;TRAM1;MOGAT2;PIGZ;WASL;FMN2;AREG;JPH1;PIGV;JPH4;JPH2;SERP1;SPTLC2;FLVCR2;GRAMD2A;ELOVL6;ELOVL7;PIGC;DCSTAMP;TMEM33;TLR7;DDR2;OCA2;ATL3;ATL1;ATL2;STX18;TMPRSS4;DERL1;FITM2;GPAT4;TMEM67;HSD17B2;EMC2;EMC3;SC5D;GPAT3;SPTSSB;CEPT1;EXTL3;STRIT1;LNPK;MARCHF6;FMO1;CYP8B1;KTN1;VMP1;ERP44;ESYT2;COPG2;RAB3GAP1;ERO1B;UGT1A10;VKORC1L1;TUSC3;LCLAT1;ABHD12;POFUT2;SLN;NOMO2;SLC30A7;DNAJB12;IRAG1;STIMATE;MR1;PDIA5;ALDH3A2;TMX3;GRIA1;NOTCH2;INSIG2;SEL1L;ITPR1;ITPR2;PLD1;CYP4F22;ATG101;ADGRG6;CYP2J2;SRD5A2;SRD5A1;CAV1;EPHX1;DHCR24;BFAR;DNAJC18;GNAO1;G6PC3;REEP4;BCL2;DEGS1;CLPTM1L;DEGS2;STT3B;CNIH3;MOXD1;MCFD2;MCTP1;SRXN1;ADPGK;ATP2A2;FTCD;SEC61A1;RB1CC1;DNM1L;LBR;BOK;CERS3;CERS4;SLC36A2;ATP6AP2;CYP3A43;VPS13A;CYP2A6;LMBRD1;CYP26C1;ASPH;GORASP2;DAD1;TMBIM6;UGT2B7;AGPAT5;GOSR2;HMGCR;AGPAT3;AGPAT4;DNAJB9;UGT1A4;UGT1A9;SEC11C;UGT1A6;CYB5A;PTPN1;GALNT2;GALNT1;MBOAT1;DTNBP1;CYP4B1;MBOAT2;IRGM;SGPP2;PML;VAPA;SCD;SEC24D;LPIN2"
"Tertiary Granule Lumen (GO:1904724)","13/53",0.534737684289093,0.99998945479369,0,0,1.0146931184129,0.635176545080905,"ORM1;ASAH1;CANT1;ARMC8;LYZ;CHIT1;CST3;CTSH;YPEL5;B2M;GOLGA7;CAMP;LTF"
"HFE-transferrin Receptor Complex (GO:1990712)","2/7",0.536464417222776,0.99998945479369,0,0,1.24890721649485,0.777763267336232,"BMPR1B;BMPR1A"
"Astrocyte Projection (GO:0097449)","2/7",0.536464417222776,0.99998945479369,0,0,1.24890721649485,0.777763267336232,"GRM3;SLC1A2"
"Dihydrolipoyl Dehydrogenase Complex (GO:0045240)","2/7",0.536464417222776,0.99998945479369,0,0,1.24890721649485,0.777763267336232,"OGDH;OGDHL"
"Serine C-palmitoyltransferase Complex (GO:0017059)","2/7",0.536464417222776,0.99998945479369,0,0,1.24890721649485,0.777763267336232,"SPTLC2;SPTSSB"
"Spectrin-Associated Cytoskeleton (GO:0014731)","2/7",0.536464417222776,0.99998945479369,0,0,1.24890721649485,0.777763267336232,"ANK3;SPTB"
"Heterochromatin (GO:0000792)","12/49",0.540047923244181,0.99998945479369,0,0,1.01257538530266,0.623845058759468,"FOXC1;SALL1;UHRF2;ZNF618;INCENP;ATRX;HMGA1;SMARCAD1;HMGA2;BAZ1A;SIRT1;WDR76"
"Voltage-Gated Calcium Channel Complex (GO:0005891)","12/49",0.540047923244181,0.99998945479369,0,0,1.01257538530266,0.623845058759468,"CATSPERB;CATSPER2;SCN8A;PDE4B;CACNA2D3;STAC3;CACHD1;CACNA2D2;CACNA1D;CACNA1C;CACNG3;SCN1A"
"P Granule (GO:0043186)","6/24",0.54455088196795,0.99998945479369,0,0,1.04072086944559,0.632543789635297,"PIWIL2;TDRD1;ASZ1;TDRD9;MOV10L1;TDRD5"
"Pigment Granule (GO:0048770)","6/24",0.54455088196795,0.99998945479369,0,0,1.04072086944559,0.632543789635297,"RAB32;TMEM33;ITGB3;TYRP1;CTNS;RAB27A"
"trans-Golgi Network (GO:0005802)","58/241",0.553154818769895,0.99998945479369,0,0,0.989362841985998,0.585818909164214,"APP;GOLT1A;CLTC;DPY30;AP4M1;GOLGA4;CCDC91;HTR7;MMP24;AP1G1;GPER1;MYO18A;ATP7A;CALN1;BOK;MME;COG5;AP1B1;COG2;WIPI1;RAB32;RAB30;RAB31;SLC9A7;TMEM79;GSAP;BIRC6;PRKD1;PLPP3;OPTN;VAMP3;ATP2C2;ATP2C1;ECPAS;TGOLN2;RAB21;ATXN2;VTI1A;BPNT2;AP4S1;ATP9B;CLASP2;ARFGEF1;SLC10A7;RIC1;ATP8B2;ATP8B1;GBF1;TRAPPC9;SORL1;IGF2R;TMEM230;KLHL20;GNAO1;MYO1B;HLA-DRB3;LGR5;SLC24A5"
"P-body (GO:0000932)","20/83",0.55625593000913,0.99998945479369,0,0,0.99107799852833,0.581293792030176,"YTHDF1;GARRE1;LIMD1;WTIP;LSM3;EDC3;SYNE1;ZFP36L1;MEX3B;LSM6;IGF2BP1;IGF2BP3;UBAP2;TOP1;IGF2BP2;EIF4E;LSM14A;DCP2;DIS3L2;TNRC6B"
"Protein Phosphatase Type 2A Complex (GO:0000159)","4/16",0.568026191804693,0.99998945479369,0,0,1.04070407040704,0.588609472548247,"PPP2R1B;PPP2R2C;PPP2R5A;PPP2R5C"
"Protein Serine/Threonine Phosphatase Complex (GO:0008287)","7/29",0.577385293738779,0.99998945479369,0,0,0.993357725865466,0.545597242817643,"PPP3CA;PPP2R1B;PPP2R2C;PPP2R5A;PPP4R3A;PPP2R5C;PPP4R3B"
"Swr1 Complex (GO:0000812)","3/12",0.586125367952429,0.99998945479369,0,0,1.04069567608442,0.55596208192605,"CFDP1;RUVBL1;ANP32E"
"Clathrin Vesicle Coat (GO:0030125)","3/12",0.586125367952429,0.99998945479369,0,0,1.04069567608442,0.55596208192605,"ENTHD1;EPN1;EPN2"
"Podosome (GO:0002102)","3/12",0.586125367952429,0.99998945479369,0,0,1.04069567608442,0.55596208192605,"SH3PXD2B;FSCN1;LCP1"
"Serine-Type Peptidase Complex (GO:1905286)","3/12",0.586125367952429,0.99998945479369,0,0,1.04069567608442,0.55596208192605,"FCN1;CNTN1;MBL2"
"Calcium Channel Complex (GO:0034704)","14/59",0.587949300260621,0.99998945479369,0,0,0.971209407009324,0.515823455752376,"RYR2;CACNA2D3;STAC3;CACNA2D2;CACNA1D;CACNA1C;SCN8A;PDE4B;CACHD1;ORAI1;MICU3;MICU1;CACNG3;SCN1A"
"Nuclear Membrane (GO:0031965)","54/227",0.591760490770866,0.99998945479369,0,0,0.974213725853981,0.511124448475491,"ITPRIP;ADRA1B;SYNE2;AQP1;PHF8;SYNE1;SCRN1;RB1CC1;LBR;DUSP2;ANXA4;DNAJB12;TRAPPC2B;AEN;SLC30A1;TMC6;SIRT1;UTP18;MFSD10;NUP93;PLPP6;DISP3;TERB2;TMX4;NUP98;NUP205;CEMIP;GATA6;ZBTB1;UGT2B28;DTX2;RNF6;PSEN1;HACD3;AK9;GHRHR;SULT1E1;GRK5;CLMN;CLCA2;RANBP2;RAP1GAP2;SMAD3;WTAP;SMOX;PHF11;MX1;PUM2;NUDT9;DPY19L2;BCL2;NUP35;TMEM18;TAF3"
"Coated Vesicle Membrane (GO:0030662)","13/55",0.594711285287182,0.99998945479369,0,0,0.966246469656265,0.502138217488253,"GRIA1;SEC16B;MCFD2;SLC30A5;GOSR2;AREG;GNAO1;VTI1A;KDELR2;HLA-DRB3;SEC24D;B2M;CNIH3"
"Clathrin-Coated Endocytic Vesicle Membrane (GO:0030669)","16/68",0.602394850232245,0.99998945479369,0,0,0.960488642870777,0.486816130036711,"FZD5;CLTC;WNT5A;TYRP1;AP2B1;SYT9;AREG;EGFR;IGF2R;TGOLN2;GNAO1;HLA-DRB3;IL7R;KIAA0319;CFTR;VAMP3"
"Sin3 Complex (GO:0016580)","5/21",0.602625883605661,0.99998945479369,0,0,0.975603466061481,0.494102863133301,"SIN3B;SIN3A;BRMS1L;TET1;SUDS3"
"Sin3-type Complex (GO:0070822)","5/21",0.602625883605661,0.99998945479369,0,0,0.975603466061481,0.494102863133301,"SIN3B;SIN3A;BRMS1L;TET1;SUDS3"
"Golgi-associated Vesicle (GO:0005798)","11/47",0.61021398843121,0.99998945479369,0,0,0.953843328972435,0.471146698861362,"TGOLN2;APP;RAB12;STK26;MAP6;CSPG5;ATP7A;IGF2R;CFTR;SPG21;CNGB1"
"RNA N6-methyladenosine Methyltransferase Complex (GO:0036396)","2/8",0.614253628245046,0.99998945479369,0,0,1.04068728522337,0.507176201881562,"METTL14;WTAP"
"Smc5-Smc6 Complex (GO:0030915)","2/8",0.614253628245046,0.99998945479369,0,0,1.04068728522337,0.507176201881562,"NSMCE2;SMC6"
"Inhibitory Synapse (GO:0060077)","2/8",0.614253628245046,0.99998945479369,0,0,1.04068728522337,0.507176201881562,"IGSF21;NLGN1"
"Ficolin-1-Rich Granule Membrane (GO:0101003)","14/60",0.615824922046027,0.99998945479369,0,0,0.950033251253662,0.46056906459944,"DSP;PTPRN2;CD93;ATP6AP2;SLC2A3;CLU;SERPINB6;NFASC;LAMP2;PKP1;CD58;DSC1;CD55;VPS35L"
"Serine/Threonine Protein Kinase Complex (GO:1902554)","14/60",0.615824922046027,0.99998945479369,0,0,0.950033251253662,0.46056906459944,"CDKN1A;CCNF;TANK;TGFBR2;CCNB3;CCND3;TBK1;CDK6;CCNY;TRAF3;CCNP;CDK14;CCNO;CDK5R1"
"Transport Vesicle Membrane (GO:0030658)","14/60",0.615824922046027,0.99998945479369,0,0,0.950033251253662,0.46056906459944,"GRIA1;RAB1A;SEC16B;MCFD2;SLC30A5;GOSR2;AREG;GNAO1;VTI1A;HLA-DRB3;SEC24D;B2M;SLC18A1;CNIH3"
"NADPH Oxidase Complex (GO:0043020)","4/17",0.620405452365866,0.99998945479369,0,0,0.960586443259711,0.458566734370817,"DUOX1;NCF4;NOX3;NOX5"
"Clathrin-Coated Vesicle Membrane (GO:0030665)","21/90",0.621544921392137,0.99998945479369,0,0,0.949960850665539,0.451751119718786,"FZD5;CLTC;WNT5A;TYRP1;AP2B1;SYT9;AREG;EPN1;EGFR;IGF2R;EPN2;TGOLN2;GNAO1;AP1G1;ENTHD1;HLA-DRB3;IL7R;SLC18A1;KIAA0319;CFTR;VAMP3"
"Specific Granule Membrane (GO:0035579)","21/90",0.621544921392137,0.99998945479369,0,0,0.949960850665539,0.451751119718786,"CD53;SNAP25;CD93;SLC2A3;ATP11A;TMC6;TNFRSF1B;PLD1;CLU;PTPRB;TSPAN14;MMP24;RAP1A;TMBIM1;SLCO4C1;MLEC;ITGAV;DEGS1;CD36;CD47;CD33"
"Early Endosome Membrane (GO:0031901)","27/116",0.63311094871706,0.99998945479369,0,0,0.946831227804622,0.432805641690457,"GRIA1;WASHC5;VAC14;DAGLA;EGFR;RAB21;NEU3;SYNDIG1;ATP7A;B2M;WASHC3;BOK;EPHA4;RAB4A;MON2;ANXA1;FZD5;PLA2G4E;CAV1;VPS33B;OR51E2;MR1;FIG4;ENTREP1;RAB31;ZFYVE16;ATP13A3"
"Bounding Membrane Of Organelle (GO:0098588)","195/819",0.634165149038362,0.99998945479369,0,0,0.974608116813399,0.443881242668811,"SLC35B4;PGAP2;XYLT1;ZDHHC7;SLA2;ABCA12;ANTXR2;ABCA13;HS6ST1;HS6ST2;GOLGA3;ANKFY1;B2M;GOLGA7;ST6GAL1;ST6GAL2;ATP6V0E1;ENTPD4;COG5;AP1B1;COG2;MOSMO;KDELR2;ATP6V0D1;PLPP3;ATF6;HPD;ATP6V0D2;OPTN;CFTR;GLG1;APOO;CHST11;PDGFC;VTI1A;ST3GAL4;ST8SIA5;ST8SIA6;ST3GAL6;ST3GAL3;LYN;PTPRN2;INSR;ST8SIA3;EXT1;GOLGB1;HLA-DRB3;PAM;RYR2;ARF1;SERPINA1;ICA1;WASL;EFCAB7;AREG;GLIPR2;B3GALT2;TCTN2;CHMP1B;B3GALT1;CD36;BBS4;CHST9;CHST7;MME;ZDHHC11;RAB33A;SERPINB6;RAB33B;DCSTAMP;FAM20C;TLR7;CD44;CHST3;OCA2;ZDHHC21;EGFR;TMEM67;MGAT5;GCNT3;CD58;STRIT1;CD55;RIC1;WNT7B;GBF1;AP2B1;FIG4;ZDHHC9;UBAP1;COPG2;GALNT14;STEAP3;NCF4;GOLIM4;SLN;MAP3K7;SLC30A7;SLC30A8;CD93;SLC30A5;VPS33B;CSGALNACT2;WNT5A;IRAG1;TICAM1;ACAP2;RAB30;RAB31;RAB36;SLC9A7;SCNN1A;GRIA1;NOTCH2;ITPR1;ITPR2;ADRB2;RHOBTB1;RHOBTB2;RAP1A;IRAK2;MAN2A1;DRD2;RAB6B;GRIA3;SYT4;WSCD1;CAV1;IGF2R;GNAO1;UST;CSPG5;TAB2;CNIH3;ITGB1;MOXD1;MCFD2;ST6GALNAC1;PLEKHF1;B4GALT1;SLC2A1;ATP2A2;ECE1;SLC2A3;FTCD;AP1G1;DSE;GALNT9;BOK;SLC36A1;SLC36A3;SLC36A2;ATP6AP2;VPS13A;VPS13B;WIPI1;ARFGAP3;DNM2;GORASP2;TBC1D5;TRAF6;TMBIM1;IRF7;DIPK2A;ST6GALNAC5;CNGB1;COLEC12;RAB1A;VAC14;CAMK2D;GOSR2;TYRP1;ABHD17C;ATP2C2;ATP2C1;AGPAT3;CYTH3;ERBB2;MAN1C1;RFFL;CACNG3;CYTH1;CACNG4;ARFGEF1;MBTPS1;S100G;GALNT5;SLC35A3;GALNT2;GALNT1;SORL1;IRGM;MGAT4C;MYO1B;VAPA"
"ISWI-type Complex (GO:0031010)","3/13",0.644685732520954,0.99998945479369,0,0,0.936564240049495,0.41114450606419,"CECR2;HMGXB4;SMARCA1"
"RISC Complex (GO:0016442)","3/13",0.644685732520954,0.99998945479369,0,0,0.936564240049495,0.41114450606419,"LIMD1;EIF4E;DCP2"
"Recycling Endosome Membrane (GO:0055038)","16/70",0.652999449484957,0.99998945479369,0,0,0.924792451674172,0.394127115567713,"GRIA1;SLC36A2;NEU3;ENTREP1;SNX18;EHD4;SLC9A7;RAB12;SLC9A9;PACSIN2;ATP13A3;B2M;RAB11FIP3;OPTN;BOK;VAMP3"
"Golgi Stack (GO:0005795)","7/31",0.654129871325676,0.99998945479369,0,0,0.910457516339869,0.386443116700855,"RAB30;GALNT2;GOLGB1;COG2;VRK1;GOLGA7;SORL1"
"Cation Channel Complex (GO:0034703)","12/53",0.659962615364391,0.99998945479369,0,0,0.913545656117718,0.379644076667006,"RYR2;SCNN1G;TRPC3;SCNN1B;SCNN1A;HTR3C;ORAI1;CNGA3;KCNA6;MICU1;KCNK1;CNGB1"
"Kinetochore Microtubule (GO:0005828)","4/18",0.668578255748461,0.99998945479369,0,0,0.891914191419142,0.359086283517303,"ZWILCH;CHMP1B;CLASP1;CLASP2"
"Histone Acetyltransferase Complex (GO:0000123)","6/27",0.669779565413741,0.99998945479369,0,0,0.89186958316137,0.357467239865338,"ING4;KAT2B;TADA2A;MEAF6;JADE1;KAT8"
"Transferase Complex, Transferring Phosphorus-Containing Groups (GO:0061695)","2/9",0.681588218864228,0.99998945479369,0,0,0.891958762886598,0.341914185221063,"NEK10;MAP3K5"
"Endocytic Vesicle (GO:0030139)","45/196",0.691464648472114,0.99998945479369,0,0,0.929749248130141,0.343024711285116,"GRIA1;COLEC12;SFTA3;CEMIP;CAMK2D;ITGB5;CLTC;GOLIM4;DYSF;WASL;PLD1;ECPAS;DPP4;HSPH1;RAB20;DVL2;ITGAV;CD36;SRGAP3;RAB11FIP3;CACNG3;GRIA3;CACNG4;LYN;WNT7B;CAV1;WNT5A;APOA1;AP2B1;GAPVD1;SCIMP;MTSS1;IGF2R;MTOR;DNM2;RAB32;GNAO1;MYO1E;LMBRD1;EHD4;RAB31;RIN3;HLA-DRB3;RIN2;PICALM"
"Cornified Envelope (GO:0001533)","9/41",0.692708129710675,0.99998945479369,0,0,0.877839149287632,0.322295604369012,"DSP;SCEL;KRT1;TCHH;PKP2;KAZN;PKP1;DSG4;DSC1"
"Tertiary Granule (GO:0070820)","37/162",0.692798154986453,0.99998945479369,0,0,0.923532294911734,0.338951668889423,"SNAP25;ORM1;ASAH1;CANT1;SLC2A3;PLD1;CLU;CST3;LAMP2;CTSH;CD58;B2M;GOLGA7;CAMP;CD33;CD55;CD53;DSP;PTPRN2;CD93;ATP6AP2;ARMC8;ATP11A;TMC6;LYZ;SERPINB6;CHIT1;PTPRB;NFASC;TSPAN14;PKP1;CYSTM1;CD47;YPEL5;DSC1;LTF;VPS35L"
"Acrosomal Membrane (GO:0002080)","3/14",0.697103104605223,0.99998945479369,0,0,0.851365792384559,0.307191467839389,"CCDC136;VPS13B;SPACA3"
"Condensed Nuclear Chromosome (GO:0000794)","6/28",0.706236340726167,0.99998945479369,0,0,0.851273777811128,0.296077563403462,"NCAPG2;DMC1;NCAPG;RGS12;KIFAP3;TTN"
"Polysomal Ribosome (GO:0042788)","6/28",0.706236340726167,0.99998945479369,0,0,0.851273777811128,0.296077563403462,"LARP1;RPL32;RPS29;NR0B1;RPL19;RPS23"
"Secretory Granule Lumen (GO:0034774)","73/316",0.706331591533287,0.99998945479369,0,0,0.936939473709137,0.325746192207601,"FCN1;APP;GPI;PCSK1;PYGB;SERPINA3;ORM1;SERPINA1;HEXB;GDI2;OLA1;F13A1;ORM2;CLU;SERPINA4;HEBP2;CTSH;FAM3C;ACAA1;B2M;SLC18A1;GYG1;CEP290;CAMP;NHLRC3;APAF1;VWF;ARG1;HGF;APOA1;ARMC8;RNASE3;CHIT1;EEF1A1;TUBB2A;CRISPLD2;LRRC7;SELENOP;PPIE;NHLRC2;DOCK2;PAFAH1B2;VCL;LTF;ITIH3;CANT1;ROCK1;THBS1;PSMB7;CRACR2A;CLEC3B;CYB5R3;CAND1;TTR;CREG1;SPP2;MAPK1;ATG7;S100A11;DEFA5;FN1;RAB27A;IGF1;LYZ;CYRIB;VEGFA;POMC;ERP44;TADA2A;S100P;ACTR10;FRK;PF4"
"Endolysosome Membrane (GO:0036020)","4/19",0.712360484016545,0.99998945479369,0,0,0.832398239823982,0.282325508147257,"ATG16L1;CLTC;TLR7;AP2B1"
"Smooth Endoplasmic Reticulum (GO:0005790)","4/19",0.712360484016545,0.99998945479369,0,0,0.832398239823982,0.282325508147257,"MYO1D;RYR2;PSEN1;FTCD"
"Secretory Granule Membrane (GO:0030667)","64/279",0.719327592312534,0.99998945479369,0,0,0.928398515669018,0.305850124251029,"MOXD1;SNAP25;B4GALT1;ITGB3;ICA1;SLC2A3;ACRBP;CLU;MMP24;LAMP2;PHACTR2;ITGAV;CD36;CD33;CD53;DSP;SLC30A8;MME;CD93;SLC30A5;ATP6AP2;NDUFC2;VPS13B;TMC6;ATP11A;TNFRSF1B;SERPINB6;RAB31;TMX3;CD109;TMBIM1;PKP1;SPACA3;CD47;DSC1;CD44;BRI3;MGST1;ITPR1;ITPR2;PSEN1;PLD1;RAP1B;RAP1A;MLEC;CD58;CD55;SNCA;SYT4;PTPRN2;CCDC136;PCDH7;LHFPL2;IGF2R;PTPRB;NFASC;TSPAN14;VAPA;SLCO4C1;CYSTM1;DEGS1;PAM;CYB561;VPS35L"
"Excitatory Synapse (GO:0060076)","5/24",0.726629760570685,0.99998945479369,0,0,0.821397934696448,0.262303739068718,"NLGN1;NETO1;PALLD;SYNDIG1;BSN"
"Vacuolar Proton-Transporting V-type ATPase Complex (GO:0016471)","5/24",0.726629760570685,0.99998945479369,0,0,0.821397934696448,0.262303739068718,"ATP6V1H;ATP6V0D1;ATP6V0D2;ATP6V1C1;ATP6V1C2"
"Ciliary Membrane (GO:0060170)","8/38",0.735957500360186,0.99998945479369,0,0,0.832259840352326,0.255156640399273,"MOSMO;TCTN2;TMEM67;SCNN1A;EFCAB7;DRD2;BBS4;CNGB1"
"Phagocytic Vesicle (GO:0045335)","22/100",0.736776972221434,0.99998945479369,0,0,0.880023358284228,0.268820777760718,"ATP6V0E1;ITGB5;SYK;NCF4;PLA2G5;SCIMP;MTOR;RAB32;RAB31;RAB20;GNLY;ITGAV;PIK3C3;TLR7;SRGAP3;CD36;ATP6V0D1;ATP7A;B2M;ATP6V0D2;LTF;VAMP3"
"CD40 Receptor Complex (GO:0035631)","2/10",0.738961629732875,0.99998945479369,0,0,0.780412371134021,0.236081985477348,"TRAF3;TRAF6"
"Golgi Medial Cisterna (GO:0005797)","2/10",0.738961629732875,0.99998945479369,0,0,0.780412371134021,0.236081985477348,"SLC10A7;MAN2A1"
"NSL Complex (GO:0044545)","2/10",0.738961629732875,0.99998945479369,0,0,0.780412371134021,0.236081985477348,"KAT8;KANSL1L"
"Serine-Type Endopeptidase Complex (GO:1905370)","2/10",0.738961629732875,0.99998945479369,0,0,0.780412371134021,0.236081985477348,"FCN1;MBL2"
"H4/H2A Histone Acetyltransferase Complex (GO:0043189)","6/29",0.739849621703851,0.99998945479369,0,0,0.814208042491342,0.245327663396666,"MEAF6;POTEI;POTEJ;RUVBL1;POTEE;POTEF"
"NuA4 Histone Acetyltransferase Complex (GO:0035267)","6/29",0.739849621703851,0.99998945479369,0,0,0.814208042491342,0.245327663396666,"MEAF6;POTEI;POTEJ;RUVBL1;POTEE;POTEF"
"Myofibril (GO:0030016)","6/29",0.739849621703851,0.99998945479369,0,0,0.814208042491342,0.245327663396666,"TMOD1;MYBPC1;MYL1;TMOD3;PDE4DIP;LMOD3"
"PRC1 Complex (GO:0035102)","3/15",0.743419617751181,0.99998945479369,0,0,0.780367085997113,0.23137465217523,"CBX7;PHC2;RNF2"
"TIM23 Mitochondrial Import Inner Membrane Translocase Complex (GO:0005744)","3/15",0.743419617751181,0.99998945479369,0,0,0.780367085997113,0.23137465217523,"HSPA9;TIMM23;TIMM50"
"Secretory Vesicle (GO:0099503)","3/15",0.743419617751181,0.99998945479369,0,0,0.780367085997113,0.23137465217523,"RAB27A;IGF1;SYTL3"
"Cdc73/Paf1 Complex (GO:0016593)","1/5",0.750794123614077,0.99998945479369,0,0,0.780457637600495,0.223697734712353,"PEX2"
"Hrd1p Ubiquitin Ligase ERAD-L Complex (GO:0000839)","1/5",0.750794123614077,0.99998945479369,0,0,0.780457637600495,0.223697734712353,"SEL1L"
"Alveolar Lamellar Body (GO:0097208)","1/5",0.750794123614077,0.99998945479369,0,0,0.780457637600495,0.223697734712353,"CTSH"
"Chromocenter (GO:0010369)","1/5",0.750794123614077,0.99998945479369,0,0,0.780457637600495,0.223697734712353,"SALL1"
"Cytoplasmic Side Of Endosome Membrane (GO:0010009)","1/5",0.750794123614077,0.99998945479369,0,0,0.780457637600495,0.223697734712353,"RAB21"
"External Side Of Apical Plasma Membrane (GO:0098591)","1/5",0.750794123614077,0.99998945479369,0,0,0.780457637600495,0.223697734712353,"SLC38A1"
"Extrinsic Component Of Endoplasmic Reticulum Membrane (GO:0042406)","1/5",0.750794123614077,0.99998945479369,0,0,0.780457637600495,0.223697734712353,"PML"
"Postsynaptic Recycling Endosome (GO:0098837)","1/5",0.750794123614077,0.99998945479369,0,0,0.780457637600495,0.223697734712353,"RAB4A"
"Rough Endoplasmic Reticulum Membrane (GO:0030867)","1/5",0.750794123614077,0.99998945479369,0,0,0.780457637600495,0.223697734712353,"RPS29"
"Sarcoglycan Complex (GO:0016012)","1/5",0.750794123614077,0.99998945479369,0,0,0.780457637600495,0.223697734712353,"SGCD"
"Serine Protease Inhibitor Complex (GO:0097180)","1/5",0.750794123614077,0.99998945479369,0,0,0.780457637600495,0.223697734712353,"SERPINB6"
"Sex Chromosome (GO:0000803)","1/5",0.750794123614077,0.99998945479369,0,0,0.780457637600495,0.223697734712353,"SMC6"
"Shelterin Complex (GO:0070187)","1/5",0.750794123614077,0.99998945479369,0,0,0.780457637600495,0.223697734712353,"TERF2"
"Lytic Vacuole (GO:0000323)","50/223",0.763061862547192,0.99998945479369,0,0,0.901298351120559,0.243725650787898,"PLEKHF1;CPQ;CLTC;CLU;RPTOR;LAPTM4B;FLCN;FYCO1;STS;NAGLU;RB1CC1;LAMP2;PIP4K2A;CTSH;IDS;MFSD1;CD34;RNF152;VPS33B;ATP6AP2;TSC2;PLAAT3;TOM1L1;HCK;NPC1;MYL1;NAAA;TLR7;SIDT2;ASAH1;CALCRL;CXCR4;BCL10;CD1D;ADRB2;NEU3;RPS6KC1;SLC38A9;DRAM2;RFFL;MARCHF3;SNCA;HPS1;RAB27A;GLMP;CTNS;MTOR;MFHAS1;RAB12;LGMN"
"MLL1 Complex (GO:0071339)","6/30",0.770610103942441,0.99998945479369,0,0,0.780231118448205,0.203306956536257,"INO80C;RUVBL1;DPY30;KAT8;E2F6;RNF2"
"Endocytic Vesicle Membrane (GO:0030666)","35/159",0.773300077159842,0.99998945479369,0,0,0.880349836265377,0.226327473420162,"GRIA1;COLEC12;CAMK2D;CLTC;TYRP1;ADRB2;WASL;AREG;EGFR;TGOLN2;CD36;ATP7A;B2M;KIAA0319;CACNG3;GRIA3;CACNG4;LYN;ATP6V0E1;FZD5;CAV1;WNT7B;WNT5A;AP2B1;SYT9;IGF2R;DNM2;GNAO1;PIK3C3;ATP6V0D1;HLA-DRB3;IL7R;ATP6V0D2;CFTR;VAMP3"
"Azurophil Granule Lumen (GO:0035578)","19/89",0.77551868759295,0.99998945479369,0,0,0.846803227808814,0.215277025649068,"PYGB;SERPINA3;NHLRC3;ARG1;HEXB;GDI2;RNASE3;LYZ;ORM2;HEBP2;TUBB2A;CYB5R3;TTR;TADA2A;CREG1;MAPK1;SLC18A1;ACTR10;FRK"
"COPI-coated Vesicle Membrane (GO:0030663)","3/16",0.783894966807208,0.99998945479369,0,0,0.720291257515427,0.175376687180706,"COPG2;KDELR2;DIPK2A"
"Cytoplasmic Dynein Complex (GO:0005868)","4/21",0.786822133834918,0.99998945479369,0,0,0.734371966608426,0.176067927200806,"DYNLT5;NUDCD3;DYNLRB1;DYNLL2"
"Pericentric Heterochromatin (GO:0005721)","4/21",0.786822133834918,0.99998945479369,0,0,0.734371966608426,0.176067927200806,"UHRF2;ZNF618;INCENP;BAZ1A"
"Proton-Transporting V-type ATPase Complex (GO:0033176)","4/21",0.786822133834918,0.99998945479369,0,0,0.734371966608426,0.176067927200806,"ATP6AP2;ATP6V1H;ATP6V0D1;ATP6V0D2"
"AP-1 Adaptor Complex (GO:0030121)","2/11",0.787243167439467,0.99998945479369,0,0,0.693654066437572,0.165934606485651,"AP1G1;AP1B1"
"U2-type Catalytic Step 1 Spliceosome (GO:0071006)","2/11",0.787243167439467,0.99998945479369,0,0,0.693654066437572,0.165934606485651,"MAGOHB;PRPF19"
"Tertiary Granule Membrane (GO:0070821)","15/72",0.790805345800238,0.99998945479369,0,0,0.821028693296193,0.192698248571725,"CD53;SNAP25;CD93;ATP6AP2;SLC2A3;ATP11A;TMC6;PLD1;CLU;SERPINB6;PTPRB;TSPAN14;CYSTM1;CD47;CD33"
"Polymeric Cytoskeletal Fiber (GO:0099513)","59/265",0.797150002194355,0.99998945479369,0,0,0.892865607003741,0.202423713012794,"KIF12;RCSD1;ARHGAP6;CRHBP;KIF5C;KIF21A;DNM1L;CDK5RAP3;CDK5RAP2;TMOD1;DSP;ANXA1;TRIM63;KRT4;DST;TPM1;KIF24;COBL;EML1;DNM2;DNM3;HCK;TUBB2A;KIF2A;PALLD;MAP1B;GAS2;PKP2;PKP1;LCP1;EZR;TRIM55;GAS7;MACF1;TUBD1;TUBA3D;KIF3B;MICAL1;MAP6;MAP4;CLASP2;ODF1;MX2;MX1;FHDC1;BFSP2;DIAPH2;DLG1;MYO1B;KRT18;DIAPH3;ACTC1;SYNJ1;APC;KRT16;TBCE;CDK2AP2;TEK;VIM"
"MLL1/2 Complex (GO:0044665)","6/31",0.79856532193313,0.99998945479369,0,0,0.748972348328518,0.168472723218396,"INO80C;RUVBL1;DPY30;KAT8;E2F6;RNF2"
"Vesicle (GO:0031982)","52/235",0.799522313866148,0.99998945479369,0,0,0.885906193078324,0.198213393427472,"RAB3B;SNAP25;SERPINE2;CLTC;GDI2;ECE1;ABCA13;EPS8;ARRDC4;SLC30A7;SLC34A2;PACRG;ANXA1;RIPK2;ANXA4;MYO7B;APOA1;ATP1B1;GPRC5A;TUBB2A;BIN1;RIN3;WDFY2;EZR;VCL;DDR2;CETP;SLC24A4;AHNAK;TYRP1;ATP1A2;PRELP;ATP1A1;GIGYF2;EGFR;CST3;RAB21;PROM1;GBP1;MUC4;ABCA1;RAB4A;MSN;SLC4A11;MYO1D;MYO1E;MYO1B;SYNJ1;VAPA;STK26;MYO5C;PICALM"
"Monoatomic Ion Channel Complex (GO:0034702)","7/36",0.805329585162776,0.99998945479369,0,0,0.753232981032703,0.163077699329066,"CHRNA1;CHRNA2;TRPC3;CHRNA7;LRRC8D;STXBP5;BEST1"
"Multivesicular Body (GO:0005771)","10/50",0.805584813513858,0.99998945479369,0,0,0.78004956629492,0.168636410924114,"CRHBP;LAPTM4B;STEAP3;CHMP1B;CTSH;RAB27A;SORL1;TPT1;MBL2;ECPAS"
"Golgi Lumen (GO:0005796)","21/100",0.809184521279901,0.99998945479369,0,0,0.829162397910122,0.175557146836157,"APP;MUCL1;WNT7B;OMD;WNT5A;SDC3;DEFA5;GOLIM4;PRELP;NGF;SOD3;DCN;RAB33B;F9;CSPG5;SDC1;BPNT2;FMOD;MUC20;GPC6;MUC4"
"Acrosomal Vesicle (GO:0001669)","13/64",0.810171663664006,0.99998945479369,0,0,0.795258297574041,0.167409127035544,"SPAG17;LRGUK;ACTL7A;CCDC136;VPS13B;PRSS55;ZPBP;IQUB;SCNN1A;SPACA3;TRIM36;SPACA7;SPACA9"
"AP-3 Adaptor Complex (GO:0030123)","1/6",0.811266284103699,0.99998945479369,0,0,0.624324881467739,0.130583129368431,"AP3S2"
"COPI-coated Vesicle (GO:0030137)","1/6",0.811266284103699,0.99998945479369,0,0,0.624324881467739,0.130583129368431,"KDELR2"
"G Protein-Coupled Receptor Dimeric Complex (GO:0038037)","1/6",0.811266284103699,0.99998945479369,0,0,0.624324881467739,0.130583129368431,"GRM1"
"PTW/PP1 Phosphatase Complex (GO:0072357)","1/6",0.811266284103699,0.99998945479369,0,0,0.624324881467739,0.130583129368431,"PPP1R12A"
"U7 snRNP (GO:0005683)","1/6",0.811266284103699,0.99998945479369,0,0,0.624324881467739,0.130583129368431,"LSM11"
"X Chromosome (GO:0000805)","1/6",0.811266284103699,0.99998945479369,0,0,0.624324881467739,0.130583129368431,"SMCHD1"
"Astral Microtubule (GO:0000235)","1/6",0.811266284103699,0.99998945479369,0,0,0.624324881467739,0.130583129368431,"MAP9"
"Dystroglycan Complex (GO:0016011)","1/6",0.811266284103699,0.99998945479369,0,0,0.624324881467739,0.130583129368431,"SGCD"
"Flotillin Complex (GO:0016600)","1/6",0.811266284103699,0.99998945479369,0,0,0.624324881467739,0.130583129368431,"SLC6A3"
"Macropinosome (GO:0044354)","1/6",0.811266284103699,0.99998945479369,0,0,0.624324881467739,0.130583129368431,"CARMIL1"
"Membrane Attack Complex (GO:0005579)","1/6",0.811266284103699,0.99998945479369,0,0,0.624324881467739,0.130583129368431,"C7"
"Neurotransmitter Receptor Complex (GO:0098878)","1/6",0.811266284103699,0.99998945479369,0,0,0.624324881467739,0.130583129368431,"HTR3C"
"Pinosome (GO:0044352)","1/6",0.811266284103699,0.99998945479369,0,0,0.624324881467739,0.130583129368431,"CARMIL1"
"Proton-Transporting V-type ATPase, V0 Domain (GO:0033179)","1/6",0.811266284103699,0.99998945479369,0,0,0.624324881467739,0.130583129368431,"ATP6V0D1"
"Vacuolar Proton-Transporting V-type ATPase, V0 Domain (GO:0000220)","1/6",0.811266284103699,0.99998945479369,0,0,0.624324881467739,0.130583129368431,"ATP6V0D1"
"ER To Golgi Transport Vesicle Membrane (GO:0012507)","11/55",0.813347982099595,0.99998945479369,0,0,0.780004131377815,0.161145919749778,"GRIA1;GNAO1;SEC16B;MCFD2;SLC30A5;GOSR2;VTI1A;HLA-DRB3;SEC24D;B2M;CNIH3"
"Intermediate Filament (GO:0005882)","14/69",0.81791887537942,0.99998945479369,0,0,0.79409974068924,0.159607791683067,"DSP;MACF1;KRT80;DST;KRT4;KRT1;BFSP2;KRT18;KRT16;GPER1;MICAL1;PKP2;PKP1;VIM"
"Germ Plasm (GO:0060293)","3/17",0.818928375974873,0.99998945479369,0,0,0.668797690245411,0.133598125047711,"PIWIL2;TDRD1;MOV10L1"
"Recycling Endosome (GO:0055037)","34/159",0.82659565635151,0.99998945479369,0,0,0.848122872561229,0.16151620753405,"GRIA1;APP;MCTP1;WIPF3;NEU3;AP1G1;GPER1;PACSIN2;TBC1D14;B2M;RAB11FIP3;BOK;RAB4A;SLC36A2;LMTK2;ATP11A;COMMD1;SORL1;TMEM230;ENTREP1;SNX18;EHD4;MYL1;SLC9A7;RAB12;SLC9A9;ATP13A3;OR2A4;ABCG1;CFTR;OPTN;RAN;LTF;VAMP3"
"COPI Vesicle Coat (GO:0030126)","2/12",0.827466654319779,0.99998945479369,0,0,0.624247422680412,0.118224015436832,"COPG2;DIPK2A"
"Cul4A-RING E3 Ubiquitin Ligase Complex (GO:0031464)","2/12",0.827466654319779,0.99998945479369,0,0,0.624247422680412,0.118224015436832,"COP1;RBX1"
"MIB Complex (GO:0140275)","2/12",0.827466654319779,0.99998945479369,0,0,0.624247422680412,0.118224015436832,"HSPA9;MTX2"
"SAM Complex (GO:0001401)","2/12",0.827466654319779,0.99998945479369,0,0,0.624247422680412,0.118224015436832,"HSPA9;MTX2"
"Set1C/COMPASS Complex (GO:0048188)","2/12",0.827466654319779,0.99998945479369,0,0,0.624247422680412,0.118224015436832,"SETD1B;DPY30"
"Cytoplasmic Side Of Lysosomal Membrane (GO:0098574)","2/12",0.827466654319779,0.99998945479369,0,0,0.624247422680412,0.118224015436832,"EEF1A1;BORCS5"
"Mitochondrial Envelope (GO:0005740)","31/146",0.829461480698958,0.99998945479369,0,0,0.840567084223912,0.157168062666565,"AK2;CHCHD4;CHCHD5;CYB5R3;GPER1;FLVCR2;SLC25A20;PRELID3A;COA6;PRELID3B;BOK;PRELID2;PNPT1;MYOC;UQCC2;BNIP3;VPS13A;TIMM23;REXO2;IRGM;RNF144B;GATM;GPAM;OGDH;CYCS;VDAC1;TMBIM6;MICU1;FBXL4;SLC25A4;SLC25A33"
"Coated Vesicle (GO:0030135)","16/79",0.832179903502654,0.99998945479369,0,0,0.792206598658212,0.145533605583708,"SERPINA1;SGIP1;TNK2;CLTC;VPS33B;ECPAS;LMBRD1;DAB2;SNX18;AP1G1;MYL1;FCHO2;VTI1A;GPR107;VAMP3;PICALM"
"9+2 Motile Cilium (GO:0097729)","14/70",0.834438010630213,0.99998945479369,0,0,0.779867713931377,0.141153577713533,"ODF1;DNAH8;DNAH5;TACR2;DNAH9;ATP1A1;ATP1B1;AK8;TTLL3;CFAP58;SPACA3;SAXO1;SPATA19;SPACA9"
"Endolysosome (GO:0036019)","5/28",0.844739501067852,0.99998945479369,0,0,0.678366717198446,0.114458768823666,"ATG16L1;CLTC;TLR7;AP2B1;LGMN"
"SAGA Complex (GO:0000124)","4/23",0.845006373676286,0.99998945479369,0,0,0.656982803543512,0.110643202434388,"KAT2B;TADA2A;TMEM98;USP22"
"cullin-RING Ubiquitin Ligase Complex (GO:0031461)","37/174",0.845059286914175,0.99998945479369,0,0,0.841965876101902,0.141743685605706,"PRKN;ANAPC16;FBH1;CCNF;DCAF4L2;FBXO25;FBXO44;DCAF7;FBXL21P;DCAF1;DCAF17;CDC23;CAND1;FBXO4;FEM1C;ELOC;FBXO7;KLHDC10;PCMTD1;FBXW11;FEM1B;FBXO38;FBXL17;FBXO15;FBXL18;KLHL3;COMMD1;FBXL13;KLHL42;RBX1;KLHL20;APPBP2;GAN;FBXL5;FBXL4;ANAPC1;FBXL7"
"Vacuolar Lumen (GO:0005775)","34/161",0.847871868187114,0.99998945479369,0,0,0.834655475039468,0.137739648633516,"PYGB;SERPINA3;ASAH1;HEXB;SDC3;GDI2;PRELP;ORM2;HEBP2;CYB5R3;TTR;NAGLU;CREG1;LAMP2;IDS;MAPK1;GYG1;SLC18A1;GPC6;NHLRC3;ARG1;OMD;RNASE3;LYZ;DCN;TADA2A;TUBB2A;NAAA;CSPG5;SDC1;FMOD;ACTR10;FRK;LGMN"
"Hrd1p Ubiquitin Ligase Complex (GO:0000836)","1/7",0.857066491986385,0.99998945479369,0,0,0.520236377379235,0.0802411425631128,"SEL1L"
"NMDA Selective Glutamate Receptor Complex (GO:0017146)","1/7",0.857066491986385,0.99998945479369,0,0,0.520236377379235,0.0802411425631128,"GRIN3A"
"cis-Golgi Network Membrane (GO:0033106)","1/7",0.857066491986385,0.99998945479369,0,0,0.520236377379235,0.0802411425631128,"BOK"
"Cytolytic Granule (GO:0044194)","1/7",0.857066491986385,0.99998945479369,0,0,0.520236377379235,0.0802411425631128,"GNLY"
"Ribonuclease MRP Complex (GO:0000172)","1/7",0.857066491986385,0.99998945479369,0,0,0.520236377379235,0.0802411425631128,"RPP30"
"Spherical High-Density Lipoprotein Particle (GO:0034366)","1/7",0.857066491986385,0.99998945479369,0,0,0.520236377379235,0.0802411425631128,"CLU"
"Voltage-Gated Sodium Channel Complex (GO:0001518)","1/7",0.857066491986385,0.99998945479369,0,0,0.520236377379235,0.0802411425631128,"SCN8A"
"CatSper Complex (GO:0036128)","2/13",0.860699475732275,0.99998945479369,0,0,0.567460168697282,0.0851246297935871,"CATSPER2;CATSPERB"
"GBAF Complex (GO:0140288)","2/13",0.860699475732275,0.99998945479369,0,0,0.567460168697282,0.0851246297935871,"SMARCC1;SMARCA2"
"Clathrin Coat Of trans-Golgi Network Vesicle (GO:0030130)","2/13",0.860699475732275,0.99998945479369,0,0,0.567460168697282,0.0851246297935871,"AP1G1;AP1B1"
"Cytoplasmic Side Of Endoplasmic Reticulum Membrane (GO:0098554)","2/13",0.860699475732275,0.99998945479369,0,0,0.567460168697282,0.0851246297935871,"PTPN1;RPS29"
"Lamellar Body (GO:0042599)","2/13",0.860699475732275,0.99998945479369,0,0,0.567460168697282,0.0851246297935871,"SFTA3;CTSH"
"U2-type Catalytic Step 2 Spliceosome (GO:0071007)","5/29",0.86659151519042,0.99998945479369,0,0,0.650058455401967,0.0930802845039137,"SNRNP40;SNRPD1;PPIE;SNRPB2;PRPF19"
"Lytic Vacuole Membrane (GO:0098852)","62/287",0.870902134550894,0.99998945479369,0,0,0.858479239155648,0.118663866566979,"SLC35F6;PLEKHF1;ECE1;VLDLR;CLU;RPTOR;LAPTM4B;FLCN;LAPTM4A;AP1G1;CHMP1B;LAMP2;ANKFY1;RNF152;SPG11;SLC36A1;ATP6V0E1;PLA2G4E;ATP6AP2;AP1B1;TFEB;VPS13A;AP3B1;ATP11A;TMEM150C;LMBRD1;NPC1;TMEM79;TMBIM1;ATP6V0D1;DAGLB;ATP6V0D2;CFTR;SLC29A3;SIDT2;OCA2;AHNAK;PSEN1;PLD1;GNAI1;NAPG;DPP4;NEU3;ATP6V1H;RDH14;SLC38A9;ATP6V1C1;ATP6V1C2;LYN;MEAK7;CTNS;LNPEP;CP;IRGM;MTOR;GNAO1;DAB2;GNAQ;GNB4;HLA-DRB3;CYB561;TECPR1"
"Lipid Droplet (GO:0005811)","16/82",0.873269025370166,0.99998945479369,0,0,0.75604682056295,0.102453120890848,"EDA;CAV1;VPS13A;ACSL4;ABHD5;UBE2G2;CIDEC;RAP1B;FIG4;CYB5R3;TRAF6;PNPLA4;PLIN1;LDAH;RAB3GAP1;ADIG"
"U5 snRNP (GO:0005682)","3/19",0.874617880005696,0.99998945479369,0,0,0.585120643431635,0.078387557378988,"SNRNP40;PRPF18;SNRPD1"
"Multivesicular Body Membrane (GO:0032585)","3/19",0.874617880005696,0.99998945479369,0,0,0.585120643431635,0.078387557378988,"LAPTM4B;CHMP1B;RAB27A"
"Motile Cilium (GO:0031514)","14/73",0.877199040844297,0.99998945479369,0,0,0.740066283167859,0.0969644878526635,"ROPN1B;DNAI4;ANXA1;INTU;DNAH5;SORD;DNAH9;AK8;RSPH1;IQUB;SCNN1A;CFAP161;SAXO1;BBS4"
"Cul4-RING E3 Ubiquitin Ligase Complex (GO:0080008)","6/35",0.884639927149478,0.99998945479369,0,0,0.645495040346108,0.0791212826511137,"DCAF1;COP1;DCAF17;DCAF4L2;DCAF7;RBX1"
"U4/U6 X U5 tri-snRNP Complex (GO:0046540)","6/35",0.884639927149478,0.99998945479369,0,0,0.645495040346108,0.0791212826511137,"LSM8;SNRNP40;LSM6;PRPF18;SNRPD1;LSM3"
"Non-Motile Cilium (GO:0097730)","5/30",0.885787753167933,0.99998945479369,0,0,0.624014854549206,0.0756792194398523,"DRD2;MCHR1;DYNLL2;BBS4;CEP89"
"Rough Endoplasmic Reticulum (GO:0005791)","5/30",0.885787753167933,0.99998945479369,0,0,0.624014854549206,0.0756792194398523,"RPL4;EPHA5;PSEN1;TMCC1;MBL2"
"Phagocytic Vesicle Membrane (GO:0030670)","8/45",0.886062417613089,0.99998945479369,0,0,0.674492824781842,0.0815919684955344,"ATP6V0E1;RAB31;PIK3C3;ATP7A;ATP6V0D1;B2M;ATP6V0D2;VAMP3"
"Ino80 Complex (GO:0031011)","2/14",0.887965464380007,0.99998945479369,0,0,0.520137457044674,0.0618039956491347,"INO80C;RUVBL1"
"Endopeptidase Complex (GO:1905369)","2/14",0.887965464380007,0.99998945479369,0,0,0.520137457044674,0.0618039956491347,"FCN1;MBL2"
"Muscle Myosin Complex (GO:0005859)","2/14",0.887965464380007,0.99998945479369,0,0,0.520137457044674,0.0618039956491347,"MYL1;MYH13"
"INO80-type Complex (GO:0097346)","4/25",0.889172483197855,0.99998945479369,0,0,0.594334433443344,0.0698129254121257,"INO80C;CFDP1;RUVBL1;ANP32E"
"9+0 Non-Motile Cilium (GO:0097731)","1/8",0.891753942322663,0.99998945479369,0,0,0.445887445887446,0.0510831103401383,"DYNLL2"
"BLOC-1 Complex (GO:0031083)","1/8",0.891753942322663,0.99998945479369,0,0,0.445887445887446,0.0510831103401383,"DTNBP1"
"Golgi Trans Cisterna (GO:0000138)","1/8",0.891753942322663,0.99998945479369,0,0,0.445887445887446,0.0510831103401383,"GCC1"
"Perineuronal Net (GO:0072534)","1/8",0.891753942322663,0.99998945479369,0,0,0.445887445887446,0.0510831103401383,"HAPLN2"
"Phosphatidylinositol 3-Kinase Complex, Class I (GO:0097651)","1/8",0.891753942322663,0.99998945479369,0,0,0.445887445887446,0.0510831103401383,"PIK3CB"
"Phosphatidylinositol 3-Kinase Complex, Class IA (GO:0005943)","1/8",0.891753942322663,0.99998945479369,0,0,0.445887445887446,0.0510831103401383,"PIK3CB"
"Condensed Chromosome (GO:0000793)","11/60",0.892419400788875,0.99998945479369,0,0,0.700180010033346,0.0796938422277323,"NCAPG2;NSMCE2;DMC1;SETMAR;NCAPG;RGS12;SMC6;MKI67;KIFAP3;TTN;BRD4"
"Sperm Flagellum (GO:0036126)","11/60",0.892419400788875,0.99998945479369,0,0,0.700180010033346,0.0796938422277323,"ODF1;TTLL3;DNAH8;TACR2;CFAP58;SPACA3;ATP1A1;ATP1B1;SAXO1;SPATA19;SPACA9"
"Ficolin-1-Rich Granule (GO:0101002)","38/184",0.892882547452721,0.99998945479369,0,0,0.811098906727524,0.0918976947652337,"FCN1;GPI;ASAH1;SERPINA1;CANT1;CALML5;SLC2A3;CLU;CST3;PSMB7;CAND1;LAMP2;CTSH;MAPK1;CD58;GYG1;ATG7;CD55;KCMF1;DSP;PTPRN2;CD93;APAF1;KRT1;ATP6AP2;SERPINB6;EEF1A1;NFASC;CRISPLD2;PKP1;PPIE;PLEKHO2;YPEL5;DSC1;ACTR10;VCL;PAFAH1B2;VPS35L"
"Spliceosomal tri-snRNP Complex (GO:0097526)","6/36",0.900501955935671,0.99998945479369,0,0,0.623937267849773,0.0653904614895941,"LSM8;SNRNP40;LSM6;PRPF18;SNRPD1;LSM3"
"Lysosome (GO:0005764)","110/503",0.9076894796593,0.99998945479369,0,0,0.870919067657005,0.0843510736193225,"CLU;CRHBP;LAPTM4B;LAPTM4A;STS;NAGLU;LAMP2;ANKFY1;PIP4K2A;GYG1;ATP6V0E1;VPS33B;OMD;AP1B1;TSC2;ATP11A;TOM1L1;MYL1;TMEM79;NAAA;ATP6V0D1;ATP6V0D2;CFTR;SIDT2;CALCRL;SDC3;BCL10;CD1D;ADRB2;PSEN1;PLD1;DPP4;NEU3;ATP6V1H;RDH14;SLC38A9;ATP6V1C1;ATP6V1C2;LYN;HPS1;GLMP;RAB27A;LNPEP;CP;GNAO1;MFHAS1;DAB2;GNAQ;GNB4;CSPG5;SDC1;HLA-DRB3;TECPR1;LGMN;SLC35F6;PLEKHF1;CPQ;HEXB;CLTC;ECE1;VLDLR;RPTOR;FLCN;FYCO1;GNLY;AP1G1;CHMP1B;RB1CC1;CTSH;IDS;MFSD1;RNF152;SPG11;CD34;SLC36A1;PLA2G4E;ATP6AP2;VPS13A;TFEB;AP3B1;PLAAT3;TMEM150C;DCN;HCK;LMBRD1;NPC1;TMBIM1;TLR7;DAGLB;SLC29A3;OCA2;ASAH1;AHNAK;CXCR4;PRELP;GNAI1;NAPG;RPS6KC1;DRAM2;RFFL;GPC6;MARCHF3;SNCA;MEAK7;CTNS;IRGM;MTOR;RAB12;FMOD;CYB561"
"H4 Histone Acetyltransferase Complex (GO:1902562)","2/15",0.910203214565895,0.99998945479369,0,0,0.480095162569389,0.0451709016101189,"KAT8;KANSL1L"
"MHC Class II Protein Complex (GO:0042613)","2/15",0.910203214565895,0.99998945479369,0,0,0.480095162569389,0.0451709016101189,"GNAO1;HLA-DRB3"
"Ficolin-1-Rich Granule Lumen (GO:1904813)","24/123",0.912162688708522,0.99998945479369,0,0,0.755642589942507,0.069471450885546,"FCN1;KCMF1;GPI;ASAH1;SERPINA1;CANT1;CALML5;APAF1;KRT1;EEF1A1;CST3;PSMB7;CAND1;CRISPLD2;PPIE;CTSH;MAPK1;PLEKHO2;YPEL5;GYG1;ATG7;ACTR10;VCL;PAFAH1B2"
"Endoplasmic reticulum-Golgi Intermediate Compartment Membrane (GO:0033116)","9/52",0.913159819730119,0.99998945479369,0,0,0.652800253542634,0.0593032243182135,"GRIA1;MCFD2;SERPINA1;ZDHHC9;GOSR2;GALNT1;PLPP3;CNIH3;CD55"
"Late Endosome (GO:0005770)","42/205",0.91325293891593,0.99998945479369,0,0,0.802737140160453,0.0728422908359422,"VAC14;STEAP3;PARM1;GOSR2;DYSF;CXCR4;HTT;VPS26B;ECPAS;MTM1;CRHBP;LAPTM4B;FYCO1;LAPTM4A;RAP1A;CHMP1B;LAMP2;VTI1A;MAPK1;SLC38A9;ATP7A;MBL2;MAP2K1;MAGI2;VPS33B;RAB27A;CTNS;MR1;SORL1;IGF2R;TMEM230;FIG4;ENTREP1;SNX16;SLC9A9;PIK3C3;ATP13A3;HLA-DRB3;OSBPL1A;SLC29A3;TPT1;LGMN"
"Vesicle Coat (GO:0030120)","6/37",0.914451053021382,0.99998945479369,0,0,0.603770319385459,0.0539959861772199,"COPG2;ENTHD1;DIPK2A;SEC24D;EPN1;EPN2"
"Endocytic Vesicle Lumen (GO:0071682)","3/21",0.914549346211607,0.99998945479369,0,0,0.52003849590981,0.0464518420771144,"HSPH1;GNLY;LTF"
"Gap Junction (GO:0005921)","3/21",0.914549346211607,0.99998945479369,0,0,0.52003849590981,0.0464518420771144,"GJC3;GJA3;DSC1"
"Lysosomal Lumen (GO:0043202)","16/86",0.915222348811548,0.99998945479369,0,0,0.712655086848635,0.0631328592022975,"ASAH1;HEXB;OMD;SDC3;PRELP;DCN;NAGLU;LAMP2;NAAA;IDS;CSPG5;SDC1;FMOD;GYG1;GPC6;LGMN"
"Amphisome Membrane (GO:1904930)","1/9",0.918024558638029,0.99998945479369,0,0,0.390125747268604,0.0333678984990673,"CHMP1B"
"Multimeric Ribonuclease P Complex (GO:0030681)","1/9",0.918024558638029,0.99998945479369,0,0,0.390125747268604,0.0333678984990673,"RPP30"
"Perisynaptic Extracellular Matrix (GO:0098966)","1/9",0.918024558638029,0.99998945479369,0,0,0.390125747268604,0.0333678984990673,"HAPLN2"
"post-mRNA Release Spliceosomal Complex (GO:0071014)","1/9",0.918024558638029,0.99998945479369,0,0,0.390125747268604,0.0333678984990673,"CWF19L2"
"Cytoplasmic Vesicle Lumen (GO:0060205)","22/115",0.921720213756265,0.99998945479369,0,0,0.737349451234444,0.0601039767236923,"FCN1;GPI;PCSK1;SERPINA3;APAF1;ROCK1;DEFA5;GDI2;APOA1;EEF1A1;POMC;PSMB7;CAND1;CRISPLD2;PPIE;CTSH;S100P;GYG1;ATG7;VCL;S100A11;PAFAH1B2"
"Mitotic Spindle (GO:0072686)","28/143",0.923191750351683,0.99998945479369,0,0,0.758749729612806,0.0606380030809088,"CLTC;HEPACAM2;HNF4G;NEDD9;CDC14C;CDC14B;FLCN;MBIP;MAPK1;MAP4;TBL1X;MAP9;CLASP1;CLASP2;RTRAF;USP44;CD180;CDC7;EML1;KNSTRN;KAT2B;TADA2A;NCOR1;TUBB2A;KATNBL1;HECW2;MYF6;LSM14A"
"Microbody Membrane (GO:0031903)","9/53",0.923885709828677,0.99998945479369,0,0,0.637921648865279,0.0505022829893272,"ALDH3A2;ABCD3;MGST1;TTC1;PEX2;FAR1;PEX10;HMGCR;GDAP1"
"Peroxisomal Membrane (GO:0005778)","9/53",0.923885709828677,0.99998945479369,0,0,0.637921648865279,0.0505022829893272,"ALDH3A2;ABCD3;MGST1;TTC1;PEX2;FAR1;PEX10;HMGCR;GDAP1"
"SAGA-type Complex (GO:0070461)","6/38",0.926664475965843,0.99998945479369,0,0,0.584863805200165,0.0445454060416017,"KAT2B;TADA2A;TMEM98;USP22;MBIP;MAP3K7"
"Lysosomal Membrane (GO:0005765)","75/356",0.932382959839871,0.99998945479369,0,0,0.830659513967059,0.0581558411488004,"SLC35F6;B4GALT1;PLEKHF1;CLTC;ECE1;VLDLR;CLU;RPTOR;LAPTM4B;FLCN;LAPTM4A;AP1G1;CHMP1B;LAMP2;ANKFY1;RNF152;SPG11;BORCS5;SLC36A1;ATP6V0E1;PLA2G4E;ATP6AP2;AP1B1;TFEB;VPS13A;NDUFC2;AP3B1;ATP11A;TMEM150C;EEF1A1;LMBRD1;NPC1;TMEM79;TMBIM1;TLR7;ATP6V0D1;DAGLB;ATP6V0D2;CFTR;SLC29A3;SIDT2;OCA2;AHNAK;BRI3;MGST1;PSEN1;PLD1;GNAI1;NAPG;DPP4;RAP1B;NEU3;ATP6V1H;RDH14;SLC38A9;ATP6V1C1;ATP6V1C2;LYN;MEAK7;CTNS;LNPEP;AP2B1;CP;IRGM;MTOR;GNAO1;DAB2;VAPA;ATG16L1;GNAQ;SLCO4C1;GNB4;HLA-DRB3;CYB561;TECPR1"
"Keratin Filament (GO:0045095)","6/39",0.93731423064201,0.99998945479369,0,0,0.567103140359434,0.0367123828917793,"KRT80;KRT18;KRT4;KRT16;GPER1;KRT1"
"U4 snRNP (GO:0005687)","1/10",0.937920343543491,0.99998945479369,0,0,0.346755537231728,0.0222236508653512,"SNRPD1"
"Alpha-Beta T Cell Receptor Complex (GO:0042105)","1/10",0.937920343543491,0.99998945479369,0,0,0.346755537231728,0.0222236508653512,"NCOR2"
"Preribosome, Small Subunit Precursor (GO:0030688)","1/10",0.937920343543491,0.99998945479369,0,0,0.346755537231728,0.0222236508653512,"RIOK1"
"Primary Lysosome (GO:0005766)","1/10",0.937920343543491,0.99998945479369,0,0,0.346755537231728,0.0222236508653512,"HEXB"
"Extracellular Vesicle (GO:1903561)","10/60",0.941599751438551,0.99998945479369,0,0,0.623626600578273,0.0375267225912915,"ARRDC4;TUBB2A;SERPINE2;CLTC;ATP1A2;PRELP;ATP1A1;ATP1B1;PROM1;VCL"
"Golgi-associated Vesicle Membrane (GO:0030660)","3/23",0.942544296918155,0.99998945479369,0,0,0.467972777892349,0.0276910543302673,"CSPG5;KDELR2;CNGB1"
"Endoribonuclease Complex (GO:1902555)","2/17",0.94282295012307,0.99998945479369,0,0,0.416027491408935,0.0244943531370713,"RPP30;TSN"
"Mitochondrial Respiratory Chain Complex IV (GO:0005751)","2/17",0.94282295012307,0.99998945479369,0,0,0.416027491408935,0.0244943531370713,"COX4I2;COX6C"
"Late Endosome Membrane (GO:0031902)","15/85",0.944001066563009,0.99998945479369,0,0,0.667976018193095,0.0384941106232297,"VAC14;GOSR2;RAB27A;MR1;FIG4;LAPTM4B;ENTREP1;LAPTM4A;CHMP1B;LAMP2;SLC9A9;VTI1A;ATP13A3;HLA-DRB3;SLC29A3"
"COPII-coated ER To Golgi Transport Vesicle (GO:0030134)","13/76",0.94901850603811,0.99998945479369,0,0,0.643268811278731,0.0336603142193921,"GRIA1;SEC16B;MCFD2;SERPINA1;SLC30A5;GOSR2;ECPAS;GNAO1;VTI1A;HLA-DRB3;SEC24D;B2M;CNIH3"
"Cul3-RING Ubiquitin Ligase Complex (GO:0031463)","5/35",0.949976377573043,0.99998945479369,0,0,0.519840451138161,0.0266772556587477,"GAN;KLHL3;KLHL20;KLHL42;RBX1"
"Amphisome (GO:0044753)","1/11",0.95298796890079,0.99998945479369,0,0,0.312059369202226,0.0150265947602281,"CHMP1B"
"Mitochondrial Respiratory Chain Complex III (GO:0005750)","1/11",0.95298796890079,0.99998945479369,0,0,0.312059369202226,0.0150265947602281,"UQCRHL"
"Respiratory Chain Complex III (GO:0045275)","1/11",0.95298796890079,0.99998945479369,0,0,0.312059369202226,0.0150265947602281,"UQCRHL"
"U1 snRNP (GO:0005685)","2/18",0.954550959019387,0.99998945479369,0,0,0.39,0.0181405571333145,"SNRPD1;SNRPB2"
"Connexin Complex (GO:0005922)","2/18",0.954550959019387,0.99998945479369,0,0,0.39,0.0181405571333145,"GJC3;GJA3"
"High-Density Lipoprotein Particle (GO:0034364)","2/18",0.954550959019387,0.99998945479369,0,0,0.39,0.0181405571333145,"CETP;CLU"
"Mitochondrial Proton-Transporting ATP Synthase Complex (GO:0005753)","2/18",0.954550959019387,0.99998945479369,0,0,0.39,0.0181405571333145,"ATP5PF;ATP5MC1"
"Preribosome, Large Subunit Precursor (GO:0030687)","2/18",0.954550959019387,0.99998945479369,0,0,0.39,0.0181405571333145,"EBNA1BP2;NEDD4"
"Proton-Transporting ATP Synthase Complex (GO:0045259)","2/18",0.954550959019387,0.99998945479369,0,0,0.39,0.0181405571333145,"ATP5PF;ATP5MC1"
"Mitochondrial Respiratory Chain Complex I (GO:0005747)","6/41",0.954569423898749,0.99998945479369,0,0,0.534626496079241,0.0248574082521272,"NDUFB9;NDUFA12;NDUFB4;NDUFS4;NDUFC2;NDUFC2-KCTD14"
"Respiratory Chain Complex I (GO:0045271)","6/41",0.954569423898749,0.99998945479369,0,0,0.534626496079241,0.0248574082521272,"NDUFB9;NDUFA12;NDUFB4;NDUFS4;NDUFC2;NDUFC2-KCTD14"
"Extracellular Membrane-Bounded Organelle (GO:0065010)","9/57",0.956142971711211,0.99998945479369,0,0,0.584606648771423,0.0262183367442005,"ARRDC4;TUBB2A;SERPINE2;CLTC;ATP1A2;PRELP;ATP1A1;ATP1B1;VCL"
"Endoplasmic Reticulum Lumen (GO:0005788)","57/284",0.960324072607934,0.99998945479369,0,0,0.781372850757718,0.0316334703085535,"APP;COL18A1;ERO1B;COLGALT2;SERPINA1;CSF1;COL14A1;CHRDL1;TXNDC16;ADAMTSL1;STS;EVA1A;CDH2;B2M;IGFBP1;TOR3A;COL23A1;WNT5A;APOA1;CNPY3;PDIA5;SUMF1;COL2A1;F9;COL4A2;SPARCL1;COL21A1;FAM20C;COL13A1;SELENOF;LTBP1;THBS1;TSPAN33;TGOLN2;CST3;PDGFC;PENK;ESD;SPP2;MAPK1;IGFBP7;AMELX;COL28A1;MBTPS1;COL24A1;ERAP2;GOLM1;WNT7B;ERAP1;FN1;FMO1;CP;MANF;KTN1;ERP44;TSPAN14;FBN1"
"Cilium (GO:0005929)","51/257",0.961053918409699,0.99998945479369,0,0,0.770513020143457,0.0306084486700454,"ROPN1B;FANK1;CLXN;TTC23;NPY2R;EFCAB7;GLI3;GLI2;FLCN;TCTN2;IQUB;CFAP47;PRLHR;KIFAP3;IFT57;BBS4;DNAI4;ANXA1;IFT140;SORD;DLEC1;DYNLL2;MOSMO;CATSPERB;IFT43;SCNN1A;SAXO1;CCDC40;CNGB1;INTU;ARL6;DNAH5;GPR88;DNAH9;CBL;MCHR1;KIF3B;TMEM67;TTC21B;P2RY1;PROM1;DRD2;DNAI1;FHDC1;CYRIB;TTLL5;RSPH1;TTLL3;CFAP161;DYNLRB1;CEP89"
"Azurophil Granule Membrane (GO:0035577)","9/58",0.962004673598656,0.99998945479369,0,0,0.572637975280965,0.0221816874986695,"RAP1B;B4GALT1;VAPA;BRI3;LAMP2;SLCO4C1;MGST1;NDUFC2;PSEN1"
"T Cell Receptor Complex (GO:0042101)","2/19",0.963954785697215,0.99998945479369,0,0,0.367034566403881,0.013474164960419,"NCOR2;SYK"
"Respiratory Chain Complex IV (GO:0045277)","2/19",0.963954785697215,0.99998945479369,0,0,0.367034566403881,0.013474164960419,"COX4I2;COX6C"
"90S Preribosome (GO:0030686)","1/12",0.964398909210795,0.99998945479369,0,0,0.283671595359907,0.0102831701446525,"SRFBP1"
"RNA Polymerase I Complex (GO:0005736)","1/12",0.964398909210795,0.99998945479369,0,0,0.283671595359907,0.0102831701446525,"POLR1D"
"Microtubule (GO:0005874)","35/185",0.966051027162911,0.99998945479369,0,0,0.726496436232787,0.0250921865325682,"MACF1;TUBD1;KIF12;CRHBP;TUBA3D;KIF3B;KIF5C;MAP6;KIF21A;MAP4;KIFAP3;DNM1L;CDK5RAP3;CLASP1;CDK5RAP2;CLASP2;TRIM63;CCDC57;MX2;MX1;ZNF804A;KIF24;FHDC1;EML1;DNM2;DNM3;DLG1;TUBB2A;SYNJ1;KIF2A;APC;MAP1B;TBCE;CDK2AP2;TRIM55"
"Anaphase-Promoting Complex (GO:0005680)","2/20",0.97147162679948,0.99998945479369,0,0,0.346620847651775,0.0100323221157105,"CDC23;ANAPC16"
"mRNA Cleavage And Polyadenylation Specificity Factor Complex (GO:0005847)","1/13",0.973040444607393,0.99998945479369,0,0,0.260015117157974,0.00710611714028953,"CPSF7"
"Mitotic Spindle Microtubule (GO:1990498)","1/13",0.973040444607393,0.99998945479369,0,0,0.260015117157974,0.00710611714028953,"CLTC"
"Septin Cytoskeleton (GO:0032156)","1/13",0.973040444607393,0.99998945479369,0,0,0.260015117157974,0.00710611714028953,"SEPTIN11"
"Septin Ring (GO:0005940)","1/13",0.973040444607393,0.99998945479369,0,0,0.260015117157974,0.00710611714028953,"SEPTIN11"
"Azurophil Granule (GO:0042582)","28/155",0.974384159685442,0.99998945479369,0,0,0.686508402867552,0.0178146449771188,"PYGB;SERPINA3;B4GALT1;BRI3;HEXB;GDI2;MGST1;PSEN1;ORM2;RAP1B;HEBP2;CYB5R3;TTR;CREG1;LAMP2;MAPK1;SLC18A1;NHLRC3;ARG1;NDUFC2;RNASE3;LYZ;TADA2A;TUBB2A;VAPA;SLCO4C1;ACTR10;FRK"
"Ribosome (GO:0005840)","9/61",0.975601673671243,0.99998945479369,0,0,0.539493956384314,0.0133259847090137,"SERP1;LARP1;RPL32;RPS29;RRBP1;NR0B1;NCK1;RPL19;RPS23"
"Microtubule Cytoskeleton (GO:0015630)","68/342",0.977364893031059,0.99998945479369,0,0,0.771604862925079,0.0176660580924144,"MAST2;CLTC;PINX1;HEPACAM2;KIF12;LYST;SEPTIN11;CRHBP;KIF5C;CSPP1;KIF21A;SOX9;KIFAP3;DNM1L;CDK5RAP3;CDK5RAP2;TRIM63;DST;MTUS1;KIF24;NAV1;EML1;GABRG3;GTF2F2;CKAP5;DNM2;DNM3;TUBB2A;IFT43;KIF2A;INCENP;MAP1B;RELL1;MAPRE2;KANK4;TRIM55;MACF1;CTDP1;ARL6;NEDD9;TUBD1;TTK;SPATA7;NUAK1;TUBA3D;BCL2L10;KIF3B;ATXN7;MAP7;MAP6;MAP4;CLASP1;CLASP2;MX2;MX1;DTNBP1;TEX35;FHDC1;ADCY10;DLG1;FER;TTLL3;SYNJ1;APC;KATNBL1;TBCE;CDK2AP2;CCSER2"
"MHC Protein Complex (GO:0042611)","2/21",0.977463385566674,0.99998945479369,0,0,0.328355941399891,0.00748469146142256,"GNAO1;HLA-DRB3"
"Mitochondrial Outer Membrane Translocase Complex (GO:0005742)","2/21",0.977463385566674,0.99998945479369,0,0,0.328355941399891,0.00748469146142256,"HSPA9;MTX2"
"RNA Polymerase II, Core Complex (GO:0005665)","1/14",0.979584594036511,0.99998945479369,0,0,0.239998097140954,0.00495036414660515,"POLR2M"
"Spliceosomal snRNP Complex (GO:0097525)","8/57",0.98027596721396,0.99998945479369,0,0,0.508906452754512,0.0101380006419573,"LSM8;SNRNP40;PRPF18;LSM6;SNRPD1;SNRPB2;BUD13;LSM3"
"Spindle Microtubule (GO:0005876)","10/68",0.981058665864586,0.99998945479369,0,0,0.537324274665641,0.0102752623674731,"KIF2A;KIF3B;ZWILCH;CCDC57;CHMP1B;CLTC;KIFAP3;CLASP1;MAP9;CLASP2"
"Mitochondrial Ribosome (GO:0005761)","2/22",0.9822274654602,0.99998945479369,0,0,0.311917525773196,0.0055934181618261,"MRPS22;MTG2"
"COPII Vesicle Coat (GO:0030127)","1/15",0.98454033114242,0.99998945479369,0,0,0.22284065141208,0.00347194996710316,"SEC24D"
"Core Mediator Complex (GO:0070847)","2/23",0.98600675923451,0.99998945479369,0,0,0.297044673539519,0.0041859740936988,"MED9;MED27"
"Spindle (GO:0005819)","38/210",0.987308066768548,0.99998945479369,0,0,0.687297707268529,0.00877896623813964,"CTDP1;CLTC;PINX1;HEPACAM2;HNF4G;NEDD9;TTK;CDC14C;CDC14B;FLCN;BCL2L10;KIF3B;CSPP1;MBIP;MAPK1;MAP4;TBL1X;KIFAP3;MAP9;CLASP1;RTRAF;CLASP2;CCDC57;USP44;CD180;CDC7;EML1;KNSTRN;KAT2B;TADA2A;NCOR1;TUBB2A;KIF2A;INCENP;KATNBL1;HECW2;MYF6;LSM14A"
"U2-type Precatalytic Spliceosome (GO:0071005)","6/49",0.988586692171764,0.99998945479369,0,0,0.434930750847018,0.00499254376991635,"LSM8;LSM6;SNRPD1;SNRPB2;MAGOHB;LSM3"
"Chromosome (GO:0005694)","28/164",0.989905834070329,0.99998945479369,0,0,0.640693590869184,0.00650012958265287,"CDCA2;PINX1;SETD7;NCAPG;SMC6;MKI67;HDAC8;FIGNL1;BMS1;HORMAD2;KMT5A;TRAPPC13;TOPBP1;DDX18;PBRM1;UTP6;SETMAR;HMGA2;BAZ1A;RBL2;EBNA1BP2;STAG1;POLR1A;DMC1;SHLD1;PIN4;TOP1;CLOCK"
"RNA Polymerase III Complex (GO:0005666)","1/17",0.991134954891386,0.99998945479369,0,0,0.194959802102659,0.00173603386940179,"POLR1D"
"Transcription Factor TFTC Complex (GO:0033276)","1/17",0.991134954891386,0.99998945479369,0,0,0.194959802102659,0.00173603386940179,"USP22"
"U2 snRNP (GO:0005686)","2/25",0.991362515223301,0.99998945479369,0,0,0.271178843567907,0.0023524775669524,"SNRPD1;SNRPB2"
"GABA-A Receptor Complex (GO:1902711)","1/18",0.993286890167953,0.99998945479369,0,0,0.183479452387015,0.00123587064041296,"GABRG3"
"Precatalytic Spliceosome (GO:0071011)","6/52",0.993419326756276,0.99998945479369,0,0,0.406484953973694,0.00268378493361148,"LSM8;LSM6;SNRPD1;SNRPB2;MAGOHB;LSM3"
"Lumenal Side Of Endoplasmic Reticulum Membrane (GO:0098553)","2/27",0.994695298938594,0.99998945479369,0,0,0.249451546391753,0.00132678810964247,"GNAO1;HLA-DRB3"
"Cytosolic Small Ribosomal Subunit (GO:0022627)","4/41",0.994970002706641,0.99998945479369,0,0,0.336968156275087,0.00169922605694325,"RPS4Y2;RPS29;RPS4Y1;RPS23"
"Small Ribosomal Subunit (GO:0015935)","4/42",0.995924256985616,0.99998945479369,0,0,0.328078860517631,0.00133989752152241,"RPS4Y2;RPS29;RPS4Y1;RPS23"
"Mitochondrial Membrane (GO:0031966)","105/540",0.99706523582589,0.99998945479369,0,0,0.74813857027669,0.00219883838989091,"PHB1;MTCH2;DHFR2;NDUFA12;GHITM;CLU;BNIP3L;ACSL1;MRPS18A;ACSL4;RAB32;VDAC3;SLC25A51;VDAC1;RAF1;SPATA19;MAOA;MTARC1;SLC41A3;MRPL17;PLD6;PSEN1;ACACB;ATP5MC1;TIMM50;TMEM242;PGS1;APOO;BCL2L10;CYB5R3;BCL2L11;CYP11A1;COX10;MCL1;UQCC2;UQCC5;COQ7;SPART;OGDH;BCL2;NDUFAF2;SPIRE1;CYCS;SFXN2;BCL2L1;TMEM186;HK2;MRPL3;IMMP2L;MRPL1;CPT2;NNT;MTG2;GPER1;FLVCR2;EFHD1;DNM1L;SLC18A1;BOK;MRPS28;MRPS27;MYOC;MRPS22;VPS13A;TIMM23;NDUFC2;MRPL46;MRPL44;FAM210B;QTRT2;RNF144B;MRPS9;NDUFS4;TMBIM6;MICU3;SLC25A12;MICU1;SLC25A4;SLC29A3;SLC25A13;AGPAT5;NDUFB9;MTFP1;NDUFB4;UCP1;AMBRA1;MRPS30;BPHL;AGPAT4;UCP3;UCP2;MFN1;SLC25A20;CYB5B;CYB5A;ATP5PF;MTX2;BNIP3;COX6C;GDAP1;IRGM;DHODH;GPAM;RTN4IP1;SLC25A33"
"U2-type Spliceosomal Complex (GO:0005684)","11/90",0.998616028012762,0.99998945479369,0,0,0.433425984274616,0.000600264891552175,"LSM8;SNRNP40;PRPF18;LSM6;SNRPD1;PPIE;SNRPB2;BUD13;PRPF19;MAGOHB;LSM3"
"Nuclear Lumen (GO:0031981)","153/780",0.999295327698573,0.99998945479369,0,0,0.75407574247193,0.000531563599974559,"RPL4;SRP19;FBXO25;NUCKS1;PRDM1;ADARB1;RBPJ;ADARB2;CDC14C;MKI67;TXN2;CDC14B;GOLGA3;RPS6KA6;PIM1;MACROD2;PHLDA1;CDK5RAP3;TSPYL2;ABT1;DDX18;AGTPBP1;SCAF11;SLC30A5;CD180;MTUS1;SETMAR;ACSL5;LDOC1;VRK1;GABRG3;RUNX3;THAP2;EEF1A1;EBNA1BP2;MYCN;CCNY;KAT6A;XRN2;SRSF5;CCNO;ZCCHC7;MEAF6;TXK;CDKN2AIP;FXR1;ATXN1;FIGNL1;MBIP;ABL1;ASIC2;N4BP1;COX10;SRPK2;PDHA1;ATP8B2;IQSEC1;INSR;PYM1;HMGA2;ISG20;DIAPH2;LSM6;STK24;SPATS2L;NANOG;PIN4;ATM;RETREG1;INKA2;CDKN1A;DOCK4;MCM7;NVL;PINX1;SETD7;MCM10;PIK3CB;CHD3;LDB2;FMN2;STON2;MYSM1;TENT4B;GLI3;SYNE2;GLI2;PHF8;SMG6;SYNE1;AKAP11;CPT2;GPER1;SPG11;PRMT6;PBRM1;PPP1R12A;MRPS27;PARP1;RBM19;EN2;AEN;URB2;BAZ1A;MED27;REXO2;SIRT1;DDX50;UTP18;CKAP5;ETV6;RBL2;GPRC5B;MRPS9;GPRC5A;RNF169;KIF2A;AOPEP;C1D;FRG1;TUT1;TOP1;EEF1E1;PAFAH1B2;AGPAT5;CIPC;PARN;HDAC8;GNAI1;NWD1;BMS1;DNAJB9;IGF2BP3;E2F5;PCDH1;RPL19;ARFGEF1;UTP6;MYO10;STAT1;MTX2;MEAK7;ELP3;PML;VMP1;KLF6;KATNBL1;SCD;NEDD4;RGS12;CENPP;ZNF354A;RAN"
"U12-type Spliceosomal Complex (GO:0005689)","1/28",0.999581999831164,0.99998945479369,0,0,0.115447750368385,4.82672677116286e-05,"SNRPD1"
"Intracellular Organelle Lumen (GO:0070013)","167/856",0.999688844093395,0.99998945479369,0,0,0.748041877777485,0.000232793868130183,"FCN1;ERO1B;APP;DHFR2;CSF1;CALML5;ACSM1;GOLIM4;OGDHL;ABAT;ACSM5;ACSM4;NR3C1;TXNDC16;TXN2;GLS;TP53AIP1;STS;EVA1A;CDH2;PDK4;MTERF1;GYG1;B2M;GOLGA7;IGFBP1;KCMF1;GSTK1;TOR3A;PPTC7;MUCL1;PHYKPL;GPT2;OMD;COL23A1;KRT1;WNT5A;CNPY3;ARMC8;PDIA5;EEF1A1;CHIT1;COL4A2;CRISPLD2;CLPP;SPARCL1;PPIE;SUCLG2;ALDH7A1;VCL;COL13A1;SDC3;AK4;LTBP1;TGOLN2;HSPH1;CYP11A1;PDGFC;PENK;ESD;AP4S1;IGFBP7;ATG7;AMELX;COL28A1;HSPA9;PDHA1;COL24A1;UQCC2;INSR;MTERF4;DEFA5;GOT2;FN1;MTHFS;LYZ;CP;ACADSB;MANF;OGDH;SDC1;CSPG5;MUC20;FBN1;GPI;COL18A1;GFM1;ORM1;COLGALT2;SERPINA1;HIBADH;COL14A1;GFM2;ACSM2A;ETFA;CHRDL1;SYNE2;AP4M1;ADAMTSL1;ACADL;AUH;CA5A;ACP6;MTG2;CTSH;METTL15;CAMP;HIBCH;APAF1;ELAC2;APOA1;NGF;REXO2;DCN;SUMF1;RAB33B;F9;COL2A1;PCCA;COL21A1;FAM20C;PLEKHO2;PAFAH1B2;LTF;ASAH1;OAT;CANT1;SELENOF;PRELP;TSPAN33;THBS1;EGFR;CST3;PSMB7;RIDA;CAND1;FTMT;MTHFD1L;OXCT1;SPP2;BPNT2;MAPK1;PDSS2;ACSS1;GPC6;MUC4;CBR4;MBTPS1;ERAP2;AADAT;GOLM1;MDH2;WNT7B;ERAP1;GSR;FMO1;SOD3;TRIT1;KTN1;NUDT9;ERP44;TSPAN14;SUCLA2;LYRM4;YPEL5;FMOD;ACTR10"
"Nucleolus (GO:0005730)","148/771",0.999731029097152,0.99998945479369,0,0,0.733537797141328,0.000197326862352237,"RPL4;SRP19;FBXO25;NUCKS1;PRDM1;ADARB1;RBPJ;ADARB2;CDC14C;MKI67;TXN2;CDC14B;GOLGA3;RPS6KA6;PIM1;MACROD2;PHLDA1;CDK5RAP3;TSPYL2;ABT1;DDX18;AGTPBP1;SCAF11;SLC30A5;CD180;MTUS1;SETMAR;ACSL5;LDOC1;VRK1;GABRG3;RUNX3;THAP2;EEF1A1;EBNA1BP2;MYCN;CCNY;KAT6A;XRN2;SRSF5;CCNO;ZCCHC7;MEAF6;TXK;CDKN2AIP;FXR1;ATXN1;MBIP;ABL1;ASIC2;N4BP1;COX10;SRPK2;PDHA1;ATP8B2;IQSEC1;PYM1;ISG20;DIAPH2;LSM6;STK24;SPATS2L;NANOG;PIN4;ATM;RETREG1;INKA2;CDKN1A;DOCK4;MCM7;NVL;PINX1;SETD7;MCM10;PIK3CB;CHD3;LDB2;FMN2;STON2;MYSM1;TENT4B;GLI3;GLI2;PHF8;SMG6;SYNE1;AKAP11;CPT2;GPER1;SPG11;PRMT6;PPP1R12A;MRPS27;PARP1;RBM19;EN2;AEN;URB2;MED27;REXO2;SIRT1;DDX50;UTP18;CKAP5;ETV6;RBL2;GPRC5B;MRPS9;GPRC5A;RNF169;KIF2A;AOPEP;POLR1A;C1D;FRG1;POLR1D;TUT1;TOP1;EEF1E1;PAFAH1B2;AGPAT5;CIPC;PARN;GNAI1;NWD1;BMS1;DNAJB9;IGF2BP3;E2F5;PCDH1;RPL19;ARFGEF1;UTP6;MYO10;STAT1;MTX2;MEAK7;ELP3;PML;VMP1;KLF6;KATNBL1;SCD;NEDD4;RGS12;CENPP;ZNF354A;RAN"
"Mitochondrial Matrix (GO:0005759)","59/355",0.999826866473708,0.99998945479369,0,0,0.61764341015332,0.000106944039657512,"DHFR2;GFM1;HIBADH;GFM2;ACSM1;ACSM2A;ABAT;ACSM5;OGDHL;ETFA;ACSM4;NR3C1;GLS;TXN2;TP53AIP1;ACADL;AUH;CA5A;MTG2;ACP6;PDK4;MTERF1;METTL15;HIBCH;GSTK1;PPTC7;PHYKPL;MRPS22;GPT2;ELAC2;REXO2;PCCA;CLPP;SUCLG2;ALDH7A1;OAT;AK4;RIDA;FTMT;MTHFD1L;CYP11A1;OXCT1;PDSS2;ACSS1;CBR4;HSPA9;PDHA1;MDH2;UQCC2;MTERF4;GSR;GOT2;MTHFS;ACADSB;TRIT1;NUDT9;SUCLA2;LYRM4;OGDH"
"Transcription Factor TFIID Complex (GO:0005669)","2/42",0.999874843714242,0.99998945479369,0,0,0.155752577319588,1.94946340379877e-05,"TAF3;GTF2E2"
"Cytosolic Large Ribosomal Subunit (GO:0022625)","3/52",0.999916334907453,0.99998945479369,0,0,0.190643137023834,1.59508429762487e-05,"RPL4;RPL32;RPL19"
"Large Ribosomal Subunit (GO:0015934)","3/52",0.999916334907453,0.99998945479369,0,0,0.190643137023834,1.59508429762487e-05,"RPL4;RPL32;RPL19"
"Intracellular Non-Membrane-Bounded Organelle (GO:0043232)","237/1195",0.999917012700911,0.99998945479369,0,0,0.760665163293879,6.31281668674191e-05,"RPL4;ADARB1;RBPJ;ADARB2;MKI67;GOLGA3;RPS6KA6;CSPP1;CDK5RAP3;CDK5RAP2;TSPYL2;ABT1;DDX18;SCAF11;KRT1;MTUS1;SETMAR;ACSL5;LDOC1;ACSL4;GABRG3;RUNX3;THAP2;CCNY;BIN1;XRN2;CLOCK;CCNO;MACF1;CDCA2;MEAF6;TXK;CDKN2AIP;FXR1;CYB5R3;EPB41L1;N4BP1;SRPK2;IQSEC1;ALOX15B;CIDEC;STAG1;PARVG;SPATS2L;NANOG;ATM;RETREG1;INKA2;RPS23;CDKN1A;CLTC;SETD7;HEPACAM2;PTPRM;FMN2;STON2;GLI3;GLI2;PHF8;SMG6;HINT1;AKAP11;PCLO;SERP1;SH3PXD2B;ADIG;PRMT6;MRPS27;PARP1;RIPK2;EN2;AEN;MED27;DYNLL2;SIRT1;GPRC5B;MRPS9;GPRC5A;RNF169;TUBB2A;KIF2A;INCENP;DMC1;FRG1;TUT1;PLIN1;EEF1E1;PAFAH1B2;KANK1;CTDP1;CIPC;NEDD9;GNAI1;RPL19;UTP6;STAT1;MTX2;MEAK7;ELP3;UBE2G2;VMP1;FIG4;KRT16;NEDD4;CAPZA1;PNPLA4;CENPP;ZNF354A;RAB3GAP1;SRP19;RIPOR2;FBXO25;NUCKS1;PRDM1;CDC14C;CLU;TXN2;CDC14B;SALL1;PIM1;MACROD2;TRAPPC13;PHLDA1;AGTPBP1;SLC30A5;CD180;TPM1;VRK1;FRMD3;EEF1A1;FRMD5;EBNA1BP2;MYCN;KAT6A;FSCN1;SRSF5;TNIK;KANK4;VCL;ZCCHC7;ABHD5;RAP1B;BCL2L10;ATXN1;CALD1;MBIP;ABL1;ASIC2;COX10;PDHA1;ATP8B2;CAV1;PYM1;MSN;ISG20;MFHAS1;DIAPH2;LSM6;STK24;PIN4;SNAP25;DYRK3;DOCK4;DYRK2;EDA;MCM7;MTCL1;NVL;PINX1;TCHH;MCM10;LDB3;PIK3CB;CHD3;LDB2;MYSM1;TENT4B;SYNE1;CAPZB;CPT2;GPER1;HORMAD2;TOPBP1;SPG11;NCK1;PPP1R12A;RBM19;VPS13A;SHROOM3;URB2;REXO2;DDX50;UTP18;CKAP5;ETV6;ZAR1;RBL2;AOPEP;POLR1A;TRAF6;C1D;CFAP58;ITGB1BP1;LCP1;TOP1;LDAH;SAXO1;AGPAT5;ROCK1;PARN;RRBP1;TTK;AMBRA1;ADD3;ADD1;NWD1;BMS1;DNAJB9;MAPK1;IGF2BP3;IGF2BP2;E2F5;PCDH1;DNAI1;ARFGEF1;MYO10;CDC42BPB;CDC42BPA;PML;MYO1E;KLF6;KATNBL1;SCD;SHLD1;RGS12;VIM;RAN"
"Euchromatin (GO:0000791)","2/44",0.999923829209344,0.99998945479369,0,0,0.148316151202749,1.12977887903709e-05,"BCAS3;SIRT1"
"Organelle Inner Membrane (GO:0019866)","65/398",0.999953698734314,0.99998945479369,0,0,0.604097935411911,2.79711465625115e-05,"PHB1;DHFR2;NDUFA12;GHITM;CLU;TMEM186;MRPL3;IMMP2L;MRPL1;CPT2;NNT;MTG2;EFHD1;LBR;BOK;MRPS28;MRPS27;MYOC;MRPS22;TIMM23;NDUFC2;MRPS18A;MRPL46;SIRT1;MRPL44;MFSD10;TERB2;MRPS9;TMX4;NDUFS4;SLC25A51;MICU3;SLC25A12;MICU1;SLC25A4;SLC25A13;NDUFB9;MTFP1;NDUFB4;SLC41A3;UCP1;MRPL17;MRPS30;PSEN1;ATP5MC1;TIMM50;TMEM242;PGS1;GHRHR;APOO;CYP11A1;UCP3;UCP2;SLC25A20;COX10;ATP5PF;SMAD3;UQCC2;UQCC5;COX6C;COQ7;DHODH;DPY19L2;NDUFAF2;CYCS"
"Small-Subunit Processome (GO:0032040)","5/73",0.999975393483968,0.99998945479369,0,0,0.228764912195536,5.62917673709283e-06,"UTP6;BMS1;IGF2BP3;UTP18;RPS23"
"Mitochondrial Inner Membrane (GO:0005743)","58/370",0.999975908956136,0.99998945479369,0,0,0.575297112844046,1.38596749281906e-05,"DHFR2;PHB1;NDUFA12;GHITM;CLU;TMEM186;MRPL3;IMMP2L;MRPL1;CPT2;NNT;MTG2;EFHD1;COA8;BOK;MRPS28;MRPS27;MYOC;MRPS22;MRPS18A;TIMM23;NDUFC2;MRPL46;MRPL44;MRPS9;NDUFS4;SLC25A51;MICU3;MICU1;SLC25A12;SLC25A4;SLC25A13;NDUFB9;MTFP1;NDUFB4;SLC41A3;UCP1;MRPL17;MRPS30;PSEN1;ATP5MC1;TIMM50;TMEM242;PGS1;APOO;CYP11A1;UCP3;UCP2;SLC25A20;COX10;ATP5PF;UQCC2;UQCC5;COX6C;COQ7;DHODH;NDUFAF2;CYCS"
"Intracellular Membrane-Bounded Organelle (GO:0043231)","1068/5175",0.99998923804127,0.99998945479369,0,0,0.75875895894752,8.16577654179342e-06,"ATF1;EHMT1;SLA2;RBPJ;PSMD8;CRHBP;MEIOSIN;TBK1;LSM11;ALKBH1;AKT2;TMEM89;ANKFY1;HES6;MEF2C;RBFOX3;ZNF281;MRTFB;RFX2;RFX3;SETMAR;LDOC1;BHLHA15;ISL1;SND1;ISL2;ZFYVE16;ATF7;CLOCK;ATF6;OPTN;MTMR2;CDCA2;MEAF6;ACTL7A;CDCA7;GATA6;GATA5;NCAPG;ZNF22;GATA4;ZC3HAV1;CYB5R2;HSD11B1;HSPH1;FIGNL1;VTI1A;SYNDIG1;PIP5K1A;RDH14;C19ORF33;LYN;ABCA1;TEX35;NR0B1;NR2F2;MAGOHB;FAM111A;MLLT10;TMEM98;PKIA;TDP1;SFXN4;L1TD1;NANOG;CDIN1;PSMG2;DZIP1;ZBTB8B;FERMT2;NCAPG2;KDM8;TDRP;SNX10;TFCP2L1;CHAF1B;HEY2;NELFCD;DUSP4;DUSP5;DUSP2;ARG1;MYOF;SLC39A11;EMP2;BAZ1A;FOS;MED27;DYNLL2;SIRT1;GPRC5B;GPRC5A;PSMA1;PLSCR2;INCENP;PMP2;PPARG;RAPGEF5;CRYAA;ZNF236;SLC29A3;VAMP3;CIPC;HTT;KCNA6;C6ORF52;EGFR;PSMB7;RIDA;PSMB4;GBX2;SNX25;STAT4;AGR3;MEF2D;ZNF462;STAT1;MDH2;USP9Y;ATAD2;STAT3;WTIP;TARBP1;SKI;HEYL;SNX16;WT1;FABP7;UBAP1;UBAP2;CENPP;YPEL5;FRK;MTCH2;CSE1L;FBXO25;MAP3K7CL;GOLIM4;ZBTB21;UBE2D1;CRAMP1;MSI2;NUDT11;HPGDS;RUVBL1;PABPC4L;PIM1;NEK2;KMT5A;SLC25A42;MAP3K7;NUDT12;BNIP3L;CDKL3;AGTPBP1;UBE2E1;UBE2E2;ATP11A;TNNI3K;FOXP2;RBX1;MSH6;MSH3;SLC9A7;PKP2;FSCN1;ZNF438;PKP1;GMNC;RAD54L2;ZNF675;KMT2D;DLX1;KHDRBS3;KMT2C;GPR88;STK39;GLIS3;NREP;NPAS2;ATXN1;ATXN7;AP4S1;ZNF423;ZNF664;IP6K3;ODF1;GOT1;FBXO38;DEFA5;ARPC4;FOXN2;QKI;PTPRE;MLXIPL;TFCP2;STK24;NFE2L3;PIN4;OSBPL1A;ZNF652;PIWIL2;NXT1;ITGB3;SUMO4;MCM10;PIK3CB;HHEX;MB;PPP6R2;PPP6R3;HMG20A;DNM1L;CEP290;TRIM66;CTNNBL1;NKX3-1;BOK;MSMB;DSP;ACTR3;BCAS3;DST;ATRX;ARL4C;CYP2A7;CYP2A6;NPC1;SYNPO2L;C1D;TMBIM1;TMBIM6;BIRC6;TOP1;SPACA9;UHRF2;MGRN1;SRF;PPM1H;CXXC5;TBXT;BARX2;CECR2;ZNRF1;IGF2BP1;IGF2BP3;FYN;IGF2BP2;DRAM2;E2F5;PCDH1;E2F6;CYB5B;CYB5A;DUT;FEM1B;FOXJ3;MAP1LC3B2;FOXJ2;FOXJ1;CTNS;SYT13;TBX2;SNRK;POU2AF3;POU2AF2;NT5C1B;TRIM35;EIF3G;SLC25A31;KCNK1;SEC24D;TRIM33;SPG21;SMARCAL1;ECI2;CCNF;MT1X;IKZF3;NUDT3;UBE2L3;STS;HERC2;SNRPD1;SPATA24;CCN5;FAM53A;BSN;FBXO7;CCDC93;TP63;SMARCC1;NSMCE2;THAP2;CFDP1;CCNY;ALPK3;KDELR2;CCNP;CCNO;ILRUN;ADCYAP1R1;EPAS1;MYCBP2;ZBTB1;ZBTB5;CDKN2AIP;TTBK2;SEC14L2;RAB11FIP1;PCBP3;MIER3;ZNF704;ZNF703;DHX36;PCBP2;HIVEP1;HIVEP3;B4GALNT3;RAB11FIP2;RAB11FIP3;RBM10;N4BP1;STAT5A;WWTR1;SLC10A7;IQSEC1;INTS3;SMARCA1;SMARCA2;ID4;INTS6;INTS9;RETREG1;RCOR1;CSRNP1;FBH1;ICA1;OTUD7A;AKR1B1;WASL;BABAM2;MAP1LC3A;SUFU;NCS1;ARIH2;CTSH;LMCD1;PBRM1;SYK;NCOA3;PABPC5;COMMD1;SORCS2;TOX3;MN1;TOX2;NR5A2;DMC1;G2E3;DEPDC1;PABPC3;TAX1BP3;PABPC1;EEF1E1;SFI1;YAP1;PRKN;FOXC1;NEDD9;PRKX;HSD17B6;RXRA;HSF2;HSD17B2;MARCHF3;GPC6;FOXB1;IL33;ERCC6L2;PER2;NUDT9;PER1;RIT2;DPY19L2;NEDD4;STK17B;RPA4;PRDM8;FOXA1;PAGE4;CRTC3;CRTC1;RPP30;JADE1;PEBP1;PRDM1;NR3C1;ACRBP;ETS2;NR3C2;LOXL2;CCND3;RGS2;RGS8;TGM2;BORCS5;MSX2;FBXW11;UBE4B;SPOCD1;EEF1A1;PCP4;UBE2V2;PPIE;GEMIN5;WDFY2;KLHL15;PSEN1;PLD1;ACACB;CCNB3;IRAK2;PACSIN2;TBC1D14;RAI2;ZFHX3;UBE2H;TFAP2C;PDHA1;NIBAN2;PHF11;HMGA1;HMGA2;MSN;HOOK3;SUPT5H;BLTP1;CLK3;ISG20;APPBP2;MKRN2;UBE2N;CYCS;NABP1;TCF4;FGF12;FGF10;PICALM;GSK3B;DYRK3;EDA;DYRK2;CHD6;TNFAIP3;DPY30;CHD3;LDB2;MYSM1;FYCO1;ZIC3;GPER1;HORMAD2;MYBL1;OLIG3;GLRX3;ETV1;PEX2;GLRX2;ETV3;UTP18;TENT5C;ETV6;TTI1;EPN2;LMBRD1;ELF2;ACOX2;TBC1D5;GORASP2;H2BC11;IRF7;BLVRB;RBM20;IRF6;FAM72D;EAPP;FBP1;FAM72B;FAM72A;CREB5;RBM47;PARG;NAA20;TGFBRAP1;PARN;RNF6;FBXL21P;RNF2;ADD1;ATAD2B;CAND1;DNPEP;NUP42;FAM241B;RALY;ATF7IP;EYA1;EYA2;BNIP3;MX2;EYA3;MX1;ZNF804B;ZNF804A;MAPK10;RSPH1;KATNBL1;POLE2;BRMS1L;ACKR3;FAM98B;BUD13;S100P;CCDC174;TAF3;FAM50B;RAN;RPL4;RB1;EHF;PHB1;MYT1L;GPATCH2;SMC6;ADARB1;ABCA12;ABCA13;BACH1;DCAF7;BACH2;ELK4;DCAF1;EVA1A;ZMIZ2;CREB3L1;MYB;CREB3L2;DIP2B;CDK5RAP3;TSPYL2;PRKCB;PRKCE;SOX13;HUS1;MED9;SOX11;ARMC8;AARSD1;FNDC3A;WDR76;SULT2B1;ABCA10;BIN1;SRFBP1;MAML3;HOXB1;PRR11;TSPYL4;TSPYL5;RD3;CTBP2;CTBP1;NAIF1;BCL10;PRDM11;RPS4Y1;PRDM10;MTDH;WDR70;NTHL1;PRDM16;HOXC5;HOXC4;NHEJ1;S100A11;HOXC6;CDK18;NDFIP2;PHC2;PLK2;RAB3IP;NFATC3;NFATC2;SLC16A10;NR1D2;NFATC1;CDC7;BRAF;ST18;EHD4;NPLOC4;TADA2A;ADI1;OGDH;CDK14;CPEB2;RAD18;FANK1;MESP2;DENND1B;GPI;SERPINA3;CDKN1A;SERPINA1;SETD7;TCF20;FMN2;GLI3;SMG6;GLI2;PHF8;ING4;TRIM8;CSRP2;PAXX;ADAMTSL3;AP3S2;JARID2;TEAD1;ADIG;SLC2A14;ANXA1;TESC;ANXA4;TCF12;EN2;EN1;TET1;AEN;PAX6;NUDT16L1;TSPY3;TERF2;TSPY1;SERPINB6;NCOR2;KAT2B;AFTPH;RNF169;NCOR1;TUBB2A;NFIX;ZNF350;CTDP1;AHNAK;ECPAS;NSD3;RNF138;UBN1;NSD2;ZNF589;CHML;BRD4;ZNF341;CDKN2B;MGMT;ELP3;WWP2;ELP5;POU4F1;DHRS2;USP17L3;FIG4;RYBP;NFIA;NFIB;CTNND2;FAM107A;UBP1;PARK7;CLU;CDC14B;SALL1;SALL3;PAPOLG;LAMP2;SMARCAD1;MACROD2;PHLDA1;GOLGA8S;TLE4;USP7;MAP2K1;SERF1A;RALGAPA1;USP3;SWAP70;MAGI2;VRK1;MITF;THOC5;GOLGA8O;GTF2F2;HIC1;MOB3A;RAB30;KAT6B;KAT6A;ERH;ADNP;TNIK;PPEF2;NOTCH2;PARM1;ANKRD16;ANKRD11;ITPR1;ABHD5;GPATCH2L;AK9;ORC5;BTBD3;ABL1;DVL2;SAFB2;SMN1;NKX6-1;KIAA0319;MCL1;OSBPL9;OSBPL8;SEC16B;TNK2;GLMP;DHCR24;ESRRG;LSM3;HOPX;TRMT9B;LSM8;ADCY10;DAB2;LSM6;CDK6;LHX2;PIP;BCL2;NF1;ZNF536;SERINC5;RNF187;DIDO1;CALCOCO1;MCM7;BNC2;SYCP2;CPQ;ADRA1B;SYNE2;SYNE1;TRO;GOLGA8CP;METTL14;DUSP10;SCRN1;SIN3B;AP1G1;SIN3A;TLK1;PHACTR1;LBR;ADAMTS9;ILKAP;RFC3;CDADC1;RFC1;ELAC2;ELAC1;DUSP29;REXO2;TSN;PTBP2;PTP4A1;TRAF4;DUX4L3;ESRP2;TRAF6;ZNF516;LANCL2;HDAC4;HDAC5;NFAT5;SMARCD2;SMARCD3;TYRP1;RNF38;TTK;NLRC3;AMBRA1;HDAC8;VXN;RAB20;NOCT;RBBP8;SNRPB2;STOX1;EEIG1;UGT1A6;IRX1;MLXIP;IRX2;SMOX;ASCC1;FBXL17;TPRKB;PTPN12;MTOR;PML;KLF7;SNRNP40;KLF6;TAFA2;APC;MAB21L2;TNP1;TPT1;TCERG1;PITPNA;MKI67;FERD3L;AQP1;ZNF608;FRAT2;RPS6KA2;KAT8;SOX9;SOX6;SOX7;SOX4;ARRDC4;ABT1;AQR;KRT4;KRT1;MTUS1;AP1B1;RUNX3;ZPBP;NEIL3;NEIL2;XRN1;TCERG1L;XRN2;BOLA2;RUBCNL;VDAC3;MAGEB2;VDAC1;SIK2;ANKRA2;CBLL1;CFTR;ANP32A;TXK;MGST3;TSHZ2;KLK3;FXR1;STRIP1;NUAK1;GOLGA8IP;TP53BP2;MAP6;SPTBN2;SRPK2;RABGAP1L;GADD45B;BCL11B;GADD45A;SIAH2;SETDB2;AMMECR1;MEMO1;PARP14;MANF;GADD45G;SPART;PARP11;STAG1;GOLGB1;CREBRF;ANP32E;ATM;TECPR1;INKA2;ZCCHC12;HMX3;SLC35F6;TENM4;CITED2;HEPACAM2;MEOX2;PRPF19;LIMD1;HINT1;FEZF2;PRMT6;TOP3B;PACRG;PARP1;PRMT2;STRBP;TOP3A;TFEB;CBFA2T2;RAD51B;HCK;PRPF18;TFEC;RGS7BP;DNASE1L3;VGLL3;CXCR4;USP17L20;RAD54B;CUX2;FTMT;CUX1;TLDC2;TBL1X;METTL8;RTRAF;RANBP2;SVIL;GINS2;ARNT2;CDX2;GDF15;GINS3;GBF1;ERBIN;XPO7;GRHL3;SORBS2;GRHL2;BATF;CAPZA3;KRT16;TRIP12;ZNF354A;NEUROG1;CDK5R1;MAGEB18;PRAG1;NUCKS1;HAPSTR1;DOCK10;HOXA10;SCGN;TRAPPC12;MYH15;ARID5B;TSC2;TRAPPC2B;LIG3;LMO7;ALDH3A2;MYCN;ESRG;STK4;ZFP36L1;RPRD1B;SUDS3;RPRD1A;ASIC2;SPECC1;CYP2J2;CBX7;CPSF7;SMAD4;POU2F1;SMAD3;HSPA4;TDRD9;SMAD9;SMAD6;COQ7;ESR2;TDRD3;NFKBIA;DIAPH2;FER;DLG1;RALYL;DIAPH3;JMY;MYF6;KDM5A;WNT2B;ABCD3;THRA;NVL;HK2;IRF2BPL;SENP6;FLCN;SIX6;TRPS1;NTMT2;SSX9P;BLNK;PDE4B;TOPBP1;KDM6A;USP46;CAMK1D;USP44;PPP2R5A;AXIN2;PPP2R5C;ARID1A;KLF15;UBTFL1;LATS2;THRAP3;PALLD;RBMS1;MYH9;ITGB1BP1;USP40;DNASE1;ITGB3BP;RBMS2;LTF;RBMS3;VAC14;CAMK2D;LEF1;TOB2;TOB1;TBRG1;RMND5A;FAM120C;ERBB2;MAPK1;RGS22;MAPK6;HES2;BUB1;MAPK4;SNCA;KDM4A;KDM4B;TCF7L1;KDM4C;WTAP;DTNBP1;PDE4DIP;ARID3B;GDAP1;USP29;GNPDA2;PITHD1;CDK2AP2;CDK2AP1;RGS12;LPIN2"
"Nucleus (GO:0005634)","917/4487",0.99998945479369,0.99998945479369,0,0,0.755770486085158,7.96979772030373e-06,"ATF1;EHMT1;RBPJ;PSMD8;CRHBP;MEIOSIN;LSM11;ALKBH1;AKT2;TMEM89;HES6;MEF2C;RBFOX3;ZNF281;MRTFB;RFX2;RFX3;SETMAR;LDOC1;BHLHA15;ISL1;SND1;ISL2;ATF7;CLOCK;ATF6;OPTN;MTMR2;CDCA2;MEAF6;ACTL7A;CDCA7;GATA6;GATA5;NCAPG;ZNF22;GATA4;ZC3HAV1;CYB5R2;HSPH1;FIGNL1;PIP5K1A;RDH14;C19ORF33;LYN;TEX35;NR0B1;NR2F2;MAGOHB;FAM111A;MLLT10;TMEM98;PKIA;TDP1;NANOG;CDIN1;PSMG2;DZIP1;ZBTB8B;FERMT2;KDM8;NCAPG2;TDRP;SNX10;TFCP2L1;CHAF1B;HEY2;NELFCD;DUSP4;DUSP5;DUSP2;ARG1;SLC39A11;EMP2;BAZ1A;FOS;MED27;DYNLL2;SIRT1;PSMA1;INCENP;PMP2;PPARG;CRYAA;RAPGEF5;ZNF236;CIPC;HTT;C6ORF52;EGFR;PSMB7;RIDA;PSMB4;GBX2;STAT4;MEF2D;ZNF462;MDH2;STAT1;USP9Y;ATAD2;STAT3;WTIP;TARBP1;SKI;HEYL;WT1;FABP7;UBAP2;CENPP;YPEL5;FRK;MTCH2;CSE1L;FBXO25;MAP3K7CL;ZBTB21;UBE2D1;CRAMP1;NUDT11;RUVBL1;PABPC4L;PIM1;NEK2;KMT5A;SLC25A42;MAP3K7;NUDT12;BNIP3L;CDKL3;AGTPBP1;UBE2E1;UBE2E2;TNNI3K;FOXP2;RBX1;MSH6;MSH3;PKP2;FSCN1;ZNF438;PKP1;GMNC;RAD54L2;ZNF675;KMT2D;DLX1;KHDRBS3;KMT2C;GPR88;GLIS3;NREP;NPAS2;ATXN1;ATXN7;ZNF423;ZNF664;IP6K3;ODF1;GOT1;FBXO38;ARPC4;FOXN2;QKI;MLXIPL;PTPRE;TFCP2;STK24;NFE2L3;PIN4;ZNF652;PIWIL2;NXT1;ITGB3;SUMO4;MCM10;PIK3CB;HHEX;MB;PPP6R2;PPP6R3;HMG20A;CEP290;TRIM66;CTNNBL1;BOK;MSMB;NKX3-1;DSP;ACTR3;BCAS3;DST;ATRX;ARL4C;NPC1;SYNPO2L;C1D;TMBIM6;BIRC6;TOP1;SPACA9;UHRF2;MGRN1;SRF;PPM1H;CXXC5;TBXT;BARX2;CECR2;IGF2BP1;FYN;IGF2BP3;IGF2BP2;E2F6;DUT;FEM1B;FOXJ3;FOXJ2;FOXJ1;TBX2;SNRK;POU2AF3;POU2AF2;NT5C1B;TRIM35;EIF3G;SLC25A31;TRIM33;SMARCAL1;CCNF;MT1X;IKZF3;NUDT3;UBE2L3;HERC2;SNRPD1;SPATA24;CCN5;FAM53A;BSN;FBXO7;TP63;SMARCC1;NSMCE2;THAP2;CFDP1;CCNY;ALPK3;CCNP;CCNO;ILRUN;EPAS1;MYCBP2;ZBTB1;ZBTB5;CDKN2AIP;TTBK2;SEC14L2;PCBP3;MIER3;ZNF704;DHX36;PCBP2;ZNF703;HIVEP1;HIVEP3;N4BP1;RBM10;STAT5A;WWTR1;INTS3;SMARCA1;SMARCA2;ID4;INTS6;INTS9;RCOR1;CSRNP1;FBH1;OTUD7A;AKR1B1;WASL;BABAM2;SUFU;ARIH2;LMCD1;PBRM1;SYK;NCOA3;PABPC5;COMMD1;TOX3;MN1;TOX2;NR5A2;DMC1;G2E3;DEPDC1;PABPC3;PABPC1;EEF1E1;SFI1;YAP1;PRKN;FOXC1;NEDD9;PRKX;RXRA;HSF2;GPC6;FOXB1;IL33;ERCC6L2;PER2;NUDT9;PER1;RIT2;DPY19L2;NEDD4;STK17B;RPA4;PRDM8;FOXA1;PAGE4;CRTC3;CRTC1;RPP30;JADE1;PEBP1;PRDM1;NR3C1;ACRBP;ETS2;LOXL2;NR3C2;CCND3;RGS2;RGS8;TGM2;MSX2;FBXW11;UBE4B;EEF1A1;SPOCD1;PCP4;UBE2V2;PPIE;GEMIN5;KLHL15;PSEN1;ACACB;CCNB3;IRAK2;RAI2;ZFHX3;TFAP2C;UBE2H;PDHA1;NIBAN2;PHF11;HMGA1;HMGA2;MSN;SUPT5H;BLTP1;CLK3;ISG20;APPBP2;MKRN2;UBE2N;CYCS;NABP1;TCF4;FGF12;FGF10;PICALM;GSK3B;DYRK3;DYRK2;CHD6;TNFAIP3;DPY30;CHD3;LDB2;MYSM1;ZIC3;GPER1;HORMAD2;MYBL1;OLIG3;GLRX3;ETV1;GLRX2;ETV3;UTP18;TENT5C;ETV6;TTI1;ELF2;H2BC11;IRF7;RBM20;IRF6;EAPP;FBP1;CREB5;RBM47;PARG;NAA20;PARN;RNF6;FBXL21P;ADD1;RNF2;ATAD2B;CAND1;DNPEP;NUP42;RALY;ATF7IP;EYA1;EYA2;BNIP3;MX2;EYA3;MX1;ZNF804B;ZNF804A;MAPK10;RSPH1;KATNBL1;BRMS1L;FAM98B;BUD13;S100P;CCDC174;TAF3;FAM50B;RAN;RB1;RPL4;EHF;PHB1;MYT1L;GPATCH2;SMC6;ADARB1;BACH1;DCAF7;BACH2;ELK4;DCAF1;ZMIZ2;CREB3L1;CREB3L2;MYB;DIP2B;CDK5RAP3;TSPYL2;PRKCB;SOX13;HUS1;MED9;SOX11;ARMC8;AARSD1;WDR76;BIN1;SRFBP1;NUP98;MAML3;HOXB1;PRR11;TSPYL4;TSPYL5;RD3;CTBP2;CTBP1;NAIF1;BCL10;PRDM11;RPS4Y1;PRDM10;MTDH;WDR70;NTHL1;PRDM16;HOXC5;HOXC4;NHEJ1;S100A11;HOXC6;CDK18;PHC2;PLK2;RAB3IP;NFATC3;NFATC2;NFATC1;NR1D2;CDC7;ST18;EHD4;NPLOC4;TADA2A;ADI1;OGDH;CDK14;CPEB2;RAD18;FANK1;MESP2;GPI;SERPINA3;CDKN1A;SETD7;TCF20;FMN2;GLI3;SMG6;GLI2;PHF8;ING4;TRIM8;CSRP2;PAXX;JARID2;TEAD1;ADIG;SLC2A14;ANXA1;ANXA4;TESC;TCF12;EN2;EN1;TET1;AEN;PAX6;NUDT16L1;TSPY3;TERF2;TSPY1;SERPINB6;NCOR2;KAT2B;RNF169;NCOR1;TUBB2A;NFIX;ZNF350;CTDP1;AHNAK;ECPAS;NSD3;RNF138;UBN1;NSD2;CHML;ZNF589;BRD4;ZNF341;CDKN2B;MGMT;ELP3;WWP2;ELP5;POU4F1;DHRS2;USP17L3;RYBP;NFIA;NFIB;CTNND2;FAM107A;UBP1;PARK7;CLU;CDC14B;SALL1;SALL3;PAPOLG;SMARCAD1;MACROD2;PHLDA1;TLE4;MAP2K1;USP7;SERF1A;RALGAPA1;SWAP70;USP3;MAGI2;VRK1;MITF;THOC5;GTF2F2;HIC1;MOB3A;KAT6B;KAT6A;ERH;ADNP;TNIK;PPEF2;NOTCH2;ANKRD16;ANKRD11;GPATCH2L;AK9;ORC5;BTBD3;ABL1;DVL2;SAFB2;SMN1;NKX6-1;MCL1;TNK2;GLMP;DHCR24;ESRRG;HOPX;LSM3;TRMT9B;LSM8;ADCY10;LSM6;CDK6;LHX2;PIP;BCL2;NF1;ZNF536;RNF187;DIDO1;CALCOCO1;MCM7;BNC2;SYCP2;ADRA1B;SYNE2;SYNE1;TRO;METTL14;DUSP10;SCRN1;SIN3B;SIN3A;TLK1;PHACTR1;LBR;ILKAP;RFC3;CDADC1;RFC1;ELAC2;ELAC1;DUSP29;REXO2;TSN;PTBP2;PTP4A1;DUX4L3;TRAF4;ESRP2;TRAF6;ZNF516;LANCL2;HDAC4;HDAC5;NFAT5;SMARCD2;SMARCD3;RNF38;TTK;AMBRA1;HDAC8;VXN;NOCT;RBBP8;SNRPB2;STOX1;EEIG1;IRX1;MLXIP;IRX2;ASCC1;FBXL17;TPRKB;PTPN12;MTOR;PML;KLF7;SNRNP40;KLF6;TAFA2;APC;MAB21L2;TNP1;TPT1;TCERG1;PITPNA;MKI67;AQP1;FERD3L;ZNF608;FRAT2;RPS6KA2;KAT8;SOX9;SOX6;SOX7;SOX4;ABT1;AQR;KRT4;KRT1;MTUS1;RUNX3;ZPBP;NEIL3;NEIL2;TCERG1L;XRN1;BOLA2;XRN2;VDAC3;MAGEB2;VDAC1;SIK2;ANKRA2;CBLL1;CFTR;ANP32A;TXK;TSHZ2;KLK3;FXR1;STRIP1;NUAK1;TP53BP2;SRPK2;RABGAP1L;BCL11B;GADD45B;GADD45A;INSR;SETDB2;AMMECR1;MEMO1;PARP14;GADD45G;MANF;PARP11;STAG1;CREBRF;ANP32E;ATM;INKA2;HMX3;ZCCHC12;TENM4;CITED2;MEOX2;PRPF19;LIMD1;HINT1;FEZF2;PRMT6;TOP3B;PACRG;PARP1;PRMT2;STRBP;TOP3A;TFEB;CBFA2T2;RAD51B;PRPF18;TFEC;RGS7BP;DNASE1L3;VGLL3;CXCR4;USP17L20;RAD54B;CUX2;FTMT;CUX1;TLDC2;TBL1X;METTL8;RTRAF;RANBP2;GINS2;SVIL;ARNT2;CDX2;GDF15;GINS3;ERBIN;XPO7;GRHL3;SORBS2;GRHL2;BATF;CAPZA3;KRT16;TRIP12;ZNF354A;NEUROG1;CDK5R1;MAGEB18;PRAG1;NUCKS1;HAPSTR1;DOCK10;HOXA10;SCGN;TRAPPC12;ARID5B;TSC2;TRAPPC2B;LIG3;LMO7;MYCN;ESRG;STK4;ZFP36L1;RPRD1B;SUDS3;RPRD1A;ASIC2;CBX7;CPSF7;SMAD4;POU2F1;SMAD3;HSPA4;TDRD9;SMAD9;SMAD6;COQ7;ESR2;TDRD3;NFKBIA;DLG1;FER;RALYL;DIAPH3;JMY;MYF6;KDM5A;THRA;NVL;IRF2BPL;SENP6;FLCN;SIX6;TRPS1;NTMT2;SSX9P;PDE4B;TOPBP1;KDM6A;USP46;CAMK1D;USP44;PPP2R5A;AXIN2;PPP2R5C;ARID1A;KLF15;UBTFL1;LATS2;THRAP3;PALLD;MYH9;RBMS1;ITGB1BP1;USP40;DNASE1;ITGB3BP;RBMS2;LTF;RBMS3;CAMK2D;LEF1;TOB2;TOB1;TBRG1;RMND5A;FAM120C;ERBB2;MAPK1;RGS22;MAPK6;HES2;MAPK4;SNCA;KDM4A;KDM4B;TCF7L1;KDM4C;WTAP;DTNBP1;PDE4DIP;ARID3B;GDAP1;USP29;GNPDA2;PITHD1;CDK2AP2;CDK2AP1;RGS12;LPIN2"
