"Term","Overlap","P.value","Adjusted.P.value","Old.P.value","Old.Adjusted.P.value","Odds.Ratio","Combined.Score","Genes"
"E2F1 18555785 Chip-Seq ESCs Mouse","86/1528",3.4199349718993e-07,0.000254785155406498,0,0,1.89712580957472,28.2453085070995,"AVEN;MYLK2;CCDC121;GPR26;DGKD;UXS1;MOGAT1;DCAF8;RYR3;LARP1B;UNC80;RGS4;RGS5;BOLL;EXO1;GOLGA1;TNR;TGM6;FOXD3;NCOA2;MKKS;NCOA6;APOBEC4;WDR75;DARS2;TM4SF4;PDYN;MLF1;CACNB2;MELK;CREB1;B3GNT7;LACTB2;ZC3H11A;ELF5;XCL1;SPOPL;SNRPE;PLA2R1;XPR1;CERKL;RNASEL;CDC123;WDR26;INO80D;CFH;PPM1L;NXPH2;RPE;RGS16;PRDM14;UBR3;LIN7C;ASB18;NEUROD1;FAM124B;EXTL2;PGRMC2;HLX;GTSF1L;NPBWR1;DSEL;TPR;SMYD2;S1PR1;CDH26;ATP6V1G3;LEKR1;NKX2-2;RUNX1T1;CCDC73;TGFB2;BDNF;EIF2S2;PRDX6;BLCAP;PTPN14;LRP1B;MARCO;EIF3M;BFSP1;PTPRC;CYP24A1;CENPL;CCNYL1;RCOR3"
"SOX2 18555785 Chip-Seq ESCs Mouse","80/1508",8.66396043066456e-06,0.00322732526042255,0,0,1.76465665352257,20.5694354933315,"AVEN;CCDC121;DGKD;UXS1;MOGAT1;DCAF8;RYR3;UNC80;RGS4;RGS5;BOLL;EXO1;GOLGA1;TNR;KPNA4;TGM6;NCOA2;MKKS;NCOA6;APOBEC4;WDR75;DARS2;PDYN;CACNB2;CREB1;B3GNT7;LACTB2;ZC3H11A;SLC9A8;ELF5;XCL1;SPOPL;SNRPE;PLA2R1;PFDN4;XPR1;CERKL;RNASEL;CDC123;WDR26;INO80D;CFH;NXPH2;SYNPO2;RPE;RGS16;PRDM14;LIN7C;ASB18;FAM124B;PGRMC2;HLX;GTSF1L;NPBWR1;DSEL;ZNHIT6;TPR;SMYD2;IARS2;CDH26;ATP6V1G3;NKX2-2;CCDC73;TGFB2;BDNF;EIF2S2;PRDX6;BLCAP;PTPN14;LRP1B;MARCO;EIF3M;BFSP1;PTPRC;CYP24A1;CENPL;CCNYL1;SLC28A2;RCOR3;SP9"
"CMYC 18555785 Chip-Seq ESCs Mouse","78/1499",2.23239077923421e-05,0.00364288552256129,0,0,1.72363262594729,18.4598509389732,"AVEN;CCDC121;DGKD;UXS1;MOGAT1;DCAF8;RYR3;UNC80;RGS4;RGS5;BOLL;EXO1;TNR;NCOA2;MKKS;APOBEC4;WDR75;DARS2;TM4SF4;PDYN;CACNB2;CREB1;B3GNT7;LACTB2;ZC3H11A;ELF5;XCL1;SPOPL;SNRPE;CD302;PLA2R1;STEAP1;XPR1;RNASEL;CDC123;UBIAD1;WDR26;INO80D;CFH;NXPH2;RPE;RGS16;PRDM14;UBR3;LIN7C;ASB18;FAM124B;HLX;GTSF1L;NPBWR1;DSEL;ZNHIT6;TPR;SMYD2;S1PR1;IARS2;CDH26;ATP6V1G3;NKX2-2;RUNX1T1;CCDC73;TGFB2;BDNF;EIF2S2;PRDX6;BLCAP;PTPN14;LRP1B;MARCO;EIF3M;BFSP1;PTPRC;CYP24A1;CENPL;CASS4;CCNYL1;SLC28A2;RCOR3"
"EBF1 22473956 ChIP-Seq BONE MARROW Mouse","78/1502",2.39154365464737e-05,0.00364288552256129,0,0,1.71971359137331,18.29944898398,"AVEN;CCDC121;DGKD;UXS1;MOGAT1;DCAF8;RYR3;UNC80;RGS4;RGS5;BOLL;EXO1;GOLGA1;TNR;NCOA2;APOBEC4;WDR75;DARS2;IFT80;TM4SF4;PDYN;MLF1;CACNB2;CREB1;B3GNT7;LACTB2;ELF5;XCL1;SPOPL;SNRPE;CD302;PLA2R1;PFDN4;XPR1;CERKL;RNASEL;CDC123;COL15A1;WDR26;INO80D;CFH;PPM1L;NXPH2;RPE;RGS16;PRDM14;UBR3;LIN7C;ASB18;NEUROD1;FAM124B;PGRMC2;HLX;GTSF1L;NPBWR1;DSEL;TPR;SMYD2;S1PR1;CDH26;ATP6V1G3;LEKR1;NKX2-2;RUNX1T1;CCDC73;TGFB2;BDNF;PRDX6;PTPN14;LRP1B;MARCO;EIF3M;BFSP1;PTPRC;ARTN;BHLHE40;CENPL;CCNYL1"
"P53 22387025 ChIP-Seq ESCs Mouse","78/1511",2.93447704594648e-05,0.00364288552256129,0,0,1.70805494211377,17.825938117719,"AVEN;CCDC121;DGKD;UXS1;MOGAT1;DCAF8;RYR3;LARP1B;UNC80;RGS4;RGS5;BOLL;EXO1;TNR;NCOA2;MKKS;APOBEC4;WDR75;DARS2;IFT80;PDYN;CACNB2;CREB1;B3GNT7;LACTB2;ZC3H11A;ELF5;XCL1;SPOPL;SNRPE;PLA2R1;XPR1;CERKL;RNASEL;CDC123;WDR26;INO80D;CFH;NXPH2;SYNPO2;RPE;RGS16;PRDM14;UBR3;LIN7C;ASB18;NEUROD1;FAM124B;PGRMC2;RNF216;HLX;GTSF1L;NPBWR1;DSEL;TPR;SMYD2;S1PR1;IARS2;CDH26;ATP6V1G3;LEKR1;NKX2-2;RUNX1T1;TGFB2;BDNF;PRDX6;BLCAP;PTPN14;LRP1B;MARCO;EIF3M;BFSP1;PTPRC;CYP24A1;ARTN;CENPL;CCNYL1;RCOR3"
"SUZ12 18555785 Chip-Seq ESCs Mouse","77/1491",3.26926606180569e-05,0.00364288552256129,0,0,1.70763518659558,17.6370708724661,"AVEN;MYLK2;CCDC121;DGKD;UXS1;MOGAT1;DCAF8;RYR3;UNC80;RGS4;RGS5;BOLL;EXO1;RSRC1;TNR;KPNA4;ZBP1;NCOA2;MKKS;NCOA6;APOBEC4;WDR75;DARS2;IFT80;PDYN;CACNB2;CREB1;B3GNT7;LACTB2;ZC3H11A;ELF5;XCL1;SPOPL;SNRPE;PLA2R1;XPR1;CERKL;RNASEL;CDC123;WDR26;INO80D;CFH;NXPH2;RPE;RGS16;BTF3L4;PRDM14;LIN7C;ASB18;FAM124B;HLX;GTSF1L;NPBWR1;DSEL;TPR;SMYD2;IARS2;CDH26;ATP6V1G3;NKX2-2;RUNX1T1;CCDC73;TGFB2;BDNF;EIF2S2;PRDX6;BLCAP;PTPN14;MARCO;EIF3M;PTPRC;CYP24A1;ARTN;CENPL;CCNYL1;RCOR3;SP9"
"STAT3 18555785 Chip-Seq ESCs Mouse","77/1495",3.57720343684368e-05,0.00364288552256129,0,0,1.70243842898991,17.4301505007611,"AVEN;CCDC121;DGKD;UXS1;MOGAT1;DCAF8;RYR3;UNC80;RGS4;RGS5;BOLL;EXO1;RSRC1;TNR;NCOA2;MKKS;NCOA6;APOBEC4;WDR75;DARS2;PDYN;CACNB2;CREB1;B3GNT7;LACTB2;ZC3H11A;SLC9A8;ELF5;XCL1;SPOPL;SNRPE;PLA2R1;PFDN4;XPR1;CERKL;RNASEL;WDR26;INO80D;CFH;NXPH2;RPE;RGS16;PRDM14;UBR3;LIN7C;ASB18;NEUROD1;FAM124B;HLX;GTSF1L;NPBWR1;DSEL;TPR;SMYD2;IARS2;ATP6V1G3;NKX2-2;RUNX1T1;CCDC73;TGFB2;BDNF;EIF2S2;PRDX6;BLCAP;MCOLN2;PTPN14;PARP12;LRP1B;MARCO;EIF3M;BFSP1;PTPRC;CYP24A1;CENPL;CCNYL1;SLC28A2;RCOR3"
"P300 18555785 Chip-Seq ESCs Mouse","77/1499",3.91182337993159e-05,0.00364288552256129,0,0,1.69727090771395,17.2254698211978,"AVEN;CCDC121;DGKD;UXS1;MOGAT1;DCAF8;RYR3;UNC80;RGS4;RGS5;BOLL;EXO1;TNR;ZBP1;NCOA2;MKKS;NCOA6;APOBEC4;WDR75;DARS2;PDYN;CACNB2;CREB1;B3GNT7;LACTB2;ZC3H11A;SLC9A8;ELF5;XCL1;SNRPE;CD302;PLA2R1;PFDN4;XPR1;CERKL;RNASEL;CDC123;WDR26;INO80D;CFH;NXPH2;RPE;RGS16;PRDM14;UBR3;LIN7C;LRP8;ASB18;NEUROD1;FAM124B;EXTL2;HLX;GTSF1L;NPBWR1;DSEL;ZNHIT6;TPR;SMYD2;CDH26;ATP6V1G3;NKX2-2;CCDC73;TGFB2;BDNF;EIF2S2;PRDX6;BLCAP;PTPN14;LRP1B;MARCO;EIF3M;BFSP1;PTPRC;CYP24A1;CENPL;CCNYL1;RCOR3"
"NMYC 18555785 Chip-Seq ESCs Mouse","77/1510",4.98723135415802e-05,0.00379113687258817,0,0,1.68320897525364,16.6739430925114,"AVEN;MYLK2;CCDC121;DGKD;UXS1;MOGAT1;DCAF8;RYR3;UNC80;RGS4;RGS5;BOLL;EXO1;GOLGA1;MAGOH;TNR;TGM6;NCOA2;PLA2G4F;MKKS;NCOA6;APOBEC4;WDR75;DARS2;PDYN;CACNB2;CREB1;B3GNT7;LACTB2;ZC3H11A;SLC9A8;ELF5;XCL1;SPOPL;SNRPE;PLA2R1;PFDN4;XPR1;RNASEL;WDR26;INO80D;CFH;PPM1L;NXPH2;RPE;RGS16;BTF3L4;PRDM14;LIN7C;ASB18;NEUROD1;FAM124B;HLX;GTSF1L;NPBWR1;DSEL;ZNHIT6;TPR;SMYD2;CDH26;ATP6V1G3;NKX2-2;CCDC73;TGFB2;BDNF;EIF2S2;PRDX6;BLCAP;PTPN14;MARCO;EIF3M;BFSP1;PTPRC;CYP24A1;CENPL;CCNYL1;RCOR3"
"KLF4 18555785 Chip-Seq ESCs Mouse","76/1486",5.08877432562171e-05,0.00379113687258817,0,0,1.68766601066924,16.6840779457442,"AVEN;MYLK2;CCDC121;DGKD;UXS1;MOGAT1;DCAF8;RYR3;UNC80;RGS4;RGS5;BOLL;EXO1;TNR;TGM6;ZBP1;NCOA2;PLA2G4F;NCOA6;APOBEC4;WDR75;DARS2;PDYN;CACNB2;CREB1;B3GNT7;LACTB2;ZC3H11A;SLC9A8;ELF5;XCL1;SPOPL;SNRPE;CD302;PLA2R1;PFDN4;XPR1;RNASEL;WDR26;INO80D;CFH;NXPH2;RPE;RGS16;PRDM14;LIN7C;ASB18;FAM124B;HLX;GTSF1L;NPBWR1;DSEL;TPR;SMYD2;IARS2;CDH26;ATP6V1G3;NKX2-2;CCDC73;TGFB2;BDNF;EIF2S2;PRDX6;BLCAP;PTPN14;CRNN;MARCO;EIF3M;BFSP1;PTPRC;CYP24A1;CENPL;CASS4;CCNYL1;SLC28A2;RCOR3"
"NANOG 18555785 Chip-Seq ESCs Mouse","77/1522",6.46773019978097e-05,0.00438041727166984,0,0,1.66811285600213,16.090783815972,"AVEN;CCDC121;DGKD;UXS1;MOGAT1;DCAF8;RYR3;UNC80;RGS4;RGS5;BOLL;EXO1;TNR;NCOA2;MKKS;APOBEC4;WDR75;DARS2;PDYN;TMEM130;CACNB2;CREB1;B3GNT7;LACTB2;ZC3H11A;ELF5;XCL1;SPOPL;SNRPE;PLA2R1;XPR1;CERKL;RNASEL;WDR26;INO80D;CFH;PPM1L;NXPH2;SYNPO2;RPE;RGS16;PRDM14;FOXK1;LIN7C;ASB18;NEUROD1;FAM124B;EXTL2;HLX;GTSF1L;NPBWR1;DSEL;ZNHIT6;TPR;SMYD2;S1PR1;CDH26;ATP6V1G3;LEKR1;NKX2-2;RUNX1T1;CCDC73;TGFB2;BDNF;EIF2S2;PRDX6;BLCAP;PTPN14;LRP1B;MARCO;EIF3M;BFSP1;PTPRC;ARTN;CENPL;CCNYL1;RCOR3"
"TCFCP2L1 18555785 Chip-Seq ESCs Mouse","76/1513",9.1024826734394e-05,0.0056511246597603,0,0,1.65346410801056,15.3844555124982,"AVEN;CCDC121;DGKD;UXS1;MOGAT1;DCAF8;RYR3;UNC80;RGS4;RGS5;SHH;BOLL;EXO1;TNR;NCOA2;MKKS;APOBEC4;WDR75;DARS2;PDYN;MLF1;CACNB2;CREB1;B3GNT7;LACTB2;ZC3H11A;ELF5;XCL1;SPOPL;SNRPE;PLA2R1;XPR1;RNASEL;CDC123;WDR26;INO80D;CFH;PPM1L;NXPH2;SYNPO2;RPE;RGS16;PRDM14;UBR3;KCNA5;LIN7C;ASB18;NEUROD1;FAM124B;HLX;GTSF1L;NPBWR1;DSEL;TPR;SMYD2;S1PR1;CDH26;ATP6V1G3;NKX2-2;CCDC73;TGFB2;BDNF;EIF2S2;PRDX6;BLCAP;PTPN14;LRP1B;MARCO;EIF3M;BFSP1;PTPRC;ARTN;CENPL;CCNYL1;RCOR3;FGFR2"
"OCT4 18555785 Chip-Seq ESCs Mouse","75/1492",9.92699659276612e-05,0.00568893266277751,0,0,1.65369984680792,15.2432553171178,"AVEN;MYLK2;CCDC121;DGKD;UXS1;MOGAT1;DCAF8;PIK3CD;RYR3;UNC80;RGS4;RGS5;BOLL;EXO1;TNR;TGM6;NCOA2;MKKS;NCOA6;APOBEC4;WDR75;DARS2;PDYN;CACNB2;CREB1;B3GNT7;LACTB2;ZC3H11A;SLC9A8;ELF5;XCL1;SPOPL;SNRPE;CD302;PLA2R1;XPR1;RNASEL;COL15A1;WDR26;INO80D;CFH;NXPH2;RPE;RGS16;PRDM14;LIN7C;ASB18;NEUROD1;FAM124B;HLX;GTSF1L;NPBWR1;DSEL;TPR;SMYD2;S1PR1;CDH26;ATP6V1G3;NKX2-2;CCDC73;TGFB2;BDNF;EIF2S2;PRDX6;BLCAP;PTPN14;LRP1B;MARCO;EIF3M;BFSP1;PTPRC;CYP24A1;CENPL;CCNYL1;RCOR3"
"EZH2 27294783 Chip-Seq NPCs Mouse","55/1032",0.000212970361816496,0.0112611987262696,0,0,1.74134728382425,14.7219725532775,"HDDC2;CCDC121;DGKD;UXS1;MOGAT1;STAB2;ZC3H12D;UNC80;RGS4;RGS5;BOLL;EXO1;TNR;NCOA2;APOBEC4;WDR75;CREB1;B3GNT7;LACTB2;PEX3;ZC3H11A;XCL1;TFAM;SNRPE;SGK1;XPR1;RNASEL;WDR26;INO80D;CFH;RPE;RGS16;PRDM14;ASB18;FAM124B;FAM184A;HLX;NPBWR1;DSEL;TPR;SMYD2;ATP6V1G3;ATG5;CDK17;TGFB2;PRDX6;PTPN14;MARCO;PTPRC;CENPL;CDK1;CCNYL1;ALDH8A1;RCOR3;PPIL4"
"SMAD1 18555785 Chip-Seq ESCs Mouse","73/1483",0.000232409213019547,0.0112611987262696,0,0,1.61260465918046,13.4926807459677,"AVEN;MYLK2;CCDC121;DGKD;UXS1;MOGAT1;CHRM5;DCAF8;RYR3;UNC80;RGS4;RGS5;BOLL;EXO1;GOLGA1;TNR;TGM6;ZBP1;NCOA2;PLA2G4F;MKKS;NCOA6;APOBEC4;WDR75;DARS2;PDYN;CREB1;B3GNT7;LACTB2;ZC3H11A;ELF5;XCL1;SNRPE;XPR1;CERKL;RNASEL;WDR26;INO80D;CFH;NXPH2;RPE;RGS16;PRDM14;LIN7C;ASB18;FAM124B;HLX;NPBWR1;DSEL;TPR;SMYD2;ATP6V1G3;NKX2-2;CCDC73;TGFB2;BDNF;EIF2S2;PRDX6;BLCAP;MCOLN2;PTPN14;LRP1B;CRNN;MARCO;EIF3M;BFSP1;PTPRC;CYP24A1;CENPL;CASS4;CCNYL1;SLC28A2;RCOR3"
"ZFX 18555785 Chip-Seq ESCs Mouse","73/1485",0.000241851247812501,0.0112611987262696,0,0,1.61014100369846,13.4079463600729,"AVEN;MYLK2;CCDC121;DGKD;UXS1;MOGAT1;DCAF8;NUDT5;RYR3;UNC80;RGS4;RGS5;BOLL;EXO1;CASP6;GOLGA1;TNR;TGM6;ZBP1;NCOA2;NCOA6;APOBEC4;WDR75;DARS2;PDYN;CACNB2;CREB1;B3GNT7;LACTB2;ZC3H11A;ELF5;XCL1;SNRPE;CD302;PLA2R1;PFDN4;XPR1;RNASEL;CDC123;WDR26;INO80D;CFH;SYNPO2;RPE;RGS16;PRDM14;LIN7C;ASB18;FAM124B;HLX;GTSF1L;NPBWR1;DSEL;TPR;SMYD2;CDH26;ATP6V1G3;TGFB2;BDNF;EIF2S2;PRDX6;BLCAP;PTPN14;DHRS3;LRP1B;MARCO;EIF3M;BFSP1;PTPRC;CYP24A1;CENPL;CCNYL1;RCOR3"
"CTCF 18555785 Chip-Seq ESCs Mouse","73/1492",0.000277714034603052,0.0121704091634867,0,0,1.60157289953802,13.1151501482548,"AVEN;MYLK2;CCDC121;DGKD;UXS1;MOGAT1;DCAF8;RYR3;UNC80;RGS4;RGS5;BOLL;EXO1;TNR;KPNA4;TGM6;ZBP1;NCOA2;MKKS;NCOA6;APOBEC4;WDR75;DARS2;PDYN;CACNB2;CREB1;B3GNT7;LACTB2;ZC3H11A;SLC9A8;ELF5;XCL1;SNRPE;PLA2R1;PFDN4;XPR1;RNASEL;CDC123;WDR26;INO80D;CFH;PPM1L;RPE;RGS16;GNAI3;PRDM14;LIN7C;ASB18;NEUROD1;FAM124B;HLX;GTSF1L;NPBWR1;DSEL;TPR;SMYD2;IARS2;CDH26;ATP6V1G3;NKX2-2;CCDC73;TGFB2;BDNF;PRDX6;PTPN14;MARCO;EIF3M;BFSP1;PTPRC;CYP24A1;CENPL;CCNYL1;RCOR3"
"SUZ12 27294783 Chip-Seq NPCs Mouse","38/658",0.000460161567898121,0.0190455760046722,0,0,1.87893458634708,14.4376072766911,"RNASEL;CCDC121;DGKD;INO80D;CFH;UXS1;RPE;MOGAT1;RGS16;DCAF8;PRDM14;ASB18;UNC80;RGS4;RGS5;FAM124B;BOLL;EXO1;HLX;NPBWR1;DSEL;TPR;TNR;ATP6V1G3;NCOA2;TGFB2;APOBEC4;WDR75;PRDX6;MARCO;PTPRC;CREB1;B3GNT7;LACTB2;XCL1;CCNYL1;SNRPE;XPR1"
"SA1 22415368 ChIP-Seq MEFs Mouse","74/1549",0.000504481677147209,0.0197809920776142,0,0,1.55970405305822,11.841240475781,"MYLK2;SLC35F3;COL12A1;AHR;GLI1;TMEM220;SHH;MRPL2;OPA1;HINT3;CCND1;BASP1;TNR;CCR4;TCP11;ADAMTS6;DACT1;HS3ST3B1;EMX2;NUP133;ARHGEF17;PAWR;VEZF1;TM4SF4;SLC39A14;SHISA6;CD200R1;CREB1;B3GNT7;LACTB2;PEX3;FDX1;SNRPE;ROR2;TLCD1;HOXB8;RNASEL;TBC1D9B;SYNPO2;SDC2;RGS16;GNAI3;PPM1J;PDS5B;LIN7C;FSTL1;UACA;STRA8;GTSF1L;NPBWR1;AMZ2;NT5M;CNNM2;ATP6V1G3;KCNJ2;TGFB2;RRM2;KIDINS220;BDNF;TGFB3;HTR1B;OPN5;TSHR;INHBE;SMUG1;ARTN;ZFAT;ID2;BHLHE40;PSMG1;RAD1;SSBP2;SP9;FGFR2"
"SMAD3 21741376 ChIP-Seq EPCs Human","63/1272",0.000539174666672872,0.0200842563335645,0,0,1.61325045096927,12.1404694565056,"AVEN;HDDC2;CPO;SLC35F3;UXS1;SMC5;RGS4;RSRC1;BASP1;CASP6;ANKRD1;WDR7;MAN1A1;PGM1;SGCG;DACT1;STARD5;APOBEC4;PAWR;IFT80;APOA4;PDYN;TMEM170B;DEXI;MLF1;EID3;CREB1;FDX1;PEX5;MFGE8;PFDN4;XPR1;DGKH;IQCA1;COL15A1;CLEC2L;STXBP4;RGS16;TMTC3;CLEC16A;PRDM14;UBR3;KIAA1328;FAM184A;HLX;GTSF1L;SMYD2;SLITRK6;ATP6V1G3;KCNJ2;RUNX1T1;CDK17;KCNJ6;KCNJ16;ABCA8;OPN5;LRP1B;TSHR;PTPRC;SERBP1;BHLHE40;CASS4;FGFR2"
"ESRRB 18555785 Chip-Seq ESCs Mouse","71/1496",0.000786462430481575,0.0279006909861321,0,0,1.54525101681539,11.0454011186536,"AVEN;MYLK2;CCDC121;DGKD;UXS1;MOGAT1;DCAF8;RYR3;UNC80;RGS4;RGS5;BOLL;EXO1;TNR;TGM6;ZBP1;NCOA2;MKKS;NCOA6;APOBEC4;WDR75;DARS2;PDYN;CACNB2;CREB1;B3GNT7;LACTB2;ZC3H11A;SLC9A8;ELF5;XCL1;SNRPE;XPR1;RNASEL;CDC123;WDR26;INO80D;CFH;RPE;RGS16;PRDM14;LIN7C;ASB18;FAM124B;HLX;GTSF1L;NPBWR1;DSEL;TPR;SMYD2;IARS2;CDH26;ATP6V1G3;NKX2-2;CCDC73;TGFB2;BDNF;EIF2S2;PRDX6;BLCAP;PTPN14;MARCO;EIF3M;BFSP1;PTPRC;CYP24A1;CENPL;CASS4;CCNYL1;SLC28A2;RCOR3"
"RUNX1 27457419 Chip-Seq LIVER Mouse","70/1475",0.000857898135399891,0.0290515504942236,0,0,1.5442258403555,10.9038175559995,"CCDC121;DGKD;UXS1;MOGAT1;CHRM5;ARPC5L;DCAF8;NUDT5;UNC80;RGS4;RGS5;BOLL;EXO1;GOLGA1;TNR;NCOA2;APOBEC4;WDR75;DARS2;PDYN;CACNB2;CREB1;B3GNT7;LACTB2;ZC3H11A;SLC9A8;ELF5;XCL1;ANKS6;SPOPL;SNRPE;CD302;PLA2R1;PFDN4;XPR1;CERKL;RNASEL;CDC123;WDR26;INO80D;CFH;PPM1L;NXPH2;RPE;RGS16;PRDM14;LIN7C;ASB18;NEUROD1;FAM124B;HLX;NPBWR1;DSEL;TPR;SMYD2;ATP6V1G3;CCDC73;TGFB2;BDNF;PRDX6;BLCAP;PTPN14;LRP1B;MARCO;EIF3M;BFSP1;PTPRC;CENPL;CCNYL1;RCOR3"
"NFE2 27457419 Chip-Seq LIVER Mouse","40/735",0.00103832327694739,0.0336326452750351,0,0,1.76309789606738,12.112743661805,"RNASEL;CCDC121;WDR26;DGKD;INO80D;CFH;UXS1;RPE;MOGAT1;RGS16;PRDM14;ASB18;UNC80;RGS4;RGS5;FAM124B;BOLL;EXO1;HLX;NPBWR1;DSEL;TPR;SMYD2;TNR;ATP6V1G3;NCOA2;TGFB2;APOBEC4;WDR75;PRDX6;PTPN14;MARCO;PTPRC;CREB1;B3GNT7;LACTB2;XCL1;CCNYL1;SNRPE;XPR1"
"PU1 27457419 Chip-Seq LIVER Mouse","70/1510",0.00158064951091637,0.0490659952346957,0,0,1.50375407791211,9.69909265041471,"CCDC121;DGKD;UXS1;MOGAT1;ARPC5L;DCAF8;NUDT5;RYR3;UNC80;RGS4;RGS5;BOLL;EXO1;GOLGA1;TNR;KPNA4;NCOA2;PLA2G4F;APOBEC4;WDR75;DARS2;IFT80;CACNB2;CREB1;B3GNT7;LACTB2;ZC3H11A;ELF5;XCL1;SNRPE;CD302;PLA2R1;PFDN4;XPR1;RNASEL;CDC123;WDR26;INO80D;CFH;NXPH2;RPE;RGS16;PRDM14;LIN7C;ASB18;FAM124B;HLX;GTSF1L;NPBWR1;DSEL;TPR;SMYD2;CDH26;ATP6V1G3;RHBG;TGFB2;BDNF;EIF2S2;PRDX6;BLCAP;PTPN14;DHRS3;MARCO;EIF3M;PTPRC;CENPL;CASS4;CCNYL1;RCOR3;SP9"
"SMAD4 21741376 ChIP-Seq EPCs Human","73/1603",0.00199876323645609,0.0594788621367006,0,0,1.47618577523602,9.17482920229303,"ITSN2;AVEN;CPO;UXS1;RGSL1;HAPLN3;ACTB;RGS4;SNAPC5;RSRC1;GOLGA1;NEK1;RPL38;KPNA4;PSKH2;CCR4;PTGDR;HS3ST3B1;MYLIP;NCOA2;EMX2;STARD5;APOBEC4;PAWR;IFT80;APOA4;PDYN;TMEM170B;DEXI;MLF1;PSMA6;EID3;CREB1;B3GNT7;POC5;FDX1;PEX5;MCM5;MFGE8;XPR1;DGKH;IQCA1;RNASEL;COL15A1;WDR26;CLEC2L;HDAC1;RGS16;CLEC16A;FBLN1;P2RY6;FAM184A;GTSF1L;SMYD2;SLITRK6;IARS2;ATP6V1G3;VAT1L;KCNJ6;ABCA8;OPN5;DHRS3;PARP12;MARCO;PTPRC;UBLCP1;BAMBI;ID2;SERBP1;BHLHE40;SNRNP48;DHCR7;FGFR2"
"TCF4 22108803 ChIP-Seq LS180 Human","72/1579",0.00207577236987143,0.0594788621367006,0,0,1.47752774746159,9.12731236566792,"DGKD;SLC35F3;UXS1;GRIK1;AHR;NUDT5;UNC80;SHH;UCHL1;PPP4R1;PPP3CC;OR10W1;RSRC1;MAGOH;PROK2;TNR;MAN1A1;TTC23L;SGCG;NCOA2;PAQR3;RAB3IL1;SLC39A14;SUPT3H;FAM177B;CACNB2;LIX1;SLC9A8;FDX1;MTHFD2L;MCM5;ZNF831;SGK1;EXOC2;PDE1C;CLEC2L;LRTM2;TMTC3;GNAI3;OR2K2;FBLN1;PGRMC2;FAM184A;SMYD2;SLITRK6;UGT3A2;MSX1;GPR156;ATP6V1G3;KCNJ2;VAT1L;ATG5;TXNDC5;LINGO1;KCNJ6;SRD5A3;PLEKHA5;KCNJ16;ABCA8;GPN1;OPN5;CPPED1;OR2V2;ARTN;SERBP1;BHLHE40;CENPL;PSMG1;DHCR7;ALDH8A1;CALM2;NEK11"
"NR3C1 27076634 ChIP-Seq BEAS2B Human Lung Inflammation","127/3084",0.00225408120340891,0.0621959443162828,0,0,1.34885983904677,8.22131803518919,"ITSN2;HDDC2;VIPR1;DGKD;KLHL36;UXS1;COL12A1;CHRM5;AQP9;AHR;GXYLT2;ACTB;CCAR2;IFI44L;CEP128;FADS3;KIAA0930;RGS4;ABHD10;CCND1;BBX;WDR75;CACNB2;MELK;KATNAL1;LACTB2;ZC3H11A;SLC9A8;MTHFD2L;VOPP1;TFAM;SNRPE;ROR2;XPR1;DGKH;BLK;UBIAD1;NXPH3;SDC2;TMTC3;CLEC16A;OR2K2;FBLN1;STRA8;PTDSS1;RNF216;MED30;NPBWR1;SMYD2;NPHP3;RAB11FIP4;SLC37A2;CCZ1B;GFPT1;ABCA8;PRDX6;PTPRC;UBLCP1;ZFAT;RCOR3;FGFR2;GPR26;SLC35F3;MOGAT1;STAB2;PIK3CD;SYNE3;LARP1B;SHH;PPP3CC;HINT3;RSRC1;DHX15;ANKRD1;CCR4;ADAMTS6;SGCG;UTP14C;DACT1;MKKS;ARHGEF17;LMNTD1;ACTL6A;APOA4;IL16;BPGM;SLC39A14;MLF1;PSMA6;MRAS;PICK1;MCM5;MFGE8;HCN4;WDR26;KCNA5;GLRX;FSTL1;UACA;ASB18;PPM1F;P2RY6;PGRMC2;NFIL3;EPCAM;HLX;GTSF1L;TRA2B;SLITRK6;S1PR1;MSX1;GPR156;ATP6V1G3;KCNJ2;USP25;KCNJ6;KCNJ16;PTPN14;RAD52;SMUG1;CYP24A1;SCGB1A1;RAD1;ALDH8A1;SSBP2;PTPN3;CCDC171"
"MEIS1 26253404 ChIP-Seq OPTIC CUPS Mouse","67/1461",0.00258221224457808,0.0667944901249631,0,0,1.48293742943494,8.83698546827129,"GPR26;COL12A1;CHD2;RYR3;THG1L;PPP3CC;TRIM24;DHX15;ANKRD1;BBX;ITGB8;PTGDR;DACT1;FOXD3;EMX2;MKKS;PAQR3;BCKDHB;WDR75;PAWR;DARS2;ALG11;MLF1;SHISA6;CACNB2;MYH2;B3GNT7;LIX1;PEX3;FEZ1;VOPP1;XPR1;ABCG2;UBIAD1;WDR26;PPM1L;PDE1C;RPE;SDC2;BTF3L4;PDS5B;ASB18;NEUROD1;LMAN1;CLEC3A;HMBOX1;NFIL3;GTSF1L;NPBWR1;ZNHIT6;TRA2B;SMYD2;SLITRK6;SLIT1;MSX1;GPR156;LEKR1;VAT1L;RUNX1T1;NEK8;ATE1;EIF2S2;TSHR;NAP1L5;PTPRC;CYP24A1;CDK1"
"CDX2 21402776 ChIP-Seq INTESTINAL-VILLUS Mouse","69/1514",0.0026000539780187,0.0667944901249631,0,0,1.474184464861,8.77467478618428,"HDDC2;CCDC121;DGKD;UXS1;MOGAT1;STAB2;DCAF8;TMEM220;ZC3H12D;UNC80;RGS4;RGS5;BOLL;HINT3;EXO1;TNR;DACT1;HS3ST3B1;NCOA2;APOBEC4;WDR75;PAWR;DARS2;VEZF1;EID3;CREB1;MYH3;B3GNT7;LACTB2;PEX3;ZC3H11A;XCL1;TFAM;SNRPE;SGK1;XPR1;RNASEL;WDR26;INO80D;CFH;RPE;DDX1;RGS16;TMTC3;PRDM14;ASB18;FAM124B;FAM184A;HLX;NPBWR1;DSEL;TPR;SMYD2;NT5M;ATP6V1G3;ATG5;CDK17;TGFB2;KCNJ16;PRDX6;PTPN14;MARCO;PTPRC;CENPL;CDK1;CCNYL1;ALDH8A1;RCOR3;PPIL4"
"EBF1 22473956 ChIP-Seq LYMPHODE Mouse","68/1505",0.00342483306956896,0.0850500212276293,0,0,1.45904464862133,8.282562473406,"AVEN;CCDC121;DGKD;UXS1;MOGAT1;DCAF8;RYR3;UNC80;RGS4;RGS5;BOLL;EXO1;GOLGA1;TNR;NCOA2;MKKS;APOBEC4;WDR75;DARS2;CACNB2;CREB1;B3GNT7;LACTB2;ZC3H11A;ELF5;XCL1;SPOPL;SNRPE;CD302;PLA2R1;XPR1;CERKL;RNASEL;CDC123;WDR26;INO80D;CFH;NXPH2;RPE;RGS16;PRDM14;UBR3;ASB18;NEUROD1;FAM124B;PGRMC2;HLX;NPBWR1;DSEL;ZNHIT6;TPR;SMYD2;IARS2;ATP6V1G3;RUNX1T1;CCDC73;TGFB2;PRDX6;BLCAP;PTPN14;LRP1B;MARCO;EIF3M;PTPRC;CYP24A1;CENPL;CCNYL1;RCOR3"
"NR3C1 21868756 ChIP-Seq MCF10A Human","44/887",0.00354885825761309,0.0852870774813469,0,0,1.59672166504907,9.00731344018399,"BLK;IQCA1;CIITA;CPO;EIF4E3;CLEC2L;TMTC3;CLEC16A;HMHB1;CHD2;RYR3;PPP3CC;RSRC1;SLITRK6;ANKRD1;NEK1;NPHP3;RPL38;KCNJ2;DACT1;KCNJ6;HELT;NCOA6;TMEM170B;SUPT3H;MLF1;FAM177B;PPM1A;MARCO;EID3;SLC9A8;SERBP1;MTHFD2L;CDK1;ATP13A4;PLA2R1;RCOR3;SGK1;SP9;XPR1;DGKH;NEK11;ABCG2;SHANK1"
"AF4 26711339 ChIP-Seq SEM Human Blood Leukemia","121/2966",0.00399133819809557,0.0929233424244124,0,0,1.32956942003515,7.34404782884238,"ITSN2;OTUD4;RPL30;ANKRD37;DGKD;UXS1;ICAM2;SMC5;NUDT5;ACTB;THG1L;ZC3H12D;ABHD10;CHORDC1;TRIM24;BBX;NEK1;TNR;KPNA4;NBN;MYLIP;WDR75;CACNA2D4;RUNX2;AFG3L2;MELK;KATNAL1;PRKAR1A;ZC3H11A;FDX1;MTHFD2L;TFAM;SNRPE;XPR1;BLK;INO80D;DDX1;PDS5B;LIN7C;HMBOX1;MED30;ZNHIT6;TPR;UGT3A2;AMZ2;ATG5;TXNDC5;TFAP2A;GFPT1;EIF2S2;PRDX6;PTPRC;ID2;PSMG1;CALM2;AVEN;TOP2B;CIITA;CCDC121;PIK3CD;CHD2;PPP3CC;HINT3;EXO1;CASP6;DHX15;ITGB8;WDR7;PGM1;ADAMTS6;UNC45A;NCOA2;MKKS;PABPC4;ACTL6A;PAWR;PAX5;BPGM;SUPT3H;CREB1;MED21;RBM12B;STRAP;TRIM59;MCM5;TLCD1;SGK1;EXOC2;COL15A1;WDR26;PPM1L;HDAC1;GCNT1;GNAI3;GLRX;RCHY1;NR2C2;PPM1F;PGRMC2;NFIL3;HLX;TRA2B;MARCHF7;VAT1L;SLC12A2;ATE1;USP25;RRM2;KIDINS220;PLEKHA5;MCOLN2;PTPN14;RAD52;KLHL9;EIF3M;PRC1;SERBP1;CENPL;CCNYL1;RAD1;SSBP2"
"SOX6 21985497 ChIP-Seq MYOTUBES Mouse","67/1504",0.0050623596180367,0.114286603498101,0,0,1.43511802700835,7.58592277919902,"ITSN2;HDDC2;CCDC121;DGKD;UXS1;MOGAT1;STAB2;DCAF8;ZC3H12D;UNC80;RGS4;RGS5;BOLL;HINT3;EXO1;TNR;RGS9;HS3ST3B1;NCOA2;APOBEC4;WDR75;DARS2;EID3;CREB1;MYH3;B3GNT7;LACTB2;PEX3;ZC3H11A;XCL1;TFAM;SNRPE;SGK1;XPR1;RNASEL;WDR26;INO80D;CFH;NXPH3;RPE;RGS16;PRDM14;ASB18;FAM124B;FAM184A;HLX;NPBWR1;DSEL;TPR;SMYD2;AMZ2;IARS2;ATP6V1G3;ATG5;CDK17;TGFB2;KIDINS220;PRDX6;PTPN14;MARCO;PTPRC;CENPL;CDK1;CCNYL1;ALDH8A1;RCOR3;PPIL4"
"CDX2 21074721 ChIP-Seq CACO-2 Mouse","70/1587",0.00528478344524698,0.115798931373794,0,0,1.421289860567,7.45171420336749,"FOXE3;SLC35F3;RGSL1;DCAF8;PIK3CD;NUDT5;IFI44L;RGS4;RGS5;CCND1;EXO1;MAGOH;TNR;PGM1;SGCG;ELOVL1;FOXD3;ACTN2;APOBEC4;PABPC4;MED8;DARS2;POMGNT1;FAM177B;CACNB2;ACTA1;KIAA1614;ELF5;FDX1;XCL1;TFAM;SNRPE;DNAJC8;XPR1;RNASEL;UBIAD1;WDR26;CFH;HDAC1;RGS16;BTF3L4;GNAI3;LRP8;EXTL2;HLX;ZNHIT6;SMYD2;SLIT1;S1PR1;CNNM2;ATP6V1G3;S100PBP;ATE1;MARCKSL1;TGFB2;PRDX6;MCOLN2;PTPN14;DHRS3;CRNN;EIF3M;PTPRC;ARTN;BAMBI;SERBP1;CENPL;CDK1;ECHDC2;RCOR3;FGFR2"
"PCGF4 22325352 ChIP-Seq 293T-Rex Human","70/1594",0.00584565167299041,0.124428871325082,0,0,1.41420632006491,7.27192978738836,"ITSN2;FOXE3;DGKD;SLC35F3;UXS1;RGSL1;MOGAT1;DCAF8;PIK3CD;IFI44L;RGS4;RGS5;EXO1;MAGOH;TNR;PGM1;ELOVL1;FOXD3;ACTN2;APOBEC4;PABPC4;MED8;POMGNT1;FAM177B;KIAA1614;B3GNT7;XCL1;SPOPL;SNRPE;DNAJC8;XPR1;IQCA1;CERKL;RNASEL;UBIAD1;WDR26;INO80D;CFH;NXPH2;HDAC1;DDX1;BTF3L4;UBR3;LRP8;EXTL2;PGRMC2;HLX;ZNHIT6;SMYD2;S1PR1;ATP6V1G3;S100PBP;MARCKSL1;TGFB2;KIDINS220;GFPT1;PRDX6;MCOLN2;PTPN14;DHRS3;LRP1B;CRNN;PTPRC;ARTN;ID2;SERBP1;CENPL;ECHDC2;RCOR3;CALM2"
"OCT4 21477851 ChIP-Seq ESCs Mouse","67/1517",0.00613429675089679,0.126341856093869,0,0,1.42121933878422,7.2394921085768,"HDDC2;CCDC121;DGKD;UXS1;MOGAT1;STAB2;DCAF8;TMEM220;ZC3H12D;UNC80;RGS4;RGS5;BOLL;EXO1;TNR;HS3ST3B1;NCOA2;APOBEC4;WDR75;PAWR;SHISA6;MYH2;EID3;CREB1;MYH3;B3GNT7;PRKAR1A;LACTB2;PEX3;ZC3H11A;XCL1;TFAM;SNRPE;SGK1;XPR1;RNASEL;WDR26;INO80D;CFH;STXBP4;RPE;RGS16;TMTC3;PRDM14;ASB18;FAM124B;FAM184A;HLX;NPBWR1;DSEL;TPR;SMYD2;NT5M;ATP6V1G3;KCNJ2;ATG5;CDK17;TGFB2;PRDX6;PTPN14;MARCO;PTPRC;CENPL;CDK1;CCNYL1;ALDH8A1;RCOR3"
"CRX 20693478 ChIP-Seq RETINA Mouse","66/1492",0.00629049180158219,0.126341856093869,0,0,1.42303315779724,7.21295096886367,"HDDC2;CCDC121;DGKD;UXS1;MOGAT1;STAB2;DCAF8;ZC3H12D;UNC80;RGS4;RGS5;BOLL;HINT3;EXO1;TNR;HS3ST3B1;NCOA2;APOBEC4;WDR75;PAWR;DARS2;VEZF1;CREB1;B3GNT7;LACTB2;PEX3;ZC3H11A;XCL1;TFAM;SNRPE;SGK1;XPR1;RNASEL;WDR26;INO80D;CFH;NXPH3;RPE;RGS16;TMTC3;PRDM14;ASB18;FAM124B;FAM184A;HLX;NPBWR1;DSEL;TPR;SMYD2;AMZ2;NT5M;ATP6V1G3;RAB11FIP4;ATG5;ATP6V0A1;TGFB2;PRDX6;PTPN14;MARCO;PTPRC;CENPL;CDK1;CCNYL1;ALDH8A1;RCOR3;PPIL4"
"PHF8 20622853 ChIP-Seq HELA Human","69/1574",0.00644428259270741,0.126341856093869,0,0,1.41067017986024,7.11621312885695,"FOXE3;SLC35F3;CPXM2;RGSL1;PIK3CD;NUDT5;IFI44L;RGS4;RGS5;EXO1;PEA15;MAGOH;CHORDC1;TNR;PGM1;ELOVL1;FOXD3;NUP133;ACTN2;APOBEC4;PABPC4;MED8;POMGNT1;FAM177B;CACNB2;KIAA1614;XCL1;SNRPE;DNAJC8;XPR1;RNASEL;UBIAD1;WDR26;CFH;HDAC1;BTF3L4;GNAI3;LRP8;EXTL2;HLX;ZNHIT6;TPR;SMYD2;S1PR1;CNNM2;ATP6V1G3;S100PBP;CCDC73;ATE1;MARCKSL1;TGFB2;PRDX6;MCOLN2;PTPN14;DHRS3;CRNN;EIF3M;PTPRC;ARTN;BAMBI;SERBP1;CENPL;CDK1;RGS10;ECHDC2;DHCR7;SLC22A8;RCOR3;FGFR2"
"ZNF217 24962896 ChIP-Seq MCF-7 Human","58/1289",0.00727137344129637,0.138901877276046,0,0,1.44457685757525,7.11282210170211,"AHR;CHD2;SHH;CCND1;BASP1;MAN1A1;NBN;RGS9;SGCG;WDR75;PAWR;VEZF1;RUNX2;KATNAL1;SLC9A8;SPOPL;SNRPE;ZNF831;SGK1;XPR1;PPM1L;NXPH2;SDC2;GCNT1;CLEC16A;FOXK1;CAPG;UACA;NEUROD1;P2RY6;PTDSS1;PGRMC2;NFIL3;P2RY2;SLITRK6;CDH26;RAB11FIP4;VAT1L;RUNX1T1;TFAP2A;USP25;TGFB2;PLEKHA5;ABCA8;CPPED1;LRP1B;CRNN;PTPRC;BAMBI;ZFAT;ID2;BHLHE40;PSMG1;DHCR7;SSBP2;CALM2;FGFR2;PTPN3"
"CEBPD 21427703 ChIP-Seq 3T3-L1 Mouse","60/1349",0.00808113014999067,0.147528235119963,0,0,1.4274104641468,6.87758270841826,"TOP2B;SAMD9L;EIF4E3;COL12A1;AHR;GXYLT2;CHD2;ACTB;HINT3;CTSL;BASP1;CHORDC1;TRIM24;PROK2;TNR;ITGB8;BCKDHB;WDR75;PAWR;BPGM;SUPT3H;CREB1;VOPP1;NUP54;SGK1;EXOC2;CLEC2L;GCNT1;CLEC16A;FOXK1;FBLN1;NR2C2;FSTL1;PPM1F;PGRMC2;RNF216;MED30;NFIL3;EPCAM;HLX;DSEL;CDH26;GPR156;CNNM2;ATP6V1G3;KCNJ2;RUNX1T1;ATP6V0A1;USP25;TGFB2;RRM2;NAP1L5;DHRS7;ZFAT;SERBP1;SCGB1A1;BHLHE40;CDK1;CCNYL1;CALM2"
"CJUN 26792858 Chip-Seq BT549 Human","68/1564",0.00816944990875294,0.147528235119963,0,0,1.39688624628384,6.71532626875219,"HDDC2;GPR26;DGKD;EIF4E3;SLC35F3;GXYLT2;CHD2;RYR3;RGS4;RGS5;SHH;ABHD10;PPP4R1;HINT3;BASP1;CHORDC1;DHX15;ITGB8;BDKRB1;NBN;FOXD3;STARD5;PLEKHG7;ACTN2;BCKDHB;WDR75;IFT80;BPGM;TMEM170B;FAM177B;MRAS;KEL;B3GNT7;MED21;SUB1;ELF5;XCL1;TFAM;SNRPE;XPR1;COL15A1;PPM1L;PDE1C;SDC2;CLEC16A;HMHB1;OR2K2;FOXK1;FSTL1;NID2;AMN1;PGRMC2;NFIL3;DSEL;ATP6V1G3;RUNX1T1;CDK17;TFAP2A;USP25;HTR1B;EIF2S2;LRP1B;TSHR;BFSP1;PTPRC;ARTN;BHLHE40;ALDH8A1"
"NANOG 18555785 ChIP-Seq MESCs Mouse","22/388",0.00839191555217047,0.147528235119963,0,0,1.8200556034896,8.70075118865041,"CERKL;ANKRD37;MKKS;NUP133;RPE;ACTL6A;DARS2;RPL23A;SLC39A14;NID2;DHRS3;TMEM60;CD200R1;HMBOX1;MOBP;LACTB2;BASP1;ID2;MAGOH;CENPL;CNNM2;RUNX1T1"
"SMAD2/3 21741376 ChIP-Seq EPCs Human","68/1567",0.0085150524968569,0.147528235119963,0,0,1.39385637470304,6.64300769408718,"AVEN;CPO;SLC35F3;RGSL1;CHRM5;SMC5;ACTB;RGS4;RSRC1;BASP1;ANKRD1;BBX;WDR7;MAN1A1;CCR4;SGCG;DACT1;HS3ST3B1;STARD5;APOBEC4;PAWR;PDYN;TMEM170B;DEXI;MLF1;SHISA6;PSMA6;EID3;CREB1;FDX1;PEX5;MFGE8;XPR1;DGKH;IQCA1;COL15A1;CLEC2L;STXBP4;TMTC3;CLEC16A;PRDM14;UBR3;KIAA1328;MED30;FAM184A;HLX;GTSF1L;SMYD2;SLITRK6;IARS2;ATP6V1G3;KCNJ2;VAT1L;RUNX1T1;KCNJ6;CA10;KCNJ16;OPN5;DHRS3;MARCO;PTPRC;BAMBI;ID2;SERBP1;BHLHE40;ECHDC2;DHCR7;FGFR2"
"SOX2 20726797 ChIP-Seq SW620 Human","81/1931",0.00968539549873645,0.160178365804056,0,0,1.34904929577465,6.25572525317421,"HDDC2;ANKRD37;VIPR1;UXS1;ICAM2;PIK3CD;AHR;CALML4;CHD2;HOXA13;SNAPC5;SHH;ABHD10;OPA1;HINT3;CTSL;CASP6;CHORDC1;ZNF207;NEK1;ITGB8;SOSTDC1;ELOVL1;MYLIP;PAQR3;FOXL2;CACNA2D4;TM4SF4;SLC39A14;RUNX2;MLF1;PPM1A;BIN3;KATNAL1;LACTB2;PPP1R3D;HOXB3;XCL1;TFAM;ZNF512;TLCD1;STEAP1;XPR1;DGKH;ABCG2;RNASEL;SLC26A2;CFH;SAMD9;GLRX;CAPG;FBLN1;LRP8;UACA;CLEC3A;FGD5;PGRMC2;NFIL3;P2RY2;SLITRK6;NPHP3;AMZ2;MSX1;RAB11FIP4;SLC12A2;USP25;PCGF6;TGFB2;BLCAP;DHRS3;PARP12;NAP1L5;INHBE;RAD52;BAMBI;ID2;TRMT12;REN;SSBP2;PPIL4;FGFR2"
"SUZ12 18692474 ChIP-Seq MEFs Mouse","47/1019",0.00984874059919601,0.160178365804056,0,0,1.47624003664055,6.82083672242535,"COL15A1;VIPR1;FOXE3;NXPH2;COL12A1;SEZ6;GRIK1;HOXA13;SHH;ATP7B;PPP3CC;NFIL3;P2RY2;SLIT1;PROK2;MSX1;NKX2-2;PTGDR;PACSIN1;HS3ST3B1;FOXD3;EMX2;KCNJ6;TGFB2;GPR12;BDNF;GFPT1;WNT7A;HTR1B;FOXL2;PAX5;RUNX2;MLF1;TSHR;CACNB2;MRAS;BFSP1;CYP24A1;RGS10;HOXB3;HOXD3;ROR2;CD302;HOXB8;HOXB7;HOXB6;HOXB5"
"FOXA1 21572438 ChIP-Seq LNCaP Human","68/1578",0.00989020782145848,0.160178365804056,0,0,1.3828498478303,6.38352546237668,"SAMD9L;EIF4E3;RGSL1;CHRM5;DCAF8;GRIK1;CALML4;IFI44L;THG1L;ZC3H12D;TIFAB;RSRC1;GOLGA1;ANKRD1;SOSTDC1;EIF2B1;PGM1;DACT1;FOXD3;ENTPD5;ACTL6A;PAQR3;FOXL2;VEZF1;CACNB2;MRAS;MYH3;POC5;PRKAR1A;PEX3;FEZ1;MED21;SLC9A8;RBM12B;CHMP4C;HOXB3;TFAM;NUP54;ROR2;SLC26A2;CCDC68;HMHB1;OR2K2;FOXK1;CAPG;COX7A2;NID2;LMAN1;KLC4;SYNGR2;SLITRK6;SLIT1;LEKR1;PACSIN1;TGFB2;KIDINS220;TGFB3;GFPT1;MCOLN2;PARP12;BFSP1;PTPRC;UBLCP1;CDK1;RGS10;SLC28A2;RCOR3;NEK11"
"ASH2L 23239880 ChIP-Seq MESCs Mouse","105/2603",0.0101985686352581,0.161658162409941,0,0,1.30219248928555,5.97121394487651,"OTUD4;HDDC2;GDE1;NUDT5;NUBP1;THG1L;ABHD10;CCND1;MAGOH;CHORDC1;RPL38;RGS9;PTGDR;ZBP1;MYLIP;PAQR3;MED8;WDR75;TMEM170B;BIN3;MELK;KATNAL1;FEZ1;FDX1;CHMP4C;ROR2;UBIAD1;INO80D;DDX1;BTF3L4;UTP23;TMTC3;CLEC16A;PRDM14;UBR3;COX7A2;NEUROD1;SYNGR2;MOBP;ZNHIT6;SMYD2;ATG5;TXNDC5;ATP6V0A1;SRD5A3;NUP153;PRDX6;GPN1;CRNN;BAMBI;ZFAT;TRMT12;DHCR7;CALM2;TOP2B;EIF4E3;PIK3CD;LARP1B;HINT3;EXO1;DHX15;CCR4;PGM1;DACT1;HS3ST3B1;FOXD3;DDX55;PAWR;RAB3IL1;BPGM;PSMA6;PPM1A;POC5;NUP54;TLCD1;RCCD1;SGK1;GCNT1;GLRX;CAPG;NR2C2;PPM1F;PGRMC2;EPCAM;KCNJ2;LEKR1;VAT1L;RUNX1T1;KCNJ6;RRM2;GSX1;PLEKHA5;RPL23A;BLCAP;PTPN14;CPPED1;TSHR;TMEM60;DHRS7;PSMC1;SERBP1;SCGB1A1;SSBP2;TOMM6;NEK11"
"STAT3 20064451 ChIP-Seq CD4+T Mouse","40/843",0.0107647526390241,0.167077931584853,0,0,1.51713504571322,6.87486427488501,"MYLK2;PPM1L;UXS1;GCNT1;GLRX;FOXK1;AHR;MRO;ACTB;ZC3H12D;RGS5;NFIL3;P2RY2;CHORDC1;IL21R;TRIM24;KPNA4;ATP6V1G3;ATP6V0A1;PCGF6;KCNJ6;SPINK2;MKKS;GPR12;GSX1;NUP153;PRDX6;PTPN14;PTPRC;CREB1;LIX1;SLC9A8;SUB1;ID2;XCL1;CCNYL1;SNRPE;SSBP2;CALM2;XPR1"
"OLIG2 26023283 ChIP-Seq AINV15 Mouse","68/1588",0.0112983782260738,0.169767211356643,0,0,1.37298215418063,6.1552109179582,"EIF4E3;STAB2;DCAF5;CHD2;ACTB;RYR3;THG1L;TMEM220;RGS5;ABHD10;UCHL1;CCND1;ITGB8;WDR7;TCP11;PGM1;HS3ST3B1;ELOVL1;FOXD3;NCOA2;SPINK2;ARHGEF17;ACTL6A;CACNB2;SLC9A5;KATNAL1;B3GNT7;SLC9A8;HOXB3;TFAM;RCCD1;XPR1;HOXB5;DGKH;CERKL;RNASEL;LRTM2;RGS16;BTF3L4;UTP23;SEZ6;GLRX;CAPG;FBLN1;MRO;NEUROD1;TMEM168;HMBOX1;PTDSS1;PGRMC2;MOBP;P2RY2;CDH26;CNNM2;RAB11FIP4;LEKR1;NKX2-2;RUNX1T1;ATP6V0A1;PACSIN1;ATE1;BDNF;GPN1;PTPN14;DHRS3;SMUG1;ID2;DHCR7"
"SMAD4 21799915 ChIP-Seq A2780 Human","89/2167",0.0115375851417994,0.169767211356643,0,0,1.3210650694349,5.89478429005719,"AVEN;SLC35F3;COL12A1;GRIK1;GIMAP8;TMEM220;ZC3H12D;UNC80;RGS4;SHH;PPP4R1;OPA1;HINT3;EXO1;DHX15;PROK2;TNR;PSKH2;PLS1;EMX2;SPINK2;MKKS;PAQR3;BCKDHB;WDR75;DARS2;TM4SF4;PDYN;SHISA6;CACNB2;BIN3;CREB1;LIX1;VOPP1;SNRPE;ROR2;CD302;SGK1;XPR1;SHANK1;BLK;PPM1L;CLEC16A;PRDM14;UBR3;GLRX;PDS5B;RCHY1;FSTL1;NID2;NEUROD1;STRA8;AMN1;PGRMC2;RNF216;NPBWR1;SMYD2;NT5M;GPR156;LEKR1;VAT1L;ATG5;SLC12A2;LINGO1;ATE1;CA10;GPR12;HELT;KIDINS220;BDNF;GFPT1;KCNJ16;PRDX6;BLCAP;PTPN14;LRP1B;NAP1L5;MARCO;PTPRC;CYP24A1;ARTN;BAMBI;BHLHE40;SNRNP48;SSBP2;CALM2;TMEM9B;FGFR2;NEK11"
"CTCF 21964334 Chip-Seq Bcells Human","70/1646",0.0118413265698904,0.169767211356643,0,0,1.3635556666053,6.04895058021691,"TOP2B;COL12A1;DCAF5;GLI1;CHD2;HAPLN3;ACTB;GIMAP8;IFI44L;RGS4;PPP4R1;CCND1;EXO1;CASP6;TNR;ADAMTS6;ZNF385A;UNC45A;ELOVL1;MYLIP;ACTN2;APOBEC4;PABPC4;ARHGEF17;BCKDHB;IL16;SLC39A14;APOA5;KEL;SLC9A8;ELF5;PEX5;TFAM;SNRPE;TLCD1;RCCD1;SGK1;PFDN4;XPR1;SAMD9;PPM1L;GNAI3;PPM1J;FOXK1;PGRMC2;NFIL3;TPR;SMYD2;S1PR1;CNNM2;KCNJ2;RAB11FIP4;ATG5;LINGO1;MARCKSL1;RRM2;BDNF;TGFB3;SRD5A3;OPN5;DHRS3;TSHR;INHBE;SMUG1;BFSP1;ARTN;BAMBI;CDK1;RGS10;RCOR3"
"NANOG 16153702 ChIP-ChIP HESCs Human","48/1057",0.0119520152978843,0.169767211356643,0,0,1.45185180299105,6.42713795145741,"CERKL;UXS1;COL12A1;AQP9;PRDM14;FBLN1;NUDT5;CHD2;RYR3;NEUROD1;RGS4;EXTL2;ATP7B;MOBP;PEA15;SLITRK6;ANKRD1;NAALAD2;RGS9;TCP11;NKX2-2;RUNX1T1;TXNDC5;NEK8;FOXD3;EMX2;MKKS;BLCAP;DHRS3;MYH2;BFSP1;CYP24A1;BAMBI;FEZ1;ID2;RGS10;HOXB3;XCL1;SNRPE;NUP54;DHCR7;DNAJC8;SSBP2;CALM2;HOXB6;FGFR2;HOXB5;ABCG2"
"P300 19829295 ChIP-Seq ESCs Human","68/1594",0.0122212980141845,0.169767211356643,0,0,1.3671236152248,6.02159864846787,"SAMD9L;GPR26;UXS1;CHRM5;SMC5;RYR3;UCHL1;EXO1;BASP1;ANKRD1;PROK2;WDR7;RGS9;TCP11;ADAMTS6;HS3ST3B1;MYLIP;FOXD3;PLEKHG7;APOBEC4;BCKDHB;PAX5;SHISA6;PSMA6;CREB1;PRKAR1A;LIX1;MTHFD2L;PEX5;SPOPL;TRIM59;CD302;SGK1;ABCG2;WDR26;NXPH2;PRDM14;UBR3;FOXK1;MED30;DSEL;TPR;SLITRK6;S1PR1;ATP6V1G3;KCNJ2;LEKR1;VAT1L;ATG5;RUNX1T1;CDK17;TFAP2A;TGFB2;GPR12;GFPT1;HTR1B;KCNJ16;PTPN14;PARP12;PTPRC;BAMBI;ID2;ATP13A4;CCNYL1;HOXD3;SSBP2;FGFR2;NEK11"
"CBX2 22325352 ChIP-Seq 293T-Rex Human","68/1595",0.0123810804551722,0.169767211356643,0,0,1.36615166813761,5.99957218622901,"ITSN2;FOXE3;SLC35F3;UXS1;RGSL1;PIK3CD;IFI44L;RGS4;RGS5;EXO1;MAGOH;PROK2;TNR;PGM1;ELOVL1;FOXD3;NUP133;ACTN2;APOBEC4;PABPC4;WDR75;FAM177B;ACTA1;KIAA1614;XCL1;SNRPE;DNAJC8;XPR1;ABCG2;RNASEL;UBIAD1;WDR26;CFH;HDAC1;RPE;DDX1;RGS16;BTF3L4;UBR3;LRP8;EXTL2;FGD5;EPCAM;HLX;ZNHIT6;TPR;SMYD2;S1PR1;ATP6V1G3;RHBG;S100PBP;MARCKSL1;TGFB2;GFPT1;PRDX6;MCOLN2;PTPN14;DHRS3;LRP1B;CRNN;PTPRC;ARTN;ID2;SERBP1;CENPL;ECHDC2;RCOR3;CALM2"
"NFKB1 27076634 ChIP-Seq BEAS2B Human Lung Inflammation","147/3823",0.0125331498316985,0.169767211356643,0,0,1.24866421148919,5.46837277503329,"OTUD4;SAMD9L;EQTN;UXS1;COL12A1;CHRM5;SMC5;AHR;DCAF5;GOLGA1;TRIM24;BBX;NEK1;TNR;PSKH2;RGS9;TCP11;ZBP1;SPINK2;ACOT12;WDR75;CACNA2D4;PDYN;TMEM170B;RUNX2;CACNB2;BIN3;MELK;KATNAL1;PRKAR1A;SLC9A8;MTHFD2L;ROR2;HOXB6;SLC26A2;PDE1C;NXPH3;TMTC3;CLEC16A;HMHB1;UBR3;NID2;MED30;NPBWR1;DSEL;CDH26;ATG5;ATP6V0A1;TFAP2D;GPR12;BDNF;GFPT1;HTR1B;NUP153;EIF2S2;PRDX6;LRP1B;CRNN;ARTN;ZFAT;TRMT12;CASS4;FGFR2;TOP2B;CPO;EIF4E3;SLC35F3;CPXM2;MOGAT1;PIK3CD;GLI1;CHD2;RYR3;LARP1B;NADK2;SHH;PPP3CC;HINT3;CTSL;PEA15;SOSTDC1;BDKRB1;WDR7;MAN1A1;SPDL1;ADAMTS6;DACT1;NCOA2;NCOA6;DDX55;BCKDHB;PAWR;SLC39A14;SUPT3H;CDC20B;FAM177B;PSMA6;MRAS;CREB1;POC5;PEAK1;ADGRF4;SPOPL;TRIM59;ZNF512;BDP1;SGK1;HCN4;COL15A1;WDR26;SAMD9;CCDC68;SEZ6;FOXK1;FSTL1;UACA;ASB18;EXTL2;PGRMC2;HLX;SLITRK6;MROH9;PTCHD4;GPR156;ATP6V1G3;RUNX1T1;SLC12A2;LINGO1;USP25;KCNJ6;CA10;RRM2;GSX1;KIDINS220;PLEKHA5;KCNJ16;RPL23A;PTPN14;DHRS3;NAP1L5;SERBP1;SCGB1A1;CCNYL1;ANKRD62;ALDH8A1;SSBP2;PTPN3"
"RNF2 16625203 ChIP-ChIP MESCs Mouse","40/854",0.0131085320265834,0.174390292139368,0,0,1.49574563367667,6.48329742493141,"COL15A1;PPM1L;COL12A1;SEZ6;GRIK1;LRP8;NEUROD1;SHH;ATP7B;NFIL3;PROK2;MSX1;KCNJ2;NKX2-2;DACT1;HS3ST3B1;USP25;HELT;BDNF;PABPC4;WNT7A;HTR1B;FOXL2;PAX5;PDYN;SLC39A14;PARP12;MLF1;CACNB2;KEL;CREB1;CYP24A1;BAMBI;HOXB3;ROR2;HOXB8;PFDN4;HOXB7;HOXB6;FGFR2"
"RING1B 27294783 Chip-Seq NPCs Mouse","69/1632",0.0140231722189042,0.18328532110673,0,0,1.35390826659607,5.7771863609887,"ITSN2;GPR27;FOXE3;DGKD;AHR;GXYLT2;GLI1;HOXA13;CCND1;RSRC1;BASP1;NEK1;HS3ST3B1;EMX2;PAWR;FOXL2;VEZF1;PAX5;SHISA6;CACNB2;CREB1;B3GNT7;PEX3;FEZ1;MAK;HOXB3;HOXB8;PLA2R1;MFGE8;PFDN4;HOXB7;HOXB6;XPR1;HOXB5;HCN4;NXPH3;GCNT1;SEZ6;TMTC3;PRDM14;FSTL1;LRP8;NID2;FGD5;NFIL3;HLX;GTSF1L;DSEL;MSX1;CNNM2;KCNJ2;LEKR1;NKX2-2;RUNX1T1;TGFB2;GSX1;BDNF;EIF2S2;PRDX6;PTPN14;TSHR;SMUG1;CYP24A1;PSMC1;ID2;CCNYL1;HOXD3;RCOR3;SP9"
"BMI1 23680149 ChIP-Seq NPCS Mouse","40/860",0.0145536913863885,0.186179190450179,0,0,1.48432055749129,6.27854328072576,"BLK;HCN4;MOGAT1;RGS16;PRDM14;HOXA13;NEUROD1;UNC80;SHH;UCHL1;OPA1;CCND1;RSRC1;S1PR1;PROK2;MSX1;RUNX1T1;CCDC73;FOXD3;GPR12;GSX1;HELT;BDNF;FOXL2;PAX5;ALG11;DHRS3;RUNX2;MLF1;CACNB2;BAMBI;VOPP1;HOXB3;HOXD3;HOXB8;PFDN4;HOXB7;SP9;HOXB6;HOXB5"
"POU5F1 16153702 ChIP-ChIP HESCs Human","23/433",0.0147443922638397,0.186179190450179,0,0,1.69735447673966,7.15756128470542,"CERKL;FOXD3;TFAP2D;COL12A1;PRDM14;MRO;NUDT5;BLCAP;HOXA13;DHRS3;CLEC3A;BAMBI;FEZ1;ID2;ANKRD1;HOXB3;XCL1;NAALAD2;SSBP2;HOXB6;FGFR2;HOXB5;NKX2-2"
"ESET 19884257 ChIP-Seq ESCs Mouse","59/1369",0.0157154580209224,0.195133603759787,0,0,1.37717557251908,5.71956228057574,"ITSN2;GPR27;GRIK1;AHR;FBXO21;CHD2;TMEM220;TIFAB;OPA1;TRIM24;UGT2A1;CCR4;TCP11;TTC23L;SPINK2;ARHGEF17;PDYN;TMEM130;RUNX2;PSMA6;MYH3;FEZ1;PICK1;DSG2;TRIM59;PLA2R1;HOXB7;HOXB6;XPR1;HOXB5;WDR26;NXPH3;RPE;PRDM14;KCNA5;GLRX;FBLN1;NID2;PPM1F;HMBOX1;RNF216;MOBP;FAM184A;HLX;IL21R;NPHP3;RHBG;RUNX1T1;KIDINS220;TGFB3;MCOLN2;NAP1L5;SMUG1;PTPRC;BAMBI;RGS10;PSMG1;CALM2;PTPN3"
"CEBPD 23245923 ChIP-Seq MEFs Mouse","22/413",0.0163368647727796,0.199524004192144,0,0,1.70144030152107,7.00028871727946,"SDC2;COL12A1;GCNT1;UTP23;PLEKHA5;UBR3;TM4SF4;MLF1;BASP1;ZFAT;DSEL;CHORDC1;BHLHE40;BBX;CCNYL1;ADAMTS6;CCDC50;KCNJ2;XPR1;FGFR2;RUNX1T1;TXNDC5"
"OLIG2 23332759 ChIP-Seq OLIGODENDROCYTES Mouse","70/1679",0.0178416499004199,0.214387567351819,0,0,1.33311006417915,5.36739396653799,"AVEN;EIF4E3;MOGAT1;DCAF8;SMC5;GRIK1;AHR;DCAF5;ACTB;EXO1;BASP1;TRIM24;BBX;NEK1;TNR;ITGB8;RPL38;WDR7;PLS1;MYLIP;NCOA2;PAQR3;MED8;WDR75;PAWR;IL16;TMEM170B;RUNX2;SHISA6;CACNB2;BIN3;FEZ1;ELF5;STRAP;SGK1;XPR1;HCN4;RNASEL;INO80D;PDE1C;CCDC68;SYNPO2;RPE;DDX1;NR2C2;NID2;AMN1;MOBP;NFIL3;ZNHIT6;SLITRK6;NPHP3;BRIX1;KCNJ2;NKX2-2;ATE1;USP25;TGFB2;KIDINS220;GFPT1;HTR1B;OPN5;CPPED1;LRP1B;TSHR;ZFAT;ID2;PPIL4;FGFR2;NEK11"
"NFYA 21822215 ChIP-Seq K562 Human","66/1579",0.0201113163520399,0.237824296543964,0,0,1.33469677885994,5.21395642229097,"FOXE3;GPR26;SLC35F3;RGSL1;STAB2;PIK3CD;NUDT5;IFI44L;RGS4;RGS5;CCND1;EXO1;MAGOH;ANKRD1;TNR;PGM1;FOXD3;APOBEC4;PABPC4;FAM177B;CACNB2;ACTA1;KIAA1614;XCL1;SNRPE;DNAJC8;XPR1;RNASEL;UBIAD1;WDR26;CFH;HDAC1;BTF3L4;TMTC3;LRP8;EXTL2;HLX;ZNHIT6;TPR;SMYD2;SLIT1;S1PR1;CNNM2;ATP6V1G3;S100PBP;LINGO1;SLC37A2;MARCKSL1;TGFB2;PRDX6;MCOLN2;PTPN14;DHRS3;CRNN;EIF3M;PTPRC;ARTN;BAMBI;SERBP1;CENPL;CDK1;RGS10;ECHDC2;DHCR7;RCOR3;FGFR2"
"GATA3 30127528 ChIP-Seq BE2C Human Brain Neuroblastoma","36/782",0.0226709787212602,0.26390436167717,0,0,1.4646466855311,5.54613314162254,"PPM1L;CCDC68;STXBP4;ICAM2;TMTC3;CLEC16A;UBR3;GLRX;CHD2;UNC80;RGS4;RGS5;FAM124B;P2RY6;NEK1;NAALAD2;NBN;UGT2A1;RHBG;ATG5;RUNX1T1;TGFB2;BDNF;PLEKHA5;RPL23A;TMEM130;MLF1;RAD52;CD200R1;LIX1;LARS1;ID2;PSMG1;PLA2R1;SGK1;PSME3IP1"
"PPARD 21283829 ChIP-Seq MYOFIBROBLAST Human","107/2749",0.0245048627116089,0.280863426463825,0,0,1.24853906941795,4.63068620724881,"MYLK2;DGKD;KLHL36;AQP9;AHR;GXYLT2;DCAF5;NUDT5;NUBP1;CCND1;BASP1;CHORDC1;RPL38;TGM6;TMEM170B;DEXI;KIAA1614;MELK;PRKAR1A;FEZ1;SLC9A8;ROR2;DGKH;CFH;DDX1;TMTC3;CLEC16A;FBLN1;MRO;NEUROD1;FAM124B;HMBOX1;MED30;DSEL;NKX2-2;ATP6V0A1;CDK17;TFAP2A;TFAP2D;BDNF;TGFB3;SRD5A3;HTR1B;NUP153;EIF2S2;PARP12;ARTN;ID2;BHLHE40;CDK1;SP9;CALM2;FGFR2;CPO;CPXM2;CHD2;RYR3;UNC80;UCHL1;OPA1;HINT3;EXO1;SOSTDC1;BDKRB1;WDR7;MAN1A1;CCR4;ZNF385A;DACT1;RAB3IL1;PAX5;MRAS;CREB1;B3GNT7;POC5;SGK1;MFGE8;CDC123;GCNT1;SEZ6;FOXK1;UACA;KRT84;PGRMC2;NFIL3;FAM184A;HLX;TRA2B;SLITRK6;SLIT1;S1PR1;ATP6V1G3;KCNJ2;LEKR1;VAT1L;RIBC2;KCNJ6;KCNJ16;MCOLN2;DHRS3;RAD52;CYP24A1;SERBP1;SCGB1A1;RGS10;CCNYL1;NEK11"
"BCAT 22108803 ChIP-Seq LS180 Human","24/482",0.0258046603468881,0.281635991856292,0,0,1.58404192139738,5.79315838385181,"KCNJ6;MKKS;DGKD;NXPH2;GNAI3;KCNJ16;GRIK1;ABCA8;CPPED1;CACNB2;SHH;PPP3CC;LIX1;SLC9A8;FDX1;SCGB1A1;MTHFD2L;MCM5;MAN1A1;ROR2;SSBP2;CALM2;SGCG;NEK11"
"RAD21 21589869 ChIP-Seq MESCs Mouse","64/1546",0.0261540446750341,0.281635991856292,0,0,1.31909523974301,4.80645516393836,"MYLK2;EIF4E3;DCAF8;GLI1;CHD2;HOXA13;GIMAP8;TMEM220;FADS3;SNAPC5;ATP7B;OPA1;CCND1;ANKRD1;TTC23L;ADAMTS6;DACT1;EMX2;ACTN2;APOBEC4;BPGM;TMEM130;LIX1;SLC9A8;PICK1;ANKS6;MCM5;ROR2;TLCD1;HOXB8;PLA2R1;HOXB5;BLK;RNASEL;TBC1D9B;RGS16;PPM1J;MRO;KRT85;STRA8;GTSF1L;NPBWR1;DSEL;S1PR1;NPHP3;AMZ2;CNNM2;RHBG;KCNJ2;RAB11FIP4;CCDC73;NEK8;SLC37A2;HTR1B;DHRS3;TSHR;DHRS7;UBLCP1;ID2;SCGB1A1;BHLHE40;TRMT12;RAD1;HOXD3"
"PPARG 20176806 ChIP-Seq MACROPHAGES Mouse","47/1083",0.0262522234161625,0.281635991856292,0,0,1.38022069292833,5.02400966018202,"OTUD4;UBIAD1;GPR26;INO80D;EIF4E3;PPM1L;RPE;GCNT1;AQP9;ICAM2;CLEC16A;PIK3CD;KCNA5;CHD2;NID2;STRA8;HMBOX1;RNF216;EPCAM;HLX;BBX;PROK2;ATP6V1G3;PGM1;ADAMTS6;KCNJ2;LEKR1;CDK17;MYLIP;USP25;MKKS;TMEM130;OPN5;DHRS3;CPPED1;RUNX2;EID3;BFSP1;PTPRC;LIX1;ZFAT;ID2;BHLHE40;ECHDC2;SLC28A2;SGK1;PPIL4"
"FOXA1 26769127 Chip-Seq PDAC-Cell Line Human","68/1658",0.0265807433879579,0.281635991856292,0,0,1.30738371274857,4.74262365758102,"GDE1;CALML4;CHD2;HAPLN3;CCND1;EXO1;RSRC1;ZNF207;DHX15;ANKRD1;NBN;PGM1;ELOVL1;FOXD3;PLEKHG7;NUP133;ARHGEF17;PAWR;VEZF1;TMEM170B;FAM177B;LACTB2;ZC3H11A;FDX1;PEX5;TFAM;SNRPE;DSG2;NUP54;TLCD1;CCDC152;XPR1;RNASEL;CDC123;WDR26;INO80D;CFH;CCDC68;HDAC1;STXBP4;BTF3L4;FOXK1;RCHY1;ZNHIT6;SMYD2;CDH26;CNNM2;ATP6V1G3;ATP6V0A1;OR4B1;CDK17;ATE1;TGFB2;PLEKHA5;PRDX6;BLCAP;PTPN14;DHRS3;ARTN;BAMBI;SERBP1;BHLHE40;CENPL;ECHDC2;PSMG1;DHCR7;RCOR3;CALM2"
"ISL1 30127528 ChIP-Seq KELLY Human Brain Neuroblastoma","10/152",0.0266668271937439,0.281635991856292,0,0,2.11697414534153,7.67262330536463,"P2RY6;KCNJ6;BDNF;RSRC1;CCDC68;TNR;SLC22A8;RHBG;PSME3IP1;RUNX1T1"
"BRD4 25478319 ChIP-Seq HGPS Human","72/1770",0.0268404770762372,0.281635991856292,0,0,1.29729133877556,4.69339793559878,"TOP2B;CIITA;PPP1R17;SAMD9L;GPR26;COL12A1;RGS4;PPP4R1;CCND1;BASP1;UBAP2L;RGS9;TTC23L;ADAMTS6;TMEM14B;ELOVL1;STARD5;NCOA6;BCKDHB;WDR75;FOXL2;CACNA2D4;TM4SF4;SLC39A14;RUNX2;EID3;BIN3;MELK;CREB1;PEX3;PICK1;STRAP;SNRPE;ROR2;CD302;STEAP1;CCDC152;ABCG2;CDC123;WDR26;PDE1C;HDAC1;DDX1;GCNT1;UTP23;TMTC3;HMHB1;UACA;CPLX4;PTDSS1;PGRMC2;RNF216;FAM184A;P2RY2;CHST15;GPR156;LEKR1;ATG5;RUNX1T1;USP25;GFPT1;HTR1B;RPL23A;NUP153;PTPN14;CPPED1;SMUG1;BHLHE40;CASS4;PSMG1;SP9;CALM2"
"SETDB1 19884257 ChIP-Seq MESCs Mouse","67/1634",0.0277212897689553,0.281829237700702,0,0,1.30650859545129,4.68455787467767,"ITSN2;GPR27;ANKRD37;MOGAT1;TMEM220;BOLL;UCHL1;TIFAB;TRIM24;BDKRB1;RPL38;TCP11;PGM1;DACT1;STARD5;NUP133;WDR75;FOXL2;PDYN;TMEM130;SUPT3H;MRAS;MYH3;FEZ1;SLC9A8;MTHFD2L;PPP1R3D;HOXB3;DSG2;HOXB8;PLA2R1;HOXB7;HOXB6;UBIAD1;WDR26;NXPH3;RPE;PRDM14;KCNA5;FBLN1;ARPP19;NID2;STRA8;RNF216;FAM184A;HLX;GTSF1L;AMZ2;ATP6V1G3;ATG5;NKX2-2;RUNX1T1;PACSIN1;LINGO1;HTR1B;NUP153;BLCAP;MCOLN2;NAP1L5;KLHL9;SMUG1;DHRS7;BAMBI;ID2;ATP13A4;ECHDC2;HOXD3"
"TBL1 22424771 ChIP-Seq 293T Human","65/1579",0.0278394561956589,0.281829237700702,0,0,1.31128304771901,4.69609925979977,"FOXE3;GPR26;SLC35F3;CPXM2;RGSL1;PIK3CD;NUDT5;RGS4;RGS5;CCND1;EXO1;MAGOH;CHORDC1;ANKRD1;TNR;PGM1;FOXD3;APOBEC4;PABPC4;FAM177B;CACNB2;KIAA1614;FEZ1;XCL1;SNRPE;DNAJC8;XPR1;DGKH;RNASEL;UBIAD1;WDR26;BTF3L4;LRP8;EXTL2;HLX;ZNHIT6;CHST15;SMYD2;SLIT1;S1PR1;CNNM2;ATP6V1G3;S100PBP;CCDC73;OR4B1;ATE1;MARCKSL1;TGFB2;GPR12;PRDX6;MCOLN2;PTPN14;DHRS3;CRNN;EIF3M;PTPRC;ARTN;BAMBI;SERBP1;CENPL;CDK1;RGS10;ECHDC2;DHCR7;FGFR2"
"SMAD3 21741376 ChIP-Seq ESCs Human","64/1552",0.0280463367385164,0.281829237700702,0,0,1.31333517139969,4.69372496146415,"GPR26;CPO;ICAM2;STAB2;ACTB;RYR3;EXO1;RSRC1;BASP1;GOLGA1;ZNF385A;MYLIP;FOXD3;PLEKHG7;PAQR3;BCKDHB;DEXI;POMGNT1;MLF1;SHISA6;AFG3L2;BIN3;KIAA1614;CREB1;B3GNT7;VOPP1;XPR1;UBIAD1;NXPH2;PRDM14;UBR3;KCNA5;UACA;FAM124B;FGD5;HLX;DSEL;CHST15;SMYD2;KCNJ2;LEKR1;VAT1L;ATP6V0A1;PCGF6;KCNJ6;CA10;TGFB2;GPR12;HELT;PLEKHA5;KCNJ16;PLAC8L1;PRDX6;MCOLN2;DHRS7;BAMBI;ID2;SERBP1;CCNYL1;SSBP2;CALM2;FGFR2;TOMM6;NEK11"
"EBNA1 20929547 Chip-Seq RAJI-cells Human","64/1553",0.0283720709094666,0.281829237700702,0,0,1.31237967315872,4.67515577640708,"DCAF5;ACTB;SNAPC5;TIFAB;HINT3;OR10W1;TRIM24;NEK1;ITGB8;PSKH2;CCR4;UTP14C;EMX2;NUP133;ACOT12;VEZF1;BPGM;DEXI;SHISA6;FAM177B;MRAS;CREB1;RBM12B;PEX5;CHMP4C;HOXB3;TFAM;MCM5;NUP54;TLCD1;PLA2R1;WDR26;SDC2;KCNA5;GLRX;COX7A2;PDS5B;NID2;NEUROD1;CLEC3A;FAM124B;TMEM168;P2RY6;SYNGR2;HLX;NPBWR1;TRA2B;CHST15;IL21R;OR8B3;NAALAD2;NPHP3;RUNX1T1;CDK17;MARCKSL1;KCNJ6;TGFB2;RRM2;GFPT1;PLEKHA5;RPL23A;UBLCP1;CCNYL1;HOXD3"
"TCF3/E2A 22897851 ChIP-Seq JUKARTE6-1 Human","62/1501",0.0294566006734387,0.28551728317211,0,0,1.31473091407174,4.63421251604437,"OTUD4;RPL30;RTP2;CHRM5;NUDT5;TRIM24;ANKRD1;PROK2;ITGB8;MAN1A1;CCR4;TCP11;SGCG;MKKS;APOBEC4;BCKDHB;PAX5;SUPT3H;POC5;FEZ1;NUP54;SGK1;EXOC2;XPR1;BLK;CFH;SAMD9;PDE1C;CCDC68;SDC2;CLEC16A;HMHB1;KCNA5;FBLN1;MRO;NID2;ASB18;LMAN1;FGD5;MOBP;DSEL;CHST15;SLITRK6;SLIT1;NT5M;KCNJ2;RAB11FIP4;LINGO1;KCNJ6;CA10;TFAP2D;TGFB3;MCOLN2;BFSP1;SCGB1A1;CASS4;RGS10;ALDH8A1;SSBP2;TMEM9B;TOMM6;NEK11"
"RNF2 18974828 ChIP-Seq MESCs Mouse","46/1066",0.0301159792146319,0.28551728317211,0,0,1.37096543426658,4.80207977272908,"GPR27;HCN4;COL15A1;FOXE3;PPM1L;COL12A1;SEZ6;PRDM14;GRIK1;HOXA13;FADS3;SHH;NFIL3;PROK2;MSX1;NKX2-2;HS3ST3B1;FOXD3;EMX2;TGFB2;HELT;BDNF;APOBEC4;ARHGEF17;WNT7A;HTR1B;FOXL2;APOA4;PTPN14;DHRS3;PARP12;CACNB2;AFG3L2;SLC9A5;CYP24A1;RGS10;HOXB3;HOXD3;HOXB8;PFDN4;SSBP2;HOXB7;SP9;HOXB6;FGFR2;HOXB5"
"EZH2 18974828 ChIP-Seq MESCs Mouse","46/1066",0.0301159792146319,0.28551728317211,0,0,1.37096543426658,4.80207977272908,"GPR27;HCN4;COL15A1;FOXE3;PPM1L;COL12A1;SEZ6;PRDM14;GRIK1;HOXA13;FADS3;SHH;NFIL3;PROK2;MSX1;NKX2-2;HS3ST3B1;FOXD3;EMX2;TGFB2;HELT;BDNF;APOBEC4;ARHGEF17;WNT7A;HTR1B;FOXL2;APOA4;PTPN14;DHRS3;PARP12;CACNB2;AFG3L2;SLC9A5;CYP24A1;RGS10;HOXB3;HOXD3;HOXB8;PFDN4;SSBP2;HOXB7;SP9;HOXB6;FGFR2;HOXB5"
"SUZ12 18692474 ChIP-Seq MESCs Mouse","63/1531",0.0302763293565056,0.28551728317211,0,0,1.30965605267318,4.58037677864991,"VIPR1;FOXE3;GPR26;COL12A1;GRIK1;HOXA13;SHH;BOLL;ATP7B;PPP3CC;PROK2;PTGDR;HS3ST3B1;FOXD3;EMX2;ACOT12;FOXL2;PAX5;ALG11;RUNX2;MLF1;CACNB2;MRAS;PPP1R3D;HOXB3;ANKS6;ROR2;CD302;HOXB8;PFDN4;HOXB7;HOXB6;HOXB5;HCN4;COL15A1;PPM1L;NXPH2;SEZ6;PRDM14;NFIL3;P2RY2;SLIT1;MSX1;GPR156;CNNM2;NKX2-2;PACSIN1;KCNJ6;TGFB2;GPR12;HELT;BDNF;GFPT1;WNT7A;HTR1B;PARP12;LRP1B;TSHR;BFSP1;CYP24A1;RGS10;HOXD3;SP9"
"FLI1 27457419 Chip-Seq LIVER Mouse","16/294",0.0310987254159377,0.287032930156286,0,0,1.73416527441554,6.01857396145443,"NCOA2;DGKD;INO80D;UXS1;MOGAT1;RPE;WDR75;PRDM14;UNC80;FAM124B;BOLL;CREB1;B3GNT7;LACTB2;NPBWR1;CCNYL1"
"RNF2 27304074 Chip-Seq ESCs Mouse","51/1205",0.0315570450800042,0.287032930156286,0,0,1.34481634332814,4.64762935974174,"ARHGAP9;GPR27;FOXE3;SAMD9L;GPR26;EIF4E3;HOXA13;LARP1B;BOLL;PPP3CC;DHX15;PROK2;DACT1;HS3ST3B1;EMX2;PAX5;SUPT3H;SHISA6;CACNB2;PPP1R3D;HOXB3;PFDN4;HOXB7;DGKH;SHANK1;HCN4;SLC26A2;COL15A1;PPM1L;SEZ6;PRDM14;KCNA5;HLX;NPBWR1;SMYD2;SLITRK6;SLIT1;NAALAD2;MSX1;NKX2-2;RUNX1T1;LINGO1;GSX1;BDNF;WNT7A;PTPN14;ID2;CDK1;SSBP2;SP9;FGFR2"
"ISL1 30127528 ChIP-Seq BE2C Human Brain Neuroblastoma","35/776",0.0315928862722355,0.287032930156286,0,0,1.43162026841094,4.94599506249121,"CPO;PPM1L;CCDC68;UBR3;GLRX;CHD2;UNC80;NADK2;RGS5;FAM124B;HMBOX1;P2RY6;PTDSS1;RNF216;RSRC1;BBX;NBN;UGT2A1;RHBG;ATG5;RUNX1T1;BDNF;LMNTD1;PLEKHA5;VEZF1;TM4SF4;CD200R1;KIAA1614;CREB1;LIX1;ID2;ETFBKMT;SLC22A8;SSBP2;PSME3IP1"
"SOX9 26525672 Chip-Seq Limbbuds Mouse","43/993",0.033536039322162,0.2991618984957,0,0,1.37440159805454,4.66627844424371,"HDDC2;CCDC121;INO80D;STXBP4;DDX1;DCAF8;PRDM14;AHR;GLI1;ASB18;THG1L;ZC3H12D;UNC80;HLX;DSEL;TNR;ITGB8;SOSTDC1;RGS9;KCNJ2;RAB11FIP4;DACT1;HS3ST3B1;NCOA2;TGFB2;RRM2;WDR75;KCNJ16;VEZF1;PRDX6;PTPN14;SHISA6;CREB1;PEX3;ID2;CDK1;XCL1;TFAM;SNRPE;ALDH8A1;SGK1;PPIL4;XPR1"
"EWS-FLI1 20517297 ChIP-Seq SK-N-MC Human","23/470",0.0339203999231429,0.2991618984957,0,0,1.55381635468262,5.25770849775678,"NCOA2;PLA2G4F;EIF4E3;RGS16;HMHB1;PRDM14;DARS2;CALML4;TM4SF4;PRDX6;MLF1;PPM1A;PTDSS1;PPP4R1;PPP3CC;POC5;BASP1;SLC9A8;SMYD2;PSKH2;CCDC50;SGCG;NKX2-2"
"PCGF2 27294783 Chip-Seq NPCs Mouse","18/346",0.0341325656001806,0.2991618984957,0,0,1.65442967028719,5.58784174956523,"DGKD;INO80D;UXS1;MOGAT1;RPE;WDR75;ASB18;UNC80;MARCO;FAM124B;BOLL;PTPRC;CREB1;B3GNT7;DSEL;CCNYL1;SNRPE;ATP6V1G3"
"AF4 28076791 ChIP-Seq SEM Human Blood Leukemia","30/652",0.0354410607367959,0.30701849126643,0,0,1.45933436878276,4.8740078346662,"ITSN2;BLK;TOP2B;CIITA;DGKD;INO80D;CPXM2;UXS1;GCNT1;HMHB1;CHD2;LRP8;PPP3CC;MED30;HLX;TRA2B;SLIT1;BBX;AMZ2;TXNDC5;PABPC4;IFT80;PAX5;DHRS3;RUNX2;SUPT3H;KIAA1614;PTPRC;CALM2;EXOC2"
"EED 16625203 ChIP-ChIP MESCs Mouse","29/628",0.0366975114149546,0.314234947573142,0,0,1.46428994560827,4.83954611822354,"COL15A1;VIPR1;PPM1L;COL12A1;SEZ6;GRIK1;LRP8;HOXA13;SHH;ATP7B;MAGOH;MSX1;NKX2-2;HS3ST3B1;KCNJ6;TGFB2;HELT;WNT7A;HTR1B;FOXL2;CREB1;CYP24A1;RGS10;HOXB3;HOXB8;PFDN4;HOXB7;HOXB6;FGFR2"
"JARID2 20075857 ChIP-Seq MESCs Mouse","45/1055",0.0373874772588861,0.314234947573142,0,0,1.3529358730575,4.44631478578688,"GPR27;HCN4;VIPR1;FOXE3;PPM1L;NXPH3;SEZ6;HOXA13;SHH;RSRC1;HLX;NPBWR1;CHST15;SLIT1;PROK2;MSX1;GPR156;RAB11FIP4;NKX2-2;RUNX1T1;HS3ST3B1;FOXD3;EMX2;GSX1;HELT;WNT7A;HTR1B;FOXL2;PAX5;SHISA6;CACNB2;SLC9A5;CYP24A1;PPP1R3D;RGS10;VOPP1;HOXB3;HOXD3;HOXB8;PFDN4;HOXB7;SP9;HOXB6;FGFR2;HOXB5"
"HNFA 21074721 ChIP-Seq CACO-2 Human","64/1578",0.0375394769584022,0.314234947573142,0,0,1.28890243764748,4.23064461612015,"FOXE3;GPR26;SLC35F3;CPXM2;RGSL1;PIK3CD;NUDT5;IFI44L;RGS4;RGS5;EXO1;MAGOH;TNR;PGM1;ELOVL1;FOXD3;EMX2;ACTN2;APOBEC4;PABPC4;MED8;POMGNT1;FAM177B;CACNB2;KIAA1614;XCL1;SNRPE;DNAJC8;XPR1;RNASEL;UBIAD1;WDR26;CFH;HDAC1;BTF3L4;GNAI3;LRP8;EXTL2;HLX;ZNHIT6;CHST15;SMYD2;S1PR1;CNNM2;ATP6V1G3;S100PBP;ATE1;MARCKSL1;TGFB2;BDNF;PRDX6;MCOLN2;PTPN14;DHRS3;CRNN;EIF3M;PTPRC;ARTN;BAMBI;SERBP1;CENPL;CDK1;ECHDC2;RCOR3"
"CTCF 21964334 ChIP-Seq BJAB-B Human","66/1638",0.0392699844504395,0.320439049804169,0,0,1.28035431369725,4.14488437002975,"KLHL36;ICAM2;DCAF8;GLI1;CHD2;HAPLN3;RYR3;IFI44L;RGS4;PPP4R1;OPA1;CCND1;EXO1;CASP6;TNR;SOSTDC1;NBN;ZNF385A;ZBP1;APOBEC4;DDX55;ARHGEF17;DARS2;IL16;ALG11;TMEM130;FAM177B;KEL;B3GNT7;PEX5;TFAM;SNRPE;NUP54;RCCD1;SGK1;HOXB6;XPR1;HOXB5;SLC26A2;HDAC1;DDX1;RGS16;PPM1J;FOXK1;TPR;S1PR1;CNNM2;KCNJ2;RAB11FIP4;VAT1L;ATG5;CCDC73;LINGO1;MARCKSL1;BDNF;TGFB3;DHRS3;TSHR;INHBE;RAD52;SMUG1;EIF3M;ARTN;RGS10;PSMG1;RCOR3"
"MYC 20876797 ChIP-ChIP MEDULLOBLASTOMA Human","46/1086",0.0393179185045994,0.320439049804169,0,0,1.34313369052175,4.34648125336003,"EIF4E3;UXS1;RPE;CHRM5;MRO;CHD2;CLEC3A;SHH;OPA1;CCND1;RSRC1;CHORDC1;SLITRK6;DHX15;PROK2;RPL38;KPNA4;MAN1A1;KCNJ2;TXNDC5;UNC45A;TFAP2A;FOXD3;EMX2;KIDINS220;BDNF;BCKDHB;PLEKHA5;WDR75;RPL23A;PAX5;BPGM;PSMA6;CACNB2;MELK;PTPRC;PRC1;ID2;SERBP1;TRMT12;HOXB3;DNAJC8;TLCD1;RCOR3;STEAP1;EXOC2"
"POU5F1 18347094 ChIP-ChIP MESCs Mouse","63/1555",0.0395709967543403,0.320439049804169,0,0,1.28685983950809,4.15611824911508,"FOXE3;GLI1;NUDT5;CHD2;BOLL;UCHL1;HINT3;EXO1;TRIM24;ITGB8;ADAMTS6;DACT1;ZBP1;HS3ST3B1;FOXD3;DARS2;IFT80;VEZF1;PDYN;SLC39A14;RUNX2;CD200R1;B3GNT7;LIX1;LACTB2;PEX3;SLC9A8;BDP1;HOXB6;HOXB5;ABCG2;CDC123;CFH;HDAC1;STXBP4;NXPH3;RPE;RGS16;BTF3L4;SEZ6;PRDM14;FSTL1;LRP8;NID2;NEUROD1;FGD5;SAMM50;RAB11FIP4;NKX2-2;BDNF;HTR1B;RPL23A;NUP153;BLCAP;DHRS3;TMEM60;ID2;CENPL;ECHDC2;HOXD3;SP9;FGFR2;PTPN3"
"RXR 22108803 ChIP-Seq LS180 Human","21/428",0.0403518154141425,0.323248413801464,0,0,1.55645628257093,4.9964097197463,"CPO;HELT;PABPC4;STAB2;GNAI3;KCNJ16;GIMAP8;TMEM220;AMN1;FAM124B;HINT3;ID2;ELF5;SERBP1;NPHP3;ZNF831;EXOC2;SGCG;KCNJ2;FGFR2;TXNDC5"
"ARNT 22903824 ChIP-Seq MCF-7 Human","37/846",0.0408957734679843,0.324120757804769,0,0,1.38566534978227,4.42959599750898,"VIPR1;GPR26;SLC35F3;KLHL36;CPXM2;HMHB1;MRO;FBXO21;CHD2;UACA;AMN1;SHH;FGD5;P2RY6;CCND1;BASP1;P2RY2;PROK2;ATP6V1G3;TTC23L;PTGDR;TFAP2A;NCOA2;USP25;KCNJ6;TGFB2;IL16;PAX5;RUNX2;SUPT3H;LRP1B;RGS10;VOPP1;DHCR7;SSBP2;CALM2;FGFR2"
"TAL1 30185409 ChIP-Seq HPC Mouse BoneMarrow Leukemia","84/2154",0.0425663657282584,0.333809920711079,0,0,1.24116455046813,3.91797281015428,"ITSN2;TOP2B;SAMD9L;EQTN;COL12A1;AHR;CALML4;CHD2;RYR3;FADS3;UNC80;RSRC1;TRIM24;DHX15;NEK1;WDR7;UGT2A1;CCR4;ADAMTS6;DACT1;MYLIP;ACTL6A;NXPE2;PAWR;IFT80;MLF1;SHISA6;BIN3;KEL;CREB1;B3GNT7;POC5;LIX1;PEX3;SPOPL;DSG2;SGK1;ABCG2;WDR26;TBC1D9B;CFH;PPM1L;NXPH2;CCDC68;LRTM2;RPE;DDX1;GCNT1;CLEC16A;PRDM14;UBR3;NR2C2;PPM1F;AMN1;RNF216;HLX;NPBWR1;DSEL;TRA2B;SLITRK6;SLIT1;S1PR1;UGT3A2;PTCHD4;CNNM2;KCNJ2;ATG5;RUNX1T1;TXNDC5;CCDC73;KIDINS220;SRD5A3;MCOLN2;DHRS3;PARP12;LRP1B;TMEM60;SMUG1;DHRS7;PRC1;SCGB1A1;RGS10;ALDH8A1;NEK11"
"SUZ12 18974828 ChIP-Seq MESCs Mouse","63/1564",0.0435778957847128,0.338182628745948,0,0,1.27849920303415,4.00580039537662,"GPR27;VIPR1;FOXE3;EIF4E3;CPXM2;MOGAT1;COL12A1;GRIK1;HOXA13;SHH;BOLL;ATP7B;PPP3CC;CCND1;PROK2;TNR;ITGB8;HS3ST3B1;FOXD3;EMX2;FOXL2;PAX5;CACNB2;SLC9A5;HOXB3;ROR2;CD302;HOXB8;PFDN4;HOXB7;HOXB6;HOXB5;HCN4;COL15A1;PPM1L;NXPH2;SEZ6;PRDM14;KCNA5;LRP8;NFIL3;P2RY2;SMYD2;SLIT1;MSX1;GPR156;NKX2-2;USP25;KCNJ6;TGFB2;GPR12;HELT;BDNF;WNT7A;HTR1B;DHRS3;PARP12;LRP1B;CYP24A1;RGS10;HOXD3;SP9;FGFR2"
"NFYB 21822215 ChIP-Seq K562 Human","64/1594",0.0445226508099027,0.341952318076057,0,0,1.27427964918161,3.96524888888653,"FOXE3;GPR26;SLC35F3;RGSL1;PIK3CD;NUDT5;CHD2;IFI44L;RGS4;RGS5;CCND1;EXO1;MAGOH;ANKRD1;TNR;PGM1;FOXD3;EMX2;NUP133;APOBEC4;PABPC4;FAM177B;CACNB2;KIAA1614;KATNAL1;XCL1;SNRPE;DNAJC8;XPR1;RNASEL;UBIAD1;WDR26;CFH;HDAC1;BTF3L4;GNAI3;LRP8;EXTL2;HLX;ZNHIT6;SMYD2;SLIT1;S1PR1;CNNM2;ATP6V1G3;S100PBP;MARCKSL1;TGFB2;BDNF;PRDX6;MCOLN2;PTPN14;DHRS3;CRNN;EIF3M;PTPRC;ARTN;BAMBI;SERBP1;CENPL;CDK1;ECHDC2;DHCR7;RCOR3"
"TRIM28 17542650 ChIP-ChIP NTERA2 Human","30/668",0.0461867660279845,0.351113680518861,0,0,1.42152121178359,4.37126582009275,"GPR26;DGKD;PDE1C;NXPH2;CPXM2;KCNA5;AHR;CHD2;FSTL1;SMYD2;DHX15;SLIT1;MSX1;CCR4;SGCG;FOXD3;EMX2;BDNF;WNT7A;FOXL2;DHRS3;INHBE;CREB1;OR2V2;BAMBI;ID2;PEX5;MCM5;SGK1;SSBP2"
"PCGF2 27294783 Chip-Seq ESCs Mouse","19/385",0.0470650195051601,0.353313530148842,0,0,1.56438112585654,4.78110108112274,"NCOA2;DGKD;INO80D;UXS1;RPE;MOGAT1;WDR75;PRDM14;ASB18;UNC80;MARCO;FAM124B;BOLL;CREB1;B3GNT7;LACTB2;NPBWR1;DSEL;CCNYL1"
"STAT1 17558387 ChIP-Seq HELA Human","55/1349",0.0474246349193076,0.353313530148842,0,0,1.29207453202816,3.93903581128561,"ITSN2;SLC35F3;UXS1;AQP9;GRIK1;FBXO21;TMEM220;UNC80;RGS4;SHH;ATP7B;PPP3CC;EXO1;CASP6;SOSTDC1;PGM1;HS3ST3B1;SPINK2;MKKS;NUP133;APOBEC4;PABPC4;RAB3IL1;TM4SF4;ALG11;RUNX2;MYH2;MRAS;KEL;MYH3;KATNAL1;PICK1;XCL1;STRAP;XPR1;SYNPO2;SDC2;DDX1;GCNT1;FOXK1;TPR;MSX1;CDK17;GPR12;PLEKHA5;WNT7A;PLAC8L1;OPN5;DHRS3;CPPED1;NAP1L5;KLHL9;ZFAT;CENPL;RCOR3"
"GATA6 21074721 ChIP-Seq CACO-2 Mouse","63/1575",0.0488904257458401,0.355970625245583,0,0,1.26841581342435,3.82829924137169,"FOXE3;GPR26;SLC35F3;RGSL1;DCAF8;PIK3CD;NUDT5;IFI44L;RGS4;RGS5;EXO1;PEA15;MAGOH;TNR;PGM1;FOXD3;ACTN2;APOBEC4;PABPC4;MED8;DARS2;POMGNT1;FAM177B;CACNB2;ACTA1;KIAA1614;XCL1;SNRPE;DNAJC8;XPR1;RNASEL;UBIAD1;WDR26;CFH;HDAC1;RGS16;BTF3L4;GNAI3;LRP8;EXTL2;HLX;ZNHIT6;TPR;SMYD2;S1PR1;ATP6V1G3;RHBG;S100PBP;MARCKSL1;TGFB2;PRDX6;MCOLN2;PTPN14;DHRS3;CRNN;PTPRC;ARTN;BAMBI;SERBP1;CENPL;ECHDC2;REN;RCOR3"
"SMAD1 26771354 ChIP-Seq mESC Mouse Stem","42/994",0.0488931993306505,0.355970625245583,0,0,1.33726620796589,4.03602582920463,"ANKRD37;INO80D;STXBP4;BTF3L4;SEZ6;GDE1;UFSP2;GLRX;GLI1;NID2;TMEM220;LMAN1;ABHD10;PPP3CC;EXO1;FAM184A;GTSF1L;TRIM24;S1PR1;BBX;ITGB8;KPNA4;CCN2;ADAMTS6;TFAP2A;MYLIP;ATE1;PLEKHA5;SLC39A14;NAP1L5;TMEM60;KLHL9;AFG3L2;MRAS;CREB1;LIX1;ARTN;BAMBI;BHLHE40;SGK1;ABCG2;CCDC171"
"STAT3 19079543 ChIP-ChIP MESCs Mouse","30/672",0.0492147307386511,0.355970625245583,0,0,1.41236241752601,4.25341740355222,"RNASEL;COL12A1;COX7A2;PPM1F;KLC4;RGS5;NFIL3;MSX1;KCNJ2;NKX2-2;HS3ST3B1;NCOA2;EMX2;KCNJ6;NCOA6;FOXL2;IL16;NUP153;PAX5;MCOLN2;OPN5;DHRS3;SMUG1;MRAS;B3GNT7;SUB1;FDX1;HOXB8;STEAP1;HOXB6"
"FOXM1 26100407 CHIP-SEQ Hek293 Flp-In Human","63/1577",0.0499070718477961,0.357356822823242,0,0,1.26659821191068,3.79674538396684,"KLHL36;CHRM5;DCAF8;GLI1;CHD2;HOXA13;EXO1;BASP1;WDR7;RGS9;TTC23L;ADAMTS6;ZNF385A;DACT1;MYLIP;NCOA2;NUP133;APOBEC4;ARHGEF17;VEZF1;RUNX2;SUPT3H;KATNAL1;POC5;PLA2R1;SGK1;EXOC2;CERKL;WDR26;INO80D;RGS16;TMTC3;PRDM14;MRO;UACA;LMAN1;EXTL2;KIAA1328;PGRMC2;EPCAM;HLX;SLIT1;NAALAD2;IARS2;S100PBP;ATG5;TFAP2A;LINGO1;ATE1;USP25;RRM2;GPR12;GFPT1;MCOLN2;PTPN14;ZFAT;ID2;CENPL;ECHDC2;HOXD3;RCOR3;SSBP2;FGFR2"
"PHC1 16625203 ChIP-ChIP MESCs Mouse","31/700",0.0503657267066314,0.357356822823242,0,0,1.40078172996454,4.18615826174917,"FOXE3;PPM1L;COL12A1;LRP8;HOXA13;SHH;ATP7B;NFIL3;CCND1;PROK2;MSX1;KCNJ2;NKX2-2;HS3ST3B1;MKKS;HELT;BDNF;HTR1B;FOXL2;PAX5;CACNB2;CREB1;CYP24A1;RGS10;HOXB3;ROR2;HOXB8;PFDN4;HOXB7;HOXB6;FGFR2"
"STAT3 23295773 ChIP-Seq U87 Human","100/2637",0.0524073492731044,0.368334671777951,0,0,1.20719723322514,3.55967267540917,"DGKD;KLHL36;DCAF5;TRIM24;BBX;NEK1;KPNA4;NBN;RGS9;PLS1;WDR75;UNC93A;TMEM170B;AFG3L2;KEL;ZNF831;PLA2R1;BLK;TAS2R40;PDE1C;NXPH2;NXPH3;CLEC16A;OR2K2;UBR3;NID2;HMBOX1;MOBP;MED30;SMYD2;CDH26;ATG5;TFAP2D;BDNF;LRP1B;PTPRC;ID2;BHLHE40;AVEN;CIITA;MOGAT1;CHD2;RYR3;LARP1B;SHH;TIFAB;OPA1;EXO1;RSRC1;CASP6;MAN1A1;PGM1;ADAMTS6;ZNF385A;FOXD3;PLA2G4F;NUP133;NCOA6;ACTL6A;SUPT3H;PPM1A;CREB1;PEX3;PEX5;XCL1;SGK1;PFDN4;WDR26;PPM1L;CCDC68;LRP8;ASB18;PPM1F;KIAA1328;GTSF1L;TP53INP2;TRA2B;IL21R;S1PR1;IARS2;NT5M;MSX1;GPR156;LEKR1;VAT1L;S100PBP;CCDC73;LINGO1;ATE1;KCNJ6;CA10;WNT7A;KCNJ16;CPPED1;TSHR;DHRS7;ATP13A4;SSBP2;PTPN3;NEK11"
"SUZ12 18555785 ChIP-Seq MESCs Mouse","37/866",0.0541592861750957,0.377090357013517,0,0,1.35077698148017,3.93863041370022,"GPR27;FOXE3;GPR26;EIF4E3;PPM1L;MOGAT1;COL12A1;SEZ6;KCNA5;GRIK1;HOXA13;SHH;BOLL;PPP3CC;SLIT1;PROK2;MSX1;GPR156;NKX2-2;FOXD3;TGFB2;HELT;WNT7A;MCOLN2;PTPN14;DHRS3;CACNB2;CYP24A1;RGS10;HOXB3;HOXD3;ROR2;CD302;SSBP2;HOXB7;SP9;HOXB6"
"FOXH1 21741376 ChIP-Seq EPCs Human","63/1586",0.054681295158642,0.377199674936929,0,0,1.25847808013195,3.6574312577561,"ITSN2;TOP2B;CPO;RGSL1;SMC5;CHD2;HAPLN3;SNAPC5;UCHL1;TIFAB;RSRC1;BASP1;ANKRD1;KPNA4;PTGDR;DACT1;ZBP1;NCOA2;EMX2;DDX55;PAQR3;ACOT13;DARS2;CACNA2D4;BPGM;PDYN;TMEM170B;SLC39A14;DEXI;KEL;CREB1;MTHFD2L;PEX5;STRAP;SPOPL;DGKH;RNASEL;TAS2R40;FGD5;PTDSS1;FAM184A;TP53INP2;IARS2;NT5M;ATP6V1G3;LEKR1;KCNJ6;KIDINS220;ABCA8;MCOLN2;OPN5;CPPED1;RAD52;CRNN;MARCO;PTPRC;UBLCP1;BHLHE40;SLC22A8;SSBP2;SP9;CALM2;FGFR2"
"ETV1 20927104 ChIP-Seq GIST48 Human","63/1588",0.0557873117399535,0.38129859858959,0,0,1.25668662227942,3.62706001775354,"ITSN2;FOXE3;CPO;SLC35F3;UXS1;RGSL1;DCAF8;PIK3CD;IFI44L;RGS4;RGS5;EXO1;MAGOH;PROK2;TNR;PGM1;FOXD3;APOBEC4;PABPC4;FAM177B;ACTA1;KIAA1614;XCL1;SPOPL;SNRPE;DNAJC8;PLA2R1;XPR1;RNASEL;UBIAD1;WDR26;CFH;NXPH2;HDAC1;RPE;DDX1;BTF3L4;LRP8;EXTL2;HLX;ZNHIT6;TPR;SMYD2;S1PR1;ATP6V1G3;S100PBP;MARCKSL1;TGFB2;KIDINS220;PRDX6;MCOLN2;PTPN14;DHRS3;CRNN;MARCO;PTPRC;ARTN;ID2;SERBP1;CENPL;ECHDC2;RCOR3;CALM2"
"JARID2 20064375 ChIP-Seq MESCs Mouse","40/951",0.056692824474256,0.383965038484734,0,0,1.32949050016312,3.81578082685438,"GPR27;HCN4;FOXE3;PPM1L;CLEC2L;COL12A1;HOXA13;SHH;HLX;PROK2;MSX1;RAB11FIP4;NKX2-2;RUNX1T1;HS3ST3B1;LINGO1;EMX2;TGFB2;GSX1;HELT;BDNF;WNT7A;HTR1B;FOXL2;PAX5;RUNX2;PARP12;CACNB2;CYP24A1;PPP1R3D;RGS10;HOXB3;HOXD3;HOXB8;PFDN4;SSBP2;HOXB7;SP9;HOXB6;HOXB5"
"SUZ12 20075857 ChIP-Seq MESCs Mouse","133/3611",0.0576150064144578,0.386695313322262,0,0,1.17633597229094,3.35723018299136,"MYLK2;VIPR1;COL12A1;AHR;HOXA13;FADS3;BBX;PROK2;PLS1;PTGDR;MYLIP;SPINK2;ACOT12;ALG11;TMEM170B;TMEM130;SHISA6;CACNB2;SLC9A5;MTHFD2L;PPP1R3D;VOPP1;HOXB3;ANKS6;ROR2;HOXB8;STEAP1;HOXB7;HOXB6;HOXB5;SLC26A2;PDE1C;NXPH2;NXPH3;NEUROD1;NPBWR1;CHST15;SMYD2;RAB11FIP4;NKX2-2;PACSIN1;TGFB2;GPR12;HELT;BDNF;GFPT1;HTR1B;PARP12;LRP1B;BFSP1;ARTN;ID2;BHLHE40;HOXD3;RCOR3;SP9;TMEM9B;FGFR2;ARHGAP9;GPR27;TOP2B;FOXE3;GPR26;EIF4E3;SLC35F3;CPXM2;MOGAT1;GRIK1;UNC80;SHH;BOLL;ATP7B;PPP3CC;RSRC1;ITGB8;SOSTDC1;DACT1;HS3ST3B1;FOXD3;EMX2;ARHGEF17;FOXL2;VEZF1;PAX5;APOA5;MLF1;ACTA1;MRAS;CD302;BDP1;SGK1;PFDN4;HCN4;COL15A1;PPM1L;CLEC2L;SYNPO2;LRTM2;SEZ6;KCNA5;PPM1J;FOXK1;FSTL1;LRP8;UACA;NFIL3;EPCAM;FAM184A;HLX;P2RY2;SLIT1;S1PR1;MSX1;GPR156;CNNM2;RHBG;KCNJ2;VAT1L;RUNX1T1;RIBC2;SLC12A2;USP25;KCNJ6;GSX1;WNT7A;MCOLN2;PTPN14;DHRS3;TSHR;NAP1L5;CYP24A1;RGS10;SSBP2"
"AHR 22903824 ChIP-Seq MCF-7 Human","26/577",0.058328697835615,0.387989998995832,0,0,1.4239395466582,4.04635356517718,"VIPR1;CPXM2;FBXO21;CHD2;UACA;AMN1;SHH;FGD5;P2RY6;CCND1;BASP1;P2RY2;PROK2;TTC23L;PTGDR;TFAP2A;NCOA2;KCNJ6;PAX5;RUNX2;SUPT3H;LRP1B;DHCR7;SSBP2;CALM2;FGFR2"
"SMAD4 21741376 ChIP-Seq ESCs Human","63/1595",0.0597904920863608,0.394193952250786,0,0,1.25045335460127,3.52241284083439,"ITSN2;MYLK2;CIITA;GPR26;AQP9;ICAM2;ACTB;RGS4;EXO1;RSRC1;GOLGA1;PROK2;NBN;ZNF385A;PTGDR;SPINK2;PLEKHG7;APOA4;VEZF1;CACNA2D4;PAX5;DEXI;POMGNT1;SHISA6;PPM1A;AFG3L2;KIAA1614;CREB1;MYH3;B3GNT7;SNRPE;MCM5;NXPH2;OR2K2;FOXK1;CAPG;NR2C2;FGD5;P2RY6;PGRMC2;FAM184A;GTSF1L;TP53INP2;CHST15;IL21R;LEKR1;CCDC73;ATP6V0A1;TGFB2;HELT;KCNJ16;MCOLN2;MARCO;DHRS7;ARTN;BAMBI;SERBP1;SCGB1A1;BHLHE40;CCNYL1;SSBP2;CALM2;FGFR2"
"FOXP3 17237761 ChIP-ChIP TREG Mouse","7/108",0.0619462382713085,0.404824100983551,0,0,2.07812837358502,5.78028995395531,"TOP2B;MAK;RGS10;XCL1;IFT80;AHR;EXOC2"
"MTF2 20144788 ChIP-Seq MESCs Mouse","94/2488",0.0635623794120761,0.41177367532171,0,0,1.19966432598012,3.30595517465391,"ARHGAP9;GPR27;AVEN;RPL30;VIPR1;FOXE3;GPR26;EIF4E3;SLC35F3;COL12A1;PIK3CD;GRIK1;HOXA13;FADS3;SHH;ABHD10;BOLL;PPP3CC;RSRC1;BBX;PROK2;ITGB8;PTGDR;DACT1;HS3ST3B1;FOXD3;EMX2;ARHGEF17;FOXL2;PAX5;MLF1;CACNB2;MRAS;SLC9A5;FEZ1;PPP1R3D;HOXB3;ANKS6;ROR2;CD302;HOXB8;BDP1;PFDN4;HOXB7;HOXB6;HOXB5;DGKH;HCN4;COL15A1;PPM1L;CLEC2L;SEZ6;PRDM14;PDS5B;LRP8;NEUROD1;FGD5;P2RY6;NFIL3;HLX;P2RY2;SLIT1;S1PR1;NT5M;MSX1;GPR156;NKX2-2;RUNX1T1;PACSIN1;USP25;KCNJ6;TGFB2;GPR12;GSX1;HELT;BDNF;WNT7A;HTR1B;PTPN14;DHRS3;PARP12;LRP1B;TSHR;NAP1L5;SMUG1;BFSP1;CYP24A1;ID2;GPR182;RGS10;HOXD3;SSBP2;SP9;FGFR2"
"SMC3 22415368 ChIP-Seq MEFs Mouse","61/1546",0.0642982356785852,0.412510770884019,0,0,1.24811150049245,3.42509639482315,"MYLK2;CCDC121;EIF4E3;COL12A1;CHRM5;DCAF8;AHR;GLI1;HOXA13;ACTB;OPA1;HINT3;CCND1;TNR;RPL38;TCP11;ADAMTS6;DACT1;HS3ST3B1;MKKS;NUP133;APOBEC4;ARHGEF17;SLC39A14;CD200R1;LIX1;LACTB2;PEX3;SLC9A8;PICK1;HOXB8;STEAP1;HOXB6;HOXB5;SLC26A2;RGS16;GNAI3;PPM1J;MRO;ARPP19;NID2;HMBOX1;NFIL3;DSEL;S1PR1;AMZ2;CNNM2;CDK17;RRM2;TGFB3;WNT7A;OPN5;DHRS3;SMUG1;BFSP1;ARTN;BAMBI;ID2;BHLHE40;TRMT12;FGFR2"
"TOP2B 26459242 ChIP-Seq MCF-7 Human","62/1575",0.0647835707294365,0.412510770884019,0,0,1.24526224171885,3.40791321890383,"MYLK2;TOP2B;CPXM2;ARPC5L;AHR;DCAF5;CHD2;GIMAP8;SHH;BASP1;TRIM24;BBX;RPL38;MAN1A1;CCR4;SGCG;DACT1;MYLIP;BCKDHB;MED8;TMEM170B;POMGNT1;SUPT3H;PPM1A;SGK1;MFGE8;STEAP1;DGKH;INO80D;TBC1D9B;CFH;SAMD9;PDE1C;CLEC2L;STXBP4;TMTC3;HMHB1;PPM1J;FOXK1;FSTL1;UACA;CLEC3A;TMEM168;KIAA1328;KCNJ2;VAT1L;ATG5;RUNX1T1;CA10;TFAP2D;GSX1;HTR1B;PLAC8L1;ABCA8;PRDX6;OPN5;PARP12;BHLHE40;CCNYL1;SLC28A2;ALDH8A1;SSBP2"
"FUS 26573619 Chip-Seq HEK293 Human","20/428",0.0666237145687958,0.420632774184347,0,0,1.47627731537766,3.99878452543913,"HDDC2;FOXE3;TFAP2D;NUP133;CLEC2L;STXBP4;NCOA6;RPE;PAWR;FSTL1;SUPT3H;LRP1B;TMEM168;NPBWR1;ID2;SLITRK6;ITGB8;XCL1;ALDH8A1;PGM1"
"SOX2 19829295 ChIP-Seq ESCs Human","62/1584",0.0706172598577811,0.438415488283725,0,0,1.23727409689125,3.27937110261111,"ARHGAP9;AVEN;CPO;AHR;GXYLT2;TMEM220;BOLL;HINT3;ANKRD1;MAN1A1;TCP11;PGM1;TMEM14B;UTP14C;HS3ST3B1;PAQR3;VEZF1;POMGNT1;PSMA6;CACNB2;PPM1A;CREB1;LIX1;MTHFD2L;SPOPL;TRIM59;RCCD1;DGKH;ABCG2;HCN4;CLEC2L;CCDC68;LRTM2;SDC2;GCNT1;PPM1J;FOXK1;ARPP19;KRT85;LMAN1;P2RY6;P2RY2;GPR156;RHBG;LEKR1;ATG5;NKX2-2;TGFB2;BDNF;WNT7A;DHRS3;CPPED1;BFSP1;PTPRC;PRC1;ARTN;SERBP1;RGS10;CCNYL1;HOXD3;SSBP2;FGFR2"
"NANOG 19829295 ChIP-Seq ESCs Human","62/1584",0.0706172598577811,0.438415488283725,0,0,1.23727409689125,3.27937110261111,"ARHGAP9;AVEN;CPO;AHR;GXYLT2;TMEM220;BOLL;HINT3;ANKRD1;MAN1A1;TCP11;PGM1;TMEM14B;UTP14C;HS3ST3B1;PAQR3;VEZF1;POMGNT1;PSMA6;CACNB2;PPM1A;CREB1;LIX1;MTHFD2L;SPOPL;TRIM59;RCCD1;DGKH;ABCG2;HCN4;CLEC2L;CCDC68;LRTM2;SDC2;GCNT1;PPM1J;FOXK1;ARPP19;KRT85;LMAN1;P2RY6;P2RY2;GPR156;RHBG;LEKR1;ATG5;NKX2-2;TGFB2;BDNF;WNT7A;DHRS3;CPPED1;BFSP1;PTPRC;PRC1;ARTN;SERBP1;RGS10;CCNYL1;HOXD3;SSBP2;FGFR2"
"TBX20 22080862 ChIP-Seq HEART Mouse","62/1589",0.0740185131502299,0.451998297515748,0,0,1.23287692628652,3.20972115349913,"CPXM2;ARPC5L;GDE1;CHD2;ACTB;FADS3;HERC5;OPA1;ANKRD1;TNR;ITGB8;TCP11;HS3ST3B1;NUP133;ACTN2;APOBEC4;PABPC4;ACOT13;RAB3IL1;TM4SF4;RUNX2;MLF1;BIN3;PRKAR1A;ELF5;PPP1R3D;XCL1;DSG2;ABCG2;BLK;CDC123;INO80D;TBC1D9B;PDE1C;SDC2;GCNT1;UBR3;KCNA5;FOXK1;CAPG;UACA;LMAN1;MED30;GTSF1L;P2RY2;TPR;SMYD2;MSX1;CDH26;TXNDC5;CDK17;TGFB2;SRD5A3;PTPN14;OPN5;NAP1L5;RAD52;ARTN;SERBP1;BHLHE40;DHCR7;PPIL4"
"TBX20 22328084 ChIP-Seq HEART Mouse","62/1589",0.0740185131502299,0.451998297515748,0,0,1.23287692628652,3.20972115349913,"CPXM2;ARPC5L;GDE1;CHD2;ACTB;FADS3;HERC5;OPA1;ANKRD1;TNR;ITGB8;TCP11;HS3ST3B1;NUP133;ACTN2;APOBEC4;PABPC4;ACOT13;RAB3IL1;TM4SF4;RUNX2;MLF1;BIN3;PRKAR1A;ELF5;PPP1R3D;XCL1;DSG2;ABCG2;BLK;CDC123;INO80D;TBC1D9B;PDE1C;SDC2;GCNT1;UBR3;KCNA5;FOXK1;CAPG;UACA;LMAN1;MED30;GTSF1L;P2RY2;TPR;SMYD2;MSX1;CDH26;TXNDC5;CDK17;TGFB2;SRD5A3;PTPN14;OPN5;NAP1L5;RAD52;ARTN;SERBP1;BHLHE40;DHCR7;PPIL4"
"NRF2 31884422 ChIP-Seq A549 Human Lung Carcinoma","61/1563",0.075672678716914,0.458342647513015,0,0,1.23281090065853,3.18230174662959,"TOP2B;GPR26;DGKD;UXS1;COL12A1;GDE1;STAB2;AHR;CEP128;UCHL1;CCR4;TTC23L;TMEM14B;PLS1;HS3ST3B1;STARD5;PAWR;VEZF1;TM4SF4;LIX1;VOPP1;MCM5;MFGE8;BLK;UBIAD1;INO80D;PDE1C;STXBP4;NXPH3;DDX1;TMTC3;HMHB1;PRDM14;UBR3;FOXK1;FBLN1;MRO;ARPP19;LRP8;UACA;AMN1;FAM124B;P2RY6;PTDSS1;SAMM50;PGRMC2;FAM184A;CCDC73;ATP6V0A1;CDK17;ATE1;USP25;NUP153;OPN5;LRP1B;CYP24A1;BAMBI;GPR182;SCGB1A1;CALM2;FGFR2"
"PPARG 20887899 ChIP-Seq 3T3-L1 Mouse","103/2774",0.0765736463593187,0.460059407562035,0,0,1.17805818292527,3.02702321496421,"HDDC2;MYLK2;SAMD9L;DGKD;COL12A1;SMC5;FBXO21;NUDT5;ACTB;THG1L;ZC3H12D;FADS3;PPP4R1;TRIM24;BBX;PROK2;NBN;TCP11;MYLIP;ENTPD5;PAQR3;MED8;WDR75;TMEM170B;RUNX2;BIN3;KATNAL1;LACTB2;FDX1;MTHFD2L;PPP1R3D;ROR2;PLA2R1;ABCG2;CLEC16A;ARPP19;TPR;CDH26;ATG5;ATP6V0A1;HELT;SRD5A3;GFPT1;ARTN;BAMBI;BHLHE40;CDK1;DHCR7;FGFR2;ARHGAP9;AVEN;EIF4E3;MOGAT1;UFSP2;SHH;UCHL1;OPA1;CTSL;DHX15;WDR7;UNC45A;PLA2G4F;APOBEC4;BCKDHB;BPGM;SUPT3H;PPM1A;ACTA1;XCL1;STRAP;NUP54;BDP1;RNASEL;COL15A1;PPM1L;CCDC68;SYNPO2;RGS16;GLRX;CAPG;NR2C2;FSTL1;AMN1;PGRMC2;NFIL3;HLX;TRA2B;GPR156;CNNM2;ATP6V1G3;LEKR1;CCDC73;ATE1;RRM2;BLCAP;DHRS3;DHRS7;PSMC1;SERBP1;SCGB1A1;RAD1;SSBP2;TOMM6"
"RING1B 27294783 Chip-Seq ESCs Mouse","64/1651",0.0776311418011336,0.460277905390671,0,0,1.22458220908126,3.12977082558254,"ARHGAP9;FOXE3;RTP2;DGKD;UXS1;GRIK1;DCAF5;HOXA13;LARP1B;UNC80;BOLL;PPP3CC;CCND1;BBX;TCP11;ADAMTS6;PTGDR;HS3ST3B1;FOXD3;EMX2;ARHGEF17;VEZF1;SLC39A14;APOA5;SHISA6;PPM1A;MRAS;B3GNT7;HOXB3;HOXB8;HOXB7;HOXB6;HOXB5;RNASEL;NXPH3;PRDM14;FBLN1;NID2;NEUROD1;NFIL3;EPCAM;FAM184A;HLX;NPBWR1;DSEL;SMYD2;MSX1;KCNJ2;NKX2-2;TGFB2;GSX1;PRDX6;PTPN14;LRP1B;UBLCP1;ZFAT;PSMC1;ID2;BHLHE40;HOXD3;RCOR3;SSBP2;SP9;FGFR2"
"AR 25329375 ChIP-Seq VCAP Human","58/1481",0.0778456591667443,0.460277905390671,0,0,1.23642408438596,3.1566242454631,"ITSN2;COL12A1;CALML4;UNC80;HERC5;SHH;UCHL1;CCND1;BASP1;CHORDC1;SOSTDC1;RPL38;WDR7;NBN;SGCG;DACT1;ZBP1;NCOA2;ACTL6A;TMEM170B;PSMA6;ACTA1;MELK;CREB1;FEZ1;FDX1;MTHFD2L;STRAP;SPOPL;ABCG2;IQCA1;DDX1;HMHB1;CAPG;UACA;CLEC3A;P2RY6;NPHP3;ATP6V1G3;KCNJ2;LEKR1;VAT1L;RUNX1T1;PACSIN1;LINGO1;KCNJ6;CA10;TGFB2;KIDINS220;TGFB3;WNT7A;BLCAP;LRP1B;CRNN;MARCO;CYP24A1;ZFAT;ATP13A4"
"GF1 26923725 Chip-Seq HPCs Mouse","44/1089",0.0788256180110241,0.462402247387503,0,0,1.27401478903871,3.23665652701874,"BLK;AVEN;HCN4;CCDC121;CCDC68;UXS1;GCNT1;STAB2;CLEC16A;PRDM14;FOXK1;MRO;NR2C2;FSTL1;SNAPC5;CLEC3A;AMN1;PPP3CC;MAGOH;SMYD2;UBAP2L;TTC23L;ADAMTS6;RUNX1T1;PTGDR;ATP6V0A1;PACSIN1;DACT1;ZBP1;MYLIP;NUP133;ACTN2;BCKDHB;HTR1B;KCNJ16;IFT80;BLCAP;CREB1;BAMBI;SERBP1;PEX5;PSMG1;CD302;SGK1"
"CDX2 20551321 ChIP-Seq CACO-2 Human","17/360",0.0796052480971537,0.463327420565465,0,0,1.4906447208178,3.77233771260177,"SLC12A2;ATE1;UBIAD1;EMX2;PLA2G4F;APOA4;PRDX6;BLCAP;DHRS3;TMEM60;SHH;CCND1;PEX3;P2RY2;CALM2;HOXB6;HOXB5"
"P53 22127205 ChIP-Seq FIBROBLAST Human","24/545",0.0815289138718481,0.47084527778703,0,0,1.38785412667946,3.47906932482017,"SLC12A2;LINGO1;SLC37A2;KCNJ6;SLC35F3;NCOA6;BCKDHB;TMTC3;OR2K2;UBR3;VEZF1;CACNA2D4;DCAF5;UACA;MARCO;PPP4R1;KIAA1614;B3GNT7;GTSF1L;TRA2B;SERBP1;VOPP1;ROR2;KCNJ2"
"MEIS1 26923725 Chip-Seq HEMOGENIC-ENDOTHELIUM Mouse","37/899",0.0825399556654467,0.472042834135105,0,0,1.29675060279332,3.23470909639996,"BLK;GPR26;INO80D;EIF4E3;KLHL36;NXPH3;CPXM2;DCAF8;FOXK1;CAPG;AHR;FBXO21;CHD2;UACA;RYR3;UNC80;OPA1;NFIL3;RSRC1;HLX;BDKRB1;RPL38;WDR7;CDH26;ATG5;PCGF6;TGFB2;HELT;PAX5;BPGM;ALG11;SMUG1;KATNAL1;BAMBI;ZFAT;FDX1;FGFR2"
"PU 27001747 Chip-Seq BMDM Mouse","61/1573",0.0830035050626829,0.472042834135105,0,0,1.22397126840154,3.04630836022169,"ITSN2;ARHGAP9;CIITA;DGKD;UXS1;DCAF8;AHR;ZC3H12D;PPP4R1;HINT3;RPL38;WDR7;HS3ST3B1;MYLIP;NCOA2;WDR75;VEZF1;TMEM170B;CREB1;B3GNT7;PRKAR1A;LACTB2;TFAM;SNRPE;TLCD1;SGK1;EXOC2;XPR1;RNASEL;WDR26;INO80D;RPE;GCNT1;TMTC3;PRDM14;UBR3;NFIL3;HLX;DSEL;AMZ2;ATP6V1G3;KCNJ2;ATP6V0A1;CDK17;NEK8;USP25;TGFB2;KIDINS220;KCNJ16;NUP153;PRDX6;INHBE;PTPRC;PSMC1;BHLHE40;CENPL;CDK1;CCNYL1;SNRNP48;DHCR7;PPIL4"
"RUNX1 26923725 Chip-Seq HPCs Mouse","27/629",0.0859064675364608,0.484850896323207,0,0,1.35193246520174,3.31831304626326,"BLK;GPR26;ICAM2;PRDM14;LRP8;NID2;PPM1F;LARP1B;STRA8;CLEC3A;EPCAM;ZNHIT6;TRIM24;CNNM2;TCP11;NKX2-2;MYLIP;FOXD3;GPR12;ACTN2;RAB3IL1;SLC39A14;MLF1;EIF3M;LIX1;BAMBI;NUP54"
"AR 21909140 ChIP-Seq LNCAP Human","12/238",0.0882219253916549,0.493823593068864,0,0,1.59417068393048,3.87048662036402,"PSMA6;MELK;PABPC4;CENPL;NAALAD2;PIK3CD;MAN1A1;NUP54;CALML4;GTF2H3;FSTL1;DHRS3"
"MYCN 28898695 ChIP-Seq NB1643 Human Nerve Neuroblastoma","82/2184",0.088821961706346,0.493823593068864,0,0,1.18675755180671,2.87328403770356,"OTUD4;TOP2B;RPL30;ARPC5L;ICAM2;SMC5;NUDT5;CHD2;NUBP1;CCAR2;CEP128;THG1L;NADK2;OPA1;NARS1;RSRC1;ITGB8;RPL38;KPNA4;NBN;EIF2B1;MKKS;RARS1;NCOA6;STPG4;ACTL6A;WDR75;PPM1A;KIAA1614;PRKAR1A;LIX1;LARS1;MTHFD2L;RBM12B;TFAM;ANKS6;SNRPE;TRIM59;NUP54;ROR2;ZNF512;CERKL;WDR26;PPM1L;DDX1;COX7A2;LRP8;TMEM168;EXTL2;P2RY6;RNF216;HLX;ZNHIT6;TRA2B;TPR;S1PR1;MARCHF7;NPHP3;BRIX1;CFAP20;S100PBP;ATG5;RUNX1T1;KCNJ6;TGFB2;SRD5A3;RPP40;PLEKHA5;RPL23A;NUP153;CPPED1;FAM217B;INHBE;EIF3M;ZFAT;SERBP1;BHLHE40;CEP83;DHCR7;SLC22A8;RCOR3;PSME3IP1"
"VDR 23849224 ChIP-Seq CD4+ Human","69/1811",0.0900718836547601,0.497063357946639,0,0,1.20256245298705,2.89474486579303,"ITSN2;ANKRD37;ICAM2;DCAF5;CHD2;HERC5;SNAPC5;RSRC1;CASP6;ZNF207;NEK1;RPL38;WDR7;TMEM14B;UNC45A;MKKS;NUP133;DDX55;PAQR3;BCKDHB;WDR75;BPGM;SUPT3H;PSMA6;AFG3L2;PEX3;ZC3H11A;SUB1;RBM12B;SNRPE;NUP54;CDC123;INO80D;STXBP4;DDX1;UTP23;CLEC16A;COX7A2;KLC4;TMEM168;PTDSS1;SAMM50;RNF216;MED30;TPR;IL21R;AMZ2;BRIX1;S100PBP;ATG5;CDK17;SRD5A3;GFPT1;RPP40;RPL23A;GTF2H3;EIF2S2;GPN1;BLCAP;CPPED1;ZFAT;SERBP1;CENPL;TRMT12;PSMG1;RAD1;PPIL4;CALM2;TOMM6"
"RUNX1 27514584 ChIP-Seq MCF-7 Human BreastCancer","55/1413",0.0914370819784577,0.50088695642611,0,0,1.22681776032291,2.93467588260052,"ARPC5L;LARP1B;NADK2;CTSL;GOLGA1;NBN;EIF2B1;CCDC50;PLS1;UNC45A;NCOA2;MKKS;NUP133;STPG4;ENTPD5;ARHGEF17;VEZF1;SUPT3H;SLC9A8;SUB1;RBM12B;VOPP1;TFAM;SGK1;EXOC2;DGKH;PPM1L;RPE;SDC2;DDX1;RGS16;GCNT1;CLEC16A;FOXK1;ARPP19;UACA;PTDSS1;RNF216;MED30;EPCAM;TRA2B;BRIX1;CDH26;CFAP20;S100PBP;TFAP2A;SRD5A3;DHRS3;TMEM60;FAM217B;ZFAT;PSMG1;RCOR3;SSBP2;NRDE2"
"CDH4 35650610 ChIP-Seq mESC Mouse Stem Autism","32/774",0.0963998696662139,0.520985256369725,0,0,1.30072037989227,3.04271070716212,"RNASEL;UBIAD1;NXPH3;SYNPO2;DDX1;AQP9;FBLN1;PDS5B;ASB18;TMEM220;AS3MT;OPA1;NFIL3;BASP1;KPNA4;MMUT;CDK17;HS3ST3B1;NCOA2;NUP153;TSHR;CDC20B;KLHL9;PSMA6;DHRS7;EIF3M;KATNAL1;FEZ1;CHMP4C;RGS10;SLC22A8;PTPN3"
"GATA3 30127528 ChIP-Seq KELLY Human Brain Neuroblastoma","50/1277",0.0965046515154658,0.520985256369725,0,0,1.23297046286054,2.88288723509678,"ACTB;CCAR2;THG1L;RGS4;RGS5;OPA1;RSRC1;TRIM24;TNR;RPL38;UGT2A1;RGS9;PLS1;IFT80;MRAS;KIAA1614;LIX1;PEX5;SNRPE;PFDN4;PPM1L;CCDC68;DDX1;UBR3;GLRX;FOXK1;NID2;FAM124B;EXTL2;P2RY6;RNF216;ZNHIT6;TRA2B;CHST15;AMZ2;RHBG;RUNX1T1;KCNJ6;RRM2;CCZ1B;BDNF;EIF2S2;BLCAP;FAM217B;ID2;SERBP1;ETFBKMT;SLC22A8;RCOR3;PSME3IP1"
"TAL1 21186366 ChIP-Seq BM-HSCs Mouse","57/1477",0.0976130379374313,0.521848866385215,0,0,1.21582008945565,2.82890235240015,"ITSN2;HDDC2;TOP2B;ICAM2;STAB2;AHR;TMEM220;ZC3H12D;HINT3;ITGB8;RPL38;RGS9;ADAMTS6;DACT1;HS3ST3B1;MYLIP;PAWR;VEZF1;SHISA6;PSMA6;PPM1A;MYH2;EID3;MYH3;POC5;PEX3;TFAM;SGK1;CCDC152;EXOC2;DGKH;STXBP4;NXPH3;RPE;DDX1;TMTC3;HMBOX1;NFIL3;FAM184A;SLITRK6;NT5M;KCNJ2;ATG5;TXNDC5;CDK17;KIDINS220;TGFB3;KCNJ16;NUP153;TSHR;DHRS7;UBLCP1;ID2;CDK1;ALDH8A1;SSBP2;PPIL4"
"EZH2 27294783 Chip-Seq ESCs Mouse","63/1649",0.0980682594500853,0.521848866385215,0,0,1.20421757786778,2.79630342311829,"ARHGAP9;MYLK2;GPR26;DGKD;MOGAT1;GRIK1;HOXA13;UNC80;BOLL;ITGB8;SOSTDC1;PGM1;DACT1;HS3ST3B1;FOXD3;EMX2;ARHGEF17;ACOT12;FOXL2;PAX5;PDYN;SHISA6;ACTA1;MYH3;MAK;HOXB3;HOXB8;HOXB7;HOXB6;HOXB5;DGKH;HCN4;PPM1L;PDE1C;CLEC2L;LRTM2;SEZ6;LRP8;ASB18;NEUROD1;FGD5;NFIL3;FAM184A;HLX;NPBWR1;AMZ2;MSX1;RHBG;RAB11FIP4;NKX2-2;TGFB2;GSX1;HELT;BDNF;PTPN14;SMUG1;ARTN;ID2;RGS10;SNRNP48;HOXD3;SP9;FGFR2"
"TCF12/HEB 22897851 ChIP-Seq JUKARTE6-1 Human","61/1593",0.0991428470902673,0.521848866385215,0,0,1.20663820358431,2.78877445614405,"GPR27;RTP2;AQP9;DCAF8;GRIK1;CALML4;GXYLT2;NUDT5;PEA15;TRIM24;ANKRD1;PROK2;CCR4;TCP11;SGCG;MKKS;BCKDHB;RUNX2;PSMA6;MRAS;KIAA1614;SUB1;EXOC2;XPR1;BLK;TBC1D9B;HDAC1;STXBP4;CLEC16A;HMHB1;KCNA5;FBLN1;PDS5B;EXTL2;FGD5;MED30;NFIL3;HLX;NPBWR1;TRA2B;CHST15;SLITRK6;SLIT1;UGT3A2;NT5M;RAB11FIP4;LEKR1;VAT1L;RIBC2;KCNJ6;TGFB3;PRDX6;SMUG1;EIF3M;BFSP1;OR2V2;CASS4;RGS10;ALDH8A1;SSBP2;SP9"
"NFE2L2 22581777 ChIP-Seq LYMPHOBLASTOID Human","19/425",0.100160668443041,0.521848866385215,0,0,1.40728360309641,3.2381309999127,"ITSN2;CDK17;BLK;ELOVL1;SPINK2;SLC35F3;WDR75;FOXK1;NR2C2;PPP4R1;PRC1;ZFAT;SUB1;CHST15;S1PR1;NEK1;ITGB8;EXOC2;ADAMTS6"
"SUZ12 16625203 ChIP-ChIP MESCs Mouse","38/944",0.1007561591476,0.521848866385215,0,0,1.26617241665854,2.90593147014714,"COL15A1;VIPR1;FOXE3;GPR26;PPM1L;NXPH2;COL12A1;SEZ6;KCNA5;GRIK1;LRP8;HOXA13;SHH;NFIL3;PROK2;MSX1;KCNJ2;NKX2-2;DACT1;HS3ST3B1;TGFB2;GPR12;HELT;BDNF;WNT7A;HTR1B;FOXL2;PAX5;PARP12;CREB1;CYP24A1;RGS10;HOXB3;ROR2;HOXB8;PFDN4;HOXB7;HOXB6"
"FOXM1 26456572 ChIP-Seq MCF-7 Human","61/1595",0.100867431891907,0.521848866385215,0,0,1.20492975547455,2.76404641938427,"TOP2B;VIPR1;AHR;CHD2;SHH;UCHL1;CCND1;BASP1;DHX15;SOSTDC1;MAN1A1;ZBP1;NCOA2;BCKDHB;WDR75;IL16;TMEM130;SUPT3H;CDC20B;CREB1;SLC9A8;SPOPL;SNRPE;TRIM59;PPM1L;PDE1C;LRTM2;RPE;RGS16;HMHB1;ARPP19;UACA;NEUROD1;CLEC3A;FAM124B;TMEM168;PTDSS1;P2RY2;CHST15;SMYD2;SLITRK6;GPR156;CNNM2;ATG5;CDK17;TFAP2A;KCNJ6;TGFB2;RRM2;PLAC8L1;PTPN14;LRP1B;BFSP1;PRC1;BAMBI;ZFAT;SERBP1;CDK1;SSBP2;CALM2;FGFR2"
"STAT3 24763339 ChIP-Seq IMN-ESCs Mouse","54/1398",0.103498415031868,0.528143089015573,0,0,1.21595888355342,2.75803669951421,"SAMD9L;SLC35F3;AHR;OPA1;BASP1;TTC23L;ZBP1;HS3ST3B1;FOXD3;ARHGEF17;ACTL6A;PAWR;SLC39A14;SHISA6;PPM1A;LIX1;PEX3;TRIM59;ROR2;SGK1;DGKH;ABCG2;CERKL;UBIAD1;WDR26;INO80D;CCDC68;GCNT1;PRDM14;GLRX;FOXK1;FBLN1;UACA;FAM124B;SLITRK6;MSX1;LEKR1;ATP6V0A1;CDK17;USP25;KCNJ6;TGFB2;RRM2;GPR12;GSX1;RPP40;PLEKHA5;LRP1B;CRNN;BAMBI;ID2;SERBP1;BHLHE40;CDK1"
"TP63 23658742 ChIP-Seq EP156T Human","107/2937",0.104668882161415,0.528143089015573,0,0,1.15248262553297,2.6010995972159,"ITSN2;VIPR1;AQP9;ARPC5L;ICAM2;AHR;ZC3H12D;PPP4R1;CCND1;NEK1;KPNA4;RGS9;TCP11;PLS1;PAQR3;ACOT12;WDR75;TMEM170B;TMEM130;FEZ1;SLC9A8;SUB1;VOPP1;TFAM;ANKS6;ROR2;PLA2R1;XPR1;DGKH;ABCG2;BLK;NXPH3;DDX1;TMTC3;HMHB1;PRDM14;ARPP19;NID2;SYNGR2;MOBP;MED30;ZNHIT6;CHST15;SMYD2;CDH26;ATG5;NKX2-2;TFAP2A;SLC37A2;BDNF;SRD5A3;GFPT1;NUP153;OPN5;PARP12;BFSP1;ARTN;ZFAT;ID2;GPR182;BHLHE40;CDK1;PSMG1;FGFR2;CPO;STAB2;GLI1;UNC80;SHH;OPA1;ANKRD1;ITGB8;BDKRB1;CCR4;PGM1;ZNF385A;NCOA2;PLEKHG7;PAWR;VEZF1;PAX5;BPGM;SLC39A14;POMGNT1;FAM177B;MYH3;SPOPL;MCM5;SGK1;MFGE8;SAMD9;RGS16;FOXK1;AMN1;EXTL2;EPCAM;P2RY2;LEKR1;PLEKHA5;WNT7A;PLAC8L1;PTPN14;SERBP1;SSBP2;PTPN3;TOMM6;NEK11"
"STAT3 18555785 ChIP-Seq MESCs Mouse","57/1485",0.104816999161807,0.528143089015573,0,0,1.20846936747672,2.72575016872078,"ITSN2;GPR26;CPXM2;UXS1;AQP9;FBXO21;CHD2;UCHL1;CHORDC1;TRIM24;PROK2;RPL38;TCP11;HS3ST3B1;FOXD3;APOBEC4;BCKDHB;MED8;PAWR;RAB3IL1;PAX5;PDYN;SUPT3H;AFG3L2;B3GNT7;ZC3H11A;TFAM;SPOPL;DSG2;SGK1;HCN4;PPM1L;CLEC2L;CCDC68;BTF3L4;PRDM14;FOXK1;NID2;LMAN1;AMN1;FAM124B;HLX;TPR;SLITRK6;AMZ2;NT5M;RHBG;KIDINS220;TGFB3;NUP153;OPN5;LRP1B;DHRS7;ID2;CASS4;SSBP2;PTPN3"
"SUZ12 27294783 Chip-Seq ESCs Mouse","63/1657",0.104919700905107,0.528143089015573,0,0,1.19763425987384,2.7001382666198,"ARHGAP9;CIITA;CCDC121;KLHL36;MOGAT1;GRIK1;AHR;HOXA13;UNC80;BOLL;PPP3CC;SOSTDC1;TCP11;PTGDR;DACT1;HS3ST3B1;FOXD3;EMX2;ARHGEF17;FOXL2;PAX5;SLC39A14;SHISA6;MAK;HOXB3;CD302;HOXB8;HOXB7;HOXB6;HOXB5;DGKH;PPM1L;PDE1C;NXPH3;RGS16;SEZ6;NEUROD1;FGD5;NFIL3;EPCAM;HLX;NPBWR1;SLIT1;KCNJ2;VAT1L;NKX2-2;PACSIN1;TGFB2;GPR12;GSX1;HELT;TGFB3;PTPN14;TSHR;SMUG1;ARTN;ID2;BHLHE40;RGS10;HOXD3;SSBP2;SP9;FGFR2"
"KLF1 20508144 ChIP-Seq FETAL-LIVER-ERYTHROID Mouse","35/868",0.109716110389391,0.547657573204206,0,0,1.26721046724879,2.80035653688671,"AVEN;RNASEL;SAMD9L;WDR26;PDE1C;GCNT1;ACTB;STRA8;AMN1;FAM124B;FGD5;RNF216;HLX;ZNHIT6;KPNA4;CCR4;ATP6V0A1;HS3ST3B1;MYLIP;USP25;PABPC4;BPGM;LRP1B;BIN3;MELK;KEL;B3GNT7;ARTN;SLC9A8;VOPP1;STRAP;STEAP1;CALM2;XPR1;ABCG2"
"CTCF 27219007 Chip-Seq ERYTHROID Human","63/1663",0.110266625477357,0.547657573204206,0,0,1.19273997440273,2.62981747733335,"ARHGAP9;CIITA;ICAM2;DCAF8;PIK3CD;DCAF5;GLI1;HAPLN3;GIMAP8;ZC3H12D;CCND1;BASP1;TNR;PGM1;FOXD3;APOBEC4;MED8;PAWR;FOXL2;CACNA2D4;UNC93A;APOA5;FAM177B;ELF5;HOXB8;MFGE8;HOXB7;HOXB6;UBIAD1;WDR26;INO80D;HDAC1;BTF3L4;GNAI3;FOXK1;MRO;NR2C2;NID2;NFIL3;HLX;P2RY2;TP53INP2;ZNHIT6;SMYD2;S1PR1;NT5M;KCNJ2;CCDC73;NEK8;MARCKSL1;RRM2;BDNF;TGFB3;PRDX6;MCOLN2;OPN5;DHRS3;PARP12;INHBE;ARTN;BAMBI;SERBP1;RCOR3"
"LDB1 21186366 ChIP-Seq BM-HSCs Mouse","55/1435",0.111629525265564,0.550754942535401,0,0,1.20578368223296,2.64376476727948,"FOXE3;CHRM5;CALML4;GXYLT2;FADS3;RGS5;ABHD10;HINT3;CASP6;PROK2;TNR;RPL38;RGS9;ADAMTS6;PTGDR;PLA2G4F;ACTL6A;ACOT13;VEZF1;BPGM;MLF1;CREB1;ZC3H11A;SUB1;ELF5;FDX1;TRIM59;STEAP1;DGKH;BLK;COL15A1;GCNT1;GNAI3;PRDM14;PPM1J;COX7A2;PDS5B;KRT84;SAMM50;DSEL;TRA2B;SLITRK6;RAB11FIP4;LEKR1;ATE1;SLC37A2;TGFB3;CPPED1;TMEM60;RAD52;CYP24A1;UBLCP1;PRC1;SERBP1;RGS10"
"SALL4 18804426 ChIP-ChIP MESCs Mouse","31/761",0.115122010265153,0.56140765319936,0,0,1.27953850246043,2.76605867719727,"ITSN2;TOP2B;FOXE3;PPM1L;NXPH3;RGS16;SEZ6;HOXA13;NID2;NEUROD1;SAMM50;MOBP;BASP1;MSX1;TXNDC5;FOXD3;BDNF;PAWR;SLC39A14;DHRS3;PARP12;CACNB2;CD200R1;B3GNT7;LACTB2;ID2;SERBP1;RGS10;STRAP;SP9;FGFR2"
"FLI1 21867929 ChIP-Seq TH2 Mouse","57/1496",0.115295799918795,0.56140765319936,0,0,1.19849557688335,2.58905519926904,"ITSN2;HDDC2;ICAM2;STAB2;AHR;TMEM220;ZC3H12D;HINT3;ITGB8;RPL38;RGS9;ADAMTS6;CCDC50;DACT1;HS3ST3B1;MYLIP;ACOT12;PAWR;VEZF1;SHISA6;PPM1A;EID3;MYH3;POC5;PEX3;TFAM;SGK1;EXOC2;STXBP4;NXPH3;DDX1;TMTC3;CLEC16A;GLRX;HMBOX1;FAM184A;TRA2B;NT5M;KCNJ2;ATG5;TXNDC5;CDK17;RRM2;KIDINS220;TGFB3;RPP40;KCNJ16;NUP153;TSHR;DHRS7;UBLCP1;PSMC1;ID2;CDK1;ALDH8A1;SSBP2;PPIL4"
"UBF1/2 26484160 Chip-Seq FIBROBLAST Human","60/1583",0.116129180702063,0.561793763785954,0,0,1.1924458807621,2.56739808476392,"OTUD4;HDDC2;GPR26;LARP1B;TMEM220;FADS3;UCHL1;BASP1;TRIM24;ANKRD1;RGS9;TCP11;SGCG;DACT1;MYLIP;NCOA2;APOBEC4;FOXL2;APOA4;IL16;BPGM;SHISA6;MYH3;POC5;SPOPL;HOXB8;RCCD1;SGK1;RNASEL;CCDC68;RGS16;SEZ6;TMTC3;CLEC16A;GLRX;FOXK1;CAPG;LRP8;LMAN1;EXTL2;KIAA1328;DSEL;CNNM2;KCNJ2;RAB11FIP4;LEKR1;CA10;KIDINS220;PLEKHA5;KCNJ16;ABCA8;PRDX6;OPN5;DHRS3;SMUG1;BAMBI;CDK1;RGS10;SSBP2;FGFR2"
"GATA6 21074721 ChIP-Seq CACO-2 Human","60/1585",0.118063305356396,0.567465564454936,0,0,1.19074842049598,2.54407485770969,"FOXE3;SLC35F3;RGSL1;DCAF8;PIK3CD;IFI44L;RGS4;RGS5;PEA15;MAGOH;CHORDC1;TNR;PGM1;ELOVL1;FOXD3;NUP133;APOBEC4;PABPC4;MED8;POMGNT1;FAM177B;CACNB2;ACTA1;KIAA1614;XCL1;TFAM;SNRPE;DNAJC8;XPR1;RNASEL;CDC123;UBIAD1;WDR26;CFH;HDAC1;BTF3L4;GNAI3;LRP8;EXTL2;HLX;ZNHIT6;TPR;SMYD2;S1PR1;ATP6V1G3;RHBG;S100PBP;MARCKSL1;TGFB2;PRDX6;MCOLN2;PTPN14;DHRS3;CRNN;PTPRC;ARTN;SERBP1;CENPL;ECHDC2;RCOR3"
"GATA2 19941826 ChIP-Seq K562 Human","61/1618",0.12217692195729,0.583473120885777,0,0,1.18559806710096,2.49246515670641,"ITSN2;AVEN;HDDC2;SLC35F3;AQP9;ICAM2;NUDT5;ACTB;FADS3;ATP7B;OPA1;TNR;MAN1A1;PSKH2;RGS9;TMEM14B;PLS1;ELOVL1;MYLIP;WDR75;RAB3IL1;IL16;CACNA2D4;BPGM;KIAA1614;KEL;SLC9A8;ROR2;SGK1;XPR1;CERKL;SAMD9;CLEC16A;UBR3;MRO;UACA;AMN1;HMBOX1;SAMM50;HLX;P2RY2;S1PR1;CNNM2;RAB11FIP4;RUNX1T1;TXNDC5;NEK8;LINGO1;TGFB2;KIDINS220;EIF2S2;PTPN14;DHRS3;PTPRC;OR2V2;ZFAT;GPR182;SCGB1A1;TRMT12;CASS4;CALM2"
"CDX2 22108803 ChIP-Seq LS180 Human","61/1619",0.123165557453702,0.584448027407693,0,0,1.18477050640539,2.48117700079866,"DGKD;CPO;AQP9;GXYLT2;GIMAP8;PPP3CC;HINT3;CCND1;PROK2;NEK1;ITGB8;RPL38;WDR7;SGCG;ZNF385A;DACT1;NUP133;NCOA6;PABPC4;ACTL6A;TMEM170B;MLF1;PSMA6;CACNB2;AFG3L2;KIAA1614;KEL;CREB1;B3GNT7;LIX1;SLC9A8;ELF5;STRAP;NUP54;DNAJC8;CD302;SGK1;RNASEL;PDE1C;RGS16;GNAI3;RCHY1;FAM124B;FGD5;RHBG;KCNJ2;SLC12A2;ATE1;KCNJ6;GPR12;KIDINS220;KCNJ16;EIF2S2;PRDX6;OPN5;BAMBI;PSMC1;SERBP1;CCNYL1;PPIL4;CALM2"
"KLF5 20875108 ChIP-Seq MESCs Mouse","60/1593",0.126011093693947,0.592233180166966,0,0,1.18400287063217,2.45252617775353,"AVEN;HDDC2;STAB2;SMC5;AHR;FBXO21;NUDT5;NUBP1;LARP1B;RGS4;RGS5;ZNF207;TRIM24;TNR;ITGB8;RGS9;PGM1;TTC23L;NCOA2;PLEKHG7;PABPC4;ARHGEF17;PAWR;BPGM;EID3;MELK;MYH3;POC5;ELF5;TFAM;ZNF512;HCN4;SLC26A2;SYNPO2;TMTC3;OR2K2;PDS5B;NID2;LMAN1;STRA8;P2RY6;PTDSS1;DSEL;UGT3A2;MSX1;RAB11FIP4;ATE1;RPP40;PLEKHA5;NUP153;DHRS3;PARP12;KLHL9;SCGB1A1;CDK1;TRMT12;ECHDC2;ALDH8A1;PTPN3;NEK11"
"ELF3 26769127 Chip-Seq PDAC-Cell Line Human","63/1680",0.126396074693352,0.592233180166966,0,0,1.179070076681,2.43871173301274,"KLHL36;GDE1;DCAF8;GLI1;HAPLN3;RYR3;IFI44L;SNAPC5;PEA15;MAGOH;PGM1;ELOVL1;FOXD3;NUP133;NCOA6;PABPC4;ARHGEF17;TMEM170B;APOA5;PPM1A;KIAA1614;PRKAR1A;ZC3H11A;TFAM;SNRPE;DSG2;RNASEL;UBIAD1;WDR26;CFH;CCDC68;HDAC1;BTF3L4;GNAI3;MRO;LIN7C;LRP8;NID2;P2RY2;TP53INP2;TPR;SMYD2;MSX1;CNNM2;KCNJ2;S100PBP;TXNDC5;ATP6V0A1;CDK17;ATE1;GFPT1;PLEKHA5;KCNJ16;PRDX6;MCOLN2;DHRS3;EIF3M;BAMBI;ID2;SERBP1;BHLHE40;ECHDC2;RCOR3"
"PADI4 21655091 ChIP-ChIP MCF-7 Human","34/857",0.132233725866859,0.615157985298568,0,0,1.24460777050055,2.51807086564121,"CDC123;STXBP4;TMTC3;GLRX;COX7A2;AHR;NUDT5;SNAPC5;HMBOX1;MRPL2;PTDSS1;OPA1;BASP1;TRIM24;NEK1;TNR;NPHP3;WDR7;TMEM14B;LEKR1;S100PBP;SLC37A2;RRM2;GFPT1;WDR75;IFT80;VEZF1;NUP153;GPN1;ELF5;PEX5;TFAM;SSBP2;CALM2"
"FOXA1 27270436 ChIP-Seq VCaP Human Prostate Carcinoma","119/3331",0.132954938085063,0.615157985298568,0,0,1.12816384313541,2.27634697573464,"ITSN2;ANKRD37;VIPR1;DCAF8;GXYLT2;DCAF5;HOXA13;HERC5;KIAA0930;RGS4;NARS1;BBX;NEK1;MMUT;NBN;PLS1;STARD5;WDR75;CACNB2;MELK;LIX1;SLC9A8;FDX1;PPP1R3D;CHMP4C;VOPP1;SNRPE;STEAP1;CERKL;SLC26A2;INO80D;NXPH2;SDC2;BTF3L4;TMTC3;UBR3;RNF216;DSEL;SMYD2;NAALAD2;BRIX1;CDH26;NKX2-2;CDK17;HELT;PRDX6;BFSP1;ZFAT;ID2;BHLHE40;CDK1;TRMT12;PSMG1;RCOR3;TOP2B;EIF4E3;SLC35F3;UFSP2;CHD2;LARP1B;UNC80;NADK2;SHH;UCHL1;EXO1;RSRC1;CTSL;DENND11;ITGB8;SOSTDC1;MAN1A1;UGT2A1;ZNF385A;FOXD3;NCOA2;PLEKHG7;NUP133;NCOA6;STPG4;PAWR;IL16;PPM1A;RBM12B;SPOPL;TRIM59;NUP54;TLCD1;CD302;WDR26;CCDC68;HDAC1;SYNPO2;NR2C2;TMEM168;FGD5;PGRMC2;EPCAM;HLX;TP53INP2;SLITRK6;MARCHF7;IARS2;NT5M;CNNM2;VAT1L;SLC12A2;USP25;RRM2;PLEKHA5;KCNJ16;BLCAP;DHRS3;RAD52;DHRS7;PRC1;SERBP1;ETFBKMT;PTPN3;CCDC171"
"SMARCA4 20176728 ChIP-ChIP TSCs Mouse","33/830",0.133765897474319,0.615157985298568,0,0,1.24713210252733,2.50881080459221,"BLK;SLC26A2;GCNT1;UACA;ACTB;NFIL3;KPNA4;IARS2;MSX1;DACT1;ELOVL1;ATE1;SLC37A2;PAWR;VEZF1;NUP153;EIF2S2;APOA5;RAD52;UBLCP1;B3GNT7;PRC1;BAMBI;PSMC1;SLC9A8;SUB1;ID2;ELF5;PEX5;DSG2;MFGE8;STEAP1;CALM2"
"P300 27058665 Chip-Seq ZR-75-30cells Human","63/1689",0.13552525855731,0.619425261504271,0,0,1.17194879286677,2.34225362989708,"AVEN;CIITA;VIPR1;MOGAT1;DCAF8;GLI1;IFI44L;FADS3;RGS4;CCND1;PEA15;MAGOH;CHORDC1;UBAP2L;PGM1;ZNF385A;HS3ST3B1;ELOVL1;FOXD3;PLA2G4F;ACTN2;PABPC4;ARHGEF17;POMGNT1;KATNAL1;B3GNT7;STRAP;SNRPE;DNAJC8;RNASEL;CDC123;UBIAD1;WDR26;HDAC1;SDC2;GNAI3;PPM1J;FOXK1;PDS5B;LIN7C;LRP8;SMYD2;S1PR1;IARS2;MSX1;S100PBP;CCDC73;CDK17;ATE1;MARCKSL1;GPR12;KCNJ16;PTPN14;DHRS3;CRNN;PRC1;BAMBI;SERBP1;BHLHE40;CDK1;ECHDC2;SP9;CALM2"
"PRDM14 20953172 ChIP-Seq ESCs Human","52/1374",0.138363366560028,0.627288591148966,0,0,1.18787077089938,2.34945629381057,"DCAF8;GRIK1;CALML4;NUDT5;PPP4R1;BASP1;TRIM24;PROK2;WDR7;MAN1A1;CCR4;RGS9;TCP11;MYLIP;APOBEC4;PAQR3;TMEM170B;RUNX2;SUPT3H;PSMA6;CACNB2;KIAA1614;LIX1;FEZ1;SLC9A8;SUB1;CHMP4C;EXOC2;XPR1;PPM1L;LRTM2;CLEC16A;OR2K2;FGD5;RNF216;DSEL;TRA2B;SLITRK6;SLIT1;UGT3A2;NT5M;KCNJ2;KCNJ6;CA10;TGFB3;PLAC8L1;NUP153;PRDX6;CPPED1;CASS4;ALDH8A1;SSBP2"
"NFI 21473784 ChIP-Seq ESCs Mouse","58/1549",0.140595732301776,0.627288591148966,0,0,1.1755587104125,2.30628943323522,"OTUD4;UXS1;MOGAT1;COL12A1;AHR;NUDT5;ACTB;FADS3;RSRC1;CHORDC1;DHX15;NBN;CCR4;DACT1;MKKS;MED8;BPGM;TM4SF4;POMGNT1;BIN3;KEL;MYH3;SLC9A8;TLCD1;PLA2R1;HOXB6;CDC123;CFH;PDE1C;DDX1;RGS16;UTP23;GNAI3;COX7A2;LRP8;AMN1;P2RY6;DSEL;S1PR1;NT5M;MSX1;RUNX1T1;TXNDC5;ATP6V0A1;RIBC2;SRD5A3;HTR1B;RPL23A;NUP153;DHRS3;LRP1B;NAP1L5;KLHL9;ZFAT;ID2;CDK1;CCNYL1;TOMM6"
"E2F1 18555785 ChIP-Seq MESCs Mouse","108/3015",0.14093803047248,0.627288591148966,0,0,1.12924695123696,2.21268598341864,"HDDC2;RPL30;ANKRD37;SMC5;NUDT5;NUBP1;ACTB;THG1L;AS3MT;ABHD10;CCND1;MAGOH;CHORDC1;NEK1;KPNA4;UBAP2L;NBN;TCP11;MYLIP;STARD5;ACTN2;ENTPD5;PAQR3;MED8;WDR75;ALG11;AFG3L2;SLC9A5;MELK;KATNAL1;PRKAR1A;LACTB2;ZC3H11A;SLC9A8;SUB1;FDX1;TFAM;SNRPE;CERKL;SLC26A2;UBIAD1;TBC1D9B;DDX1;BTF3L4;FBLN1;COX7A2;PTDSS1;DSEL;TXNDC5;NEK8;RPP40;NUP153;EIF2S2;PRDX6;PARP12;BAMBI;ID2;TRMT12;ECHDC2;CALM2;MRPL2;OPA1;EXO1;RSRC1;CTSL;DHX15;HS3ST3B1;FOXD3;NCOA2;MKKS;NUP133;DDX55;ARHGEF17;ACTL6A;PAWR;DARS2;POMGNT1;B3GNT7;PICK1;DSG2;TRIM59;NUP54;DNAJC8;TLCD1;RCCD1;WDR26;HDAC1;RPE;GCNT1;PPM1J;RCHY1;FSTL1;LMAN1;TMEM168;IARS2;NT5M;KCNJ2;SLC12A2;ATE1;PCGF6;MARCKSL1;RRM2;RPL23A;RAD52;KLHL9;SMUG1;PRC1;SERBP1"
"KLF5 18264089 ChIP-ChIP MESCs Mouse","5/85",0.142297680408289,0.627288591148966,0,0,1.87024456521739,3.64666658134686,"FOXD3;STAB2;PAWR;HOXB5;ATG5"
"KLF2 18264089 ChIP-ChIP MESCs Mouse","5/85",0.142297680408289,0.627288591148966,0,0,1.87024456521739,3.64666658134686,"FOXD3;STAB2;PAWR;HOXB5;ATG5"
"KLF4 18264089 ChIP-ChIP MESCs Mouse","5/85",0.142297680408289,0.627288591148966,0,0,1.87024456521739,3.64666658134686,"FOXD3;STAB2;PAWR;HOXB5;ATG5"
"GATA2 21186366 ChIP-Seq BM-HSCs Mouse","56/1495",0.144904252758468,0.635021578265051,0,0,1.17548372429327,2.27066084610889,"ITSN2;HDDC2;RPL30;ICAM2;STAB2;AHR;TMEM220;ZC3H12D;HINT3;SOSTDC1;RPL38;RGS9;ADAMTS6;DACT1;HS3ST3B1;MYLIP;PAWR;VEZF1;SHISA6;PSMA6;PPM1A;MYH2;EID3;MYH3;POC5;PEX3;TFAM;BDP1;SGK1;DGKH;TBC1D9B;STXBP4;NXPH3;DDX1;TMTC3;NID2;FAM184A;NT5M;KCNJ2;RAB11FIP4;ATG5;CDK17;USP25;RRM2;KIDINS220;TGFB3;KCNJ16;INHBE;DHRS7;UBLCP1;PSMC1;ID2;CDK1;ALDH8A1;SSBP2;PPIL4"
"ILF3 29590119 ChIP-Seq K562 Human BoneMarrow Leukemia","28/700",0.149585138018237,0.64943921544109,0,0,1.25328770799785,2.38110823608021,"UBIAD1;DDX1;FBXO21;CHD2;LMAN1;TMEM168;SYNGR2;RNF216;HINT3;TRIM24;DHX15;IARS2;NBN;CCDC50;CDK17;MYLIP;SRD5A3;AFG3L2;PRKAR1A;ZC3H11A;FDX1;SERBP1;MTHFD2L;RBM12B;CHMP4C;BDP1;HOXB7;XPR1"
"SMAD3 21741376 ChIP-Seq HESCs Human","38/984",0.152157382478221,0.64943921544109,0,0,1.21000474043522,2.27824518362399,"BLK;HDDC2;UBIAD1;DGKD;INO80D;SLC35F3;GCNT1;SEZ6;CLEC16A;PRDM14;FBXO21;LRP8;RYR3;EXTL2;FAM184A;NPBWR1;ANKRD1;TNR;PSKH2;S100PBP;RUNX1T1;PACSIN1;HS3ST3B1;WDR75;DARS2;FOXL2;APOA4;CACNA2D4;PDYN;BLCAP;DEXI;DHRS3;CYP24A1;SCGB1A1;BHLHE40;ROR2;PFDN4;FGFR2"
"TCF4 23295773 ChIP-Seq U87 Human","113/3177",0.152324477269719,0.64943921544109,0,0,1.12063966232805,2.10875507194442,"ITSN2;CHRM5;AHR;DCAF5;RGS5;CCND1;BASP1;BBX;NEK1;KPNA4;PLS1;SPINK2;MED8;ACOT12;ACOT13;UNC93A;RUNX2;CACNB2;ZC3H11A;SLC9A8;SUB1;ANKS6;SNRPE;ROR2;DGKH;IQCA1;CERKL;TAS2R40;INO80D;PDE1C;STXBP4;BTF3L4;HMHB1;STRA8;MED30;CDH26;RAB11FIP4;ATG5;ATP6V0A1;TGFB2;HELT;SRD5A3;LRP1B;MARCO;DHCR7;SLC22A8;SP9;CALM2;AVEN;CIITA;SLC35F3;CPXM2;MOGAT1;STAB2;GRIK1;RYR3;LARP1B;PPP3CC;OPA1;RSRC1;ANKRD1;WDR7;MAN1A1;CCR4;PGM1;ADAMTS6;DACT1;NCOA2;EMX2;ACTL6A;RAB3IL1;IL16;PAX5;SUPT3H;CDC20B;ACTA1;CD200R1;B3GNT7;PEX5;MCM5;ZNF512;SGK1;HCN4;WDR26;SAMD9;CCDC68;LRTM2;SEZ6;FSTL1;LRP8;FGD5;NFIL3;GTSF1L;TRA2B;NT5M;MSX1;KCNJ2;VAT1L;SLC12A2;USP25;KCNJ6;CA10;PLEKHA5;WNT7A;MCOLN2;PTPN14;CPPED1;TSHR;EIF3M;PSMC1;ATP13A4;SSBP2;NEK11"
"KDM5B 21448134 ChIP-Seq MESCs Mouse","108/3030",0.153602212859419,0.64943921544109,0,0,1.12242519936083,2.10273907987461,"ITSN2;OTUD4;HDDC2;DCAF8;PPP4R1;CHORDC1;TRIM24;NEK1;KPNA4;UBAP2L;PAQR3;WDR75;IFT80;AFG3L2;MELK;PRKAR1A;ZC3H11A;MAK;SUB1;HOXB3;TFAM;SNRPE;HOXB8;PLA2R1;HOXB7;HOXB6;HOXB5;DGKH;ABCG2;TBC1D9B;STXBP4;NXPH3;DDX1;BTF3L4;CLEC16A;PRDM14;UBR3;COX7A2;PDS5B;NID2;HMBOX1;RNF216;ZNHIT6;TPR;AMZ2;BRIX1;NKX2-2;ATP6V0A1;HELT;NUP153;EIF2S2;PRDX6;GPN1;CDK1;HOXD3;SP9;CALM2;EIF4E3;PIK3CD;CHD2;TMEM220;SHH;OPA1;DHX15;EIF2B1;NUP133;PABPC4;ACTL6A;BCKDHB;FOXL2;VEZF1;PAX5;PSMA6;PPM1A;POC5;STRAP;TRIM59;MCM5;NUP54;DNAJC8;BDP1;RNASEL;COL15A1;WDR26;RPE;SEZ6;RCHY1;NR2C2;LMAN1;SAMM50;EPCAM;HLX;TRA2B;IARS2;MSX1;VAT1L;RIBC2;PCGF6;GSX1;DHRS3;DHRS7;EIF3M;PRC1;PSMC1;SERBP1;SNRNP48;RAD1;PPIL4"
"SOX2 18358816 ChIP-ChIP MESCs Mouse","24/591",0.154079134057298,0.64943921544109,0,0,1.27214391534392,2.37927670899177,"HS3ST3B1;CERKL;FOXD3;ANKRD37;SLC26A2;NXPH3;RGS16;BTF3L4;RPP40;SEZ6;DARS2;RPL23A;SLC39A14;NID2;TMEM60;MRAS;SAMM50;MOBP;CENPL;ECHDC2;DNAJC8;FGFR2;NKX2-2;ABCG2"
"KLF4 26769127 Chip-Seq PDAC-Cell Line Human","62/1678",0.155137757878735,0.64943921544109,0,0,1.15916010255199,2.16002738366248,"GDE1;DCAF8;DCAF5;GLI1;ACTB;EXO1;PEA15;MAGOH;ANKRD1;UBAP2L;NBN;ELOVL1;FOXD3;NCOA2;PLEKHG7;PABPC4;ARHGEF17;VEZF1;TM4SF4;TMEM170B;DEXI;PSMA6;KIAA1614;CREB1;PRKAR1A;MED21;MTHFD2L;SNRPE;SGK1;HOXB6;RNASEL;UBIAD1;INO80D;HDAC1;PPM1J;LRP8;UACA;SYNGR2;S1PR1;S100PBP;CDK17;LINGO1;ATE1;USP25;MARCKSL1;TGFB2;RRM2;BDNF;PRDX6;GPN1;PTPN14;DHRS3;INHBE;EIF3M;OR2V2;ARTN;BAMBI;SERBP1;BHLHE40;RCOR3;CALM2;TMEM9B"
"POU2F1 35413990 ChIP-Seq Human ARposCRProstateCancer","29/732",0.156335095746536,0.64943921544109,0,0,1.24074702886248,2.30252067348148,"RPL30;DGKD;COL12A1;KRT84;CEP128;NADK2;ABHD10;TPR;DHX15;ANKRD1;MARCHF7;KPNA4;ATP6V1G3;ZNF385A;HS3ST3B1;TGFB3;LMNTD1;ACOT12;ACOT13;BLCAP;RUNX2;FAM217B;AFG3L2;BFSP1;ARTN;FEZ1;ID2;TRMT12;MFGE8"
"SMRT 27268052 Chip-Seq Bcells Human","60/1621",0.15649505841272,0.64943921544109,0,0,1.16093792995435,2.15322738797702,"SLC35F3;ICAM2;NUBP1;PPP3CC;OR10W1;RSRC1;BASP1;ITGB8;CCR4;TCP11;PGM1;HS3ST3B1;MYLIP;NCOA2;PLEKHG7;PAQR3;PAX5;TMEM170B;MLF1;KIAA1614;MELK;B3GNT7;SLC9A8;SUB1;FDX1;VOPP1;SNRPE;ROR2;SGK1;BLK;WDR26;TBC1D9B;CLEC16A;OR2K2;UBR3;PDS5B;ASB18;SAMM50;MED30;HLX;CHST15;ATP6V1G3;ATG5;ATP6V0A1;PACSIN1;LINGO1;SLC37A2;GTF2H3;PRDX6;PARP12;SMUG1;DHRS7;PSMC1;ID2;BHLHE40;ATP13A4;SSBP2;SP9;TOMM6;NEK11"
"SMARCA4 23332759 ChIP-Seq OLIGODENDROCYTES Mouse","76/2089",0.157098906889997,0.64943921544109,0,0,1.14238947712469,2.11442548333267,"AVEN;HDDC2;MOGAT1;PIK3CD;GRIK1;AHR;DCAF5;CHD2;NUBP1;UCHL1;BASP1;TRIM24;ANKRD1;BBX;PROK2;TNR;ITGB8;KPNA4;WDR7;MAN1A1;NBN;RGS9;PLS1;MYLIP;NCOA2;EMX2;APOBEC4;ACTL6A;PAQR3;BCKDHB;WDR75;PAWR;BPGM;SHISA6;KEL;CREB1;KATNAL1;SUB1;SGK1;XPR1;PDE1C;CCDC68;SYNPO2;RPE;DDX1;GCNT1;NEUROD1;CLEC3A;TMEM168;MOBP;TRA2B;SLITRK6;NPHP3;ATP6V1G3;KCNJ2;RUNX1T1;LINGO1;ATE1;USP25;MARCKSL1;TGFB2;KIDINS220;RPP40;HTR1B;OPN5;CPPED1;LRP1B;NAP1L5;CYP24A1;UBLCP1;ZFAT;ID2;BHLHE40;DHCR7;FGFR2;NEK11"
"DMRT1 21621532 ChIP-ChIP FETAL Ovary","5/88",0.157623833377458,0.64943921544109,0,0,1.80236473845693,3.32994795283787,"KLC4;AS3MT;MRPL2;BHLHE40;NUP153"
"MYBL2 22936984 ChIP-ChIP MESCs Mouse","53/1419",0.157783218785017,0.64943921544109,0,0,1.17081789774681,2.16195414400171,"ARHGAP9;ARPC5L;SMC5;GLI1;ACTB;CCND1;GOLGA1;CHORDC1;UBAP2L;CCR4;ELOVL1;MYLIP;FOXD3;EMX2;ARHGEF17;DARS2;IFT80;PAX5;RUNX2;SLC9A8;STRAP;TLCD1;ABCG2;SLC26A2;BTF3L4;SEZ6;PRDM14;COX7A2;NID2;NEUROD1;STRA8;TMEM168;MOBP;MSX1;KCNJ2;NKX2-2;NEK8;RRM2;BDNF;RPL23A;PRDX6;BLCAP;DHRS3;INHBE;PRC1;PSMC1;CENPL;TRMT12;RAD1;SP9;CALM2;PTPN3;NEK11"
"RBPJ 21746931 ChIP-Seq IB4 Human","59/1598",0.16370546564451,0.670113032445934,0,0,1.15737491877843,2.09448565829963,"ITSN2;FOXE3;SLC35F3;RGSL1;DCAF8;PIK3CD;IFI44L;RGS4;RGS5;EXO1;PEA15;MAGOH;TNR;PGM1;ELOVL1;FOXD3;ACTN2;APOBEC4;PABPC4;MED8;POMGNT1;FAM177B;ACTA1;KIAA1614;XCL1;SPOPL;SNRPE;DNAJC8;XPR1;RNASEL;UBIAD1;WDR26;CFH;HDAC1;BTF3L4;GNAI3;LRP8;EXTL2;EPCAM;HLX;ZNHIT6;SMYD2;S1PR1;ATP6V1G3;S100PBP;MARCKSL1;TGFB2;KIDINS220;PRDX6;MCOLN2;DHRS3;CRNN;PTPRC;ARTN;SERBP1;CENPL;ECHDC2;RCOR3;CALM2"
"PHOX2B 30127528 ChIP-Seq BE2C Human Brain Neuroblastoma","31/794",0.165861047330739,0.67287651033814,0,0,1.22202852816552,2.19550244828024,"PPM1L;CCDC68;GLRX;CHD2;NID2;CEP128;UNC80;NADK2;RGS5;ABHD10;HMBOX1;MOBP;TRIM24;BDKRB1;MAN1A1;NBN;UGT2A1;ADAMTS6;RUNX1T1;NCOA2;BDNF;STPG4;PLEKHA5;TM4SF4;PPM1A;LIX1;LARS1;XCL1;SLC22A8;STEAP1;PSME3IP1"
"NUCKS1 24931609 ChIP-Seq HEPATOCYTES Mouse","23/570",0.167415800311141,0.67287651033814,0,0,1.26303800573561,2.25739592181446,"NCOA2;ACTL6A;GNAI3;PAWR;NUP153;RCHY1;SUPT3H;LMAN1;PPP3CC;CREB1;CCND1;BAMBI;MAK;ID2;BHLHE40;SMYD2;CDK1;S1PR1;STRAP;NBN;CALM2;EXOC2;PGM1"
"GATA1 19941826 ChIP-Seq K562 Human","26/654",0.167592244815835,0.67287651033814,0,0,1.24423122143726,2.22247238947042,"ITSN2;CERKL;ICAM2;CLEC16A;UBR3;UACA;ACTB;FADS3;SAMM50;OPA1;HLX;MAN1A1;TMEM14B;NEK8;MYLIP;RAB3IL1;NUP153;EIF2S2;KIAA1614;KEL;ZFAT;GPR182;SCGB1A1;ROR2;CALM2;XPR1"
"MYC 18555785 ChIP-Seq MESCs Mouse","33/852",0.167993330097844,0.67287651033814,0,0,1.21219256933543,2.16234668577526,"OTUD4;AVEN;RPL30;GCNT1;BTF3L4;NUBP1;ACTB;THG1L;EXTL2;ABHD10;UCHL1;SYNGR2;TPR;DHX15;RPL38;RRM2;DDX55;WDR75;RPL23A;NUP153;ALG11;EIF2S2;RAD52;PRC1;LACTB2;SLC9A8;SERBP1;TFAM;STRAP;SNRPE;MCM5;TLCD1;RCCD1"
"RUNX2 22187159 ChIP-Seq PCA Human","97/2722",0.170440261594031,0.679026710628627,0,0,1.11968391994479,1.9811356027013,"HDDC2;VIPR1;KLHL36;COL12A1;AQP9;GXYLT2;ACTB;RGS4;BASP1;NEK1;RPL38;TCP11;SPINK2;WDR75;TMEM170B;SHISA6;AFG3L2;SLC9A5;ZC3H11A;SLC9A8;FDX1;MTHFD2L;VOPP1;XPR1;DGKH;BLK;UBIAD1;INO80D;NXPH2;DDX1;UTP23;TMTC3;HMHB1;PDS5B;RNF216;NPBWR1;TXNDC5;TFAP2A;SLC37A2;GPR12;HELT;OPN5;PARP12;LRP1B;MARCO;BFSP1;ID2;ECHDC2;PSMG1;REN;HOXD3;DHCR7;RCOR3;SP9;SLC35F3;CPXM2;STAB2;UFSP2;GRIK1;CHD2;SHH;UCHL1;ATP7B;PPP3CC;DHX15;WDR7;TTC23L;ADAMTS6;SGCG;EMX2;PLEKHG7;NCOA6;PABPC4;B3GNT7;PEX5;SGK1;KCNA5;CAPG;RCHY1;FSTL1;LRP8;ASB18;PGRMC2;FAM184A;TP53INP2;SLITRK6;NT5M;MSX1;ATP6V1G3;KCNJ2;LEKR1;VAT1L;S100PBP;PLAC8L1;EIF3M;SNRNP48;ALDH8A1"
"RUNX1 30185409 ChIP-Seq HPC Mouse BoneMarrow Leukemia","97/2724",0.172388665678764,0.680396134559814,0,0,1.11869769340682,1.96667464753821,"COL12A1;ARPC5L;GDE1;DCAF8;FADS3;CCND1;BASP1;GOLGA1;CHORDC1;TRIM24;NBN;MYLIP;CACNA2D4;TMEM170B;BIN3;SLC9A5;SUB1;SNRPE;ROR2;DGKH;UBIAD1;TBC1D9B;UTP23;CLEC16A;PRDM14;FBLN1;COX7A2;PDS5B;RNF216;CHST15;AMZ2;RAB11FIP4;ATG5;PACSIN1;NEK8;NUP153;PRDX6;PARP12;PTPRC;ARTN;BAMBI;ZFAT;ID2;CDK1;CALM2;TOP2B;PIK3CD;CHD2;SYNE3;BOLL;UCHL1;ATP7B;PPP3CC;RSRC1;DHX15;ANKRD1;CCR4;ELOVL1;SMIM13;DDX55;ARHGEF17;NXPE2;BCKDHB;VEZF1;ACTA1;B3GNT7;PEX3;NUP54;TLCD1;MFGE8;EXOC2;GLRX;CAPG;RCHY1;NR2C2;UACA;PPM1F;SAMM50;PGRMC2;P2RY2;SLIT1;CNNM2;RHBG;LEKR1;MARCKSL1;GSX1;WNT7A;BLCAP;DHRS3;RAD52;SMUG1;DHRS7;RGS10;SLC28A2;SSBP2;NRDE2;TOMM6"
"ZFP322A 24550733 ChIP-Seq MESCs Mouse","4/67",0.172610562995711,0.680396134559814,0,0,1.89865879168205,3.33540675169949,"INO80D;PDE1C;ROR2;LRP1B"
"FOXA1 27197147 Chip-Seq ENDOMETRIOID-ADENOCARCINOMA Human","19/462",0.173914945340138,0.680468059726083,0,0,1.28722634275682,2.25160205520527,"MYLIP;MARCKSL1;COL12A1;SRD5A3;ICAM2;TMEM170B;CHD2;UACA;DHRS3;TMEM60;AMN1;PGRMC2;OR2V2;SLC9A8;BHLHE40;TRMT12;REN;EXOC2;FGFR2"
"PAX6 23342162 ChIP-ChIP BETA-FORBRAIN-LENS Mouse","26/658",0.175248657326826,0.680468059726083,0,0,1.23609220391328,2.15271565407967,"TBC1D9B;COL12A1;GRIK1;CHD2;HOXA13;UACA;SNAPC5;CCND1;TRIM24;NEK1;TGM6;ATP6V1G3;PACSIN1;NCOA2;ATE1;BLCAP;SLC9A5;ARTN;MED21;ID2;RBM12B;TRIM59;MCM5;NUP54;SLC22A8;CALM2"
"PRDM14 21183938 ChIP-Seq MESCs Mouse","56/1520",0.175368949620682,0.680468059726083,0,0,1.15379795243229,2.00860444272609,"TOP2B;SLC35F3;KLHL36;CHD2;ACTB;TMEM220;TIFAB;OPA1;CCND1;CHORDC1;TRIM24;RPL38;WDR7;TCP11;DACT1;HS3ST3B1;MYLIP;FOXD3;NCOA2;PAWR;PAX5;PPM1A;SLC9A5;CREB1;KATNAL1;B3GNT7;LACTB2;ROR2;SGK1;HCN4;CDC123;SEZ6;PRDM14;FOXK1;RCHY1;P2RY6;RNF216;TRA2B;S1PR1;NT5M;KCNJ2;LEKR1;ATP6V0A1;CDK17;BDNF;PLEKHA5;KCNJ16;PTPN14;LRP1B;DHRS7;BAMBI;BHLHE40;CCNYL1;CALM2;FGFR2;PTPN3"
"TP53 18474530 ChIP-ChIP U2OS Human","27/687",0.176807678403053,0.682495960674997,0,0,1.22931160479392,2.13001924345517,"CCDC121;GPR26;RGS16;GNAI3;FBLN1;CHD2;RYR3;P2RY6;PGRMC2;CCND1;IL21R;TNR;NBN;GPR12;WNT7A;PAX5;BPGM;SLC39A14;PTPN14;DHRS3;DHRS7;ID2;SCGB1A1;RBM12B;EXOC2;XPR1;FGFR2"
"PPAR 26484153 Chip-Seq NCI-H1993 Human","36/945",0.180197581219933,0.687166961412875,0,0,1.19147836480222,2.04183809018171,"COL12A1;GDE1;HMHB1;FOXK1;FBLN1;AHR;CHD2;FSTL1;UACA;SHH;UCHL1;PGRMC2;MED30;HINT3;BASP1;DHX15;MAN1A1;PGM1;ADAMTS6;CDK17;MYLIP;NCOA2;TGFB3;KCNJ16;FOXL2;BPGM;PRDX6;TMEM130;PSMA6;BHLHE40;CDK1;CHMP4C;TFAM;REN;SGK1;ABCG2"
"SMC1 22415368 ChIP-Seq MEFs Mouse","58/1583",0.181366471389719,0.687166961412875,0,0,1.14716152117833,1.95847497741611,"MYLK2;CCDC121;SLC35F3;COL12A1;CHRM5;AHR;GLI1;TMEM220;OPA1;CCND1;TNR;RGS9;TCP11;ADAMTS6;DACT1;ZBP1;HS3ST3B1;MYLIP;ARHGEF17;PAWR;SLC39A14;CD200R1;MYH3;LACTB2;PEX3;SLC9A8;ELF5;SNRPE;TLCD1;HOXB8;STEAP1;HOXB5;RNASEL;SLC26A2;RGS16;GNAI3;PPM1J;FSTL1;NFIL3;DSEL;S1PR1;AMZ2;NT5M;CNNM2;KCNJ2;CCDC73;CDK17;TGFB2;TGFB3;NUP153;OPN5;CPPED1;TSHR;SMUG1;ZFAT;BHLHE40;TRMT12;SSBP2"
"TCF3 18347094 ChIP-ChIP MESCs Mouse","59/1613",0.182363922156516,0.687166961412875,0,0,1.1452380952381,1.94891009224842,"PIK3CD;GLI1;CHD2;SHH;UCHL1;BASP1;ANKRD1;ITGB8;ADAMTS6;DACT1;FOXD3;EMX2;MKKS;DARS2;PDYN;SLC39A14;CD200R1;B3GNT7;LACTB2;PEX3;ZC3H11A;SLC9A8;HOXB3;HOXB8;MFGE8;HOXB7;HOXB6;CERKL;HDAC1;NXPH3;RPE;SEZ6;TMTC3;PRDM14;FSTL1;NID2;UACA;NEUROD1;FGD5;SAMM50;MOBP;P2RY2;SMYD2;IARS2;MSX1;CNNM2;NKX2-2;ATP6V0A1;BDNF;HTR1B;RPL23A;NUP153;DHRS3;TMEM60;CENPL;ECHDC2;HOXD3;SP9;FGFR2"
"PHOX2B 30127528 ChIP-Seq KELLY Human BrainNeuroblastoma","68/1877",0.182604275324201,0.687166961412875,0,0,1.13494109106409,1.92989230290052,"TOP2B;SAMD9L;CHD2;CEP128;UNC80;NADK2;RGS5;ABHD10;ATP7B;CCND1;RSRC1;BASP1;TRIM24;TNR;NBN;UGT2A1;TCP11;ADAMTS6;NCOA2;RARS1;ACTN2;NCOA6;STPG4;IFT80;VEZF1;UTS2B;CD200R1;KIAA1614;LIX1;LACTB2;LARS1;HOXB3;XCL1;TRIM59;DNAJC8;SGK1;STEAP1;PFDN4;DGKH;MINDY3;TBC1D9B;PPM1L;CCDC68;UBR3;GLRX;RCHY1;NID2;FAM124B;EXTL2;MOBP;SLITRK6;MARCHF7;NPHP3;PTCHD4;RHBG;KCNJ2;RUNX1T1;KCNJ6;KIDINS220;BDNF;EIF2S2;TMEM60;SMUG1;DHRS7;ID2;CDK1;SLC22A8;PSME3IP1"
"REST 18959480 ChIP-ChIP MESCs Mouse","62/1701",0.182629608536576,0.687166961412875,0,0,1.14141148516827,1.94073644007505,"AVEN;GPR26;SLC35F3;CPXM2;UXS1;STAB2;SHH;ATP7B;CHORDC1;ANKRD1;TNR;RPL38;RGS9;PGM1;CCDC50;HS3ST3B1;SPINK2;BCKDHB;PDYN;ACTA1;MYH2;MRAS;MELK;PEX3;ZC3H11A;SLC9A8;XCL1;NUP54;ABCG2;UBIAD1;NXPH2;RPE;DDX1;SEZ6;FOXK1;RCHY1;ASB18;CPLX4;NEUROD1;MOBP;SLIT1;UGT3A2;NPHP3;MSX1;CDH26;CNNM2;RHBG;RAB11FIP4;ATP6V0A1;KCNJ6;GPR12;BDNF;BLCAP;LRP1B;MARCO;DHRS7;CYP24A1;UBLCP1;ARTN;DHCR7;CALM2;NEK11"
"ELK1 19687146 ChIP-ChIP HELA Human","27/691",0.184521616246609,0.688344877078973,0,0,1.22164461705342,2.06456555075831,"RPL30;RPE;COX7A2;AHR;NR2C2;HMBOX1;MAGOH;CHORDC1;ITGB8;RPL38;KPNA4;IARS2;ADAMTS6;ATG5;NEK8;UNC45A;ATE1;WDR75;RPL23A;KLHL9;SMUG1;UBLCP1;SUB1;RBM12B;TRMT12;SNRPE;NUP54"
"VDR 24763502 ChIP-Seq THP-1 Human","39/1034",0.184790571027912,0.688344877078973,0,0,1.17947771645111,1.99158603694952,"CIITA;WDR26;STXBP4;AQP9;FOXK1;LRP8;HOXA13;UACA;ACTB;SNAPC5;SHH;SYNGR2;MED30;BASP1;HLX;P2RY2;TNR;VAT1L;RUNX1T1;ELOVL1;SLC37A2;PABPC4;BCKDHB;BPGM;EIF2S2;SUPT3H;PSMA6;MARCO;B3GNT7;ARTN;ZFAT;SLC9A8;ID2;BHLHE40;CENPL;CASS4;TLCD1;RCCD1;SP9"
"IRF8 27001747 Chip-Seq BMDM Mouse","55/1500",0.187455977917483,0.692623596919083,0,0,1.14737921312316,1.92095518155316,"CIITA;FOXE3;SAMD9L;DGKD;UXS1;ARPC5L;PIK3CD;GRIK1;NUBP1;FADS3;HERC5;UCHL1;TIFAB;CTSL;ADAMTS6;CCDC50;HS3ST3B1;STARD5;APOBEC4;PABPC4;ARHGEF17;RAB3IL1;VEZF1;IL16;UNC93A;TMEM170B;SUPT3H;PSMA6;LACTB2;PEX3;SUB1;NUP54;CD302;DDX1;GNAI3;GLRX;STRA8;MED30;HLX;IL21R;S1PR1;UGT3A2;ATP6V1G3;ATP6V0A1;SLC37A2;TGFB2;MCOLN2;DHRS3;KLHL9;MARCO;PTPRC;PSMC1;SCGB1A1;CENPL;SLC28A2"
"NR0B1 18358816 ChIP-ChIP MESCs Mouse","45/1210",0.188866388869088,0.692623596919083,0,0,1.16301907171077,1.93842185676877,"ARHGAP9;CERKL;RNASEL;ANKRD37;SLC26A2;CCDC68;NXPH3;BTF3L4;FBLN1;GLI1;NID2;ACTB;NEUROD1;STRA8;UCHL1;SAMM50;MOBP;BASP1;BDKRB1;TCP11;NKX2-2;HS3ST3B1;FOXD3;SLC37A2;STARD5;GPR12;BDNF;ENTPD5;PABPC4;RAB3IL1;RPL23A;PRDX6;SLC39A14;DHRS3;TMEM60;MRAS;KATNAL1;B3GNT7;ID2;SERBP1;PEX5;PICK1;ECHDC2;DHCR7;ABCG2"
"REST 21632747 ChIP-Seq MESCs Mouse","64/1765",0.189342136500323,0.692623596919083,0,0,1.13517940678435,1.8891651764635,"ITSN2;MYLK2;CIITA;GPR26;CPXM2;RYR3;TMEM220;UNC80;ATP7B;BASP1;BBX;PROK2;TNR;RPL38;WDR7;CCDC50;BCKDHB;CACNA2D4;PAX5;PDYN;SHISA6;ACTA1;EID3;MRAS;MELK;MYH3;ANKS6;SGK1;EXOC2;HCN4;PPM1L;NXPH2;STXBP4;NXPH3;LRTM2;SEZ6;PRDM14;FOXK1;NEUROD1;AMN1;MOBP;HLX;GTSF1L;SLIT1;S1PR1;NPHP3;CDH26;RAB11FIP4;VAT1L;ATP6V0A1;PACSIN1;LINGO1;KCNJ6;GPR12;GSX1;BDNF;DHRS3;CPPED1;MARCO;DHRS7;EIF3M;ZFAT;CALM2;NEK11"
"EZH2 27304074 Chip-Seq ESCs Mouse","28/722",0.189658005062407,0.692623596919083,0,0,1.21212880591405,2.0152039001733,"HCN4;FOXE3;EIF4E3;COL12A1;GCNT1;SEZ6;HOXA13;HLX;DHX15;PROK2;MSX1;NKX2-2;RUNX1T1;MYLIP;EMX2;GSX1;HTR1B;PAX5;SUPT3H;LRP1B;CACNB2;HOXB3;HOXD3;HOXB8;PFDN4;HOXB7;SP9;HOXB5"
"TTF2 22483619 ChIP-Seq HELA Human","47/1272",0.194745159007108,0.701548449585507,0,0,1.15522679503695,1.89002433814649,"CDC123;RGS16;SEZ6;UFSP2;COX7A2;LIN7C;RCHY1;NUDT5;ACTB;HERC5;STRA8;EXTL2;HMBOX1;KIAA1328;RNF216;HINT3;CCND1;CASP6;TRA2B;NAALAD2;RPL38;MAN1A1;RGS9;TMEM14B;PLS1;ELOVL1;EMX2;RRM2;MED8;DARS2;NUP153;TMEM60;ACTA1;PEX3;ZFAT;ID2;SERBP1;BHLHE40;CENPL;TRMT12;HOXB3;TFAM;DSG2;RCOR3;SSBP2;CALM2;HOXB5"
"BACH1 22875853 ChIP-PCR HELA AND SCP4 Human","42/1127",0.194925097302848,0.701548449585507,0,0,1.16486156135409,1.90471162930048,"GPR27;OTUD4;SLC26A2;WDR26;PDE1C;SYNPO2;SDC2;RGS16;ICAM2;GRIK1;NID2;PPM1F;RYR3;NEUROD1;P2RY6;GOLGA1;BDKRB1;MAN1A1;MSX1;TCP11;DACT1;ZBP1;NCOA2;KCNJ6;RRM2;KCNJ16;ABCA8;PAX5;PDYN;DHRS3;RUNX2;PPM1A;PTPRC;CYP24A1;MAK;HOXB3;XCL1;TFAM;HOXB7;HOXB6;FGFR2;NEK11"
"RNF2 27304074 Chip-Seq NSC Mouse","30/782",0.195465293827806,0.701548449585507,0,0,1.19867751692847,1.95668814367338,"CCDC121;SAMD9L;PDE1C;AHR;HOXA13;OPA1;NFIL3;DSEL;PROK2;MSX1;RUNX1T1;CCDC73;HS3ST3B1;LINGO1;FOXD3;PCGF6;PLAC8L1;IL16;PAX5;DHRS3;PPM1A;EIF3M;VOPP1;HOXB3;HOXB8;STEAP1;SP9;HOXB6;EXOC2;HOXB5"
"CSB 26484114 Chip-Seq FIBROBLAST Human","58/1594",0.195868560421188,0.701548449585507,0,0,1.13824335518895,1.85569118032263,"MYLK2;VIPR1;EIF4E3;GXYLT2;HOXA13;ACTB;FADS3;SNAPC5;BDKRB1;NBN;PLS1;UTP14C;ELOVL1;SPINK2;PLA2G4F;CACNA2D4;APOA5;BIN3;MED21;SLC9A8;PEX5;ROR2;ZNF831;CD302;PFDN4;SLC26A2;PDE1C;SYNPO2;LRTM2;SDC2;GCNT1;UTP23;CLEC16A;KCNA5;CAPG;AMN1;MED30;EPCAM;GTSF1L;TP53INP2;TRA2B;GPR156;RAB11FIP4;RUNX1T1;HTR1B;PRDX6;BLCAP;PTPN14;TSHR;RAD52;CRNN;CYP24A1;PRC1;SCGB1A1;TRMT12;CASS4;REN;SLC28A2"
"ZFP281 18358816 ChIP-ChIP MESCs Mouse","17/419",0.204862641860489,0.729052186192995,0,0,1.26792068140311,2.01018118237321,"FOXD3;SLC37A2;BDNF;NXPH3;WDR75;HTR1B;FOXL2;PPM1J;PAX5;UCHL1;PPP3CC;CCND1;SERBP1;UBAP2L;MSX1;S100PBP;ABCG2"
"NR3C1 23031785 ChIP-Seq PC12 Mouse","28/730",0.205504643087958,0.729052186192995,0,0,1.19780154240702,1.89526539133632,"BLK;FOXK1;CAPG;FBLN1;DCAF5;FBXO21;CHD2;FSTL1;UACA;KRT85;RGS5;UCHL1;HLX;SMYD2;ANKRD1;BBX;TNR;MAN1A1;USP25;MCOLN2;LRP1B;BAMBI;ZFAT;ID2;SERBP1;ANKS6;MFGE8;XPR1"
"GATA3 21867929 ChIP-Seq CD8 Mouse","51/1397",0.207114687073155,0.731281715021329,0,0,1.14081982040183,1.79620095160819,"ARHGAP9;GPR27;DGKD;SLC35F3;AQP9;DCAF5;THG1L;CASP6;DHX15;BDKRB1;RPL38;KPNA4;NBN;PGM1;CACNA2D4;SUPT3H;SHISA6;AFG3L2;ANKS6;SNRPE;HOXB8;SGK1;BLK;HCN4;COL15A1;PDE1C;STXBP4;DDX1;SEZ6;GNAI3;PRDM14;MRO;NR2C2;CPLX4;KRT84;STRA8;FGD5;P2RY6;PGRMC2;ATP6V1G3;VAT1L;TXNDC5;ATP6V0A1;PLAC8L1;GTF2H3;PRDX6;SMUG1;DHRS7;SERBP1;SCGB1A1;ALDH8A1"
"PPARG 20176806 ChIP-Seq 3T3-L1 Mouse","50/1369",0.208979708611461,0.733061647668903,0,0,1.14114881891857,1.78648915330737,"AVEN;CIITA;RTP2;GPR26;COL12A1;NUDT5;CHD2;FADS3;OPA1;GOLGA1;TRIM24;DHX15;PROK2;MYLIP;MKKS;TMEM130;RUNX2;KATNAL1;ELF5;PEX5;PICK1;STRAP;EXOC2;COL15A1;CLEC2L;CCDC68;RPE;FOXK1;CAPG;PDS5B;FSTL1;LRP8;UACA;TMEM168;RNF216;HLX;TPR;CDH26;CNNM2;GPR12;GFPT1;RPP40;DHRS3;NAP1L5;ZFAT;SCGB1A1;BHLHE40;ECHDC2;CCNYL1;SP9"
"NCOR 22465074 ChIP-Seq MACROPHAGES Mouse","58/1604",0.209586752957686,0.733061647668903,0,0,1.13024605827385,1.76614230395158,"ITSN2;ARHGAP9;EIF4E3;DCAF8;GLI1;ACTB;ZC3H12D;MRPL2;TIFAB;PPP3CC;EXO1;ITGB8;WDR7;ADAMTS6;ELOVL1;NCOA2;ENTPD5;WDR75;VEZF1;TMEM170B;EID3;BIN3;PRKAR1A;LIX1;LACTB2;ZC3H11A;STRAP;SGK1;XPR1;RNASEL;SLC26A2;WDR26;INO80D;CFH;PPM1L;RPE;GCNT1;SYNGR2;NFIL3;HLX;TRA2B;AMZ2;ATP6V1G3;KCNJ2;ATG5;TXNDC5;ATP6V0A1;CDK17;USP25;SRD5A3;PRDX6;BLCAP;CPPED1;TMEM60;PTPRC;UBLCP1;BHLHE40;TOMM6"
"ERG 21242973 ChIP-ChIP JURKAT Human","12/283",0.210739898729254,0.733650582024738,0,0,1.32632786296466,2.0652657187735,"NEUROD1;BOLL;CCND1;ACTN2;NPBWR1;PRDM14;SMC5;MSX1;NID2;LRP8;RAB11FIP4;PTGDR"
"LXR 22158963 ChIP-Seq LIVER Mouse","57/1578",0.214384578622851,0.74184418531976,0,0,1.12869156138387,1.73816669764783,"OTUD4;MOGAT1;AQP9;STAB2;FBXO21;CHD2;CCND1;TRIM24;TTC23L;DACT1;HS3ST3B1;MYLIP;NCOA2;SLC39A14;APOA5;DEXI;MLF1;PSMA6;PPM1A;EID3;SLC9A8;FDX1;XCL1;SNRPE;NUP54;CD302;SGK1;CERKL;CDC123;COL15A1;WDR26;TBC1D9B;CFH;PPM1L;FOXK1;CAPG;SAMM50;NFIL3;ZNHIT6;S1PR1;LEKR1;TXNDC5;CDK17;HELT;RPL23A;PRDX6;DHRS3;NAP1L5;INHBE;ARTN;ID2;GPR182;BHLHE40;CENPL;CDK1;ALDH8A1;FGFR2"
"WDR5 24793694 ChIP-Seq LNCAP Human","23/592",0.215085025542374,0.74184418531976,0,0,1.21278292166628,1.86371002884773,"SLC12A2;ZBP1;NXPH2;NUP133;STAB2;PLEKHA5;KCNJ16;FOXK1;CAPG;UACA;TMEM220;STRA8;AFG3L2;CREB1;OR2V2;BAMBI;NPBWR1;SCGB1A1;UGT3A2;MSX1;TGM6;RGS9;ZNF385A"
"ERA 27197147 Chip-Seq ENDOMETRIOID-ADENOCARCINOMA Human","31/822",0.21734733840042,0.743681578965167,0,0,1.17699524177744,1.79639907144247,"ITSN2;CIITA;UBIAD1;INO80D;GCNT1;FOXK1;FBLN1;AHR;UACA;SMYD2;MAN1A1;TCP11;KCNJ2;S100PBP;NKX2-2;TFAP2A;CA10;SRD5A3;BCKDHB;PLAC8L1;DHRS3;BAMBI;ZFAT;SUB1;SERBP1;SCGB1A1;CDK1;RGS10;DNAJC8;EXOC2;FGFR2"
"LMO2 26923725 Chip-Seq HEMANGIOBLAST Mouse","51/1404",0.217614206999203,0.743681578965167,0,0,1.13447634020275,1.73011212828215,"AVEN;HDDC2;CCDC121;GPR26;GRIK1;CHD2;RYR3;SNAPC5;SHH;OPA1;BASP1;ANKRD1;RPL38;UBAP2L;ZBP1;MYLIP;IFT80;MYH3;KATNAL1;NUP54;CD302;SGK1;ABCG2;BLK;HCN4;TBC1D9B;PPM1L;GCNT1;BTF3L4;MRO;NR2C2;FSTL1;UACA;STRA8;FAM124B;FAM184A;SMYD2;NPHP3;CNNM2;ATP6V1G3;LEKR1;RUNX1T1;TXNDC5;ATP6V0A1;TGFB2;HELT;MCOLN2;DHRS7;BAMBI;ZFAT;ALDH8A1"
"AR 35413990 ChIP-Seq Human ARposCRProstateCancer","23/594",0.219713234852921,0.747426301211991,0,0,1.20840630472855,1.83125765670365,"CERKL;BDNF;CCDC68;LMNTD1;PLEKHA5;DCAF8;KCNJ16;MRO;NUDT5;LARP1B;UNC80;RAD52;AMN1;BFSP1;RNF216;ZC3H11A;ZFAT;SMYD2;ANKRD1;PTCHD4;PSKH2;CFAP20;ATP6V0A1"
"SMAD 19615063 ChIP-ChIP OVARY Human","5/100",0.224806525995775,0.756997194522768,0,0,1.57371690094802,2.34879628681716,"RGS4;BDNF;ABCA8;SSBP2;RUNX1T1"
"SOX2 16153702 ChIP-ChIP HESCs Human","30/797",0.224980069580789,0.756997194522768,0,0,1.17428750160603,1.75173570108221,"AVEN;RPL30;COL12A1;CHRM5;PRDM14;MRO;ASB18;RGS4;MOBP;CCND1;ANKRD1;NAALAD2;NKX2-2;FOXD3;USP25;KCNJ6;MKKS;ARHGEF17;FOXL2;DHRS3;PRKAR1A;BAMBI;FEZ1;RGS10;HOXB3;XCL1;RCOR3;CALM2;FGFR2;PTPN3"
"FOXA1 27270436 ChIP-Seq LNCaP Human Prostate Carcinoma","65/1822",0.225575002931617,0.756997194522768,0,0,1.11453403606708,1.65965549534834,"EIF4E3;SLC35F3;UXS1;DCAF8;GXYLT2;LARP1B;NADK2;RGS5;EXO1;RSRC1;CTSL;CASP6;BBX;NBN;SPDL1;ADAMTS6;ZNF385A;FOXD3;NCOA2;NCOA6;FAM177B;CACNB2;UTS2B;POC5;LACTB2;SLC9A8;MAK;MTHFD2L;PEX5;TFAM;SNRPE;TRIM59;BDP1;XPR1;SLC26A2;WDR26;HDAC1;RGS16;BTF3L4;UBR3;SAMM50;RNF216;GTSF1L;TP53INP2;TRA2B;TPR;FAM241A;SLITRK6;MARCHF7;NT5M;CDH26;CDK17;NEK8;ATE1;PLEKHA5;EIF2S2;PRDX6;BLCAP;DHRS3;BFSP1;CEP83;ETFBKMT;RCOR3;SSBP2;PSME3IP1"
"STAT5B 24692510 ChIP-Seq Epithelium Mouse Mammary","19/484",0.228346653352655,0.761153011754327,0,0,1.22489844683393,1.80904075127153,"ZBP1;TFAP2A;ELOVL1;HDDC2;RNASEL;EIF4E3;PPM1L;HDAC1;ACTN2;SRD5A3;NUP153;RCHY1;OPN5;TMEM168;EPCAM;FDX1;ATP13A4;PGM1;ABCG2"
"JUN 21703547 ChIP-Seq K562 Human","44/1206",0.228856744473784,0.761153011754327,0,0,1.13841339383508,1.67877160379872,"CDC123;CIITA;WDR26;CPO;CCDC68;COL12A1;KCNA5;COX7A2;NUDT5;PPM1F;NUBP1;SHH;KIAA1328;CCND1;EXO1;BASP1;SLITRK6;IL21R;WDR7;NBN;RGS9;KCNJ6;CA10;TFAP2D;GPR12;KIDINS220;PABPC4;PAQR3;PAWR;HTR1B;FOXL2;APOA5;DEXI;TMEM130;CDC20B;RAD52;CREB1;PRC1;SUB1;ID2;HOXD3;BDP1;ALDH8A1;XPR1"
"SOX2 30713093 ChIP-Seq Epithelial Human Tongue SCC","35/945",0.231426729675565,0.766279616036871,0,0,1.15516161363067,1.69056973177886,"SAMD9;GLRX;COX7A2;NUDT5;CHD2;TMEM168;P2RY6;RNF216;MOBP;GTSF1L;TPR;ZNF207;ITGB8;SOSTDC1;PTCHD4;CFAP20;ATP6V0A1;ZBP1;SLC37A2;WDR75;IFT80;RPL23A;BPGM;DHRS3;SMUG1;BFSP1;UBLCP1;LARS1;CENPL;TRMT12;ANKS6;SNRPE;ZNF512;CCDC152;CALM2"
"ADNP 35650610 ChIP-Seq mESC Mouse Stem Autism","18/458",0.234485173507436,0.770799177973928,0,0,1.22604091629448,1.77820428226315,"TFAP2A;GSX1;NXPH3;UXS1;AQP9;FOXK1;BPGM;PDS5B;SYNE3;TMEM220;AS3MT;OPA1;NFIL3;FEZ1;TRIM59;CNNM2;TCP11;ATP6V0A1"
"MNX1 26342078 ChIP-Seq MIN6-4N Mouse","55/1533",0.234860957584002,0.770799177973928,0,0,1.1196937803839,1.62216936375088,"ARHGAP9;KLHL36;UXS1;UNC80;RGS5;PPP3CC;HINT3;BASP1;CHORDC1;ITGB8;BDKRB1;NCOA2;WDR75;PAX5;TMEM170B;SHISA6;PPM1A;ACTA1;EID3;POC5;LACTB2;PEX3;MED21;SNRPE;ROR2;CCDC152;HOXB7;HOXB5;WDR26;INO80D;PRDM14;NID2;KRT85;PGRMC2;RNF216;NFIL3;HLX;DSEL;TPR;SLITRK6;SLIT1;NAALAD2;NT5M;ATP6V0A1;CDK17;KCNJ6;KCNJ16;PRDX6;PTPN14;MARCO;UBLCP1;GPR182;SSBP2;PPIL4;TOMM6"
"ETV2 25802403 ChIP-Seq MESCs Mouse","30/804",0.239439323152616,0.780704304986987,0,0,1.16322901403865,1.66278381203736,"ITSN2;RPL30;RNASEL;CCDC68;NXPH3;UXS1;UTP23;STAB2;SMC5;NR2C2;ARPP19;NUBP1;TMEM220;STRA8;P2RY6;PPP4R1;PGRMC2;UGT3A2;NT5M;ADAMTS6;RAB11FIP4;GSX1;PAWR;IL16;PRDX6;TMEM130;EIF3M;MELK;TFAM;HOXB8"
"SMAD4 21741376 ChIP-Seq HESCs Human","66/1862",0.239974880324859,0.780704304986987,0,0,1.10654704374501,1.57928720756797,"HDDC2;TOP2B;SLC35F3;MOGAT1;AQP9;FBXO21;CHD2;RYR3;SNAPC5;UCHL1;BASP1;TNR;CCR4;HS3ST3B1;EMX2;BCKDHB;WDR75;DARS2;FOXL2;APOA4;CACNA2D4;PDYN;DEXI;PSMA6;PPM1A;RBM12B;ROR2;ZNF831;PFDN4;DGKH;BLK;INO80D;PDE1C;GCNT1;SEZ6;CLEC16A;PRDM14;KCNA5;UACA;TMEM168;EXTL2;FAM184A;HLX;NPBWR1;DSEL;SMYD2;S1PR1;RAB11FIP4;LEKR1;S100PBP;RUNX1T1;OR4B1;TGFB3;EIF2S2;BLCAP;OPN5;DHRS3;CYP24A1;BAMBI;ID2;SCGB1A1;BHLHE40;HOXD3;SLC28A2;CALM2;FGFR2"
"MYBL1 21750041 ChIP-ChIP SPERMATOCYTES Mouse","5/103",0.242799458524659,0.783194187179527,0,0,1.52530422106731,2.1590977919786,"SUB1;GOLGA1;BTF3L4;TRIM59;CALM2"
"MEF2A 21415370 ChIP-Seq HL-1 Mouse","26/691",0.245144025773575,0.783194187179527,0,0,1.17268130197082,1.64868364319905,"ITSN2;DGKD;SLC35F3;RPE;DDX1;COL12A1;CHD2;PGRMC2;OPA1;NFIL3;ANKRD1;PACSIN1;MARCKSL1;TGFB2;WDR75;DHRS3;SUPT3H;PSMA6;CACNB2;KATNAL1;BAMBI;PEX3;ZC3H11A;SNRPE;STEAP1;XPR1"
"KLF4 19030024 ChIP-ChIP MESCs Mouse","42/1157",0.245426972822763,0.783194187179527,0,0,1.13165830630684,1.58970361358514,"FOXE3;ARPC5L;SEZ6;GLI1;HOXA13;NID2;ACTB;NEUROD1;SHH;CCND1;RSRC1;CASP6;TRIM24;RPL38;MSX1;NKX2-2;HS3ST3B1;EMX2;TGFB2;HELT;BDNF;DARS2;FOXL2;EIF2S2;PRDX6;BLCAP;KATNAL1;B3GNT7;LACTB2;ARTN;ID2;PEX5;CENPL;HOXB3;PICK1;STRAP;TRIM59;HOXD3;TLCD1;SP9;HOXB6;HOXB5"
"NANOG 18358816 ChIP-ChIP MESCs Mouse","32/865",0.245597069865304,0.783194187179527,0,0,1.15295907666146,1.61882719538447,"CERKL;RPE;SDC2;RGS16;SEZ6;NID2;KRT85;NEUROD1;MOBP;BASP1;ANKRD1;NKX2-2;RUNX1T1;TXNDC5;NEK8;SLC12A2;HS3ST3B1;PAQR3;HTR1B;PDYN;SLC39A14;DHRS3;PPM1A;EID3;KATNAL1;B3GNT7;ID2;DNAJC8;TLCD1;FGFR2;PTPN3;ABCG2"
"MYB 26560356 Chip-Seq TH2 Human","58/1629",0.245996563489945,0.783194187179527,0,0,1.11069824149857,1.55768510130762,"TOP2B;CIITA;CPO;UXS1;AQP9;CHD2;NUBP1;ACTB;ZC3H12D;PPP3CC;CASP6;CHORDC1;UGT2A1;CCR4;TCP11;PGM1;PTGDR;ZBP1;EMX2;SPINK2;DDX55;APOA4;IL16;PSMA6;ACTA1;CREB1;POC5;SLC9A8;EXOC2;ABCG2;BLK;RNASEL;BTF3L4;CAPG;TMEM168;SYNGR2;NFIL3;GTSF1L;TRA2B;S1PR1;AMZ2;S100PBP;USP25;PCGF6;RRM2;SRD5A3;DHRS3;PARP12;TSHR;PTPRC;SCGB1A1;BHLHE40;TRMT12;PSMG1;REN;SSBP2;TMEM9B;PTPN3"
"RUNX1 17652178 ChIP-ChIP JURKAT Human","27/724",0.254473348015386,0.797948779249388,0,0,1.16174971282529,1.58992322435974,"RPE;TMTC3;MRO;CHD2;HERC5;SLIT1;KPNA4;NT5M;TGM6;PTGDR;ATP6V0A1;ZBP1;GPR12;BDNF;ACTL6A;DARS2;IL16;PTPN14;RUNX2;SMUG1;PSMA6;CYP24A1;PRKAR1A;BAMBI;MTHFD2L;ATP13A4;NEK11"
"SALL4 28974232 ChIP-Seq Mouse BoneMarrow Leukemia","14/352",0.255186810600537,0.797948779249388,0,0,1.24019009458137,1.69380129365769,"TOP2B;FOXE3;EMX2;ARHGEF17;PIK3CD;HOXA13;LRP8;SHH;P2RY6;RSRC1;ID2;SERBP1;SP9;SHANK1"
"RUNX1 30185409 ChIP-Seq K562 Mouse BoneMarrow Leukemia","12/296",0.255627868443228,0.797948779249388,0,0,1.26475335529661,1.72516472025809,"AVEN;WDR26;NUP133;ZFAT;RPP40;GDE1;S1PR1;REN;MAN1A1;GLRX;DHRS3;XPR1"
"CBX2 27304074 Chip-Seq ESCs Mouse","23/609",0.255835787965484,0.797948779249388,0,0,1.17653392796781,1.60387398546581,"EMX2;FOXE3;EIF4E3;GSX1;HELT;FOXL2;PAX5;LIN7C;HOXA13;SUPT3H;LRP1B;SYNGR2;HLX;ID2;DHX15;HOXB3;HOXD3;MSX1;HOXB8;PFDN4;SP9;HOXB6;NKX2-2"
"LMO2 26923725 Chip-Seq HEMOGENIC-ENDOTHELIUM Mouse","54/1517",0.255986252671951,0.797948779249388,0,0,1.10967104545167,1.512072761612,"AVEN;GPR26;AQP9;ICAM2;STAB2;SNAPC5;BOLL;EXO1;GOLGA1;ANKRD1;RPL38;UBAP2L;TCP11;ADAMTS6;PTGDR;ZBP1;MYLIP;EMX2;ACTL6A;TMEM170B;MYH3;PRKAR1A;PEX3;ELF5;PEX5;VOPP1;CD302;BDP1;SGK1;BLK;HCN4;CCDC68;SEZ6;FOXK1;MRO;FSTL1;STRA8;FAM124B;NFIL3;FAM184A;HLX;SMYD2;NPHP3;GPR156;RUNX1T1;TXNDC5;ATP6V0A1;LINGO1;HELT;KCNJ16;BLCAP;NAP1L5;SSBP2;PTPN3"
"GATA1 19941827 ChIP-Seq MEL86 Mouse","54/1519",0.259190047855029,0.80456910688332,0,0,1.1080322367855,1.49605815754033,"FOXE3;GPR26;DGKD;SLC35F3;KLHL36;CPXM2;AQP9;GDE1;STAB2;LARP1B;AS3MT;CTSL;CHORDC1;TGM6;PGM1;TTC23L;MYLIP;PLA2G4F;BCKDHB;BPGM;TMEM130;PEX5;XCL1;TLCD1;DGKH;ABCG2;CDC123;WDR26;STXBP4;DDX1;GCNT1;GNAI3;CLEC16A;PRDM14;NR2C2;LRP8;SAMM50;EPCAM;GTSF1L;CHST15;CNNM2;CDK17;SLC12A2;RRM2;GSX1;TMEM60;RAD52;DHRS7;BFSP1;ARTN;SCGB1A1;CCNYL1;ALDH8A1;SLC22A8"
"SMAD4 19686287 ChIP-ChIP HaCaT Human","13/326",0.262462392062489,0.811346398699395,0,0,1.24326360841521,1.66304842723696,"SAMD9;LIN7C;CHD2;BLCAP;UACA;ACTB;DHRS3;EXO1;ZNF207;RGS10;SNRPE;DSG2;ADAMTS6"
"POU3F2 20337985 ChIP-ChIP 501MEL Human","47/1319",0.271366286920183,0.833790956045452,0,0,1.10965675212604,1.44730949857302,"ITSN2;MYLK2;CPO;CFH;RPE;TMTC3;OR2K2;AHR;CHD2;HERC5;LMAN1;RGS5;EXTL2;ABHD10;PTDSS1;PPP3CC;OPA1;BASP1;TPR;GOLGA1;CHORDC1;SLITRK6;BBX;ITGB8;IARS2;MAN1A1;UGT2A1;PSKH2;CCDC50;SGCG;KCNJ2;RUNX1T1;GPR12;DARS2;NUP153;OPN5;MLF1;LRP1B;CACNB2;PTPRC;PRKAR1A;MTHFD2L;ATP13A4;TFAM;NUP54;BDP1;ALDH8A1"
"ZFP281 27345836 Chip-Seq ESCs Mouse","58/1646",0.272351490179754,0.833790956045452,0,0,1.09775729136033,1.42781097850236,"ARHGAP9;DCAF8;PIK3CD;DCAF5;GLI1;HAPLN3;ACTB;TMEM220;UNC80;SHH;BOLL;UCHL1;CCND1;BBX;RPL38;ADAMTS6;HS3ST3B1;MYLIP;FOXD3;NCOA2;WDR75;PPM1A;EID3;CREB1;B3GNT7;PRKAR1A;LACTB2;HOXB3;TLCD1;SGK1;PFDN4;HOXB7;HOXB6;HOXB5;DGKH;SHANK1;RNASEL;INO80D;TBC1D9B;CCDC68;NXPH3;LRTM2;DDX1;GLRX;FBLN1;TPR;RAB11FIP4;PACSIN1;CDK17;BDNF;PRDX6;ID2;GPR182;ECHDC2;CCNYL1;RCOR3;SSBP2;PTPN3"
"CHD1 26751641 Chip-Seq LNCaP Human","58/1647",0.273938913194622,0.833790956045452,0,0,1.09700468214746,1.4204566684479,"DCAF5;GLI1;CHD2;ACTB;CASP6;PEA15;ZNF207;DHX15;KPNA4;MAN1A1;ELOVL1;MYLIP;FOXD3;STARD5;NCOA6;PABPC4;MED8;PAWR;PPM1A;CREB1;ZC3H11A;MTHFD2L;VOPP1;DSG2;DNAJC8;STEAP1;WDR26;PPM1L;HDAC1;SDC2;RGS16;BTF3L4;UTP23;GNAI3;PDS5B;LRP8;EXTL2;IARS2;RAB11FIP4;S100PBP;CDK17;ATE1;USP25;MARCKSL1;EIF2S2;BLCAP;PTPN14;DHRS3;KLHL9;EIF3M;OR2V2;BAMBI;ID2;SERBP1;CDK1;ECHDC2;RCOR3;CALM2"
"YY1 23942234 ChIP-Seq MYOBLASTS AND MYOTUBES Mouse","42/1173",0.274602818550666,0.833790956045452,0,0,1.11467013926822,1.44063259472035,"BLK;AVEN;RPL30;ANKRD37;UBIAD1;SYNPO2;GNAI3;UBR3;PDS5B;CHD2;LMAN1;TMEM168;MRPL2;TRA2B;BBX;BRIX1;CNNM2;ATP6V0A1;ATE1;TGFB2;KIDINS220;BDNF;WDR75;DARS2;IFT80;RPL23A;GTF2H3;GPN1;SLC39A14;ZC3H11A;ZFAT;MED21;SERBP1;CENPL;TRMT12;PICK1;MCM5;DNAJC8;SGK1;PFDN4;PPIL4;DGKH"
"GABP 17652178 ChIP-ChIP JURKAT Human","23/617",0.276034844665106,0.833790956045452,0,0,1.16019352201461,1.4934337870278,"ARHGAP9;RPL30;WDR26;RPE;DDX1;MED8;GNAI3;BPGM;LIN7C;RCHY1;NUDT5;SMUG1;PSMA6;BIN3;SAMM50;UBLCP1;PSMC1;SERBP1;MAGOH;SNRPE;RAD1;ZNF512;EIF2B1"
"TP53 20018659 ChIP-ChIP R1E Mouse","33/909",0.276438075360036,0.833790956045452,0,0,1.12983121330724,1.45270131887642,"FOXE3;PPM1L;COL12A1;RCHY1;HOXA13;NUBP1;NEUROD1;SHH;P2RY6;NFIL3;RSRC1;P2RY2;DHX15;MSX1;CCR4;NKX2-2;HS3ST3B1;FOXD3;EMX2;MARCKSL1;TGFB2;RRM2;HELT;RAB3IL1;FOXL2;PAX5;CYP24A1;B3GNT7;HOXB3;PFDN4;SP9;HOXB6;HOXB5"
"PITX1 30713093 ChIP-Seq Epithelial Human Tongue SCC","5/109",0.279826050422385,0.840606482115634,0,0,1.43685797897754,1.82996381150054,"ATE1;TRMT12;SNRPE;TM4SF4;FGFR2"
"TCFAP2C 20176728 ChIP-ChIP TROPHOBLAST STEM CELLS Mouse","69/1980",0.281292760197322,0.841618900991989,0,0,1.08569263249066,1.37704834818907,"VIPR1;EIF4E3;AQP9;SMC5;FBXO21;HOXA13;ACTB;FADS3;ABHD10;PPP3CC;PEA15;CHORDC1;RPL38;KPNA4;PGM1;HS3ST3B1;ELOVL1;MYLIP;NCOA2;NUP133;ACTN2;PABPC4;DDX55;ACTL6A;MED8;WDR75;VEZF1;SLC39A14;POMGNT1;MRAS;B3GNT7;ZC3H11A;SLC9A8;SUB1;ELF5;PEX5;TFAM;DSG2;MFGE8;STEAP1;HOXB6;SLC26A2;PPM1L;PPM1J;COX7A2;UACA;P2RY6;NFIL3;MSX1;CNNM2;KCNJ2;RAB11FIP4;S100PBP;ATG5;ATP6V0A1;PACSIN1;NEK8;MARCKSL1;NUP153;PRDX6;RAD52;SMUG1;UBLCP1;BAMBI;PSMC1;ID2;RGS10;FGFR2;PTPN3"
"SMARCD1 25818293 ChIP-Seq ESCs Mouse","59/1683",0.283844216233827,0.845855764376805,0,0,1.09156403940887,1.37463904234246,"ITSN2;AVEN;GPR26;DGKD;RGSL1;COL12A1;GXYLT2;DCAF5;RSRC1;TNR;RGS9;TTC23L;NCOA2;NCOA6;ENTPD5;NXPE2;CACNA2D4;PAX5;RUNX2;SUPT3H;SHISA6;CACNB2;SLC9A5;LIX1;MTHFD2L;VOPP1;ROR2;TLCD1;PLA2R1;DGKH;SLC26A2;CFH;PDE1C;TMTC3;UBR3;PDS5B;RCHY1;NR2C2;LMAN1;HMBOX1;P2RY2;CNNM2;LEKR1;VAT1L;ATG5;NEK8;ATE1;PCGF6;SLC37A2;KCNJ6;KIDINS220;NUP153;LRP1B;TSHR;ATP13A4;HOXD3;FGFR2;NEK11;CCDC171"
"RUNX 20019798 ChIP-Seq JUKART Human","19/505",0.28633458033044,0.849877539227799,0,0,1.17066758116141,1.4640301932162,"MYLIP;GPR12;CLEC2L;RGS16;ICAM2;CAPG;UACA;RUNX2;CRNN;PTPRC;CCND1;SLC9A8;IL21R;S1PR1;TGM6;SGK1;SSBP2;RGS9;ATP6V0A1"
"STAT6 21828071 ChIP-Seq BEAS2B Human","2/33",0.290696705019671,0.853586782242397,0,0,1.92650944807299,2.38015388685249,"PPP4R1;VEZF1"
"HOXD13 18407260 ChIP-ChIP DEVELOPING-LIMBS Mouse","6/138",0.291503257700735,0.853586782242397,0,0,1.35861727696875,1.6747730844008,"RPL30;EMX2;OPA1;STAB2;ITGB8;FOXL2"
"CTCF 18555785 ChIP-Seq MESCs Mouse","40/1123",0.29206250483139,0.853586782242397,0,0,1.10791194562328,1.36360410949186,"CDC123;VIPR1;TBC1D9B;PDE1C;GCNT1;CHRM5;PPM1J;GLI1;LRP8;UACA;KRT85;GIMAP8;P2RY6;TNR;RPL38;NT5M;NBN;RGS9;UNC45A;ZBP1;SLC37A2;KCNJ6;PABPC4;ARHGEF17;WNT7A;PAX5;TSHR;INHBE;SLC9A5;LIX1;BAMBI;PEX5;SNRPE;MCM5;ROR2;TLCD1;STEAP1;PFDN4;FGFR2;HOXB5"
"YAP1 20516196 ChIP-Seq MESCs Mouse","65/1868",0.292893229815704,0.853586782242397,0,0,1.08325925588251,1.33018510485291,"OTUD4;GPR26;SLC35F3;CHD2;HAPLN3;ACTB;SHH;OPA1;CCND1;RSRC1;BASP1;CHORDC1;TRIM24;PROK2;RPL38;KPNA4;UGT2A2;RGS9;HS3ST3B1;NCOA2;PAQR3;IL16;UNC93A;TM4SF4;SUPT3H;PSMA6;ACTA1;MELK;MYH3;B3GNT7;PRKAR1A;HOXB3;SNRPE;MCM5;SGK1;EXOC2;TBC1D9B;PPM1L;PDE1C;CCDC68;STXBP4;SEZ6;CLEC16A;LRP8;PTDSS1;SYNGR2;RNF216;NFIL3;DSEL;SMYD2;SLIT1;RAB11FIP4;SLC12A2;MARCKSL1;KCNJ6;TGFB2;PLEKHA5;PTPN14;MARCO;ID2;SERBP1;SSBP2;CALM2;FGFR2;PTPN3"
"E2F1 21310950 ChIP-Seq MCF-7 Human","31/858",0.29331304195175,0.853586782242397,0,0,1.12357607134611,1.37808272283023,"HCN4;CERKL;FOXK1;CHD2;NR2C2;NUBP1;SNAPC5;ABHD10;EXO1;CASP6;NBN;TXNDC5;UNC45A;TFAP2A;RRM2;ACTL6A;PAWR;RPL23A;NUP153;CDC20B;PSMA6;AFG3L2;KATNAL1;MAK;SERBP1;PPP1R3D;RBM12B;SNRPE;MCM5;MFGE8;CALM2"
"EOMES 20176728 ChIP-ChIP TSCs Mouse","44/1243",0.294804776721155,0.854589722401792,0,0,1.10103874440822,1.34485487305138,"AVEN;ANKRD37;SLC26A2;RGS16;CHRM5;ARPC5L;SMC5;COX7A2;LRP8;UACA;NFIL3;CCND1;PROK2;KPNA4;IARS2;KCNJ2;ATG5;ATP6V0A1;MYLIP;NCOA2;ATE1;RRM2;RPP40;MED8;PAWR;WNT7A;FOXL2;VEZF1;NUP153;EIF2S2;SMUG1;MRAS;UBLCP1;KATNAL1;B3GNT7;LACTB2;PSMC1;ID2;ELF5;PEX5;MFGE8;FGFR2;PTPN3;ABCG2"
"SPI1 22790984 ChIP-Seq ERYTHROLEUKEMIA Mouse","55/1572",0.297532925329618,0.855837951237703,0,0,1.08852755194219,1.31954617527176,"ARHGAP9;HDDC2;RPL30;ANKRD37;KLHL36;ARPC5L;ICAM2;PIK3CD;CHD2;THG1L;SNAPC5;NEK1;RPL38;KPNA4;UBAP2L;UNC45A;DDX55;WDR75;POMGNT1;CD200R1;TFAM;SNRPE;NUP54;SGK1;EXOC2;SLC26A2;HDAC1;DDX1;UTP23;GNAI3;LIN7C;NR2C2;ARPP19;AMN1;PTDSS1;MED30;TPR;AMZ2;NT5M;ATG5;SRD5A3;GFPT1;CPPED1;SMUG1;EIF3M;BAMBI;SERBP1;CASS4;RGS10;CCNYL1;SNRNP48;RAD1;CALM2;TOMM6;NEK11"
"NCOR 22424771 ChIP-Seq 293T Human","55/1572",0.297532925329618,0.855837951237703,0,0,1.08852755194219,1.31954617527176,"AVEN;CIITA;UXS1;CHRM5;AQP9;STAB2;NUBP1;UCHL1;OR10W1;TRIM24;PROK2;TTC23L;ADAMTS6;PTGDR;PLA2G4F;PLEKHG7;PAWR;BPGM;TM4SF4;TMEM130;RUNX2;AFG3L2;CD200R1;KIAA1614;KATNAL1;LACTB2;ELF5;NUP54;HOXB8;RCCD1;STEAP1;XPR1;CDC123;SLC26A2;NXPH3;MRO;LRP8;CPLX4;STRA8;CLEC3A;FGD5;SLIT1;UGT3A2;CNNM2;TFAP2A;KIDINS220;NUP153;OPN5;TSHR;KLHL9;PRC1;PSMC1;SCGB1A1;TRMT12;ALDH8A1"
"EWS 26573619 Chip-Seq HEK293 Human","24/656",0.301435839417575,0.857507534596296,0,0,1.13735696202532,1.36391629656147,"MYLIP;FOXD3;SLC35F3;RPE;SRD5A3;RPP40;PAWR;PDS5B;UACA;ACTB;LRP1B;ZC3H12D;CREB1;RNF216;EXO1;BAMBI;TRA2B;SERBP1;SMYD2;SLITRK6;S1PR1;STRAP;KCNJ2;RUNX1T1"
"TBX2 33478486 ChIP-Seq IMR90 Human Lung","81/2354",0.301474223308737,0.857507534596296,0,0,1.0714557915022,1.28475131161568,"SLC35F3;COL12A1;ARPC5L;LRRC72;GDE1;GRIK1;DCAF5;ACTB;CCAR2;ZC3H12D;FADS3;UNC80;BOLL;UCHL1;HINT3;CCND1;BBX;ITGB8;RPL38;MAN1A1;PTGDR;UNC45A;HS3ST3B1;ARHGEF17;PAWR;CACNA2D4;PAX5;TMEM130;ACTA1;SLC9A8;VOPP1;HOXB3;ANKS6;PLA2R1;EXOC2;XPR1;HOXB5;SHANK1;CERKL;TBC1D9B;PDE1C;RPE;RGS16;GNAI3;KCNA5;CAPG;UACA;KLC4;AMN1;HMBOX1;MED30;NFIL3;HLX;NPBWR1;TRA2B;CHST15;SLIT1;RHBG;RAB11FIP4;PACSIN1;ATE1;SLC37A2;KCNJ6;CA10;HELT;BDNF;TGFB3;HTR1B;NUP153;PTPN14;DHRS3;NAP1L5;RAD52;DHRS7;CYP24A1;ZFAT;RGS10;ECHDC2;ANKRD62;RCOR3;SSBP2"
"NKX2-5 21415370 ChIP-Seq HL-1 Mouse","35/980",0.302100423343361,0.857507534596296,0,0,1.11026661840994,1.32898446718742,"UXS1;TMTC3;GLRX;PDS5B;CHD2;FSTL1;FGD5;PPP4R1;TPR;SMYD2;IL21R;NPHP3;PGM1;CCDC50;SGCG;RUNX1T1;UNC45A;HS3ST3B1;ELOVL1;ATE1;STARD5;TGFB3;DEXI;MLF1;TSHR;SLC9A5;PRKAR1A;LIX1;ZC3H11A;FDX1;SERBP1;ATP13A4;PICK1;ECHDC2;SNRPE"
"EZH2 22144423 ChIP-Seq EOC Human","2/34",0.302799159596486,0.857507534596296,0,0,1.86620942812983,2.22953340508041,"KCNJ6;PAX5"
"NFIB 24661679 ChIP-Seq LUNG Mouse","17/453",0.303868441789828,0.857507534596296,0,0,1.16694852514226,1.39002290526068,"MYLIP;ANKRD37;KCNJ6;WDR26;KIDINS220;UXS1;WDR75;WNT7A;KCNJ16;CAPG;CHD2;NFIL3;HOXB3;SSBP2;CALM2;TCP11;VAT1L"
"KLF4 25985364 ChIP-Seq ATHEROSCLEROSIS LESION Mouse","31/865",0.309128018204328,0.86347030706388,0,0,1.11372455433711,1.3075123923376,"HCN4;SAMD9L;INO80D;SLC35F3;COL12A1;BTF3L4;SEZ6;ICAM2;SMC5;FOXK1;FSTL1;RGS4;FAM124B;CHORDC1;TRIM24;PROK2;ATP6V0A1;CDK17;WDR75;HTR1B;LRP1B;PPM1A;MARCO;BIN3;POC5;SERBP1;SPOPL;PSMG1;SNRNP48;STEAP1;ABCG2"
"SOX2 22085726 ChIP-Seq NPCs Mouse","50/1430",0.310148741532609,0.86347030706388,0,0,1.0870170090247,1.27257438351188,"TOP2B;ARPC5L;PIK3CD;NUBP1;GIMAP8;OPA1;MAGOH;ADAMTS6;NCOA2;APOBEC4;ENTPD5;PABPC4;DDX55;ARHGEF17;ACOT13;APOA4;APOA5;ACTA1;CREB1;KATNAL1;MAK;HOXB3;HOXB7;UBIAD1;LRTM2;RPE;PRDM14;KCNA5;COX7A2;KLC4;STRA8;AMN1;MED30;TPR;SLIT1;NPHP3;CNNM2;RUNX1T1;ATE1;USP25;SLC37A2;HELT;PLAC8L1;OPN5;CPPED1;TMEM60;SCGB1A1;ATP13A4;SLC22A8;NEK11"
"POU5F1 16518401 ChIP-PET MESCs Mouse","30/836",0.310325140117628,0.86347030706388,0,0,1.11512204508192,1.30484299083264,"CFH;CPXM2;RPE;SEZ6;PIK3CD;AHR;ASB18;SHH;TRIM24;SLIT1;TNR;NPHP3;KPNA4;RHBG;TCP11;PLEKHA5;PAWR;VEZF1;PDYN;BLCAP;PPM1A;AFG3L2;DHRS7;B3GNT7;ECHDC2;ROR2;DHCR7;HOXB8;HOXB6;HOXB5"
"PBX 27287812 Chip-Seq EMBYONIC-LIMB Mouse","52/1490",0.310617506433718,0.86347030706388,0,0,1.08502177088502,1.26859986650504,"TOP2B;CCDC121;RTP2;DGKD;UXS1;CHRM5;GDE1;CHD2;HAPLN3;GIMAP8;TMEM220;BOLL;CCND1;ANKRD1;BBX;RGS9;TTC23L;ZBP1;NCOA2;MKKS;STARD5;IL16;CACNA2D4;PAX5;BPGM;RUNX2;MYH3;B3GNT7;HOXB3;XCL1;SGK1;HOXB6;HOXB5;RNASEL;PDE1C;SYNPO2;GLRX;MRO;NR2C2;FSTL1;CPLX4;TMEM168;MOBP;SLIT1;RUNX1T1;PLAC8L1;MCOLN2;SMUG1;EIF3M;PSMC1;DHCR7;FGFR2"
"RARB 27405468 Chip-Seq BRAIN Mouse","56/1611",0.312978486012993,0.866799152712566,0,0,1.08075023180406,1.25542197652168,"MYLK2;ANKRD37;DGKD;EIF4E3;CHRM5;ARPC5L;FBXO21;CHD2;RYR3;RGS4;UCHL1;CTSL;WDR7;RGS9;HS3ST3B1;ACTN2;PABPC4;WDR75;ACOT13;FOXL2;CACNB2;ACTA1;EID3;BIN3;MRAS;LACTB2;FEZ1;SLC9A8;PEX5;INO80D;NXPH3;LRTM2;RPE;FOXK1;NR2C2;FAM184A;CHST15;LEKR1;RUNX1T1;ATP6V0A1;PACSIN1;TGFB2;HTR1B;CPPED1;SMUG1;ZFAT;SCGB1A1;BHLHE40;CDK1;TRMT12;RAD1;SLC22A8;SSBP2;SP9;CALM2;TOMM6"
"ENL 26711339 ChIP-Seq SEM Human Blood Leukemia","53/1523",0.316068281459966,0.872114332176574,0,0,1.08169314705748,1.24589093053637,"ITSN2;OTUD4;AVEN;TOP2B;CIITA;DGKD;UXS1;PIK3CD;GLI1;NUDT5;CHD2;RYR3;ZC3H12D;SNAPC5;PPP3CC;EXO1;CHORDC1;TRIM24;BBX;NEK1;ITGB8;ACTL6A;PAWR;PAX5;RUNX2;SUPT3H;MELK;CREB1;FDX1;RBM12B;TRIM59;BLK;INO80D;PPM1L;PDS5B;LIN7C;HMBOX1;HLX;TRA2B;TPR;UGT3A2;ATG5;TXNDC5;SLC12A2;TFAP2A;USP25;RRM2;RAD52;PTPRC;ZFAT;ID2;SSBP2;CALM2"
"VDR 24787735 ChIP-Seq THP-1 Human","24/663",0.319694470453583,0.874883402344142,0,0,1.12447699530516,1.28234177993027,"TOP2B;SLC37A2;GSX1;BCKDHB;SEZ6;FOXK1;CHD2;GPN1;UACA;SNAPC5;PSMA6;SHH;MED30;POC5;ARTN;BASP1;HLX;ZFAT;BHLHE40;SLITRK6;VOPP1;TNR;ALDH8A1;ATP6V1G3"
"NFE2L2 20460467 ChIP-Seq MEFs Mouse","31/870",0.32059485750329,0.874883402344142,0,0,1.10678840197338,1.25905711756739,"EIF4E3;SYNPO2;GCNT1;TMTC3;PIK3CD;SMC5;AHR;LRP8;RGS4;RNF216;OPA1;HINT3;CASP6;CHORDC1;KCNJ2;ATG5;TXNDC5;TGFB2;ENTPD5;PAWR;PLAC8L1;PRDX6;MCOLN2;ZC3H11A;ZFAT;SUB1;RGS10;PSMG1;CD302;ALDH8A1;SGK1"
"NRF2 20460467 ChIP-Seq MEFs Mouse","31/870",0.32059485750329,0.874883402344142,0,0,1.10678840197338,1.25905711756739,"EIF4E3;SYNPO2;GCNT1;TMTC3;PIK3CD;SMC5;AHR;LRP8;RGS4;RNF216;OPA1;HINT3;CASP6;CHORDC1;KCNJ2;ATG5;TXNDC5;TGFB2;ENTPD5;PAWR;PLAC8L1;PRDX6;MCOLN2;ZC3H11A;ZFAT;SUB1;RGS10;PSMG1;CD302;ALDH8A1;SGK1"
"POU3F1 26484290 ChIP-Seq ESCss Mouse","54/1557",0.32318584274587,0.87873522936377,0,0,1.07772354450762,1.2173186575488,"OTUD4;TOP2B;ANKRD37;CCDC121;GPR26;ARPC5L;GRIK1;DCAF5;CHD2;RGS5;RSRC1;BASP1;ITGB8;RPL38;PGM1;DACT1;HS3ST3B1;PAX5;BPGM;SUPT3H;MLF1;MRAS;POC5;PEX5;SNRPE;NUP54;XPR1;RNASEL;COL15A1;RPE;GNAI3;PPM1F;NEUROD1;DSEL;CCDC73;ATP6V0A1;RIBC2;CDK17;PLEKHA5;KCNJ16;PRDX6;BLCAP;NAP1L5;MARCO;CYP24A1;ZFAT;ID2;TRMT12;DHCR7;SLC22A8;RCOR3;SP9;CALM2;FGFR2"
"THAP11 20581084 ChIP-Seq MESCs Mouse","21/577",0.325605559949374,0.882095062408305,0,0,1.1303870916006,1.26837182627474,"OTUD4;PCGF6;NUP133;BTF3L4;TMTC3;RPL23A;NUP153;EIF2S2;SMUG1;HMBOX1;UBLCP1;OPA1;KATNAL1;EXO1;ZC3H11A;SLC9A8;SERBP1;TPR;CHORDC1;RAD1;NUP54"
"WT1 19549856 ChIP-ChIP CCG9911 Human","7/173",0.330608056380851,0.892402181172949,0,0,1.2601339939196,1.39474368078552,"TFAP2A;WDR26;RRM2;GNAI3;SSBP2;FSTL1;DACT1"
"RARG 19884340 ChIP-ChIP MEFs Mouse","12/317",0.334144300035788,0.898691348471704,0,0,1.17637491314306,1.28952140885419,"ZBP1;TOP2B;CCND1;PPM1L;TGFB3;GDE1;PICK1;FSTL1;HOXA13;NID2;DHRS3;FGFR2"
"AR 19668381 ChIP-Seq PC3 Human","95/2803",0.337993460495824,0.905773841976218,0,0,1.05389366444657,1.14318873759372,"ITSN2;VIPR1;DGKD;COL12A1;AQP9;STAB2;GLI1;CHD2;HOXA13;NUBP1;RYR3;FADS3;PPP4R1;CCND1;TRIM24;DHX15;BBX;ITGB8;MAN1A1;PGM1;UTP14C;ZBP1;HS3ST3B1;MYLIP;NCOA2;PLA2G4F;STARD5;ACTN2;BCKDHB;WDR75;IFT80;FOXL2;VEZF1;CACNA2D4;PAX5;BPGM;PDYN;DEXI;RUNX2;SUPT3H;CACNB2;ACTA1;MRAS;SLC9A5;MELK;ELF5;MTHFD2L;RBM12B;HOXB3;PICK1;DSG2;ROR2;EXOC2;BLK;WDR26;PPM1L;NXPH3;RPE;SDC2;RGS16;BTF3L4;GNAI3;PRDM14;FOXK1;LRP8;NID2;CPLX4;P2RY6;SLIT1;MSX1;CDH26;NKX2-2;TXNDC5;RIBC2;TFAP2A;USP25;SLC37A2;KCNJ6;CA10;TFAP2D;KIDINS220;PTPN14;OPN5;DHRS3;LRP1B;TMEM60;MARCO;PTPRC;BAMBI;ID2;TRMT12;SSBP2;PPIL4;FGFR2;NEK11"
"BRD4 27068464 Chip-Seq AML-cells Mouse","55/1597",0.340770318563717,0.909942248494512,0,0,1.06937839265985,1.15123565266577,"ITSN2;HDDC2;DGKD;AQP9;GDE1;DCAF8;DCAF5;LARP1B;ABHD10;HINT3;RPL38;TCP11;HS3ST3B1;MYLIP;NCOA2;NUP133;VEZF1;TMEM170B;CREB1;PRKAR1A;LACTB2;SGK1;EXOC2;RNASEL;WDR26;TBC1D9B;RPE;GCNT1;GNAI3;NR2C2;LRP8;LMAN1;HLX;DSEL;IL21R;S1PR1;IARS2;NT5M;CNNM2;ATG5;TXNDC5;MARCKSL1;RRM2;GSX1;INHBE;SMUG1;PTPRC;PSMC1;ID2;CENPL;CCNYL1;ALDH8A1;SLC22A8;RCOR3;SSBP2"
"NACC1 18358816 ChIP-ChIP MESCs Mouse","20/554",0.344209930719813,0.911477728593201,0,0,1.12043967298429,1.19495288210231,"NEK8;HS3ST3B1;CERKL;FOXD3;NCOA2;SLC37A2;NXPH3;FSTL1;NID2;DHRS3;EID3;MRAS;SAMM50;MOBP;B3GNT7;BASP1;SMYD2;UBAP2L;TLCD1;ABCG2"
"ZNF263 19887448 ChIP-Seq K562 Human","3/64",0.344441094127875,0.911477728593201,0,0,1.46855808760087,1.56523648649446,"RGS10;EIF2S2;SUPT3H"
"SOX9 26525672 Chip-Seq HEART Mouse","45/1299",0.345015730823198,0.911477728593201,0,0,1.07518853575842,1.14417829458697,"BLK;RPL30;UBIAD1;PPM1L;HDAC1;SEZ6;SMC5;FSTL1;HMBOX1;PTDSS1;UCHL1;PGRMC2;BASP1;DSEL;TPR;MSX1;GPR156;RGS9;ADAMTS6;KCNJ2;RAB11FIP4;LEKR1;S100PBP;RUNX1T1;MYLIP;EMX2;KCNJ6;SPINK2;RRM2;KIDINS220;ACTL6A;KCNJ16;PTPN14;LRP1B;PSMA6;MARCO;EIF3M;CREB1;BAMBI;ID2;PLA2R1;SGK1;PFDN4;SSBP2;XPR1"
"SIN3B 21632747 ChIP-Seq MESCs Mouse","112/3329",0.351331695051409,0.924883790859717,0,0,1.04600733185955,1.09414929797974,"OTUD4;RPL30;ANKRD37;UXS1;ARPC5L;GXYLT2;NUDT5;ACTB;THG1L;BASP1;MAGOH;NEK1;TNR;RPL38;NBN;RGS9;TCP11;MED8;CACNA2D4;PDYN;SLC9A5;MELK;KATNAL1;PRKAR1A;HOXB3;TFAM;ANKS6;SNRPE;HOXB8;PLA2R1;DGKH;NXPH2;STXBP4;NXPH3;UTP23;CLEC16A;PRDM14;PDS5B;NEUROD1;PTDSS1;TPR;RAB11FIP4;TXNDC5;PACSIN1;CDK17;BDNF;BFSP1;ZFAT;ID2;GPR182;BHLHE40;CDK1;CASS4;HOXD3;CALM2;FGFR2;ARHGAP9;CIITA;GPR26;SLC35F3;MOGAT1;TMEM220;SNAPC5;MRPL2;UCHL1;OPA1;HINT3;EXO1;RSRC1;CASP6;ITGB8;WDR7;CCR4;HS3ST3B1;DDX55;BCKDHB;PAX5;SUPT3H;MLF1;PSMA6;ACTA1;MRAS;MYH3;B3GNT7;HCN4;CDC123;LRTM2;SEZ6;FOXK1;PPM1F;PGRMC2;GTSF1L;SLIT1;S1PR1;NT5M;CNNM2;KCNJ2;LEKR1;VAT1L;RIBC2;LINGO1;KCNJ6;GSX1;GTF2H3;PTPN14;TSHR;EIF3M;CYP24A1;RAD1;SSBP2;PPIL4;NEK11"
"ESR1 22446102 ChIP-Seq UTERUS Mouse","41/1183",0.352943922716945,0.925856416986353,0,0,1.07522726749009,1.11979123770393,"TOP2B;COL15A1;DGKD;SLC35F3;CCDC68;NXPH3;CPXM2;FOXK1;CALML4;FSTL1;NID2;ACTB;RYR3;HMBOX1;PGRMC2;NFIL3;PROK2;TNR;NT5M;TGM6;GPR156;ZBP1;NCOA2;TGFB2;GSX1;ARHGEF17;PLEKHA5;PAWR;EIF2S2;PTPN14;DHRS7;BFSP1;CREB1;KATNAL1;ID2;SERBP1;SCGB1A1;TFAM;ROR2;MFGE8;XPR1"
"HNF1A 26855178 ChIP-Seq Caco2 Human Colon Adenocarcinoma","15/411",0.357728724747115,0.931881817095618,0,0,1.13248016442023,1.16416733531772,"KCNJ16;RAB3IL1;TM4SF4;DCAF5;PLAAT5;SLC39A14;THG1L;SHH;RSRC1;ID2;NAALAD2;ANKS6;BRIX1;TLCD1;RHBG"
"ERG 20887958 ChIP-Seq HPC-7 Mouse","51/1486",0.357742549918586,0.931881817095618,0,0,1.06477573328051,1.09452736204174,"HDDC2;VIPR1;KLHL36;DCAF8;FBXO21;NUDT5;NUBP1;FADS3;HERC5;SNAPC5;CASP6;TRIM24;NEK1;NBN;PGM1;CCDC50;ACTL6A;MED8;RAB3IL1;VEZF1;BPGM;ALG11;SUPT3H;CD200R1;MELK;PRKAR1A;MTHFD2L;PICK1;STRAP;MCM5;DNAJC8;TLCD1;SHANK1;TBC1D9B;NR2C2;ARPP19;PTDSS1;SAMM50;IL21R;AMZ2;NT5M;ATG5;CDK17;MARCKSL1;RRM2;SRD5A3;TMEM60;BAMBI;CCNYL1;SNRNP48;SSBP2"
"IRF8 22096565 ChIP-ChIP GC-B Human","6/150",0.360288682127637,0.935244140017734,0,0,1.24462156557802,1.27057151957182,"NEK8;CIITA;SAMD9;NBN;TLCD1;ATP6V1G3"
"ETS2 20176728 ChIP-ChIP TROPHOBLAST STEM CELLS Mouse","6/151",0.366090219097745,0.943059278689661,0,0,1.23597361505872,1.24199957437231,"PSMA6;EMX2;DHRS7;FOXK1;GLI1;PTPN3"
"MYC 19915707 ChIP-ChIP AK7 Human","59/1732",0.366126821214603,0.943059278689661,0,0,1.0566646742379,1.06171077591348,"RTP2;GPR26;PIK3CD;NUBP1;RGS5;BOLL;PPP4R1;CASP6;GOLGA1;TRIM24;NEK1;RPL38;UBAP2L;TGM6;PLA2G4F;STARD5;NUP133;PABPC4;PAQR3;WDR75;PAWR;VEZF1;BPGM;UNC93A;PDYN;CD200R1;SLC9A5;CREB1;HOXB3;HOXB8;STEAP1;PFDN4;ABCG2;COL15A1;NXPH2;SDC2;GCNT1;BTF3L4;KCNA5;FGD5;SAMM50;SMYD2;SLIT1;NAALAD2;RIBC2;KCNJ6;TGFB2;RPL23A;NUP153;GTF2H3;PTPN14;SMUG1;DHRS7;TRMT12;RGS10;ECHDC2;DHCR7;SLC22A8;FGFR2"
"TAL1 26923725 Chip-Seq HEMANGIOBLAST Mouse","37/1070",0.367862705207962,0.943059278689661,0,0,1.07208207581193,1.07213084922137,"BLK;HCN4;HDDC2;GPR26;TBC1D9B;GCNT1;GRIK1;MRO;CHD2;NR2C2;FSTL1;RYR3;SNAPC5;STRA8;FAM124B;OPA1;FAM184A;TRIM24;ANKRD1;RPL38;GPR156;CNNM2;RUNX1T1;ATP6V0A1;ZBP1;KCNJ6;TGFB2;GPR12;RUNX2;MYH3;BAMBI;FDX1;NUP54;ALDH8A1;SGK1;EXOC2;FGFR2"
"GATA3 21867929 ChIP-Seq TH1 Mouse","47/1372",0.370156301762991,0.943059278689661,0,0,1.06214755845296,1.05559402872593,"ARHGAP9;ANKRD37;TBC1D9B;CLEC2L;HDAC1;DDX1;COL12A1;GDE1;LIN7C;HAPLN3;RYR3;KRT84;AMN1;PGRMC2;HINT3;EPCAM;CASP6;HLX;DSEL;GOLGA1;MAGOH;IARS2;NBN;RAB11FIP4;ATG5;PACSIN1;SLC12A2;EMX2;GSX1;MED8;PLEKHA5;PAWR;GPN1;BLCAP;SUPT3H;CACNB2;ACTA1;ARTN;MAK;GPR182;SERBP1;RBM12B;CCNYL1;MCM5;HOXB8;HOXB7;EXOC2"
"TCF3 18467660 ChIP-ChIP MESCs Mouse","34/982",0.372483459437151,0.943059278689661,0,0,1.07320846626188,1.05986059302035,"ITSN2;TOP2B;FOXE3;GPR26;PPM1L;BTF3L4;FBXO21;HOXA13;PPP3CC;BASP1;TRIM24;UBAP2L;TXNDC5;DACT1;SLC12A2;USP25;PAWR;FOXL2;PARP12;LRP1B;RAD52;KLHL9;CACNB2;PPM1A;BFSP1;CREB1;FDX1;SERBP1;RGS10;STRAP;ANKS6;SP9;TMEM9B;FGFR2"
"EP300 20729851 ChIP-Seq FORBRAIN MIDBRAIN LIMB HEART Mouse","45/1313",0.372691113980391,0.943059278689661,0,0,1.06249477719514,1.04868799232161,"RNASEL;WDR26;SLC35F3;GNAI3;GRIK1;MRO;CHD2;PPM1F;ACTB;RYR3;CPLX4;FADS3;TMEM168;NFIL3;CCND1;BASP1;ANKRD1;SLIT1;ITGB8;ATP6V1G3;ADAMTS6;RUNX1T1;DACT1;MYLIP;LINGO1;EMX2;TGFB2;TGFB3;PABPC4;PLEKHA5;RAB3IL1;BPGM;BLCAP;MCOLN2;DHRS3;BIN3;B3GNT7;LIX1;PRC1;SUB1;ID2;SCGB1A1;EXOC2;XPR1;FGFR2"
"GATA4 21415370 ChIP-Seq HL-1 Mouse","47/1374",0.374063078786271,0.943059278689661,0,0,1.06042906463509,1.042752598575,"ITSN2;AVEN;TOP2B;RNASEL;UBIAD1;LRTM2;COL12A1;PDS5B;CHD2;HOXA13;HERC5;TMEM168;HMBOX1;TPR;MAGOH;TRIM24;NEK1;NBN;CNNM2;PGM1;ADAMTS6;RUNX1T1;ATP6V0A1;DACT1;PCGF6;TGFB2;STARD5;PABPC4;TM4SF4;DEXI;DHRS3;TMEM60;MRAS;SLC9A5;KATNAL1;PRKAR1A;LACTB2;PEX3;SLC9A8;SUB1;ID2;ELF5;SERBP1;PPP1R3D;RGS10;SNRPE;CALM2"
"MYC 19079543 ChIP-ChIP MESCs Mouse","35/1013",0.374692008714281,0.943059278689661,0,0,1.07088021155985,1.051230524077,"BLK;RPL30;BTF3L4;ARPC5L;GNAI3;ACTB;PTDSS1;OPA1;CCND1;CHORDC1;DHX15;RPL38;EIF2B1;CCR4;RAB11FIP4;NEK8;RPP40;WDR75;RPL23A;PRDX6;TMEM60;RAD52;PPM1A;AFG3L2;MRAS;BFSP1;B3GNT7;SLC9A8;SERBP1;TRIM59;RAD1;NUP54;TLCD1;CALM2;FGFR2"
"ZFP42 18358816 ChIP-ChIP MESCs Mouse","35/1013",0.374692008714281,0.943059278689661,0,0,1.07088021155985,1.051230524077,"ANKRD37;AQP9;GNAI3;KCNA5;PPM1J;NID2;SNAPC5;KLC4;HMBOX1;MRPL2;HINT3;BASP1;DHX15;UBAP2L;NT5M;CCR4;TCP11;NEK8;SLC37A2;MKKS;DARS2;IFT80;RPL23A;BPGM;PSMA6;LACTB2;RBM12B;CENPL;TRMT12;MCM5;DNAJC8;SP9;HOXB6;HOXB5;ABCG2"
"MECOM 23826213 ChIP-Seq KASUMI Mouse","52/1527",0.377928503431853,0.947899191840792,0,0,1.05561933963603,1.02717065770644,"ITSN2;ARHGAP9;TOP2B;DGKD;AQP9;ARPC5L;PIK3CD;LARP1B;AS3MT;ABHD10;CTSL;BBX;KPNA4;ELOVL1;MYLIP;ENTPD5;WDR75;PAWR;IFT80;VEZF1;PSMA6;CD200R1;BIN3;B3GNT7;LACTB2;SLC9A8;VOPP1;NUP54;SGK1;RNASEL;PPM1L;RPE;BTF3L4;PPM1J;GLRX;CAPG;MRO;LRP8;UACA;EXTL2;ZNHIT6;IL21R;ATP6V0A1;RRM2;SRD5A3;PRDX6;RAD52;DHRS7;PTPRC;UBLCP1;SERBP1;TOMM6"
"STAT3 29892750 ChIP-Seq EML Mouse BoneMarrow","13/358",0.379159676736317,0.947899191840792,0,0,1.1260504967642,1.09204135297866,"COX7A2;NUP153;PDS5B;PSMA6;AMN1;HINT3;CHORDC1;MAGOH;AMZ2;NUP54;DNAJC8;PLPP1;ATP6V0A1"
"FOXA1 26743006 Chip-Seq LNCaP-abl Human","55/1620",0.382109329925744,0.952078430751435,0,0,1.05230150278074,1.01236509001134,"OTUD4;DGKD;DCAF8;RGS5;ABHD10;PPP4R1;MAGOH;BBX;RPL38;ELOVL1;FOXD3;STARD5;NUP133;APOBEC4;PAWR;CACNB2;PPM1A;ELF5;FDX1;PEX5;TFAM;SPOPL;NUP54;XPR1;RNASEL;CDC123;NXPH2;HDAC1;SYNPO2;RGS16;BTF3L4;PDS5B;AMN1;P2RY6;GTSF1L;TP53INP2;ZNHIT6;IARS2;LEKR1;VAT1L;CDK17;TGFB2;RRM2;SRD5A3;PLEKHA5;DHRS3;LRP1B;SMUG1;DHRS7;BFSP1;ID2;SERBP1;BHLHE40;ATP13A4;RCOR3"
"GATA2 26923725 Chip-Seq HEMANGIOBLAST Mouse","3/69",0.388873363903156,0.963138732454856,0,0,1.35695187165775,1.28164312031425,"OTUD4;KCNA5;ALDH8A1"
"RUNX1 22897851 ChIP-Seq JUKARTE6-1 Human","54/1594",0.389961932978027,0.963138732454856,0,0,1.04964967805304,0.988461559656829,"GPR27;RPL30;ANKRD37;CIITA;RTP2;CPO;KLHL36;ICAM2;DCAF8;PIK3CD;CALML4;ZC3H12D;FADS3;PEA15;MAGOH;ANKRD1;PROK2;RPL38;MAN1A1;CCR4;TCP11;ZNF385A;SPINK2;BCKDHB;CACNA2D4;MLF1;KATNAL1;MAK;FDX1;RCCD1;CERKL;UBIAD1;PPM1L;CAPG;EXTL2;RNF216;MED30;SLIT1;CNNM2;RAB11FIP4;ATP6V0A1;TFAP2A;KCNJ6;HELT;TGFB3;PLEKHA5;NUP153;PRDX6;UBLCP1;PRC1;PSMC1;SCGB1A1;TRMT12;TMEM9B"
"EP300 21415370 ChIP-Seq HL-1 Mouse","21/600",0.392368620381703,0.963138732454856,0,0,1.08415563842777,1.01428562694073,"BLK;OTUD4;SPINK2;SLC35F3;ACTN2;APOBEC4;MOGAT1;GCNT1;PAWR;FSTL1;BLCAP;CACNB2;ABHD10;BAMBI;ZC3H11A;MED21;ID2;ANKRD1;SOSTDC1;CDH26;CNNM2"
"RCOR3 21632747 ChIP-Seq MESCs Mouse","72/2142",0.392895581394029,0.963138732454856,0,0,1.04173008816216,0.97319612264105,"ITSN2;OTUD4;TOP2B;ANKRD37;CIITA;UFSP2;GXYLT2;GLI1;NUDT5;HAPLN3;ACTB;TMEM220;PPP4R1;OPA1;CCND1;BASP1;TRIM24;BBX;TNR;RPL38;WDR7;TCP11;PTGDR;DACT1;FOXD3;ACTN2;CACNA2D4;PAX5;PDYN;MLF1;PSMA6;PPM1A;EID3;MELK;CHMP4C;STRAP;ANKS6;SNRPE;TLCD1;SGK1;CDC123;NXPH2;CLEC2L;NXPH3;LRTM2;SEZ6;PRDM14;FOXK1;NID2;PPM1F;NEUROD1;FGD5;HMBOX1;SAMM50;PGRMC2;TRA2B;SLIT1;S1PR1;CDH26;RHBG;RAB11FIP4;CCDC73;PACSIN1;NEK8;KCNJ6;TGFB2;GSX1;NAP1L5;MARCO;ZFAT;ID2;CDK1"
"TAF15 26573619 Chip-Seq HEK293 Human","7/185",0.39418873125883,0.963138732454856,0,0,1.17444607791662,1.09332176828057,"CDK17;TFAP2A;CREB1;NXPH2;CHORDC1;ADAMTS6;KCNJ2"
"TEAD4 22529382 ChIP-Seq TROPHECTODERM Mouse","59/1748",0.394305118656015,0.963138732454856,0,0,1.04570751924216,0.973167056913377,"AVEN;CPXM2;UXS1;ARPC5L;GDE1;CHD2;PPP4R1;OPA1;RSRC1;NEK1;WDR7;NBN;STARD5;ENTPD5;ARHGEF17;ACTL6A;BCKDHB;RUNX2;SHISA6;AFG3L2;MRAS;MED21;STRAP;TRIM59;ROR2;DNAJC8;PLA2R1;SGK1;EXOC2;XPR1;DGKH;COL15A1;INO80D;GCNT1;SEZ6;TMTC3;UBR3;KCNA5;GLRX;FSTL1;STRA8;CDH26;CNNM2;CDK17;KIDINS220;PLEKHA5;PTPN14;OPN5;LRP1B;TMEM60;PRC1;ZFAT;ID2;CASS4;SNRNP48;HOXD3;SSBP2;SP9;FGFR2"
"CIITA 18437201 ChIP-ChIP Raji B And iDC Human","2/42",0.397493829546057,0.967754585005923,0,0,1.49234930448223,1.37680545518485,"MARCO;RBM12B"
"TRP63 18441228 ChIP-ChIP KERATINOCYTES Mouse","4/99",0.401139979822598,0.970776750411065,0,0,1.25702162382701,1.14821991067867,"RRM2;ARTN;CASP6;RUNX2"
"CHD7 19251738 ChIP-ChIP MESCs Mouse","5/128",0.401698420469355,0.970776750411065,0,0,1.2137049941928,1.10696409393501,"KATNAL1;MED30;PSMG1;STEAP1;HOXA13"
"FOXI1 33610681 ChIP-Seq GES1 Human Gastric Carcinoma","8/216",0.402644316613448,0.970776750411065,0,0,1.1486259450378,1.04490697003503,"PPM1A;PCGF6;GOLGA1;ZNF207;MCM5;NR2C2;NAP1L5;INHBE"
"TAL1 26923725 Chip-Seq HPCs Mouse","48/1420",0.404967906008329,0.971886910894707,0,0,1.04659386930432,0.946065869222575,"AVEN;HCN4;HDDC2;VIPR1;CCDC68;RPE;AQP9;PRDM14;GLRX;GRIK1;MRO;SNAPC5;STRA8;CLEC3A;PPP3CC;RNF216;EPCAM;TRA2B;MAGOH;SLITRK6;NEK1;SOSTDC1;ATP6V1G3;TTC23L;RUNX1T1;ATP6V0A1;ZBP1;MYLIP;WDR75;KCNJ16;IFT80;IL16;BLCAP;MLF1;PTPRC;LIX1;FDX1;SERBP1;PEX5;RGS10;VOPP1;NUP54;HOXD3;RCCD1;MFGE8;CCDC152;SSBP2;XPR1"
"ER 23166858 ChIP-Seq MCF-7 Human","24/695",0.406484858942488,0.971886910894707,0,0,1.06901937406855,0.96234043203129,"ZBP1;SAMD9L;SAMD9;ARHGEF17;OR2K2;VEZF1;NR2C2;TMEM130;PSMA6;PPM1A;TMEM168;KIAA1614;CYP24A1;OPA1;P2RY2;TRMT12;CASS4;ATP13A4;NBN;ZNF831;ATP6V1G3;STEAP1;PFDN4;DACT1"
"TBX2 30127528 ChIP-Seq KELLY Human Brain Neuroblastoma","81/2425",0.407175171387862,0.971886910894707,0,0,1.03468174662308,0.929673747828058,"DGKD;DCAF5;ACTB;CCAR2;LARP1B;FADS3;RGS4;SNAPC5;NADK2;RGS5;CCND1;RSRC1;CASP6;TRIM24;TNR;KPNA4;NBN;UGT2A1;RGS9;MYLIP;NCOA2;PAQR3;BCKDHB;WDR75;PAX5;SLC39A14;SUPT3H;MRAS;KIAA1614;MELK;LIX1;FDX1;PEX5;SNRPE;TRIM59;BBOF1;SGK1;XPR1;DGKH;CERKL;SLC26A2;PPM1L;CCDC68;DDX1;SEZ6;TMTC3;UBR3;FOXK1;PDS5B;AMN1;EXTL2;P2RY6;SYNGR2;PGRMC2;P2RY2;TRA2B;CHST15;SLIT1;AMZ2;RHBG;S100PBP;RUNX1T1;CDK17;NEK8;PCGF6;MARCKSL1;KCNJ6;RRM2;KIDINS220;BDNF;GFPT1;PLEKHA5;CPPED1;RAD52;TAFA3;ZFAT;ID2;DHCR7;SLC22A8;FGFR2;PSME3IP1"
"FOXO3 23340844 ChIP-Seq DLD1 Human","20/576",0.410330237469934,0.971886910894707,0,0,1.07484759410278,0.95746669811084,"MYLIP;KCNJ6;DDX1;HMHB1;NUDT5;PTPN14;UACA;LARP1B;SUPT3H;TMEM220;FAM124B;CYP24A1;BHLHE40;ANKRD1;S1PR1;VOPP1;ITGB8;TFAM;DHCR7;PTPN3"
"DPY 21335234 ChIP-Seq ESCs Mouse","53/1575",0.411103823134656,0.971886910894707,0,0,1.04169826879151,0.92597547200506,"ITSN2;HDDC2;MYLK2;DGKD;UXS1;MOGAT1;CHD2;ACTB;BOLL;UCHL1;EXO1;TRIM24;BBX;NCOA2;WDR75;PAWR;VEZF1;TMEM170B;SLC39A14;SHISA6;PPM1A;MRAS;CREB1;LACTB2;CHMP4C;SNRPE;TRIM59;NXPH3;UBR3;FBLN1;PPM1F;CPLX4;P2RY6;NFIL3;FAM184A;NPBWR1;DSEL;CHST15;SMYD2;AMZ2;MSX1;CDK17;SLC12A2;BDNF;PTPN14;PSMC1;ID2;GPR182;SCGB1A1;TRMT12;CCNYL1;RCOR3;PTPN3"
"TBX2 30127528 ChIP-Seq BE2C Human Brain Neuroblastoma","30/878",0.411732032034713,0.971886910894707,0,0,1.05749154143933,0.938399539506076,"ANKRD37;SLC26A2;CCDC68;TMTC3;UBR3;PDS5B;CHD2;ACTB;NADK2;P2RY6;CCND1;RSRC1;P2RY2;NBN;RUNX1T1;SMIM13;NCOA2;KIDINS220;BDNF;RPP40;PLEKHA5;SLC39A14;RAD52;CD200R1;KIAA1614;LIX1;ID2;SGK1;NRDE2;PSME3IP1"
"GATA1 22383799 ChIP-Seq G1ME Mouse","54/1606",0.41223659576205,0.971886910894707,0,0,1.04083210603829,0.922341523498914,"TOP2B;AQP9;GDE1;STAB2;FBXO21;RGS5;HINT3;CASP6;ANKRD1;RPL38;NBN;TCP11;ADAMTS6;ELOVL1;PABPC4;RAB3IL1;BPGM;TMEM130;PPM1A;EID3;B3GNT7;PRKAR1A;LACTB2;VOPP1;TFAM;SNRPE;MFGE8;XPR1;RNASEL;TBC1D9B;LRTM2;RPE;FAM124B;NFIL3;SMYD2;IL21R;S1PR1;NT5M;ATP6V0A1;NEK8;SRD5A3;GFPT1;EIF2S2;PRDX6;DHRS3;KLHL9;DHRS7;UBLCP1;ARTN;RGS10;ECHDC2;RAD1;ALDH8A1;PPIL4"
"E2F4 17652178 ChIP-ChIP JURKAT Human","21/608",0.416060883533066,0.97543341290703,0,0,1.06892435898827,0.937365076948926,"ARHGAP9;RRM2;ARHGEF17;GNAI3;DARS2;IFT80;NUP153;PAX5;DHRS3;LMAN1;PTDSS1;KATNAL1;EXO1;SERBP1;RBM12B;ZNF207;DHX15;MCM5;NT5M;RCOR3;CALM2"
"EOMES 21245162 ChIP-Seq HESCs Human","28/820",0.417947522112018,0.97543341290703,0,0,1.05656402999398,0.921745825326883,"SEZ6;TMTC3;CLEC16A;PIK3CD;KCNA5;PPM1J;FBXO21;UACA;TMEM220;SNAPC5;IARS2;PGM1;RAB11FIP4;S100PBP;ATP6V0A1;DACT1;NEK8;TFAP2A;BDNF;DARS2;RAB3IL1;SMUG1;PSMA6;PRKAR1A;RGS10;DHCR7;TLCD1;RCOR3"
"GATA1 26923725 Chip-Seq HPCs Mouse","6/160",0.418343436876341,0.97543341290703,0,0,1.16319605744178,1.01367018725111,"ZBP1;SNAPC5;POC5;NXPH3;SERBP1;BLCAP"
"MYB 26560356 Chip-Seq TH1 Human","54/1610",0.419705397080985,0.97543341290703,0,0,1.03792313840703,0.901127203414472,"ARHGAP9;AVEN;DGKD;UXS1;DCAF8;PIK3CD;ZC3H12D;CHORDC1;NEK1;PGM1;DACT1;HS3ST3B1;MYLIP;EMX2;SPINK2;DDX55;IL16;PSMA6;EID3;CREB1;ZC3H11A;XCL1;SGK1;STEAP1;XPR1;RNASEL;HDAC1;BTF3L4;GLRX;FOXK1;PDS5B;LRP8;LMAN1;AMN1;EXTL2;IL21R;S1PR1;CNNM2;S100PBP;NEK8;USP25;RRM2;PRDX6;GPN1;DHRS3;CPPED1;TSHR;PTPRC;SERBP1;SCGB1A1;RCOR3;SSBP2;PPIL4;PTPN3"
"TAL1 26923725 Chip-Seq MACROPHAGESS Mouse","2/44",0.420287416836452,0.97543341290703,0,0,1.42113785235887,1.23186570501771,"ACTA1;TMEM9B"
"CTCF 26484167 Chip-Seq Bcells Mouse","51/1521",0.424095239850958,0.979963885591253,0,0,1.03739335198963,0.889873140317113,"ARHGAP9;MYLK2;DGKD;COL12A1;AHR;GLI1;GIMAP8;TMEM220;CCND1;TCP11;UNC45A;ZBP1;HS3ST3B1;NUP133;ARHGEF17;SLC39A14;MYH3;B3GNT7;SLC9A8;ELF5;FDX1;PEX5;SNRPE;TLCD1;HOXB8;RNASEL;SLC26A2;INO80D;TBC1D9B;HDAC1;STXBP4;RGS16;LRP8;STRA8;NFIL3;S1PR1;AMZ2;NT5M;ATP6V1G3;CDK17;NEK8;RRM2;KIDINS220;TGFB3;WNT7A;OPN5;DHRS3;TSHR;SMUG1;BAMBI;TRMT12"
"GATA2 22383799 ChIP-Seq G1ME Mouse","51/1522",0.426018647546778,0.979963885591253,0,0,1.03663014489722,0.884527642947562,"CCDC121;AQP9;ICAM2;DCAF8;PIK3CD;SMC5;CALML4;RPL38;WDR7;ADAMTS6;ZBP1;MYLIP;APOBEC4;WDR75;PAWR;DARS2;MRAS;PRKAR1A;LACTB2;PEX3;ZC3H11A;MTHFD2L;VOPP1;SNRPE;TLCD1;PLA2R1;MFGE8;RNASEL;TBC1D9B;RPE;SEZ6;COX7A2;ASB18;FAM124B;EXTL2;NFIL3;EPCAM;HLX;GTSF1L;DSEL;TRA2B;S1PR1;ATG5;CDK17;GFPT1;DHRS3;KLHL9;UBLCP1;CCNYL1;PPIL4;CALM2"
"OCT4 19829295 ChIP-Seq ESCs Human","53/1583",0.426185636149753,0.979963885591253,0,0,1.03578650699653,0.883401867485308,"MYLK2;TOP2B;VIPR1;GPR26;CPXM2;DCAF5;PPP3CC;WDR7;CCR4;TTC23L;ZNF385A;EMX2;SPINK2;NUP133;CACNA2D4;PAX5;TMEM130;POMGNT1;PSMA6;AFG3L2;BIN3;SLC9A5;MYH3;B3GNT7;ZC3H11A;MTHFD2L;SNRPE;ROR2;CD302;COL15A1;OR2K2;FOXK1;FBLN1;LRP8;SYNGR2;DSEL;SLITRK6;NT5M;S100PBP;ATP6V0A1;SLC12A2;ATE1;SLC37A2;KCNJ6;GPR12;KIDINS220;KCNJ16;GPN1;DHRS7;SCGB1A1;BHLHE40;SSBP2;TOMM6"
"CTBP1 25329375 ChIP-Seq LNCAP Human","30/885",0.429120144020956,0.981328992980516,0,0,1.04843692429782,0.886996869717092,"COL15A1;GPR26;SAMD9;COL12A1;SMC5;PPM1F;LMAN1;RGS5;KIAA1328;NFIL3;BASP1;GTSF1L;ZNHIT6;CHORDC1;SMYD2;S1PR1;BDKRB1;MAN1A1;PSKH2;KCNJ2;RUNX1T1;USP25;KCNJ6;APOBEC4;FOXL2;NUP153;ABCA8;TSHR;FEZ1;CCDC152"
"VDR 22108803 ChIP-Seq LS180 Human","4/103",0.430410503612174,0.981328992980516,0,0,1.20598230365672,1.01666221625338,"B3GNT7;GNAI3;ATP6V1G3;DACT1"
"AR 35650195 ChIP-Seq DSRCT Human Mesenchymal Sarcoma","31/916",0.430730980811582,0.981328992980516,0,0,1.04665313659883,0.881566168265808,"RPL30;SLC26A2;HDAC1;UXS1;FBLN1;DCAF5;YARS1;RYR3;EPCAM;FAM184A;PTCHD4;DACT1;MYLIP;ATE1;GSX1;LMNTD1;PDYN;PTPN14;FAM217B;CACNB2;MYH3;PSMC1;CENPL;TRMT12;ANKS6;NUP54;ZNF831;TLCD1;BDP1;CCDC152;CCDC171"
"SFPI1 20887958 ChIP-Seq HPC-7 Mouse","62/1861",0.432680802480789,0.982765847098133,0,0,1.03050246540526,0.8633085924385,"ARHGAP9;HDDC2;KLHL36;ARPC5L;DCAF8;FBXO21;NUBP1;SNAPC5;CASP6;CHORDC1;TRIM24;NEK1;RPL38;PGM1;ELOVL1;DDX55;ACTL6A;MED8;WDR75;RAB3IL1;ALG11;TMEM170B;SUPT3H;PSMA6;PPM1A;SLC9A8;MTHFD2L;PICK1;STRAP;MCM5;TLCD1;TBC1D9B;PPM1L;RPE;UTP23;CLEC16A;UBR3;LIN7C;NR2C2;ARPP19;MED30;ZNHIT6;TPR;SMYD2;IL21R;NPHP3;AMZ2;NT5M;CNNM2;RHBG;KCNJ2;ATG5;KIDINS220;GTF2H3;GPN1;BAMBI;BHLHE40;CCNYL1;SNRNP48;RAD1;SSBP2;PPIL4"
"KAP1 22055183 ChIP-Seq ESCs Mouse","34/1009",0.435162273227145,0.983481453720669,0,0,1.04195789034813,0.8669467623702,"SAMD9L;CLEC2L;MOGAT1;FBLN1;THG1L;HERC5;AMN1;RNF216;FAM184A;GTSF1L;TRA2B;TPR;SMYD2;TRIM24;UGT3A2;ATG5;PACSIN1;FOXD3;ATE1;GPR12;NUP133;PABPC4;UNC93A;PRDX6;BLCAP;PARP12;DHRS7;BIN3;POC5;ECHDC2;SNRPE;CD302;SP9;ABCG2"
"POU5F1 18555785 ChIP-Seq MESCs Mouse","14/403",0.435636080171572,0.983481453720669,0,0,1.07470396534623,0.893023177955458,"NUP133;ACTN2;DDX55;SLC39A14;BLCAP;NID2;SNAPC5;PPM1A;DHRS7;PEX3;ID2;PROK2;EIF2B1;EXOC2"
"OCT1 27270436 Chip-Seq PROSTATE Human","53/1591",0.441328398013656,0.991737957761636,0,0,1.02993624597446,0.842452845757122,"MYLK2;TOP2B;ICAM2;STAB2;GXYLT2;RSRC1;TNR;ITGB8;RPL38;WDR7;TTC23L;SGCG;ZNF385A;MKKS;APOBEC4;PAQR3;BCKDHB;ACOT13;IL16;TMEM170B;MLF1;B3GNT7;SLC9A8;SUB1;SHANK1;HCN4;WDR26;OR2K2;FOXK1;MED30;NPBWR1;CNNM2;ATP6V1G3;RUNX1T1;ATP6V0A1;PACSIN1;LINGO1;PCGF6;KIDINS220;PLEKHA5;WNT7A;EIF2S2;PRDX6;LRP1B;CRNN;OR2V2;PSMC1;ID2;SERBP1;SCGB1A1;BHLHE40;ECHDC2;PTPN3"
"NANOG 18692474 ChIP-Seq MESCs Mouse","72/2172",0.441955707351494,0.991737957761636,0,0,1.02506561029958,0.837012825628398,"OTUD4;AVEN;UXS1;MOGAT1;AQP9;PIK3CD;NUDT5;CHD2;BASP1;MAGOH;ANKRD1;ITGB8;TCP11;ZBP1;HS3ST3B1;ACTL6A;VEZF1;PDYN;SLC39A14;CD200R1;EID3;MRAS;B3GNT7;LIX1;LACTB2;ZC3H11A;SLC9A8;HOXB3;HOXB7;HOXB6;DGKH;ABCG2;CERKL;CDC123;CFH;HDAC1;RPE;SDC2;RGS16;SEZ6;PRDM14;GLRX;FBLN1;NID2;UACA;NEUROD1;SAMM50;MOBP;SMYD2;IARS2;MSX1;CNNM2;ATP6V1G3;NKX2-2;TXNDC5;SLC12A2;PCGF6;SLC37A2;KCNJ6;KCNJ16;NUP153;EIF2S2;PRDX6;DHRS3;TMEM60;ID2;SCGB1A1;CCNYL1;HOXD3;SP9;CALM2;FGFR2"
"CTCF 33576154 ChIP-Seq Human PerigastricLN ProstateCancer","77/2328",0.446833078478715,0.994570892986124,0,0,1.02262242422171,0.823794130691441,"EIF4E3;COL12A1;TEX48;GLI1;ACTB;UNC80;HERC5;SNAPC5;HINT3;BASP1;CASP6;TRIM24;RPL38;NBN;SPDL1;RGS9;TCP11;UNC45A;ZBP1;MYLIP;NCOA2;RARS1;APOBEC4;PABPC4;DDX55;ARHGEF17;DARS2;UNC93A;APOA5;LACTB2;ELF5;FDX1;PEX5;VOPP1;ANKS6;SNRPE;ROR2;TLCD1;RCCD1;SGK1;STEAP1;PFDN4;HOXB5;NXPH3;PPM1J;FOXK1;PDS5B;MRO;PPM1F;RNF216;NPBWR1;GPR156;CNNM2;KCNJ2;CCDC73;CDK17;SLC12A2;TFAP2A;LINGO1;BDNF;TGFB3;SRD5A3;RPP40;EIF2S2;PRDX6;OPN5;TSHR;INHBE;RAD52;TAFA3;ARTN;ETFBKMT;CCNYL1;ANKRD62;PPIL4;PSME3IP1;TOMM6"
"NANOG 18692474 ChIP-Seq MEFs Mouse","51/1533",0.447230170000136,0.994570892986124,0,0,1.02830284484043,0.827456682020323,"OTUD4;AVEN;UXS1;MOGAT1;AQP9;PIK3CD;NUDT5;BASP1;MAGOH;TCP11;ZBP1;HS3ST3B1;ACTL6A;VEZF1;PDYN;CD200R1;EID3;MRAS;LIX1;ZC3H11A;SLC9A8;HOXB3;HOXB7;HOXB6;ABCG2;CFH;RPE;SDC2;RGS16;SEZ6;FBLN1;NID2;UACA;NEUROD1;SAMM50;MOBP;MSX1;NKX2-2;SLC12A2;PCGF6;SLC37A2;KCNJ6;KCNJ16;EIF2S2;PRDX6;DHRS3;ID2;SCGB1A1;HOXD3;CALM2;FGFR2"
"BP1 19119308 ChIP-ChIP Hs578T Human","1/18",0.447909201514671,0.994570892986124,0,0,1.75508351488744,1.40962119894781,"HTR1B"
"ELK3 25401928 ChIP-Seq HUVEC Human","56/1689",0.4531474453682,0.994570892986124,0,0,1.02461768189605,0.811023543793861,"TOP2B;ARPC5L;ICAM2;CHD2;ACTB;GIMAP8;PPP4R1;CCND1;PEA15;CHORDC1;ITGB8;PGM1;HS3ST3B1;ELOVL1;ARHGEF17;RAB3IL1;PAX5;B3GNT7;POC5;ZC3H11A;FEZ1;HOXB3;DNAJC8;HOXB8;RCCD1;SGK1;HOXB6;RNASEL;UBIAD1;WDR26;INO80D;HDAC1;BTF3L4;LRP8;PPM1F;NEUROD1;FGD5;HLX;ZNHIT6;TPR;S1PR1;S100PBP;CDK17;MARCKSL1;TGFB2;RRM2;BDNF;PRDX6;BLCAP;EIF3M;ARTN;SERBP1;BHLHE40;ECHDC2;RCOR3;SP9"
"TP63 19390658 ChIP-ChIP HaCaT Human","6/167",0.458645936440464,0.994570892986124,0,0,1.11221660886953,0.866946984121387,"TFAP2A;NFIL3;ID2;ACTL6A;GTF2H3;SUPT3H"
"FOXO1 32281255 ChIP-Seq Chondrocytes Human Osteoarthritis","18/531",0.4588184834608,0.994570892986124,0,0,1.04751577835238,0.816120179810824,"TOP2B;NXPE2;DCAF8;GLRX;DHRS3;FAM217B;PPM1A;HMBOX1;BFSP1;RNF216;CTSL;MTHFD2L;BHLHE40;ROR2;CCN2;METTL27;PFDN4;TTC23L"
"GATA3 26560356 Chip-Seq TH1 Human","51/1539",0.458827795221926,0.994570892986124,0,0,1.02381257417197,0.797632220867552,"RPL30;COL12A1;DCAF8;HAPLN3;THG1L;PPP3CC;HINT3;OR10W1;DHX15;TNR;KPNA4;CCR4;PGM1;CCDC50;PLS1;NCOA2;EMX2;ENTPD5;DDX55;PAQR3;BCKDHB;ACOT12;PAX5;PDYN;PSMA6;CACNB2;BIN3;SLC9A8;MCM5;NUP54;PFDN4;UBIAD1;WDR26;RPE;LMAN1;KIAA1328;RNF216;FAM184A;IL21R;AMZ2;LEKR1;CA10;SRD5A3;BLCAP;PTPN14;DHRS3;CPPED1;RAD52;PSMC1;SCGB1A1;PSMG1"
"SOX2 21211035 ChIP-Seq LN229 Gbm","88/2673",0.459159896396025,0.994570892986124,0,0,1.01739295331285,0.791894694409037,"ITSN2;HDDC2;MYLK2;CIITA;DGKD;SLC35F3;CPXM2;COL12A1;STAB2;SMC5;CHD2;RYR3;SHH;BOLL;OPA1;CCND1;RSRC1;BASP1;GOLGA1;CHORDC1;TRIM24;DHX15;TNR;SOSTDC1;MAN1A1;TGM6;CCR4;RGS9;ADAMTS6;CCDC50;SGCG;HS3ST3B1;MYLIP;NCOA2;STARD5;VEZF1;PAX5;TM4SF4;SLC39A14;CACNB2;KEL;KATNAL1;SUB1;PPP1R3D;RBM12B;ANKS6;XPR1;BLK;COL15A1;WDR26;NXPH2;SYNPO2;SEZ6;HMHB1;PPM1J;FBLN1;NR2C2;LRP8;LMAN1;TMEM168;EXTL2;FGD5;SMYD2;SLITRK6;NPHP3;NT5M;MSX1;CNNM2;KCNJ2;RUNX1T1;USP25;KCNJ6;CA10;TFAP2D;GPR12;PLEKHA5;WNT7A;PARP12;LRP1B;RAD52;SMUG1;CYP24A1;BAMBI;ID2;DHCR7;PPIL4;FGFR2;PTPN3"
"CREB1 15753290 ChIP-ChIP HEK293T Human","15/440",0.459769930009157,0.994570892986124,0,0,1.05359064761551,0.818670557675138,"BCKDHB;GNAI3;GTF2H3;MLF1;SNAPC5;MRPL2;BIN3;HINT3;EXO1;PRC1;TPR;MAGOH;NUP54;EIF2B1;CALM2"
"MBD3 35695185 ChIP-Seq nicBasalRootGanglia Mouse Embryo","120/3656",0.460485417163072,0.994570892986124,0,0,1.01457116218597,0.786773649940221,"ITSN2;OTUD4;ANKRD37;DGKD;KLHL36;GDE1;SMC5;AHR;GXYLT2;NUBP1;FADS3;ABHD10;PPP4R1;BASP1;GOLGA1;BBX;PROK2;KPNA4;NBN;TCP11;MYLIP;ACTN2;PAQR3;WDR75;TMEM170B;SHISA6;AFG3L2;KATNAL1;LACTB2;FDX1;MTHFD2L;PPP1R3D;VOPP1;ROR2;PLPP1;DGKH;DIPK1C;SLC26A2;UBIAD1;PDE1C;FBLN1;LIN7C;ARPP19;NEUROD1;PTDSS1;NPBWR1;SMYD2;NPHP3;RAB11FIP4;PACSIN1;TGFB2;GPR12;TGFB3;RPP40;PRDX6;PARP12;BAMBI;ZFAT;BHLHE40;RCOR3;TMEM9B;GPR27;AVEN;EIF4E3;SLC35F3;RYR3;LARP1B;NADK2;UCHL1;ATP7B;PPP3CC;HINT3;CCDC50;DACT1;ELOVL1;NCOA2;MKKS;ARHGEF17;PAWR;PLAAT5;CFAP299;PPM1A;MRAS;B3GNT7;PEX5;DSG2;TRIM59;SGK1;SHANK1;HCN4;COL15A1;SEZ6;GNAI3;NR2C2;FSTL1;LRP8;LMAN1;TMEM168;EXTL2;NFIL3;FAM184A;P2RY2;FAM241A;NT5M;GPR156;LEKR1;S100PBP;RUNX1T1;SLC12A2;LINGO1;ATE1;USP25;WNT7A;PTPN14;TMEM60;RGS10;CCNYL1;SSBP2;PTPN3;CCDC171"
"MYC 19829295 ChIP-Seq ESCs Human","52/1572",0.463410254846348,0.994570892986124,0,0,1.02178876840342,0.785901206273022,"ITSN2;TOP2B;FOXE3;RTP2;CHRM5;ICAM2;STAB2;SMC5;HOXA13;RYR3;LARP1B;ITGB8;CCR4;TMEM14B;MKKS;ACTL6A;DARS2;TMEM170B;MLF1;PSMA6;SUB1;CHMP4C;MCM5;ROR2;ZNF512;MFGE8;HOXB6;BLK;CERKL;CLEC2L;CLEC16A;GLRX;TMEM168;P2RY6;SYNGR2;NFIL3;ZNHIT6;S1PR1;IARS2;GPR156;KCNJ2;TXNDC5;CCDC73;SLC12A2;TFAP2D;PLEKHA5;KCNJ16;EIF2S2;PTPN14;LRP1B;PSMC1;RGS10"
"E2A 27217539 Chip-Seq RAMOS-Cell Line Human","53/1603",0.464108104844022,0.994570892986124,0,0,1.02127408529985,0.783968560698732,"DGKD;RGSL1;ICAM2;PIK3CD;UFSP2;GLI1;FBXO21;RYR3;RGS9;CCDC50;TMEM14B;ZBP1;STARD5;ACTL6A;IL16;PAX5;TMEM130;PSMA6;PPM1A;PRKAR1A;LACTB2;MAK;PEX5;VOPP1;PICK1;TLCD1;BLK;NXPH3;RGS16;GCNT1;BTF3L4;PPM1F;RNF216;GTSF1L;CHST15;IL21R;S1PR1;AMZ2;CNNM2;S100PBP;PACSIN1;CDK17;HELT;MCOLN2;CPPED1;PARP12;TSHR;SMUG1;DHRS7;PTPRC;SERBP1;SSBP2;PTPN3"
"KDM2B 26808549 Chip-Seq REH Human","46/1389",0.46493096312715,0.994570892986124,0,0,1.02289248717939,0.783398936427283,"OTUD4;HDDC2;RPL30;CCDC121;SAMD9L;SLC35F3;GCNT1;GRIK1;LIN7C;HOXA13;RYR3;TMEM168;PPP3CC;MED30;NPBWR1;DSEL;TRIM24;ANKRD1;SLIT1;BBX;TNR;CCR4;KCNJ2;RUNX1T1;HS3ST3B1;APOBEC4;ARHGEF17;SRD5A3;WNT7A;IL16;BPGM;RUNX2;SUPT3H;MLF1;SHISA6;ACTA1;KATNAL1;LIX1;BAMBI;PEX3;ZFAT;BHLHE40;XCL1;TFAM;DSG2;SLC22A8"
"VDR 20736230 ChIP-Seq LYMPHOBLASTOID Human","13/381",0.46656913063784,0.994570892986124,0,0,1.05439482499316,0.803816924439929,"MKKS;HELT;TMEM170B;BIN3;B3GNT7;OR2V2;RSRC1;SCGB1A1;TGM6;ROR2;SGCG;ZNF385A;ATG5"
"KDM2B 26808549 Chip-Seq SUP-B15 Human","55/1666",0.467324329908595,0.994570892986124,0,0,1.01961054785388,0.775650132468754,"CIITA;ARPC5L;GDE1;PIK3CD;ZC3H12D;UCHL1;CCND1;BBX;RGS9;PGM1;HS3ST3B1;PABPC4;ARHGEF17;VEZF1;PAX5;SUPT3H;CACNB2;B3GNT7;TLCD1;HOXB8;HOXB7;XPR1;DGKH;SHANK1;HDAC1;NXPH3;LRTM2;SDC2;RGS16;PPM1J;LRP8;PPM1F;PRICKLE4;HLX;CHST15;SMYD2;IL21R;SLIT1;S1PR1;IARS2;MSX1;ATP6V0A1;CDK17;ATE1;MARCKSL1;TGFB2;PLEKHA5;PTPN14;DHRS3;SMUG1;ID2;BHLHE40;RGS10;RCOR3;SP9"
"SMAD2 18955504 ChIP-ChIP HaCaT Human","50/1513",0.467819887613512,0.994570892986124,0,0,1.02061193353698,0.775330219640875,"ITSN2;AVEN;TOP2B;CCDC121;DGKD;COL12A1;CHRM5;AHR;ACTB;GIMAP8;MRPL2;ANKRD1;ITGB8;KPNA4;ADAMTS6;CCDC50;DACT1;ZBP1;MKKS;PAWR;PPM1A;AFG3L2;EID3;CREB1;PPP1R3D;ANKS6;SNRPE;DSG2;TLCD1;SAMD9;TMTC3;PPM1J;NID2;UACA;KLC4;EXTL2;NFIL3;P2RY2;SMYD2;S100PBP;NEK8;TFAP2A;SLC37A2;TGFB2;PRDX6;BLCAP;DHRS3;BFSP1;ARTN;RAD1"
"SMAD3 18955504 ChIP-ChIP HaCaT Human","50/1513",0.467819887613512,0.994570892986124,0,0,1.02061193353698,0.775330219640875,"ITSN2;AVEN;TOP2B;CCDC121;DGKD;COL12A1;CHRM5;AHR;ACTB;GIMAP8;MRPL2;ANKRD1;ITGB8;KPNA4;ADAMTS6;CCDC50;DACT1;ZBP1;MKKS;PAWR;PPM1A;AFG3L2;EID3;CREB1;PPP1R3D;ANKS6;SNRPE;DSG2;TLCD1;SAMD9;TMTC3;PPM1J;NID2;UACA;KLC4;EXTL2;NFIL3;P2RY2;SMYD2;S100PBP;NEK8;TFAP2A;SLC37A2;TGFB2;PRDX6;BLCAP;DHRS3;BFSP1;ARTN;RAD1"
"AUTS2 25519132 ChIP-Seq 293T-REX Human","27/809",0.468414773323489,0.994570892986124,0,0,1.03075427011291,0.781725180305338,"CIITA;SYNPO2;SDC2;UTP23;SEZ6;FOXK1;AHR;FBXO21;LARP1B;FADS3;STRA8;UCHL1;TIFAB;CCND1;AMZ2;RAB11FIP4;NCOA2;STARD5;TGFB3;VEZF1;PRDX6;APOA5;LRP1B;PPM1A;MARCO;DHCR7;TLCD1"
"ETS1 21867929 ChIP-Seq TH2 Mouse","49/1483",0.469095524999277,0.994570892986124,0,0,1.02037773128777,0.772373753568459,"ARHGAP9;ANKRD37;VIPR1;COL12A1;DCAF8;GIMAP8;TMEM220;OPA1;EXO1;UGT2A2;NBN;PLS1;FOXD3;PLA2G4F;PAX5;SLC39A14;DEXI;SHISA6;KEL;MED21;VOPP1;STRAP;SNRPE;TLCD1;RNASEL;CCDC68;UTP23;MRO;NR2C2;PPM1F;CPLX4;FGD5;SAMM50;MOBP;MED30;SMYD2;AMZ2;VAT1L;ATG5;TXNDC5;CDK17;SLC37A2;KCNJ16;SMUG1;ZFAT;PSMC1;GPR182;HOXD3;PPIL4"
"FOXO3 22982991 ChIP-Seq MACROPHAGES Mouse","54/1639",0.474207537261317,0.994570892986124,0,0,1.01727222119132,0.758997191382427,"AVEN;HDDC2;TOP2B;KLHL36;NUBP1;THG1L;OPA1;EXO1;BASP1;GOLGA1;MAGOH;ZBP1;SMIM13;NUP133;DDX55;MED8;DARS2;TMEM170B;PPM1A;PEX3;SLC9A8;PPP1R3D;STRAP;SNRPE;DNAJC8;BDP1;EXOC2;CERKL;SLC26A2;TBC1D9B;GNAI3;EXTL2;HMBOX1;P2RY2;TRA2B;TPR;NT5M;S100PBP;ATG5;USP25;NUP153;GPN1;FAM217B;RAD52;KLHL9;EIF3M;UBLCP1;RAD1;NRDE2;PPIL4;CALM2;TMEM9B;PTPN3;CCDC171"
"SOX17 20123909 ChIP-Seq XEN Mouse","45/1363",0.474414540070399,0.994570892986124,0,0,1.019361314052,0.760111006659737,"PPM1L;DDX1;GCNT1;BTF3L4;GNAI3;COX7A2;NR2C2;RGS4;SNAPC5;SHH;MRPL2;ATP7B;SAMM50;MOBP;CTSL;SMYD2;BBX;SOSTDC1;RPL38;NT5M;CNNM2;CCDC50;KCNJ2;DACT1;NEK8;ATE1;MARCKSL1;MKKS;RRM2;WDR75;RAB3IL1;RPL23A;SLC39A14;PTPN14;TMEM60;SMUG1;PPM1A;MYH2;ZC3H11A;ELF5;CENPL;TRMT12;DHCR7;PPIL4;FGFR2"
"OCT4 20526341 ChIP-Seq ESCs Human","52/1578",0.47491054393218,0.994570892986124,0,0,1.01742877779022,0.75760679150909,"OTUD4;MYLK2;UXS1;UFSP2;ACTB;TMEM220;SHH;HINT3;RSRC1;CHORDC1;ANKRD1;HS3ST3B1;ARHGEF17;ACTL6A;PAQR3;TMEM170B;POMGNT1;PSMA6;CACNB2;MYH2;B3GNT7;MTHFD2L;PICK1;SPOPL;TRIM59;CD302;IQCA1;UBIAD1;SYNPO2;LRTM2;PPM1J;FOXK1;PDS5B;RCHY1;FSTL1;KRT85;KRT84;SYNGR2;NFIL3;GPR156;RHBG;NKX2-2;TFAP2A;PCGF6;KCNJ6;SMUG1;DHRS7;PTPRC;OR2V2;HOXD3;FGFR2;TOMM6"
"RUNX1 26923725 Chip-Seq MACROPHAGESS Mouse","2/49",0.475228278440831,0.994570892986124,0,0,1.26962412443684,0.944549568949511,"ACTN2;CNNM2"
"PRDM5 23873026 ChIP-Seq MEFs Mouse","29/873",0.475569842775678,0.994570892986124,0,0,1.02565165876777,0.762306902954588,"HDDC2;SDC2;COL12A1;ARPC5L;KLC4;PTDSS1;RNF216;MED30;HINT3;NFIL3;GOLGA1;TRIM24;NBN;TMEM14B;ATG5;NCOA2;NUP153;BPGM;TMEM170B;SLC39A14;PARP12;KLHL9;MELK;POC5;LACTB2;VOPP1;ANKS6;BDP1;SGK1"
"HOXB4 20404135 ChIP-ChIP EML Mouse","39/1180",0.476593031941002,0.994570892986124,0,0,1.02037327049899,0.756190809375861,"ITSN2;PPM1L;AQP9;BTF3L4;GNAI3;COX7A2;AS3MT;PTDSS1;SAMM50;OPA1;NFIL3;RSRC1;DHX15;BBX;RPL38;RGS9;PGM1;ATP6V0A1;PCGF6;ENTPD5;RPP40;IFT80;NUP153;BLCAP;DHRS3;RAD52;SMUG1;PSMA6;PPM1A;PTPRC;KATNAL1;PSMC1;ID2;TRMT12;RGS10;STRAP;NUP54;MFGE8;EXOC2"
"NR1H3 23393188 ChIP-Seq ATHEROSCLEROTIC-FOAM Human","18/537",0.478075431393278,0.994877643541877,0,0,1.03507598728507,0.763872366632199,"MYLIP;RGS16;GFPT1;ICAM2;PIK3CD;DHRS3;ACTB;FGD5;ABHD10;MRPL2;MELK;BASP1;PEA15;ECHDC2;UBAP2L;SGCG;PLS1;PACSIN1"
"P53 21459846 ChIP-Seq SAOS-2 Human","52/1584",0.486404600046113,0.999985302328765,0,0,1.01310293853952,0.730157968723936,"MYLK2;CCDC121;DGKD;CPO;MOGAT1;DCAF8;GRIK1;GLI1;ZC3H12D;DHX15;UBAP2L;TGM6;PGM1;CCDC50;ZNF385A;HS3ST3B1;ENTPD5;WDR75;VEZF1;DEXI;MLF1;SHISA6;CDC20B;PPM1A;ZC3H11A;MAK;STRAP;MCM5;HOXB8;SGK1;CCDC152;KCNA5;FOXK1;NR2C2;NEUROD1;TRA2B;S1PR1;NAALAD2;IARS2;ATP6V1G3;LINGO1;KCNJ6;PLAC8L1;CPPED1;LRP1B;TMEM60;RAD52;KLHL9;CENPL;ECHDC2;PPIL4;TOMM6"
"DMRT1 23473982 ChIP-Seq TESTES Mouse","55/1678",0.489726362340176,0.999985302328765,0,0,1.01138723443098,0.722037931385139,"ITSN2;EIF4E3;KLHL36;UXS1;DCAF5;GLI1;ACTB;FADS3;AS3MT;ABHD10;MRPL2;TIFAB;OPA1;CCND1;BASP1;PROK2;UBAP2L;RGS9;ARHGEF17;BCKDHB;PAWR;PDYN;POMGNT1;SHISA6;MYH3;MED21;STRAP;TRIM59;ROR2;CD302;WDR26;INO80D;RPE;CLEC16A;UBR3;FOXK1;CAPG;PDS5B;RCHY1;KRT84;PGRMC2;FAM184A;NT5M;CDH26;RAB11FIP4;GSX1;BLCAP;SMUG1;ZFAT;ECHDC2;HOXD3;DHCR7;SLC22A8;CALM2;FGFR2"
"GRHL2 25758223 ChIP-Seq PLACENTA Mouse","26/788",0.49396523848227,0.999985302328765,0,0,1.0180904353248,0.718049137227924,"GPR27;HCN4;SDC2;UBR3;KCNA5;LARP1B;RGS5;PGRMC2;BASP1;DSEL;ITGB8;AMZ2;CCR4;RGS9;TXNDC5;PTGDR;DACT1;RRM2;ARHGEF17;GFPT1;KCNJ16;KLHL9;MYH2;MYH3;VOPP1;ALDH8A1"
"RCOR2 21632747 ChIP-Seq MESCs Mouse","10/298",0.502224984966256,0.999985302328765,0,0,1.03585246044166,0.713398925898288,"ITSN2;FOXD3;KCNJ6;SLC35F3;CCND1;TRIM24;FBLN1;FOXK1;NID2;DGKH"
"AR 27270436 ChIP-Seq VCaP Human Prostate Carcinoma","116/3565",0.50348361624316,0.999985302328765,0,0,1.00343520731191,0.68856136045461,"HDDC2;RPL30;ANKRD37;KLHL36;UXS1;GDE1;DCAF8;SMC5;AHR;GXYLT2;DCAF5;FBXO21;ACTB;HERC5;BASP1;GOLGA1;ZNF207;TRIM24;NBN;PLS1;MYLIP;SHISA6;UTS2B;LIX1;LACTB2;SUB1;PPP1R3D;CHMP4C;HOXB3;ANKS6;STEAP1;XPR1;DGKH;ABCG2;INO80D;TBC1D9B;DDX1;CLEC16A;UBR3;FBLN1;COX7A2;MRO;RNF216;MED30;DSEL;CDH26;RAB11FIP4;HELT;BDNF;FAM217B;BFSP1;ZFAT;ID2;BHLHE40;CDK1;RCOR3;TMEM9B;EIF4E3;UFSP2;CHD2;LARP1B;UNC80;NADK2;ATP7B;OPA1;DENND11;ITGB8;SOSTDC1;PGM1;CCDC50;UTP14C;SMIM13;FOXD3;NCOA2;STPG4;PAWR;IL16;PAX5;SUPT3H;CREB1;TLCD1;CD302;SGK1;WDR26;CCDC68;HDAC1;RCHY1;FSTL1;AMN1;NFIL3;EPCAM;GTSF1L;P2RY2;TP53INP2;TRA2B;SLITRK6;MROH9;CFAP20;LEKR1;S100PBP;SLC12A2;ATE1;USP25;PLEKHA5;BLCAP;DHRS3;CPPED1;TMEM60;RAD52;DHRS7;OR2V2;PRC1;RGS10;CCNYL1;SSBP2;CCDC171"
"JARID1B-DAIN 22020125 ChIP-Seq ESCs Mouse","48/1470",0.504158376059026,0.999985302328765,0,0,1.00698554448633,0.689648975742534,"OTUD4;TOP2B;FOXE3;HDAC1;RGS16;ICAM2;UBR3;FOXK1;GLI1;FSTL1;NID2;ASB18;ACTB;KRT84;NEUROD1;KLC4;STRA8;OPA1;EPCAM;BBX;TNR;MSX1;TCP11;PACSIN1;RRM2;GSX1;BDNF;ARHGEF17;GFPT1;PAQR3;HTR1B;RAB3IL1;FOXL2;PAX5;TMEM130;MRAS;MELK;B3GNT7;ARTN;GPR182;CHMP4C;RGS10;ECHDC2;CD302;HOXB8;RCCD1;SP9;HOXB6"
"POU5F1 18700969 ChIP-ChIP MESCs Mouse","11/330",0.507014539229969,0.999985302328765,0,0,1.02864555183223,0.698672104461201,"FOXD3;PCGF6;CCND1;LACTB2;ID2;RAB3IL1;GLI1;PRDX6;SLC39A14;BLCAP;PACSIN1"
"CTNNB1 20460455 ChIP-Seq HCT116 Human","27/824",0.507622571691326,0.999985302328765,0,0,1.01053790944337,0.685161959208386,"BLK;CERKL;GDE1;STAB2;CLEC16A;PIK3CD;FOXK1;ACTB;IL21R;AMZ2;MAN1A1;PGM1;CCDC50;ATP6V0A1;SLC12A2;SLC37A2;TGFB2;ABCA8;PTPN14;DHRS3;RUNX2;SUPT3H;TSHR;LIX1;MTHFD2L;BHLHE40;ROR2"
"CIITA 25753668 ChIP-Seq RAJI Human","13/392",0.507958099627528,0.999985302328765,0,0,1.02319908398467,0.69307036191261,"ATE1;UBIAD1;NCOA6;COL12A1;COX7A2;ACTB;TRA2B;CENPL;TRMT12;PICK1;BRIX1;MCM5;CNNM2"
"PAX3-FKHR 20663909 ChIP-Seq RHABDOMYOSARCOMA Human","30/918",0.511187992317375,0.999985302328765,0,0,1.00767366720517,0.676167033189517,"ITSN2;MOGAT1;DDX1;RCHY1;UACA;RYR3;THG1L;FAM124B;RNF216;EXO1;OR10W1;BASP1;HLX;DSEL;ITGB8;UGT2A2;RGS9;RUNX1T1;DACT1;HS3ST3B1;CA10;TGFB2;BCKDHB;RUNX2;SUPT3H;LRP1B;CACNB2;FDX1;ZNF512;FGFR2"
"IRF4 20064451 ChIP-Seq CD4+T Mouse","26/795",0.512528126230826,0.999985302328765,0,0,1.00844314289471,0.674043083110279,"ITSN2;NXPH3;STAB2;SMC5;FOXK1;AHR;LRP8;NUBP1;LARP1B;CPLX4;RGS4;UCHL1;OR10W1;P2RY2;ANKRD1;SLIT1;ITGB8;SOSTDC1;ADAMTS6;CA10;PAWR;KATNAL1;ID2;STRAP;ALDH8A1;ABCG2"
"CBP 20019798 ChIP-Seq JUKART Human","26/795",0.512528126230826,0.999985302328765,0,0,1.00844314289471,0.674043083110279,"ITSN2;NXPH3;STAB2;SMC5;FOXK1;AHR;LRP8;NUBP1;LARP1B;CPLX4;RGS4;UCHL1;OR10W1;P2RY2;ANKRD1;SLIT1;ITGB8;SOSTDC1;ADAMTS6;CA10;PAWR;KATNAL1;ID2;STRAP;ALDH8A1;ABCG2"
"RELA 24523406 ChIP-Seq FIBROSARCOMA Human","36/1104",0.512951661448064,0.999985302328765,0,0,1.0053522004509,0.671146653521007,"ITSN2;UXS1;GCNT1;GLRX;FOXK1;GLI1;RCHY1;CHD2;IFI44L;P2RY6;SYNGR2;CCND1;CHST15;ITGB8;BDKRB1;WDR7;NT5M;NBN;TTC23L;CDK17;NEK8;BDNF;PAWR;VEZF1;RPL23A;PDYN;INHBE;BIN3;BFSP1;CREB1;SLC9A8;SUB1;MTHFD2L;BHLHE40;TLCD1;PFDN4"
"TCF21 23034159 ChIP-ChIP E13 GONADS Rat","1/22",0.51622051956424,0.999985302328765,0,0,1.42048794826573,0.939256804400763,"NID2"
"NR3C1 32051336 ChIP-Seq MLEC Mouse Epithelium","1/22",0.51622051956424,0.999985302328765,0,0,1.42048794826573,0.939256804400763,"AHR"
"ISL1 27105846 Chip-Seq CPCs Mouse","42/1293",0.520846149744539,0.999985302328765,0,0,1.00111014977145,0.653024730171444,"BLK;AVEN;HCN4;PPM1L;HDAC1;LRTM2;FOXK1;GLI1;ACTB;LMAN1;HMBOX1;UCHL1;OPA1;CCND1;HLX;CHST15;WDR7;CCR4;TCP11;SLC12A2;HS3ST3B1;TGFB2;HTR1B;VEZF1;BLCAP;CRNN;PPM1A;CYP24A1;LIX1;BAMBI;PSMC1;ID2;FDX1;SERBP1;BHLHE40;TFAM;ROR2;RCOR3;SSBP2;SP9;FGFR2;PTPN3"
"JARID1A 20064375 ChIP-Seq MESCs Mouse","55/1695",0.521332922690468,0.999985302328765,0,0,0.999943541102078,0.651329658792411,"ARPC5L;NUDT5;NUBP1;SNAPC5;MRPL2;ATP7B;OPA1;HINT3;GOLGA1;MAGOH;NEK1;NBN;EIF2B1;UNC45A;NUP133;DDX55;ACTL6A;DARS2;ALG11;APOA5;PSMA6;PEX3;SLC9A8;PICK1;NUP54;DNAJC8;RCCD1;BDP1;CDC123;UBIAD1;TBC1D9B;DDX1;FOXK1;COX7A2;LIN7C;RCHY1;LMAN1;KLC4;TMEM168;SAMM50;TPR;ATG5;ATP6V0A1;NUP153;GTF2H3;GPN1;BLCAP;RAD52;EIF3M;CENPL;TRMT12;PSMG1;RAD1;PPIL4;TOMM6"
"SOX2 18555785 ChIP-Seq MESCs Mouse","12/365",0.522972590181909,0.999985302328765,0,0,1.01385300252156,0.657206104651743,"HS3ST3B1;SMUG1;BFSP1;RRM2;MOBP;BASP1;ID2;MOGAT1;CENPL;DARS2;SLC39A14;NID2"
"STAT6 20620947 ChIP-Seq CD4 POS T Human","11/334",0.523181932372857,0.999985302328765,0,0,1.01569339169425,0.657992599723637,"ZBP1;NEK8;PPP3CC;SUB1;CLEC16A;TLCD1;HAPLN3;SSBP2;RAB11FIP4;PGM1;DACT1"
"CEBPB 23403033 ChIP-Seq LIVER Mouse","10/304",0.52767569743223,0.999985302328765,0,0,1.01439323773328,0.648474607316001,"UNC45A;ZNHIT6;SYNPO2;MED8;UGT3A2;DARS2;IFT80;EIF2S2;PPM1F;CEP128"
"GATA1 21571218 ChIP-Seq MEGAKARYOCYTES Human","69/2132",0.528924052134865,0.999985302328765,0,0,0.996934494459023,0.634957973733441,"AVEN;CIITA;UXS1;MOGAT1;COL12A1;GRIK1;AHR;NUDT5;CHD2;ACTB;RYR3;UNC80;TIFAB;OPA1;CCND1;TRIM24;ANKRD1;TNR;WDR7;MAN1A1;PTGDR;WDR75;FOXL2;IL16;CACNA2D4;TMEM130;CACNB2;AFG3L2;SLC9A5;KEL;PEX5;VOPP1;HOXB3;ROR2;CD302;SGK1;EXOC2;PPM1L;PDE1C;DDX1;CLEC16A;COX7A2;NEUROD1;RNF216;P2RY2;TP53INP2;TRA2B;S1PR1;MSX1;NKX2-2;RUNX1T1;TXNDC5;ATP6V0A1;HELT;NUP153;PTPN14;DHRS3;TMEM60;BFSP1;ZFAT;ID2;SCGB1A1;BHLHE40;CASS4;RGS10;PSMG1;SLC28A2;SSBP2;TMEM9B"
"NOTCH1 21737748 ChIP-Seq TLL Human","7/211",0.530038232836347,0.999985302328765,0,0,1.02337212143424,0.649642903746118,"AVEN;TMTC3;CHST15;IL21R;MAN1A1;LRP8;NUBP1"
"TFAP2A 35110662 ChIP-Seq HEPM Human Embryo","37/1144",0.533237193767047,0.999985302328765,0,0,0.996374822136021,0.626509465621425,"SLC26A2;HDAC1;DDX1;GCNT1;YARS1;LARP1B;FADS3;NADK2;CCND1;CASP6;P2RY2;SMYD2;ANKRD1;NBN;MSX1;S100PBP;ATP6V0A1;UNC45A;MYLIP;RRM2;KIDINS220;PABPC4;ACTL6A;GFPT1;BCKDHB;PLEKHA5;WDR75;SLC39A14;RAD52;UTS2B;POC5;SERBP1;MTHFD2L;BHLHE40;TFAM;TRIM59;SGK1"
"STAT1 19122651 ChIP-Seq HeLaS3 Human CervicalCancer","111/3434",0.53505783017817,0.999985302328765,0,0,0.995152631149127,0.622348994452018,"ITSN2;COL12A1;ARPC5L;GDE1;AHR;FBXO21;NUDT5;HOXA13;ACTB;IFI44L;CEP128;THG1L;HERC5;GOLGA1;RPL38;UBAP2L;MMUT;NBN;MYLIP;PAQR3;WDR75;MELK;LIX1;LARS1;MAK;MTHFD2L;PPP1R3D;CHMP4C;VOPP1;TFAM;SNRPE;ROR2;HOXB7;HOXB6;XPR1;DGKH;CFH;DDX1;UTP23;COX7A2;SYNGR2;RNF216;ATG5;NEK8;TFAP2A;NUP153;EIF2S2;LRP1B;BFSP1;UBLCP1;BAMBI;ID2;BHLHE40;CDK1;PSMG1;TMEM9B;FGFR2;CIITA;MCUB;UFSP2;SNAPC5;NADK2;HINT3;EXO1;RSRC1;CASP6;DHX15;ANKRD1;ITGB8;MAN1A1;EIF2B1;ADAMTS6;CCDC50;STPG4;PABPC4;DDX55;PAWR;RAB3IL1;BPGM;SUPT3H;POC5;RBM12B;PEX5;TLCD1;RCCD1;BDP1;PFDN4;EXOC2;RNASEL;SAMD9;PPM1L;CCDC68;HDAC1;GCNT1;GLRX;CAPG;LRP8;AMN1;CNNM2;S100PBP;ATE1;BLCAP;PTPN14;DHRS3;RAD52;SMUG1;PRC1;SERBP1;ETFBKMT;RAD1;SSBP2"
"CNOT3 19339689 ChIP-ChIP MESCs Mouse","35/1083",0.535486394589715,0.999985302328765,0,0,0.995544483676057,0.621796970867509,"ANKRD37;COL15A1;RPE;ARPC5L;SEZ6;FBLN1;MRO;FSTL1;ACTB;TMEM168;PPP3CC;TPR;SMYD2;CNNM2;S100PBP;HS3ST3B1;ELOVL1;ACOT12;WDR75;DARS2;IL16;CREB1;LIX1;SLC9A8;SUB1;FDX1;SERBP1;CENPL;TRMT12;DSG2;TRIM59;ROR2;DNAJC8;EXOC2;PTPN3"
"WT1 25993318 ChIP-Seq PODOCYTE Human","94/2909",0.535499596629481,0.999985302328765,0,0,0.994917190725361,0.621380647684142,"TOP2B;CIITA;CCDC121;GPR26;CPXM2;UXS1;GXYLT2;GLI1;FBXO21;SYNE3;FADS3;TRIM24;BBX;PROK2;TNR;ITGB8;SPDL1;RGS9;CCDC50;HS3ST3B1;MYLIP;SMIM13;NCOA2;ARHGEF17;NXPE2;BCKDHB;PAWR;RAB3IL1;PAX5;BPGM;PDYN;SLC39A14;POMGNT1;RUNX2;SHISA6;KATNAL1;MED21;SLC9A8;ELF5;PPP1R3D;ROR2;CD302;HOXB8;EXOC2;HOXB5;COL15A1;WDR26;CLEC2L;NXPH3;DDX1;CLEC16A;FOXK1;RCHY1;LRP8;UACA;PPM1F;LMAN1;KLC4;FAM124B;TMEM168;P2RY6;RNF216;CHST15;SMYD2;SLIT1;AMZ2;CDH26;CNNM2;RHBG;KCNJ2;LEKR1;S100PBP;CDK17;SLC12A2;LINGO1;SLC37A2;KCNJ6;TGFB2;BDNF;SRD5A3;PLEKHA5;KCNJ16;PTPN14;EIF3M;CYP24A1;ZFAT;GPR182;TRMT12;CASS4;HOXD3;CALM2;FGFR2;PTPN3;CCDC171"
"SMRT 22465074 ChIP-Seq MACROPHAGES Mouse","51/1580",0.53775751751825,0.999985302328765,0,0,0.994072239927729,0.616670260026385,"ARHGAP9;DGKD;CHRM5;GDE1;ICAM2;DCAF8;ACTB;ZC3H12D;SNAPC5;TIFAB;CTSL;BASP1;ADAMTS6;MYLIP;MKKS;VEZF1;BPGM;TMEM170B;RUNX2;PSMA6;PPM1A;BIN3;CREB1;LACTB2;MED21;NUP54;SGK1;ABCG2;RNASEL;WDR26;CFH;RPE;COX7A2;KRT84;LMAN1;PTDSS1;HLX;TRA2B;AMZ2;CNNM2;ATP6V1G3;ATP6V0A1;CDK17;GSX1;SRD5A3;LRP1B;INHBE;PTPRC;UBLCP1;ZFAT;PPIL4"
"VDR 23401126 ChIP-Seq LCL-AND-THP1 Human","7/213",0.540066366409915,0.999985302328765,0,0,1.0133306112573,0.624275745861614,"SLC37A2;SEZ6;IL21R;TNR;FOXK1;GXYLT2;NUBP1"
"ZFP57 27257070 Chip-Seq ESCs Mouse","24/744",0.541956745600684,0.999985302328765,0,0,0.993653333333333,0.608681314093422,"CDK17;HS3ST3B1;USP25;RNASEL;CFH;SYNPO2;GCNT1;LRP1B;RGS5;FAM124B;P2RY6;EPCAM;CTSL;DSEL;CHORDC1;SLITRK6;UGT3A2;SPOPL;UGT2A2;STEAP1;KCNJ2;RUNX1T1;ABCG2;DACT1"
"LXR 22292898 ChIP-Seq THP-1 Human","52/1614",0.54345427766192,0.999985302328765,0,0,0.9919722384865,0.604914294842839,"ARHGAP9;RTP2;SLC35F3;KLHL36;STAB2;CALML4;ACTB;GIMAP8;FADS3;TIFAB;EXO1;ELOVL1;FOXD3;EMX2;PLA2G4F;PABPC4;RAB3IL1;FOXL2;IL16;PAX5;ACTA1;KIAA1614;SLC9A5;PRKAR1A;SUB1;PICK1;HOXB5;SHANK1;TBC1D9B;NXPH3;CAPG;FBLN1;LRP8;NEUROD1;P2RY6;SYNGR2;NPBWR1;TP53INP2;IL21R;NKX2-2;MARCKSL1;GTF2H3;SMUG1;ARTN;ZFAT;BHLHE40;TRMT12;REN;HOXD3;ALDH8A1;SP9;TOMM6"
"JUN 26020271 ChIP-Seq SMOOTH MUSCLE Human","51/1587",0.551044367857784,0.999985302328765,0,0,0.989153297449833,0.589475967260672,"MYLK2;SAMD9L;DGKD;COL12A1;GXYLT2;NUBP1;RYR3;ABHD10;HINT3;OR10W1;NEK1;BDKRB1;UBAP2L;CCR4;TTC23L;MYLIP;MKKS;STARD5;PLEKHG7;PAWR;RUNX2;MLF1;PPM1A;SNRPE;DSG2;ZNF512;BDP1;BLK;DDX1;PPM1F;AMN1;RNF216;NFIL3;GTSF1L;TP53INP2;LEKR1;VAT1L;ATG5;SLC12A2;KCNJ6;SRD5A3;HTR1B;NUP153;GPN1;PTPN14;BFSP1;CYP24A1;PRC1;ARTN;GPR182;BHLHE40"
"NANOG 21062744 ChIP-ChIP HESCs Human","21/654",0.551653024635167,0.999985302328765,0,0,0.98881576961391,0.588183225937338,"HS3ST3B1;RPL30;SLC26A2;MKKS;RPE;BTF3L4;GNAI3;NUP153;EIF2S2;SLC39A14;BLCAP;TMEM60;HMBOX1;UCHL1;MRAS;MED21;CHORDC1;DSG2;NUP54;TCP11;PTPN3"
"JUN 26020271 ChIP-Seq HCASMC Human CoronaryArtery","16/498",0.552360196869329,0.999985302328765,0,0,0.98950528668725,0.587325726282383,"KCNJ6;SAMD9L;NXPE2;GPN1;MLF1;PPM1A;BFSP1;PRC1;LARS1;MTHFD2L;IL21R;BBX;ZNF512;LEKR1;ATG5;ATP6V0A1"
"TRIM28 19339689 ChIP-ChIP MESCs Mouse","72/2241",0.55542404523585,0.999985302328765,0,0,0.988486735655163,0.581253342522302,"ANKRD37;FOXE3;GPR26;EIF4E3;UXS1;ARPC5L;SMC5;FBXO21;PPP3CC;OPA1;RSRC1;GOLGA1;MAGOH;KPNA4;NBN;CCDC50;HS3ST3B1;FOXD3;EMX2;PABPC4;WDR75;PAWR;IFT80;PDYN;CACNB2;AFG3L2;EID3;CREB1;KATNAL1;PEX3;SLC9A8;SUB1;FDX1;RBM12B;SNRPE;DSG2;ROR2;DNAJC8;EXOC2;XPR1;ABCG2;SLC26A2;COL15A1;WDR26;PPM1L;STXBP4;RPE;SEZ6;GLRX;CAPG;FBLN1;LIN7C;TMEM168;SYNGR2;TPR;NPHP3;IARS2;CNNM2;PACSIN1;ATE1;PCGF6;TGFB2;NAP1L5;KLHL9;UBLCP1;ARTN;BAMBI;ID2;SERBP1;SP9;TMEM9B;PTPN3"
"MEIS1 20887958 ChIP-Seq HPC-7 Mouse","35/1092",0.555809360399443,0.999985302328765,0,0,0.986582393166081,0.579449358551569,"ITSN2;OTUD4;TOP2B;KLHL36;ARPC5L;DCAF8;UBR3;UFSP2;GLRX;PDS5B;KLC4;NFIL3;TPR;IL21R;ANKRD1;WDR7;S100PBP;ATP6V0A1;KIDINS220;WDR75;BPGM;ALG11;GTF2H3;DHRS3;SUPT3H;BIN3;MYH3;PRKAR1A;LIX1;ARTN;MCM5;SLC22A8;SSBP2;CALM2;TOMM6"
"SOX2 19030024 ChIP-ChIP MESCs Mouse","20/625",0.558156726460187,0.999985302328765,0,0,0.985218568106269,0.57449620242892,"RPE;BTF3L4;KCNJ16;KCNA5;AHR;SLC39A14;BLCAP;DEXI;NID2;PARP12;TMEM60;SNAPC5;EXTL2;MOBP;BASP1;SERBP1;CHORDC1;PEX5;TRMT12;FGFR2"
"KLF5 25053715 ChIP-Seq YYC3 Human","51/1591",0.558596000929133,0.999985302328765,0,0,0.986362550492985,0.574387305196042,"HDDC2;VIPR1;DGKD;EIF4E3;SLC35F3;COL12A1;CHD2;ACTB;BASP1;GOLGA1;CHORDC1;BBX;ITGB8;TCP11;PLEKHG7;FOXL2;CACNA2D4;TM4SF4;TMEM170B;SLC39A14;B3GNT7;SLC9A8;VOPP1;ANKS6;DSG2;MFGE8;PDE1C;LRTM2;GCNT1;GNAI3;CLEC16A;OR2K2;KCNA5;FOXK1;UACA;STRA8;FAM124B;MOBP;NPBWR1;P2RY2;NPHP3;GPR156;KCNJ2;KCNJ6;RPP40;CPPED1;CRNN;ID2;BHLHE40;ALDH8A1;SSBP2"
"SPI1 23127762 ChIP-Seq K562 Human","37/1157",0.561804636887082,0.999985302328765,0,0,0.984108018207283,0.56743777636684,"ITSN2;HDDC2;COL15A1;CLEC2L;GDE1;GNAI3;PIK3CD;PPM1J;FBLN1;FBXO21;ARPP19;PPM1F;AMN1;FGD5;P2RY6;RNF216;SLIT1;UBAP2L;MAN1A1;ADAMTS6;RAB11FIP4;ZNF385A;VAT1L;ATG5;NEK8;ELOVL1;ACTN2;RAB3IL1;ABCA8;SUPT3H;CACNB2;EIF3M;BFSP1;KEL;UBLCP1;RGS10;ZNF512"
"YY1 33199912 ChIP-Seq 293T Human KidneyEmbryo","116/3612",0.56641827646792,0.999985302328765,0,0,0.987019203936099,0.561043893195193,"ITSN2;RPL30;GDE1;DCAF8;SMC5;GXYLT2;FBXO21;CCAR2;CEP128;AS3MT;NARS1;GOLGA1;TRIM24;NEK1;NBN;PLS1;PAQR3;WDR75;ALG11;PRKAR1A;LACTB2;ZC3H11A;MTHFD2L;ANKS6;SNRPE;BBOF1;DGKH;ABCG2;UBIAD1;INO80D;DDX1;TMTC3;CLEC16A;UBR3;PDS5B;ARPP19;RNF216;ZNHIT6;NAALAD2;BRIX1;ATG5;SRD5A3;NUP153;PRDX6;GPN1;UBLCP1;ZFAT;CDK1;TRMT12;PSMG1;RCOR3;GPR27;EIF4E3;MCUB;UFSP2;CHD2;LARP1B;SNAPC5;NADK2;MRPL2;UCHL1;OPA1;HINT3;EXO1;RSRC1;DHX15;WDR7;SPDL1;EIF2B1;PGM1;TTC23L;SMIM13;NUP133;NCOA6;PABPC4;DDX55;DARS2;VEZF1;BPGM;MLF1;PEAK1;MED21;RBM12B;PICK1;STRAP;MCM5;NUP54;DNAJC8;PFDN4;EXOC2;PPM1L;HDAC1;SEZ6;FOXK1;PPM1F;LMAN1;TMEM168;SAMM50;P2RY2;TRA2B;CNNM2;CFAP20;S100PBP;ATE1;USP25;PCGF6;KIDINS220;RPL23A;BLCAP;RAD52;DHRS7;PSMC1;SERBP1;CCNYL1;SNRNP48;PPIL4"
"LMO2 20887958 ChIP-Seq HPC-7 Mouse","42/1317",0.570587596104856,0.999985302328765,0,0,0.980963271634848,0.55040728791316,"ITSN2;HDDC2;GPR26;TBC1D9B;GCNT1;ICAM2;DCAF8;GRIK1;FBLN1;NUDT5;LRP8;ACTB;EXTL2;RNF216;OPA1;NFIL3;HLX;TRIM24;S1PR1;WDR7;ATP6V1G3;PGM1;PLA2G4F;SRD5A3;RPP40;BPGM;PDYN;DEXI;DHRS3;BIN3;BFSP1;MYH3;B3GNT7;PRKAR1A;ARTN;PEX3;ZFAT;CHMP4C;VOPP1;SNRPE;SLC22A8;CALM2"
"LMO2 26923725 Chip-Seq MACROPHAGESS Mouse","11/346",0.570601697886587,0.999985302328765,0,0,0.978692743180648,0.549109132736096,"FOXD3;BOLL;INO80D;ICAM2;SMYD2;XCL1;FOXK1;STEAP1;FGFR2;LEKR1;ATG5"
"KDM2B 26808549 Chip-Seq JURKAT Human","53/1660",0.571235546877443,0.999985302328765,0,0,0.981895482432145,0.549815947489073,"AVEN;ICAM2;PIK3CD;FBXO21;SHH;CCND1;EXO1;PEA15;BBX;TGM6;RGS9;PGM1;ZBP1;HS3ST3B1;ELOVL1;PABPC4;PAWR;FOXL2;CACNA2D4;FDX1;HOXB8;HOXB7;XPR1;DGKH;SHANK1;PPM1L;HDAC1;RGS16;LRP8;EXTL2;NPBWR1;TP53INP2;SMYD2;SLIT1;S1PR1;NT5M;MSX1;ATP6V0A1;CDK17;MARCKSL1;TFAP2D;TGFB3;PLEKHA5;DHRS3;TMEM60;BAMBI;ID2;BHLHE40;RGS10;RCOR3;SSBP2;SP9;PTPN3"
"P63 20808887 ChIP-Seq KERATINOCYTES Human","51/1598",0.571730635168994,0.999985302328765,0,0,0.981513469807784,0.548751731507204,"DGKD;CPO;ICAM2;SNAPC5;DHX15;SOSTDC1;PSKH2;TCP11;ZNF385A;FOXD3;APOBEC4;ENTPD5;PABPC4;PPM1A;KIAA1614;B3GNT7;SLC9A8;SNRPE;ZNF512;DNAJC8;PLA2R1;CDC123;TAS2R40;PPM1L;LRTM2;DDX1;RGS16;FBLN1;RCHY1;NEUROD1;STRA8;SYNGR2;HLX;KCNJ2;CCDC73;ATP6V0A1;SLC12A2;KCNJ6;RRM2;TGFB3;ABCA8;MCOLN2;SMUG1;MARCO;BFSP1;UBLCP1;BHLHE40;CCNYL1;SLC28A2;ALDH8A1;FGFR2"
"SALL4 18804426 ChIP-ChIP XEN Mouse","22/693",0.57335898134665,0.999985302328765,0,0,0.976808638586033,0.543343225368344,"ITSN2;ELOVL1;FOXE3;GCNT1;RAB3IL1;MRO;PRDX6;SLC39A14;PTPN14;NID2;DHRS3;PARP12;RAD52;RGS4;PPM1A;ANKRD1;BBX;NPHP3;ATP6V1G3;PGM1;CCDC50;ATP6V0A1"
"RUNX1 27514584 Chip-Seq MCF-7 Human","50/1568",0.573880529147705,0.999985302328765,0,0,0.980608876014262,0.5445654904434,"CHD2;LARP1B;SHH;UCHL1;CCND1;BASP1;TRIM24;BDKRB1;RPL38;RGS9;MYLIP;NCOA2;NUP133;APOBEC4;ENTPD5;ARHGEF17;FOXL2;VEZF1;TM4SF4;TMEM130;POC5;VOPP1;TFAM;SGK1;PFDN4;PPM1L;NXPH3;LRTM2;DDX1;RGS16;FOXK1;NR2C2;UACA;LMAN1;PTDSS1;EPCAM;P2RY2;TRA2B;IL21R;CDH26;S100PBP;CDK17;TFAP2A;LINGO1;DHRS3;CRNN;ID2;BHLHE40;RCOR3;FGFR2"
"GFI1B 20887958 ChIP-Seq HPC-7 Mouse","47/1475",0.574813440869311,0.999985302328765,0,0,0.979904752598714,0.542582807248568,"HDDC2;DGKD;RPE;DCAF8;UBR3;CAPG;FBXO21;NUDT5;ARPP19;LRP8;NUBP1;ZC3H12D;SNAPC5;KLC4;AS3MT;EXTL2;PPP4R1;OPA1;RSRC1;CHORDC1;TRIM24;NT5M;NBN;CNNM2;ADAMTS6;ATP6V0A1;NEK8;MARCKSL1;RRM2;DDX55;SRD5A3;WDR75;GTF2H3;DHRS3;SUPT3H;PSMA6;PPM1A;CREB1;MYH3;PRKAR1A;LIX1;BAMBI;MTHFD2L;BHLHE40;CENPL;RAD1;SP9"
"CREM 20920259 ChIP-Seq GC1-SPG Mouse","149/4643",0.578106160879068,0.999985302328765,0,0,0.98517712505563,0.539874855599791,"ITSN2;OTUD4;RPL30;ANKRD37;DGKD;UXS1;ARPC5L;GDE1;DCAF8;SMC5;AHR;DCAF5;NUDT5;ACTB;PPP4R1;CCND1;GOLGA1;MAGOH;CHORDC1;TRIM24;PROK2;NEK1;RPL38;KPNA4;UBAP2L;NBN;TCP11;ZBP1;MYLIP;ENTPD5;PAQR3;WDR75;CACNA2D4;ALG11;TMEM170B;AFG3L2;KATNAL1;PRKAR1A;LACTB2;ZC3H11A;SLC9A8;MAK;SUB1;FDX1;PPP1R3D;TFAM;XPR1;ABCG2;SLC26A2;TBC1D9B;DDX1;TMTC3;COX7A2;PDS5B;LIN7C;ARPP19;FAM124B;RNF216;TPR;SMYD2;NPHP3;AMZ2;RAB11FIP4;ATG5;TXNDC5;ATP6V0A1;SRD5A3;GFPT1;NUP153;EIF2S2;PARP12;UBLCP1;ARTN;BAMBI;ZFAT;ID2;TRMT12;PSMG1;HOXD3;RCOR3;SP9;CALM2;TMEM9B;GPR27;TOP2B;STAB2;UFSP2;CHD2;SNAPC5;MRPL2;BOLL;PPP3CC;HINT3;EXO1;CTSL;DHX15;EIF2B1;DACT1;NCOA2;MKKS;NUP133;DDX55;ACTL6A;PAWR;DARS2;VEZF1;PAX5;SLC39A14;MLF1;PPM1A;CREB1;MED21;PEX5;PICK1;STRAP;TRIM59;MCM5;NUP54;RCCD1;BDP1;WDR26;PPM1L;HDAC1;RPE;GNAI3;PPM1J;FOXK1;RCHY1;AMN1;PGRMC2;NFIL3;EPCAM;FAM184A;GTSF1L;TRA2B;GPR156;RIBC2;ATE1;USP25;PCGF6;MARCKSL1;RRM2;TMEM60;KLHL9;CYP24A1;CCNYL1;PPIL4;TOMM6;NEK11"
"MYC 22102868 ChIP-Seq BL Human","18/569",0.578258462633039,0.999985302328765,0,0,0.973305990261188,0.533113117185722,"CIITA;DGKD;RGS16;ARPC5L;ICAM2;CLEC16A;PAX5;DCAF5;GLI1;CHD2;PPM1A;SERBP1;IL21R;RGS10;VOPP1;BRIX1;NT5M;CALM2"
"AR 22383394 ChIP-Seq PROSTATE CANCER Human","49/1540",0.57986394174204,0.999985302328765,0,0,0.978247261345853,0.533107374853072,"TOP2B;GRIK1;RYR3;TMEM220;UNC80;UCHL1;BASP1;CHORDC1;ANKRD1;NEK1;ITGB8;UGT2A1;PLS1;DACT1;MYLIP;APOA4;PAX5;PPM1A;AFG3L2;LACTB2;SLC9A8;ROR2;ZNF831;BLK;UBIAD1;PPM1L;NXPH2;STXBP4;TMTC3;GNAI3;PDS5B;UACA;MOBP;NFIL3;HLX;DSEL;SLITRK6;UGT3A2;KCNJ2;LEKR1;USP25;CA10;PLEKHA5;PRDX6;MCOLN2;LRP1B;SERBP1;ALDH8A1;CALM2"
"PKCTHETA 26484144 Chip-Seq BREAST Human","13/412",0.580786755212851,0.999985302328765,0,0,0.970886335335193,0.527552080980698,"TFAP2A;CIITA;VIPR1;CA10;TBC1D9B;TFAP2D;NXPH2;FOXK1;PRDX6;MYH3;GOLGA1;MFGE8;PFDN4"
"ERG 20517297 ChIP-Seq VCAP Human","27/853",0.581617831917113,0.999985302328765,0,0,0.973534953247744,0.527599180882139,"RPL30;AQP9;TMTC3;HAPLN3;SNAPC5;SYNGR2;BBX;ITGB8;UGT2A2;PSKH2;NKX2-2;LINGO1;NCOA2;GFPT1;KLHL9;PPM1A;MYH3;CYP24A1;OR2V2;ZFAT;SCGB1A1;MTHFD2L;TRMT12;VOPP1;PSMG1;DNAJC8;TLCD1"
"CUX1 19635798 ChIP-ChIP MULTIPLE CANCER TYPES Human","53/1669",0.587674231416593,0.999985302328765,0,0,0.975931747956675,0.518788250916616,"ITSN2;DGKD;COL12A1;NUBP1;KIAA0930;PPP4R1;ATP7B;OPA1;EXO1;PEA15;BDKRB1;TMEM14B;DACT1;HS3ST3B1;MED8;TM4SF4;SLC39A14;CACNB2;PRKAR1A;SLC9A8;PPP1R3D;TFAM;PLA2R1;PFDN4;HOXB5;BLK;TAS2R40;PPM1L;HDAC1;STXBP4;NXPH3;GNAI3;GLRX;NFIL3;TPR;IL21R;NAALAD2;NEK8;USP25;BDNF;KCNJ16;RPL23A;ABCA8;GTF2H3;EIF2S2;INHBE;BFSP1;PTPRC;PRC1;SCGB1A1;HOXD3;CALM2;NEK11"
"DCP1A 22483619 ChIP-Seq HELA Human","20/636",0.589932042890165,0.999985302328765,0,0,0.967057584704644,0.510362638768533,"ATE1;MARCKSL1;CLEC16A;DCAF8;DARS2;BLCAP;CPPED1;HMBOX1;PTDSS1;RNF216;OPA1;SLC9A8;ID2;CENPL;CDK1;RGS10;MCM5;NUP54;MFGE8;CALM2"
"CREB1 20920259 ChIP-Seq GC1-SPG Mouse","78/2451",0.592543531561014,0.999985302328765,0,0,0.977343627189419,0.511474156855209,"OTUD4;TOP2B;MOGAT1;DCAF8;UFSP2;CHD2;ACTB;SNAPC5;MRPL2;HINT3;EXO1;CTSL;GOLGA1;MAGOH;NEK1;RGS9;MKKS;NUP133;ARHGEF17;PAWR;VEZF1;TMEM170B;SLC39A14;MLF1;PPM1A;CREB1;PEX3;MED21;MTHFD2L;PEX5;PICK1;STRAP;SNRPE;MCM5;NUP54;RCCD1;BDP1;EXOC2;ABCG2;COL15A1;TBC1D9B;STXBP4;LRTM2;GCNT1;CAPG;LIN7C;RCHY1;AMN1;SYNGR2;SAMM50;PGRMC2;RNF216;MED30;NFIL3;TRA2B;TPR;CNNM2;RAB11FIP4;TXNDC5;ATE1;USP25;BDNF;SRD5A3;NUP153;GTF2H3;EIF2S2;MCOLN2;TMEM60;SMUG1;ZFAT;TRMT12;CASS4;SLC28A2;PPIL4;CALM2;PTPN3;TOMM6;NEK11"
"CTNNB1 24651522 ChIP-Seq LGR5+ INTESTINAL STEM Human","4/127",0.594004230272604,0.999985302328765,0,0,0.969458624818806,0.504960787373051,"ID2;ANKRD1;MSX1;RAB11FIP4"
"FOXP2 23625967 ChIP-Seq PFSK-1 AND SK-N-MC Human","23/733",0.596482179162047,0.999985302328765,0,0,0.964637987670432,0.498434152675658,"HDDC2;USP25;STARD5;NUP133;ACOT13;CALML4;PRDX6;PTPN14;DHRS3;SUPT3H;NAP1L5;FGD5;EXO1;HLX;SUB1;TRA2B;PPP1R3D;BHLHE40;NEK1;SNRPE;PFDN4;CCDC50;RUNX1T1"
"ESRRB 18555785 ChIP-Seq MESCs Mouse","34/1081",0.600892441836264,0.999985302328765,0,0,0.966502822621349,0.492277896051774,"EIF4E3;CCDC68;NXPH3;GLRX;COX7A2;AHR;GLI1;FBXO21;RCHY1;UACA;ATP7B;SAMM50;BASP1;DHX15;NT5M;TCP11;NCOA2;MKKS;STARD5;GPR12;NUP133;ACTN2;PRDX6;BLCAP;PARP12;KLHL9;AFG3L2;DHRS7;TFAM;TLCD1;RCOR3;CALM2;XPR1;PTPN3"
"ESR1 17901129 ChIP-ChIP LIVER Mouse","11/354",0.601111539368229,0.999985302328765,0,0,0.955463958982608,0.486307050711365,"NEK8;AS3MT;DHRS7;NFIL3;P2RY2;PAWR;TM4SF4;RCHY1;PRDX6;ACTB;ADAMTS6"
"MYB 21317192 ChIP-Seq ERMYB Mouse","24/767",0.602885142738458,0.999985302328765,0,0,0.961705518169583,0.486650474645811,"NEK8;OTUD4;ATE1;SAMD9L;EIF4E3;TBC1D9B;RRM2;SRD5A3;ICAM2;GLRX;EIF2S2;TSHR;EXTL2;KATNAL1;B3GNT7;NFIL3;GTSF1L;SUB1;SERBP1;VOPP1;PSMG1;SGK1;CALM2;XPR1"
"FOXM1 23109430 ChIP-Seq U2OS Human","7/226",0.602909265757296,0.999985302328765,0,0,0.952531330459893,0.481969960976785,"RRM2;PRC1;CDK1;TRIM59;RCCD1;CALM2;CPPED1"
"SOX2 21211035 ChIP-Seq LN229 Human","50/1590",0.614643313226912,0.999985302328765,0,0,0.965407714155627,0.469876637238008,"CCDC121;CPXM2;CHRM5;DCAF8;PIK3CD;UFSP2;TMEM220;MAGOH;TTC23L;MYLIP;FOXD3;NCOA2;SPINK2;NUP133;ENTPD5;PAWR;POMGNT1;AFG3L2;ZC3H11A;SLC9A8;PPP1R3D;PEX5;CHMP4C;STRAP;MCM5;ZNF512;ZNF831;RCCD1;HOXB6;BLK;UBIAD1;WDR26;CLEC2L;SDC2;PRDM14;MOBP;HLX;NPBWR1;TP53INP2;S1PR1;OR8B3;CDH26;CNNM2;RHBG;KCNJ2;ATE1;GSX1;KIDINS220;PRC1;ECHDC2"
"Nerf2 26677805 Chip-Seq MACROPHAGESS Mouse","31/993",0.615228108482384,0.999985302328765,0,0,0.958862335075927,0.465779050385495,"SAMD9L;TBC1D9B;GCNT1;GDE1;SMC5;CAPG;AHR;CHD2;LRP8;AMN1;BASP1;HLX;IL21R;BBX;KPNA4;WDR7;ACOT12;KCNJ16;PRDX6;SLC39A14;MCOLN2;RUNX2;SUPT3H;NAP1L5;SHISA6;AFG3L2;ACTA1;CD200R1;KATNAL1;ID2;SGK1"
"CEBPA 23403033 ChIP-Seq LIVER Mouse","14/454",0.615540565451513,0.999985302328765,0,0,0.947580529706514,0.459817648900905,"CFH;SYNPO2;MED8;DARS2;IFT80;ALG11;PPM1F;CEP128;DHRS7;PTDSS1;CTSL;CENPL;UGT3A2;WDR7"
"CEBPB 26923725 Chip-Seq HEMANGIOBLAST Mouse","15/486",0.61572533897774,0.999985302328765,0,0,0.948381522634572,0.459921690959793,"BLK;HS3ST3B1;HCN4;FOXD3;KCNJ6;SMC5;EIF2S2;MLF1;EXTL2;FDX1;SLIT1;BBX;CCNYL1;NUP54;KCNJ2"
"MITF 21258399 ChIP-Seq MELANOMA Human","147/4614",0.617204093451961,0.999985302328765,0,0,0.975702294917041,0.470830534358686,"ITSN2;ANKRD37;UXS1;ARPC5L;GXYLT2;DCAF5;FBXO21;HOXA13;IFI44L;FADS3;HERC5;CCND1;GOLGA1;BBX;KPNA4;NBN;RGS9;ZBP1;MYLIP;ACTN2;ACOT13;CACNA2D4;PDYN;TMEM170B;DEXI;AFG3L2;EID3;BIN3;PRKAR1A;LACTB2;ZC3H11A;FEZ1;SLC9A8;SUB1;FDX1;SNRPE;HOXB7;DGKH;BLK;SLC26A2;INO80D;BTF3L4;CLEC16A;UBR3;COX7A2;FAM124B;HMBOX1;PTDSS1;RNF216;AMZ2;RAB11FIP4;ATP6V0A1;PACSIN1;CDK17;TFAP2A;TGFB2;HELT;GFPT1;EIF2S2;PRDX6;ZFAT;ID2;BHLHE40;PSMG1;RCOR3;AVEN;TOP2B;SLC35F3;MOGAT1;PIK3CD;GLI1;CHD2;UNC80;SHH;MRPL2;OPA1;ITGB8;SOSTDC1;WDR7;CCR4;PGM1;TTC23L;DACT1;ELOVL1;NCOA2;NCOA6;DDX55;ACTL6A;RAB3IL1;FOXL2;VEZF1;IL16;SLC39A14;POMGNT1;SUPT3H;PPM1A;MYH3;B3GNT7;PICK1;ZNF512;DNAJC8;TLCD1;RCCD1;SGK1;MFGE8;EXOC2;SHANK1;COL15A1;SYNPO2;RPE;SEZ6;GNAI3;FOXK1;CAPG;FSTL1;LRP8;KRT85;PPM1F;FGD5;P2RY6;SAMM50;PGRMC2;TP53INP2;TRA2B;SLIT1;NT5M;CNNM2;LEKR1;S100PBP;RIBC2;LINGO1;ATE1;MARCKSL1;GSX1;PLEKHA5;KCNJ16;MCOLN2;DHRS3;CPPED1;SMUG1;OR2V2;SERBP1;ATP13A4;RGS10;CCNYL1;SNRNP48;TOMM6"
"SOX11 23321250 ChIP-ChIP Z138-A519-JVM2 Human","24/773",0.618246136957449,0.999985302328765,0,0,0.953693991989319,0.458601514736583,"ARHGAP9;VIPR1;RRM2;NXPH2;IFT80;RAB3IL1;RPL23A;PAX5;AHR;FBXO21;NEUROD1;RAD52;AFG3L2;PTDSS1;SAMM50;ZC3H11A;ITGB8;AMZ2;CD302;HOXB7;CALM2;CCDC50;S100PBP;ABCG2"
"CEBPB 21427703 ChIP-Seq 3T3-L1 Mouse","48/1531",0.621510782143214,0.999985302328765,0,0,0.962280218516453,0.457662415348189,"AVEN;SAMD9L;HDAC1;COL12A1;GCNT1;AQP9;UBR3;COX7A2;CALML4;NR2C2;HERC5;AMN1;PPP4R1;NFIL3;CTSL;HLX;ZNHIT6;TPR;S1PR1;ITGB8;NAALAD2;BDKRB1;ADAMTS6;RUNX1T1;DACT1;ELOVL1;STARD5;BDNF;SRD5A3;MED8;IFT80;IL16;ALG11;EIF2S2;PRDX6;AFG3L2;DHRS7;KATNAL1;PRKAR1A;MTHFD2L;RBM12B;BHLHE40;CENPL;VOPP1;HOXD3;CD302;RCCD1;SGK1"
"TP53 32428506 ChIP-Seq Human Liver Heptoma","18/584",0.622692885063124,0.999985302328765,0,0,0.946755668550117,0.448479905172231,"CDK17;USP25;MARCKSL1;CAPG;FBXO21;DHRS3;CCAR2;HERC5;MED30;ZFAT;SMYD2;TFAM;RCOR3;SSBP2;CALM2;EXOC2;TTC23L;S100PBP"
"EZH2 23942234 ChIP-Seq MYOBLASTS AND MYOTUBES Mouse","24/777",0.628343730584893,0.999985302328765,0,0,0.94842390438247,0.440702163454131,"HELT;PABPC4;SEZ6;WNT7A;FOXL2;FOXK1;DCAF5;GLI1;DHRS3;CACNB2;ACTA1;HMBOX1;SLC9A5;CYP24A1;MTHFD2L;HOXB3;PICK1;HOXB8;PFDN4;HOXB7;SP9;HOXB6;HOXB5;SHANK1"
"ESR1 22217937 ChIP-Seq MCF-7 Human BreastCancer","4/133",0.630353589233593,0.999985302328765,0,0,0.92407908178595,0.426438806819233,"PPM1J;RCOR3;PRDX6;DHRS3"
"FOXO1 25302145 ChIP-Seq T-LYMPHOCYTE Mouse","50/1599",0.630889802899348,0.999985302328765,0,0,0.959313510466659,0.44188289409632,"DGKD;MOGAT1;ICAM2;DCAF8;PIK3CD;SMC5;CHD2;ZC3H12D;GOLGA1;TRIM24;BBX;KPNA4;ADAMTS6;HS3ST3B1;NCOA2;STARD5;APOBEC4;BPGM;SLC39A14;PPM1A;MYH2;EID3;MELK;CREB1;XCL1;EXOC2;DGKH;RNASEL;WDR26;GLRX;FOXK1;CAPG;PDS5B;FAM124B;RNF216;MED30;IL21R;S1PR1;AMZ2;LEKR1;CDK17;KCNJ16;PLAC8L1;NUP153;PRDX6;PTPRC;ID2;RGS10;SSBP2;PTPN3"
"GATA1 30185409 ChIP-Seq HPC Mouse BoneMarrow Leukemia","27/874",0.632637318790504,0.999985302328765,0,0,0.948321482668165,0.434196555730176,"ITSN2;CCDC121;DGKD;GCNT1;PRDM14;UACA;RYR3;ZC3H12D;RNF216;HLX;ANKRD1;SLIT1;WDR7;CNNM2;CCR4;SGCG;RUNX1T1;TXNDC5;MYLIP;TGFB3;PAQR3;VEZF1;RAD52;MYH3;RGS10;NEK11;ABCG2"
"ESR1 20079471 ChIP-ChIP T-47D Human","5/167",0.634417112568997,0.999985302328765,0,0,0.919647649720113,0.418484407327535,"WDR26;SLC9A8;HOXB3;NBN;RYR3"
"SA1 27219007 Chip-Seq Bcells Human","51/1633",0.635441769193505,0.999985302328765,0,0,0.957911749658575,0.434350544137676,"CIITA;FOXE3;GPR26;CPXM2;PIK3CD;FADS3;AS3MT;EIF2B1;PTGDR;ELOVL1;FOXD3;EMX2;ENTPD5;PABPC4;DDX55;ARHGEF17;APOA5;POMGNT1;CACNB2;EID3;KIAA1614;MYH3;FDX1;SNRPE;DNAJC8;MFGE8;SHANK1;UBIAD1;WDR26;CFH;HDAC1;PPM1J;HLX;P2RY2;SLIT1;S1PR1;RHBG;S100PBP;CDK17;LINGO1;SLC37A2;MARCKSL1;CA10;TGFB3;MCOLN2;DHRS3;ARTN;SERBP1;SCGB1A1;ECHDC2;RCOR3"
"TDRD3 21172665 ChIP-Seq MCF-7 Human","15/493",0.637668139013204,0.999985302328765,0,0,0.934146615102359,0.420307395764126,"SLC12A2;SMC5;FOXK1;NUP153;UACA;OR2V2;CASP6;NPBWR1;SCGB1A1;ROR2;HOXB8;PFDN4;RGS9;XPR1;ZNF385A"
"HOXB7 26014856 ChIP-Seq BT474 Human","49/1573",0.640652233682871,0.999985302328765,0,0,0.95529636920385,0.425363387526975,"AVEN;LARP1B;THG1L;ZC3H12D;HERC5;ABHD10;OPA1;EXO1;ITGB8;CCR4;FOXD3;NUP133;NCOA6;BCKDHB;VEZF1;TM4SF4;CD200R1;CREB1;PRKAR1A;MAK;SUB1;HOXB3;XCL1;ROR2;SHANK1;NXPH3;SDC2;GCNT1;KCNA5;FOXK1;CLEC3A;NFIL3;FAM184A;P2RY2;TP53INP2;RAB11FIP4;NKX2-2;CDK17;PCGF6;CA10;RRM2;TGFB3;TMEM60;DHRS7;BFSP1;CYP24A1;BHLHE40;CASS4;PPIL4"
"LUZP1 20508642 ChIP-Seq ESCs Mouse","46/1480",0.643420730398259,0.999985302328765,0,0,0.953139925662251,0.420293192843636,"ARHGAP9;HDDC2;TBC1D9B;STXBP4;NXPH3;SEZ6;ICAM2;TMTC3;STAB2;AHR;NID2;TMEM220;ZC3H12D;HINT3;FAM184A;RPL38;NT5M;RGS9;KCNJ2;RAB11FIP4;ATG5;DACT1;CDK17;HS3ST3B1;RRM2;KIDINS220;PAWR;KCNJ16;VEZF1;SHISA6;INHBE;PSMA6;PPM1A;DHRS7;MYH2;EID3;MYH3;UBLCP1;PEX3;ID2;GPR182;CDK1;TFAM;ALDH8A1;SGK1;PPIL4"
"PGR 26153859 ChIP-Seq MCF-7 Human BreastCancer","25/816",0.646000052494171,0.999985302328765,0,0,0.940062886965542,0.410765831120528,"TBC1D9B;RGS16;PPM1J;NUBP1;ACTB;RSRC1;RPL38;AMZ2;NBN;CDH26;PLS1;TFAP2A;LINGO1;TGFB3;STPG4;ENTPD5;NUP153;CPPED1;RAD52;PRKAR1A;TRMT12;CCNYL1;ZNF831;SLC22A8;NRDE2"
"GATA2 20887958 ChIP-Seq HPC-7 Mouse","41/1324",0.646871414742519,0.999985302328765,0,0,0.949650285104812,0.413675019205372,"CDC123;DGKD;TBC1D9B;SLC35F3;RPE;ICAM2;CLEC16A;GRIK1;FBLN1;FSTL1;RNF216;MOBP;BASP1;HLX;TRIM24;S1PR1;BBX;AMZ2;TGM6;CNNM2;CCDC50;KCNJ2;NEK8;USP25;GFPT1;MED8;DARS2;PDYN;DHRS3;PPM1A;BIN3;MELK;BFSP1;MYH3;PRKAR1A;PEX3;SCGB1A1;CHMP4C;VOPP1;SLC22A8;ABCG2"
"TP53 22573176 ChIP-Seq HFKS Human","32/1039",0.64688994421646,0.999985302328765,0,0,0.944777159558938,0.411525185451613,"ANKRD37;SEZ6;ICAM2;UFSP2;CHD2;PRICKLE4;ZC3H12D;HERC5;AS3MT;AMZ2;NT5M;TGM6;ADAMTS6;VAT1L;RUNX1T1;SLC12A2;HS3ST3B1;CA10;MKKS;PLEKHG7;BCKDHB;TMEM130;SHISA6;CD200R1;DHRS7;KEL;MED21;GPR182;SCGB1A1;RBM12B;VOPP1;TOMM6"
"TCF4 32651957 ChIP-Seq PLC/PRF/5 Human Liver Heptoma","17/561",0.648673386235862,0.999985302328765,0,0,0.929934731012658,0.402499879584985,"CDK17;SMIM13;SRD5A3;PLEKHA5;PPM1J;FBLN1;ARPP19;TMEM60;PSMA6;HINT3;CCND1;FAM184A;S1PR1;MFGE8;PFDN4;SP9;PGM1"
"ESR1 26153859 ChIP-Seq T47D Human Breast Carcinoma","45/1452",0.649934139840043,0.999985302328765,0,0,0.950168740027394,0.409412739740797,"SLC26A2;VIPR1;PPM1L;PDE1C;COL12A1;PPM1J;COX7A2;NUDT5;ACTB;HERC5;SNAPC5;NADK2;P2RY6;SYNGR2;OPA1;GTSF1L;TRA2B;CHST15;RPL38;AMZ2;BRIX1;NBN;CDH26;RHBG;ZNF385A;PLS1;ATP6V0A1;TFAP2A;ARHGEF17;ACTL6A;WDR75;BLCAP;PTPN14;DHRS3;CPPED1;RAD52;BFSP1;SLC9A8;ELF5;BHLHE40;ETFBKMT;SNRPE;BBOF1;RCOR3;TOMM6"
"CHD1 19587682 ChIP-ChIP MESCs Mouse","19/626",0.650758247608724,0.999985302328765,0,0,0.931293637718679,0.400099635734959,"CDC123;RRM2;RPE;BTF3L4;IFT80;ALG11;BLCAP;SMUG1;PSMA6;UCHL1;HINT3;CTSL;PEX3;SERBP1;TRIM24;KPNA4;IARS2;NUP54;ATP6V0A1"
"STAT3 22323479 ChIP-Seq MACROPHAGE Mouse","1/32",0.652312723295621,0.999985302328765,0,0,0.961768219832736,0.410897385956844,"DSEL"
"BCL11B 21912641 ChIP-Seq STHDH STRIUM Mouse","1/32",0.652312723295621,0.999985302328765,0,0,0.961768219832736,0.410897385956844,"ADAMTS6"
"POU2F1 27270436 ChIP-Seq LNCaP Human Prostate Carcinoma","15/498",0.652952155050171,0.999985302328765,0,0,0.924231439935733,0.393954965380431,"TFAP2A;HDDC2;DDX1;GCNT1;CHD2;BLCAP;CCND1;FAM184A;GOLGA1;MAGOH;VOPP1;DHCR7;TLCD1;STEAP1;PSME3IP1"
"TBX2 35687133 ChIP-Seq MCF-7 Human BreastCancer","23/756",0.655445650468346,0.999985302328765,0,0,0.933216812172829,0.394228009633961,"NEK8;ZBP1;PDE1C;GCNT1;PPM1J;FOXK1;CACNA2D4;PRDX6;ACTB;FAM217B;AFG3L2;PRKAR1A;GTSF1L;MTHFD2L;BHLHE40;TRIM24;PSMG1;NBN;ZNF831;CDH26;CNNM2;RGS9;XPR1"
"ETS1 22383799 ChIP-Seq G1ME Mouse","43/1394",0.659562546038611,0.999985302328765,0,0,0.945394317374002,0.39345276315038,"HDDC2;CERKL;DGKD;PPM1L;UXS1;RPE;CHD2;NR2C2;LRP8;PPM1F;GIMAP8;UNC80;SAMM50;HINT3;EXO1;FAM184A;ZNHIT6;AMZ2;ATP6V1G3;ADAMTS6;TXNDC5;CDK17;NCOA2;USP25;KCNJ6;MKKS;BCKDHB;VEZF1;TMEM170B;EIF2S2;MLF1;CRNN;LACTB2;ZFAT;SERBP1;CDK1;CCNYL1;ANKS6;SNRPE;DHCR7;CALM2;XPR1;DGKH"
"SREBP1 19666523 ChIP-Seq LIVER Mouse","17/567",0.665674266985229,0.999985302328765,0,0,0.919496547756041,0.374193549044078,"MOGAT1;PABPC4;RGS16;BTF3L4;RPP40;SEZ6;TMTC3;KCNA5;CAPG;NUP153;UACA;LRP1B;AS3MT;HINT3;LACTB2;TPR;NUP54"
"TCF4 18268006 ChIP-ChIP LS174T Human","11/372",0.665769601165756,0.999985302328765,0,0,0.906963415799026,0.368963249650465,"ELOVL1;FGD5;DGKD;ID2;WDR75;TNR;XCL1;PRDX6;RHBG;LRP8;DHRS3"
"YY1 26981420 ChIP-Seq C2C12 Mouse Muscle","56/1811",0.670046955712478,0.999985302328765,0,0,0.946825980215525,0.37911621032279,"ITSN2;RPL30;ANKRD37;COL12A1;DCAF8;GLI1;FBXO21;FADS3;ABHD10;MRPL2;HINT3;CASP6;MAGOH;ANKRD1;EIF2B1;WDR75;DARS2;IFT80;VEZF1;ALG11;POC5;ZC3H11A;MED21;PICK1;TRIM59;MCM5;DNAJC8;STEAP1;PFDN4;PLPP1;HOXB5;UBIAD1;GNAI3;LIN7C;LMAN1;TMEM168;EXTL2;SAMM50;TRA2B;NT5M;CNNM2;LURAP1;ATP6V0A1;CDK17;ATE1;RPL23A;GPN1;BLCAP;SMUG1;ZFAT;SERBP1;TRMT12;RAD1;NRDE2;PPIL4;CALM2"
"FOXP3 21729870 ChIP-Seq TREG Human","37/1210",0.671638232155652,0.999985302328765,0,0,0.936911109996713,0.372923815063832,"CDC123;CIITA;CCDC121;CHRM5;TMTC3;UFSP2;GLI1;NUDT5;ZC3H12D;HERC5;KLC4;AMN1;MRPL2;PTDSS1;OPA1;RSRC1;RPL38;IARS2;S100PBP;MKKS;ACTL6A;ACOT13;IL16;TMEM170B;BLCAP;CPPED1;PRKAR1A;PEX3;PSMC1;SUB1;PEX5;CDK1;CCNYL1;SNRPE;NUP54;PFDN4;SSBP2"
"DACH1 20351289 ChIP-Seq MDA-MB-231 Human","41/1338",0.673270509417878,0.999985302328765,0,0,0.938671732337784,0.371346125960061,"UTP23;ARPC5L;TMTC3;CLEC16A;FOXK1;NR2C2;SNAPC5;KLC4;AMN1;PPP4R1;SYNGR2;OPA1;TRA2B;MAGOH;ZNF207;RPL38;AMZ2;EIF2B1;CNNM2;ATP6V0A1;SLC12A2;MYLIP;CA10;PABPC4;DDX55;ARHGEF17;PAWR;VEZF1;GTF2H3;SLC9A5;MELK;PEX3;ZFAT;PPP1R3D;TFAM;PSMG1;SSBP2;PPIL4;CALM2;TMEM9B;TOMM6"
"OCT4 18692474 ChIP-Seq MEFs Mouse","51/1655",0.67336624262557,0.999985302328765,0,0,0.943603574675352,0.37316303998105,"AQP9;ACTB;UCHL1;HINT3;CCND1;CHORDC1;TRIM24;RGS9;TCP11;ZBP1;HS3ST3B1;MKKS;ACTL6A;VEZF1;PDYN;CD200R1;LIX1;PEX3;HOXB3;MCM5;ROR2;HOXB7;HOXB6;ABCG2;SLC26A2;CFH;RPE;RGS16;SEZ6;COX7A2;NID2;NEUROD1;EXTL2;MOBP;MSX1;NKX2-2;PACSIN1;SLC12A2;KCNJ6;RRM2;BDNF;KCNJ16;EIF2S2;PRDX6;BLCAP;PSMC1;ID2;SERBP1;HOXD3;PPIL4;FGFR2"
"ELF5 23300383 ChIP-Seq T47D Human","26/860",0.674139740465829,0.999985302328765,0,0,0.926594839698065,0.365372893805836,"HDDC2;VIPR1;LRTM2;UTP23;ARPC5L;HMHB1;NUDT5;UACA;CLEC3A;AMN1;HMBOX1;MED30;SMYD2;DHX15;PSKH2;RGS9;TCP11;SLC12A2;MKKS;RUNX2;PSMA6;SLC9A8;MAK;SSBP2;EXOC2;PTPN3"
"IRF1 21803131 ChIP-Seq MONOCYTES Human","8/276",0.676371804465653,0.999985302328765,0,0,0.888676741099495,0.347483578733844,"ZBP1;TFAP2A;SAMD9;BDNF;SDC2;DHX15;GLRX;PLS1"
"TP63 30713093 ChIP-Seq Epithelial Human Tongue SCC","65/2100",0.677931745814627,0.999985302328765,0,0,0.947073474470735,0.368135666864771,"ANKRD37;DGKD;COL12A1;ARPC5L;UFSP2;DCAF5;GLI1;ZC3H12D;BDKRB1;RPL38;SPDL1;UNC45A;ZBP1;RARS1;LMNTD1;WDR75;IL16;CACNA2D4;PSMA6;B3GNT7;ADGRF4;PEX5;VOPP1;TFAM;ANKS6;DSG2;RCCD1;CCDC152;DGKH;ABCG2;CDC123;MINDY3;SAMD9;PPM1L;RGS16;UTP23;GNAI3;CAPG;P2RY6;PGRMC2;RNF216;CHST15;SMYD2;PTCHD4;CFAP20;S100PBP;ATP6V0A1;RIBC2;NEK8;TFAP2A;SLC37A2;RPL23A;EIF2S2;BLCAP;DHRS3;EIF3M;BFSP1;ZFAT;BHLHE40;TRMT12;ECHDC2;SLC22A8;RCOR3;FGFR2;PTPN3"
"EWS-ERG 20517297 ChIP-Seq CADO-ES1 Human","25/830",0.678924571489015,0.999985302328765,0,0,0.923017200191113,0.357434022047984,"VIPR1;PDE1C;STXBP4;UXS1;SDC2;DDX1;UTP23;GLI1;UACA;EXTL2;PTDSS1;HLX;PEA15;MAGOH;ANKRD1;RPL38;CNNM2;RIBC2;UNC45A;LINGO1;RPP40;MLF1;RAD52;ACTA1;HOXB8"
"EGR1 19032775 ChIP-ChIP M12 Human","6/210",0.680283649660544,0.999985302328765,0,0,0.875811911078584,0.337402541479263,"HERC5;BLK;HLX;NPBWR1;ZNF207;HOXB6"
"TBX3 20139965 ChIP-Seq ESCs Mouse","23/767",0.682072280270321,0.999985302328765,0,0,0.918876034903295,0.351580021312008,"AVEN;STXBP4;GCNT1;PRDM14;LIN7C;CHD2;SLC39A14;TMEM130;PPM1F;PPM1A;OPA1;B3GNT7;ID2;SMYD2;ECHDC2;SOSTDC1;NPHP3;MCM5;ADAMTS6;FGFR2;ATG5;PTPN3;DACT1"
"TCF21 26020271 ChIP-Seq SMOOTH MUSCLE Human","50/1629",0.682860820271052,0.999985302328765,0,0,0.939501237549177,0.358386104170448,"AVEN;FOXE3;UXS1;UFSP2;GXYLT2;DCAF5;GLI1;CHD2;FADS3;RGS5;HINT3;EXO1;ITGB8;BDKRB1;TMEM14B;DACT1;STARD5;ARHGEF17;MED8;RAB3IL1;VEZF1;TM4SF4;TMEM130;CACNB2;BIN3;SLC9A5;TLCD1;PLA2R1;PPM1L;LRTM2;GCNT1;FOXK1;FBLN1;HLX;DSEL;TRA2B;KCNJ2;RUNX1T1;TXNDC5;BDNF;NUP153;PTPN14;PARP12;INHBE;BFSP1;ID2;BHLHE40;CASS4;ECHDC2;NEK11"
"FLI1 20887958 ChIP-Seq HPC-7 Mouse","47/1534",0.683105369552967,0.999985302328765,0,0,0.937927151592875,0.357449812016337,"OTUD4;HDDC2;RNASEL;CLEC16A;UFSP2;NUDT5;LRP8;ACTB;KLC4;AS3MT;EXTL2;PTDSS1;TIFAB;ZNHIT6;MAGOH;CHORDC1;RPL38;AMZ2;NBN;ADAMTS6;CCDC50;ATP6V0A1;MYLIP;SLC37A2;DDX55;ARHGEF17;WDR75;DARS2;ALG11;GTF2H3;SUPT3H;SMUG1;PSMA6;BIN3;CREB1;PRKAR1A;SLC9A8;SERBP1;RBM12B;CENPL;TRMT12;CASS4;RAD1;ALDH8A1;SLC22A8;PPIL4;TOMM6"
"TAL1 22897851 ChIP-Seq JUKARTE6-1 Human","48/1569",0.688645093640067,0.999985302328765,0,0,0.9362436701487,0.349246268709596,"GPR27;HCN4;RTP2;TBC1D9B;HDAC1;LRTM2;RGS16;CLEC16A;HMHB1;DCAF8;UBR3;SMC5;KCNA5;GRIK1;FBLN1;CALML4;EXTL2;RNF216;OR10W1;NPBWR1;P2RY2;PEA15;SLIT1;UGT3A2;MAN1A1;CCR4;TCP11;RAB11FIP4;VAT1L;NKX2-2;KCNJ6;HELT;TGFB3;PLAC8L1;PRDX6;SMUG1;CACNB2;PPM1A;BFSP1;OR2V2;PRC1;SLC9A8;FDX1;CASS4;SNRNP48;SSBP2;SP9;NEK11"
"TBX3 20139965 ChIP-Seq MESCs Mouse","23/770",0.689139100825389,0.999985302328765,0,0,0.915038214626343,0.340679836193888,"AVEN;STXBP4;GCNT1;PRDM14;LIN7C;CHD2;SLC39A14;TMEM130;PPM1F;PPM1A;OPA1;B3GNT7;ID2;SMYD2;ECHDC2;SOSTDC1;NPHP3;MCM5;ADAMTS6;FGFR2;ATG5;PTPN3;DACT1"
"CTCF 33576154 ChIP-Seq Human Liver ProstateCancer","115/3679",0.689815135472348,0.999985302328765,0,0,0.953934370757092,0.354226011381719,"OTUD4;VIPR1;DGKD;TEX48;DCAF5;ACTB;BASP1;GOLGA1;TRIM24;BBX;RPL38;KPNA4;NBN;RGS9;PLS1;ZBP1;MYLIP;RARS1;PAQR3;DEXI;KATNAL1;PRKAR1A;SLC9A8;VOPP1;ANKS6;SNRPE;HOXB8;STEAP1;HOXB7;HOXB6;HOXB5;SLC26A2;NXPH3;UTP23;PDS5B;MRO;SYNGR2;RNF216;NPBWR1;ZNHIT6;AMZ2;ATP6V0A1;CDK17;NEK8;BDNF;TGFB3;SRD5A3;GFPT1;RPP40;EIF2S2;OPN5;INHBE;BFSP1;ARTN;BAMBI;ZFAT;BHLHE40;TRMT12;PSMG1;RCOR3;GLI1;LARP1B;SNAPC5;NADK2;OPA1;HINT3;CTSL;CASP6;MAN1A1;PGM1;CCDC50;UNC45A;SMIM13;NCOA2;MKKS;PABPC4;DDX55;ARHGEF17;PAWR;VEZF1;B3GNT7;ELF5;RBM12B;PEX5;SPOPL;DNAJC8;TLCD1;RCCD1;SGK1;PFDN4;WDR26;PPM1J;GLRX;FOXK1;PPM1F;AMN1;PGRMC2;TP53INP2;TRA2B;GPR156;CNNM2;KCNJ2;S100PBP;RUNX1T1;LINGO1;MARCKSL1;CPPED1;TSHR;RAD52;DHRS7;TAFA3;ETFBKMT;NRDE2;PPIL4;TOMM6"
"VDR 21846776 ChIP-Seq THP-1 Human","19/641",0.690272897139431,0.999985302328765,0,0,0.908107487367938,0.336606619039964,"HDDC2;SLC37A2;PIK3CD;FOXK1;HOXA13;UACA;PPM1F;ACTB;FADS3;PPP4R1;ARTN;HLX;P2RY2;BHLHE40;TNR;TLCD1;SP9;VAT1L;RUNX1T1"
"GF1B 26923725 Chip-Seq HPCs Mouse","39/1284",0.691091410321433,0.999985302328765,0,0,0.92979656330239,0.343544188132859,"BLK;MYLK2;CCDC121;NXPH3;UXS1;STAB2;CLEC16A;FOXK1;MRO;LRP8;HOXA13;NID2;PPP3CC;OPA1;ZNHIT6;RPL38;UBAP2L;TTC23L;ATG5;PTGDR;DACT1;NEK8;MYLIP;MED8;KCNJ16;BPGM;SHISA6;PPM1A;BAMBI;SERBP1;PEX5;RGS10;PICK1;CCNYL1;PSMG1;NUP54;ALDH8A1;SGK1;HOXB7"
"HNF4A 19761587 ChIP-ChIP CACO-2 Human","23/771",0.691475547887791,0.999985302328765,0,0,0.913765782235055,0.33711331600781,"NCOA2;WDR26;DARS2;APOA4;GLI1;BLCAP;HOXA13;UACA;DHRS3;INHBE;MRPL2;PRKAR1A;PEX3;SLC9A8;TP53INP2;GOLGA1;CHORDC1;PPP1R3D;PEX5;SMYD2;ITGB8;SNRPE;ABCG2"
"TCF7 22412390 ChIP-Seq EML Mouse","50/1635",0.692806680054667,0.999985302328765,0,0,0.935628781934138,0.343379767151469,"MYLK2;DCAF5;CHD2;ACTB;CCND1;TRIM24;BBX;NEK1;RPL38;KPNA4;NCOA2;PDYN;SLC39A14;CREB1;KATNAL1;PEX3;SUB1;TLCD1;SHANK1;BLK;WDR26;TBC1D9B;LRTM2;PDS5B;LRP8;PPM1F;FGD5;P2RY6;SYNGR2;NFIL3;S1PR1;AMZ2;IARS2;S100PBP;CDK17;MARCKSL1;KCNJ6;RRM2;NUP153;RAD52;SMUG1;PTPRC;ZFAT;ID2;SCGB1A1;BHLHE40;CASS4;RCOR3;SSBP2;CALM2"
"ESR1 15608294 ChIP-ChIP MCF-7 Human","2/74",0.697419049745527,0.999985302328765,0,0,0.827709084664262,0.298280554200942,"COX7A2;ABCG2"
"HIF1A 21447827 ChIP-Seq MCF-7 Human","7/248",0.698019942406179,0.999985302328765,0,0,0.864582929383023,0.310824138997302,"ANKRD37;P2RY2;GOLGA1;DHCR7;CHD2;PFDN4;BLCAP"
"LEF1 29337183 ChIP-Seq mESC Mouse Stem","72/2335",0.698446283909338,0.999985302328765,0,0,0.942243965350208,0.338168537430657,"ITSN2;AVEN;TOP2B;FOXE3;CPXM2;GRIK1;GXYLT2;CHD2;ACTB;LARP1B;OPA1;HINT3;CCND1;NEK1;RPL38;NBN;TGM6;TCP11;MYLIP;SMIM13;NCOA2;PAWR;VEZF1;TMEM170B;RUNX2;BIN3;SLC9A5;ZC3H11A;MTHFD2L;HOXB3;ROR2;TLCD1;PLA2R1;SGK1;EXOC2;XPR1;STXBP4;GCNT1;FBLN1;RCHY1;LRP8;PPM1F;AMN1;FAM124B;RNF216;MED30;NFIL3;TRA2B;GPR156;RHBG;KCNJ2;LEKR1;TXNDC5;CDK17;TFAP2A;LINGO1;SLC37A2;BDNF;EIF2S2;PRDX6;PTPN14;DHRS3;CRNN;BAMBI;ZFAT;ID2;SERBP1;ATP13A4;CEP83;FGFR2;PTPN3;NEK11"
"HOXC9 25013753 ChIP-Seq NEUROBLASTOMA BE2-C Human","50/1639",0.699347696616068,0.999985302328765,0,0,0.933063391786815,0.333670224626289,"RPL30;CCDC121;ARPC5L;DCAF5;ACTB;RGS4;SNAPC5;RGS5;MRPL2;UCHL1;HINT3;CCND1;BBX;RPL38;NBN;EIF2B1;RGS9;ACTL6A;IFT80;MLF1;CDC20B;LIX1;ZC3H11A;MED21;FDX1;STRAP;SNRPE;TRIM59;NUP54;BDP1;SGK1;MFGE8;CDC123;INO80D;DDX1;CLEC16A;ARPP19;AMN1;SAMM50;RNF216;HLX;ZNHIT6;TRA2B;NAALAD2;ATG5;CDK17;RAD52;PSMC1;TRMT12;RAD1"
"PPARG 20176806 ChIP-Seq THIOMACROPHAGE Mouse","19/645",0.700374552396014,0.999985302328765,0,0,0.902112176073837,0.321278241382591,"MYLIP;UBIAD1;MKKS;GCNT1;PIK3CD;TMEM130;DHRS3;STRA8;EXTL2;EID3;EPCAM;LIX1;ID2;ECHDC2;SLC28A2;SGK1;ATP6V1G3;PPIL4;PGM1"
"THRA 23701648 ChIP-Seq CEREBELLUM Mouse","4/146",0.70163824842113,0.999985302328765,0,0,0.838912545037668,0.297258025789153,"ZBP1;RHBG;ACTB;RIBC2"
"CHD4 35695185 ChIP-Seq nicBasalRootGanglia Mouse Embryo","65/2119",0.705869546807024,0.999985302328765,0,0,0.937283249523149,0.326479034603255,"ITSN2;SLC35F3;GDE1;PIK3CD;SMC5;CHD2;RYR3;LARP1B;FADS3;UNC80;NADK2;ABHD10;ATP7B;PPP3CC;HINT3;BBX;TCP11;DACT1;ELOVL1;NCOA2;ARHGEF17;VEZF1;DEXI;SHISA6;AFG3L2;KATNAL1;FEZ1;MED21;PEX5;TRIM59;HCN4;CERKL;COL15A1;UBIAD1;PPM1L;STXBP4;NXPH3;FBLN1;PDS5B;NR2C2;FSTL1;LMAN1;RNF216;SLIT1;NPHP3;AMZ2;CNNM2;RUNX1T1;PACSIN1;CDK17;LINGO1;ATE1;USP25;RPP40;PLEKHA5;LRP1B;ZFAT;BHLHE40;RGS10;ECHDC2;DHCR7;RCOR3;FGFR2;PTPN3;CCDC171"
"GATA1 19941827 ChIP-Seq MEL Mouse","44/1453",0.707785871411635,0.999985302328765,0,0,0.92609845796503,0.320072289192836,"ITSN2;CDC123;COL15A1;PPM1L;SLC35F3;GCNT1;AQP9;ICAM2;STAB2;CLEC16A;PIK3CD;AS3MT;FGD5;SAMM50;CTSL;CHORDC1;S1PR1;CNNM2;CCR4;SGCG;RAB11FIP4;NEK8;NCOA2;USP25;NUP133;BCKDHB;RAB3IL1;PAX5;BPGM;RUNX2;RAD52;PPM1A;AFG3L2;CD200R1;BIN3;KEL;UBLCP1;KATNAL1;CASS4;DHCR7;TLCD1;ALDH8A1;SLC22A8;ABCG2"
"TCFCP2L1 18555785 ChIP-Seq MESCs Mouse","45/1486",0.709613553146966,0.999985302328765,0,0,0.92599188385549,0.317647392963056,"ARHGAP9;OTUD4;CERKL;TBC1D9B;SLC35F3;CCDC68;STXBP4;TMTC3;FBLN1;UACA;NUBP1;STRA8;AS3MT;ABHD10;PTDSS1;MOBP;HINT3;CCND1;GOLGA1;CNNM2;RAB11FIP4;ATP6V0A1;NEK8;ATE1;MKKS;RRM2;GPR12;ENTPD5;PABPC4;GFPT1;WDR75;HTR1B;PARP12;NAP1L5;RAD52;AFG3L2;BIN3;CYP24A1;LACTB2;BAMBI;TRIM59;NUP54;DHCR7;RCOR3;EXOC2"
"SA1 27219007 Chip-Seq ERYTHROID Human","50/1646",0.710617460115375,0.999985302328765,0,0,0.928604901234723,0.317230957947174,"ARHGAP9;CPXM2;PIK3CD;GLI1;HAPLN3;FADS3;AS3MT;UCHL1;CCND1;PGM1;ZNF385A;HS3ST3B1;ELOVL1;APOBEC4;PABPC4;DDX55;ARHGEF17;PAWR;DARS2;APOA5;ELF5;HOXB8;RCCD1;HOXB6;RNASEL;UBIAD1;INO80D;PPM1L;HDAC1;SDC2;RGS16;GNAI3;PPM1J;LRP8;P2RY2;ZNHIT6;NT5M;S100PBP;TFAP2A;MARCKSL1;TGFB2;BDNF;MCOLN2;DHRS3;ARTN;PSMC1;GPR182;ECHDC2;RCOR3;SP9"
"RACK7 27058665 Chip-Seq MCF-7 Human","51/1679",0.712451032322992,0.999985302328765,0,0,0.928435694740043,0.314780640599395,"ITSN2;CIITA;KLHL36;AHR;DCAF5;HAPLN3;LARP1B;IFI44L;FADS3;CCND1;PEA15;UBAP2L;MAN1A1;ZNF385A;FOXD3;PAWR;KIAA1614;ZC3H11A;ELF5;TLCD1;DGKH;RNASEL;UBIAD1;WDR26;HDAC1;RGS16;LRP8;ZNHIT6;SMYD2;CNNM2;RHBG;TXNDC5;TFAP2A;LINGO1;MARCKSL1;TGFB2;RRM2;TGFB3;PRDX6;MCOLN2;DHRS3;PARP12;EIF3M;ARTN;BAMBI;ZFAT;PSMC1;ID2;SERBP1;CDK1;ECHDC2"
"HOXB13 26457646 ChIP-Seq LNCaP Human Prostate Carcinoma","43/1424",0.712766045517607,0.999985302328765,0,0,0.923315720420702,0.312636585867923,"HDAC1;UXS1;UFSP2;COX7A2;GXYLT2;RCHY1;NUDT5;SYNE3;LARP1B;CEP128;NADK2;RSRC1;GTSF1L;MROH9;DHX15;BBX;MAN1A1;SPDL1;CDH26;GPR156;PSKH2;CNNM2;SMIM31;ZNF385A;PLS1;CDK17;MKKS;STARD5;BDNF;STPG4;LMNTD1;BCKDHB;PPM1A;FEZ1;SLC9A8;MTHFD2L;ETFBKMT;HOXB8;BDP1;RCOR3;SGK1;NRDE2;HOXB6"
"RUNX1 22343733 ChIP-Seq PBMC Human BoneMarrow","22/748",0.713202609157691,0.999985302328765,0,0,0.9001498235948,0.304241399993548,"KCNJ6;STPG4;CAPG;NUP153;YARS1;MLF1;DHRS7;MRAS;BFSP1;OR2V2;SLC9A8;MTHFD2L;BHLHE40;PROK2;KPNA4;UBAP2L;CCDC152;NRDE2;RAB11FIP4;ATP6V0A1;NEK11;ABCG2"
"CDX2 19796622 ChIP-Seq MESCs Mouse","7/252",0.713606153300012,0.999985302328765,0,0,0.85028927458834,0.286908071837538,"SDC2;ELF5;AQP9;MSX1;HOXB8;HOXB7;XPR1"
"E2F7 22180533 ChIP-Seq HELA Human","1/38",0.714846532654939,0.999985302328765,0,0,0.805555555555556,0.270414849170243,"MCM5"
"CEBPB 26923725 Chip-Seq MESODERM Mouse","24/814",0.715444515699546,0.999985302328765,0,0,0.902205569620253,0.302104643964536,"SLC12A2;MYLIP;MARCKSL1;KCNJ6;TGFB3;COL12A1;GCNT1;LIN7C;EIF2S2;PPM1F;MLF1;AMN1;EXTL2;EIF3M;BFSP1;GTSF1L;ID2;FDX1;UGT3A2;CCNYL1;NUP54;ADAMTS6;KCNJ2;DACT1"
"FOXA1 25552417 ChIP-Seq VCAP Human","50/1650",0.716954008585611,0.999985302328765,0,0,0.926074707846411,0.308145417962806,"ANKRD37;EIF4E3;HOXA13;LARP1B;TMEM220;RGS4;SHH;HINT3;EXO1;ANKRD1;NBN;UGT2A1;PSKH2;UTP14C;FOXD3;APOBEC4;PPM1A;MELK;FDX1;RBM12B;PEX5;CHMP4C;TRIM59;TLCD1;CD302;RCCD1;MFGE8;WDR26;NXPH2;CCDC68;HDAC1;GCNT1;PTDSS1;MED30;TP53INP2;IARS2;GPR156;LEKR1;VAT1L;CDK17;LINGO1;USP25;GSX1;PLEKHA5;EIF2S2;PRDX6;DHRS3;TRMT12;SLC28A2;RCOR3"
"GATA3 22897851 ChIP-Seq JUKARTE6-1 Human","48/1587",0.718212611175291,0.999985302328765,0,0,0.924359336129193,0.305953361977563,"SLC35F3;HDAC1;NXPH3;AQP9;BTF3L4;DCAF5;FSTL1;HERC5;STRA8;AMN1;EXTL2;FGD5;HMBOX1;SAMM50;NPBWR1;PEA15;GOLGA1;ANKRD1;SLIT1;PROK2;RPL38;RGS9;RAB11FIP4;HS3ST3B1;MARCKSL1;KCNJ6;BCKDHB;NUP153;PRDX6;SLC39A14;POMGNT1;RUNX2;SUPT3H;TMEM60;MYH2;UBLCP1;OR2V2;PRC1;SLC9A8;BHLHE40;PEX5;CHMP4C;SNRPE;SNRNP48;RCCD1;CCDC152;SP9;SHANK1"
"IRF8 21731497 ChIP-ChIP J774 Mouse","6/219",0.718423883621971,0.999985302328765,0,0,0.838411495411035,0.277258922908987,"TMEM168;TGFB2;MARCKSL1;VEZF1;RCHY1;ATP6V0A1"
"FOXM1 25889361 ChIP-Seq OE33 AND U2OS Human","23/784",0.720951613805375,0.999985302328765,0,0,0.897528474808244,0.293656286756159,"TFAP2A;MKKS;RRM2;ACTL6A;ACOT13;DARS2;IFT80;NUP153;SUPT3H;TMEM60;RGS5;POC5;PRC1;CENPL;CDK1;TRMT12;SLIT1;TRIM59;MCM5;RCCD1;PFDN4;CALM2;HOXB6"
"CEBPB 26923725 Chip-Seq HEMOGENIC-ENDOTHELIUM Mouse","44/1461",0.721164911339011,0.999985302328765,0,0,0.920459357156605,0.300886604725287,"HDDC2;MYLK2;CCDC121;RPE;GCNT1;ARPC5L;PPM1F;SNAPC5;AMN1;EXTL2;MOBP;CASP6;DHX15;ANKRD1;CNNM2;ADAMTS6;LEKR1;DACT1;SLC12A2;MYLIP;LINGO1;FOXD3;MARCKSL1;GPR12;ACTN2;TGFB3;BCKDHB;PAWR;KCNJ16;RAB3IL1;TM4SF4;EIF2S2;MLF1;RAD52;DHRS7;BFSP1;POC5;FDX1;SERBP1;RGS10;CCNYL1;ALDH8A1;PFDN4;SSBP2"
"GATA2 21666600 ChIP-Seq HMVEC Human","17/588",0.721544898061935,0.999985302328765,0,0,0.884690416546587,0.288728160562027,"TGFB2;MKKS;MOGAT1;SRD5A3;ICAM2;PLEKHA5;HAPLN3;FSTL1;BLCAP;FAM124B;EXTL2;PPP4R1;TP53INP2;ANKRD1;NEK1;ADAMTS6;ATP6V0A1"
"KLF4 18358816 ChIP-ChIP MESCs Mouse","37/1238",0.723694385549176,0.999985302328765,0,0,0.913658552513428,0.295464471571326,"ANKRD37;SLC26A2;PPM1L;GNAI3;FBLN1;HOXA13;NID2;KRT85;ACTB;KLC4;TMEM168;SAMM50;TPR;SMYD2;MSX1;TCP11;NKX2-2;NEK8;HS3ST3B1;FOXD3;BDNF;DARS2;SLC39A14;PTPN14;UBLCP1;KATNAL1;B3GNT7;LACTB2;ARTN;PEX3;ID2;CENPL;ECHDC2;DSG2;ROR2;TLCD1;HOXB7"
"PIAS1 25552417 ChIP-Seq VCAP Human","17/589",0.7240570014689,0.999985302328765,0,0,0.883096729220147,0.285138827283463,"CA10;TBC1D9B;GPR12;NXPH2;TMTC3;HMHB1;OR2K2;MRO;TMEM170B;FAM177B;AMN1;UCHL1;BAMBI;NPBWR1;PLA2R1;CCR4;ATG5"
"RUNX1 22412390 ChIP-Seq EML Mouse","47/1561",0.727678043399238,0.999985302328765,0,0,0.919808256933076,0.292403896084651,"OTUD4;MYLK2;ANKRD37;TBC1D9B;CLEC2L;SYNPO2;AQP9;SEZ6;CAPG;PDS5B;DCAF5;CHD2;LRP8;AS3MT;PPP4R1;MOBP;CCND1;CTSL;CASP6;GOLGA1;NEK1;NBN;CNNM2;ATP6V0A1;CDK17;NEK8;ELOVL1;ENTPD5;DDX55;ARHGEF17;ALG11;DHRS3;TMEM60;PPM1A;CREB1;UBLCP1;B3GNT7;PRKAR1A;LACTB2;ID2;CASS4;VOPP1;PSMG1;NUP54;CD302;SLC22A8;EXOC2"
"NANOG 16518401 ChIP-PET MESCs Mouse","50/1657",0.727857980962893,0.999985302328765,0,0,0.921677178205119,0.292770138972951,"TOP2B;EIF4E3;SLC35F3;CPXM2;CHD2;MRPL2;UCHL1;PPP4R1;BASP1;CHORDC1;TRIM24;ANKRD1;WDR7;UGT2A1;PGM1;PTGDR;DACT1;HS3ST3B1;FOXD3;NCOA2;PABPC4;ACTL6A;PAWR;PPM1A;AFG3L2;MRAS;B3GNT7;ROR2;PDE1C;RPE;SEZ6;LIN7C;RCHY1;ARPP19;UACA;LMAN1;STRA8;PGRMC2;MOBP;ATP6V1G3;RAB11FIP4;ATE1;BDNF;PLEKHA5;KCNJ16;LRP1B;ECHDC2;SP9;CALM2;FGFR2"
"ELK1 22589737 ChIP-Seq MCF10A Human","22/755",0.72891986678785,0.999985302328765,0,0,0.891218496445753,0.2817956910428,"RPL30;INO80D;MED8;KCNJ16;COX7A2;BPGM;NUDT5;ACTB;THG1L;RGS4;PTPRC;CYP24A1;RNF216;UBLCP1;HINT3;TRA2B;MAGOH;CHORDC1;SMYD2;TNR;SNRPE;PTPN3"
"CREB1 26743006 Chip-Seq LNCaP-abl Human","49/1626",0.729327126899907,0.999985302328765,0,0,0.920445994504333,0.290523051314235,"SLC35F3;CHRM5;DCAF8;CALML4;DCAF5;GLI1;CHD2;HAPLN3;CCND1;ANKRD1;CCR4;ZNF385A;FOXD3;PLA2G4F;PABPC4;ARHGEF17;CACNB2;PPM1A;ELF5;FDX1;SPOPL;ROR2;HOXB6;DGKH;RNASEL;UBIAD1;WDR26;HDAC1;DDX1;BTF3L4;NEUROD1;LMAN1;NPBWR1;ZNHIT6;SMYD2;S100PBP;RRM2;PRDX6;PTPN14;DHRS3;BFSP1;ID2;SERBP1;RGS10;ECHDC2;REN;RCOR3;SP9;FGFR2"
"STAT5A 28732065 ChIP-Seq J2E Mouse Blood","2/79",0.731179092553524,0.999985302328765,0,0,0.773761014873843,0.242262138410665,"NUP153;LRP8"
"ESR1 26153859 ChIP-Seq MCF-7 Human BreastCancer","111/3597",0.739063159150142,0.999985302328765,0,0,0.938973632181408,0.28391923744622,"ITSN2;RPL30;VIPR1;COL12A1;DCAF8;CCAR2;CEP128;ZC3H12D;FADS3;HERC5;CCND1;BASP1;GOLGA1;NBN;CCN2;RGS9;PLS1;MYLIP;STARD5;WDR75;CACNB2;AFG3L2;KATNAL1;PRKAR1A;LARS1;SLC9A8;PPP1R3D;HOXB3;SNRPE;BBOF1;XPR1;ABCG2;CERKL;SDC2;DDX1;TMTC3;COX7A2;ARPP19;KLC4;PTDSS1;RNF216;CHST15;BRIX1;CDH26;ATG5;CDK17;TFAP2A;TGFB2;TGFB3;SRD5A3;FAM217B;INHBE;ZFAT;TRMT12;DHCR7;SLC22A8;RCOR3;TOP2B;MCUB;LARP1B;SNAPC5;NADK2;SHH;BOLL;ATP7B;OPA1;HINT3;RSRC1;CTSL;ANKRD1;MAN1A1;TTC23L;ZNF385A;UNC45A;MKKS;STPG4;DDX55;DARS2;PSMA6;ADGRF4;NUP54;TLCD1;SGK1;EXOC2;RPE;RGS16;GCNT1;PPM1J;UACA;P2RY6;SAMM50;EPCAM;P2RY2;TRA2B;SLITRK6;CNNM2;RHBG;LEKR1;S100PBP;RRM2;BLCAP;DHRS3;CPPED1;RAD52;DHRS7;EIF3M;PRC1;SERBP1;RGS10;ETFBKMT;SSBP2"
"ZIC3 20872845 ChIP-ChIP MESCs Mouse","7/259",0.73956105928466,0.999985302328765,0,0,0.826367255105573,0.249313705041838,"SNAPC5;BASP1;BAMBI;SLIT1;SLC39A14;NID2;NKX2-2"
"FOXM1 32153563 ChIP-Seq SKOV3 Human Ovary OvarianCancer","4/154",0.740294738456823,0.999985302328765,0,0,0.793839793281654,0.238713084973234,"SLC26A2;DARS2;CAPG;DHCR7"
"SPI1 26923725 Chip-Seq HPCs Mouse","44/1473",0.740576178185472,0.999985302328765,0,0,0.912119091545264,0.273933786621794,"ITSN2;GPR27;RTP2;KLHL36;CLEC16A;PIK3CD;COX7A2;AHR;GXYLT2;NUDT5;ARPP19;ACTB;KLC4;CLEC3A;BOLL;SYNGR2;MOBP;FAM184A;SMYD2;TCP11;VAT1L;NKX2-2;ATP6V0A1;ZBP1;PCGF6;PLA2G4F;MKKS;RRM2;WDR75;PDYN;EIF2S2;BLCAP;SMUG1;EIF3M;BIN3;CYP24A1;LACTB2;ZFAT;PEX5;RGS10;SNRPE;DSG2;CD302;PLA2R1"
"ESR1 20056654 ChIP-Seq MCF-7 Human BreastCancer","24/827",0.743015174521182,0.999985302328765,0,0,0.886977833125778,0.263466841077343,"CDK17;ENTPD5;RGS16;SRD5A3;PPM1J;FOXK1;PRDX6;DHRS3;CPPED1;ZFAT;SLC9A8;P2RY2;SERBP1;BHLHE40;RGS10;ETFBKMT;BDKRB1;NBN;DHCR7;CDH26;RCOR3;SGK1;PFDN4;ZNF385A"
"AR 20517297 ChIP-Seq VCAP Human","48/1604",0.74465689238701,0.999985302328765,0,0,0.913387712852187,0.269295664760979,"HCN4;UBIAD1;CPO;PRDM14;PPM1J;GLRX;CAPG;FBXO21;HAPLN3;TMEM220;STRA8;AMN1;RGS5;EXO1;ANKRD1;PSKH2;PGM1;KCNJ2;NKX2-2;DACT1;NCOA2;KCNJ6;GSX1;ACTL6A;MED8;ACOT13;APOA4;RPL23A;TMEM170B;CPPED1;CRNN;KLHL9;AFG3L2;KIAA1614;CYP24A1;UBLCP1;LIX1;LACTB2;PEX3;SLC9A8;SERBP1;BHLHE40;TRMT12;CHMP4C;RCCD1;SLC22A8;PPIL4;PTPN3"
"TBX4 33478486 ChIP-Seq IMR90 Human Lung","6/226",0.745833399102762,0.999985302328765,0,0,0.811437862293228,0.237956611221433,"TBC1D9B;HTR1B;TRIM59;TMEM130;EXOC2;NAP1L5"
"HAND2 30127528 ChIP-Seq KELLY Human Brain Neuroblastoma","104/3383",0.746073217789296,0.999985302328765,0,0,0.935331033460078,0.273987956696375,"ITSN2;DGKD;LRRC72;ICAM2;NUBP1;ACTB;THG1L;RGS4;RGS5;CCND1;TRIM24;TNR;NBN;RGS9;PLS1;RARS1;ACTN2;WDR75;CACNA2D4;TM4SF4;TMEM130;KIAA1614;PRKAR1A;LIX1;PPP1R3D;VOPP1;ROR2;PLA2R1;XPR1;IQCA1;UBIAD1;TBC1D9B;SDC2;DDX1;UBR3;NID2;HMBOX1;RNF216;CHST15;NAALAD2;AMZ2;ATG5;ATP6V0A1;CCZ1B;BDNF;RPP40;FAM217B;INHBE;ID2;BHLHE40;SLC22A8;RCOR3;PSME3IP1;TOP2B;GPR26;LARP1B;UNC80;NADK2;UCHL1;RSRC1;CTSL;ITGB8;UGT2A1;DACT1;ELOVL1;NCOA2;STPG4;ARHGEF17;LMNTD1;ACTL6A;VEZF1;IL16;PPM1A;ACTA1;CD200R1;CREB1;PEX5;ZNF512;TLCD1;METTL27;SGK1;PPM1L;CCDC68;SYNPO2;RGS16;SEZ6;GLRX;P2RY6;PGRMC2;FAM184A;TRA2B;PTCHD4;RHBG;CFAP20;S100PBP;RUNX1T1;LINGO1;KCNJ6;PLEKHA5;BLCAP;DHRS3;RAD52;ETFBKMT;SSBP2"
"VDR 33458620 ChIP-Seq PrimaryEpithelial Human Prostate","34/1154",0.746211420557046,0.999985302328765,0,0,0.899904181184669,0.263443631416994,"RPE;COX7A2;RCHY1;CCAR2;THG1L;RGS5;RNF216;HINT3;RSRC1;TPR;BRIX1;WDR7;MAN1A1;NBN;CFAP20;ATG5;SMIM13;RARS1;RRM2;PABPC4;PLEKHA5;WDR75;BPGM;GPN1;KLHL9;CYP24A1;LARS1;SLC9A8;BHLHE40;CENPL;SNRPE;NUP54;TLCD1;RCOR3"
"GBX2 23144817 ChIP-Seq PC3 Human","5/191",0.746404979378286,0.999985302328765,0,0,0.79998163360716,0.233984194692409,"NCOA2;PRDM14;DARS2;PTPN14;RYR3"
"ZFX 18555785 ChIP-Seq MESCs Mouse","72/2372",0.747699328488571,0.999985302328765,0,0,0.925078743124105,0.268970667804262,"ITSN2;AVEN;HDDC2;TOP2B;RPL30;UXS1;ARPC5L;SMC5;ACTB;AS3MT;ABHD10;BOLL;OPA1;RSRC1;CTSL;CASP6;CHORDC1;DHX15;BBX;KPNA4;UBAP2L;CCDC50;WDR75;DARS2;DEXI;PSMA6;PPM1A;AFG3L2;MRAS;PRKAR1A;ZC3H11A;SLC9A8;SUB1;PICK1;TFAM;SNRPE;MCM5;NUP54;ROR2;DNAJC8;RCCD1;EXOC2;CERKL;SLC26A2;UBIAD1;TBC1D9B;STXBP4;RPE;DDX1;FBLN1;LIN7C;ARPP19;LMAN1;TMEM168;EXTL2;PTDSS1;SYNGR2;TPR;SMYD2;IARS2;TXNDC5;SLC12A2;MARCKSL1;RPL23A;EIF2S2;PRDX6;TMEM60;KLHL9;BFSP1;SERBP1;ECHDC2;RAD1"
"SOX2 21211035 ChIP-Seq GBM Human Brain Glioblastoma","2/82",0.749860852648898,0.999985302328765,0,0,0.744629057187017,0.214354594077663,"MYLK2;PPM1J"
"PPARG 23326641 ChIP-Seq C3H10T1-2 Mouse","15/534",0.752173754104465,0.999985302328765,0,0,0.858481792819241,0.244485249055373,"TOP2B;ANKRD37;MKKS;BDNF;PDS5B;ACTB;RUNX2;SUPT3H;PGRMC2;OPA1;PEX3;GOLGA1;RPL38;PPIL4;EXOC2"
"FOXA1 25329375 ChIP-Seq VCAP Human","47/1580",0.756799762079468,0.999985302328765,0,0,0.907440516824761,0.252864266998631,"TOP2B;RNASEL;SAMD9L;CPO;RGSL1;CHRM5;FOXK1;CALML4;NID2;IFI44L;LMAN1;AMN1;SYNGR2;BASP1;GOLGA1;DHX15;SLIT1;CCR4;PGM1;RAB11FIP4;LEKR1;DACT1;NCOA2;KIDINS220;ACTL6A;GFPT1;IFT80;IL16;MCOLN2;MLF1;CRNN;PSMA6;MARCO;BFSP1;PTPRC;CYP24A1;OR2V2;PRKAR1A;PEX3;MED21;SLC9A8;RBM12B;RAD1;HOXD3;ROR2;HOXB8;RCOR3"
"FOXA1 27270436 Chip-Seq PROSTATE Human","47/1580",0.756799762079468,0.999985302328765,0,0,0.907440516824761,0.252864266998631,"TOP2B;RNASEL;SAMD9L;CPO;RGSL1;CHRM5;FOXK1;CALML4;NID2;IFI44L;LMAN1;AMN1;SYNGR2;BASP1;GOLGA1;DHX15;SLIT1;CCR4;PGM1;RAB11FIP4;LEKR1;DACT1;NCOA2;KIDINS220;ACTL6A;GFPT1;IFT80;IL16;MCOLN2;MLF1;CRNN;PSMA6;MARCO;BFSP1;PTPRC;CYP24A1;OR2V2;PRKAR1A;PEX3;MED21;SLC9A8;RBM12B;RAD1;HOXD3;ROR2;HOXB8;RCOR3"
"SOX11 22085726 ChIP-Seq ESNs Mouse","44/1484",0.757654916540115,0.999985302328765,0,0,0.90459595959596,0.251050031039609,"RNASEL;GPR26;INO80D;LRTM2;GNAI3;KCNA5;MRO;CHD2;HAPLN3;NR2C2;NUBP1;LARP1B;ZC3H12D;LMAN1;SYNGR2;NFIL3;CTSL;BASP1;CHST15;TNR;NAALAD2;CDH26;CNNM2;TCP11;CCDC73;NEK8;ZBP1;FOXD3;NCOA2;SLC37A2;GSX1;APOBEC4;ARHGEF17;VEZF1;IL16;NUP153;TMEM170B;CPPED1;CACNB2;ZC3H11A;GPR182;MTHFD2L;VOPP1;MCM5"
"POU2F1 27270436 ChIP-Seq VCaP Human Prostate Carcinoma","27/933",0.758460876607485,0.999985302328765,0,0,0.883738634185814,0.244321972088868,"STXBP4;RCHY1;MED30;NARS1;RSRC1;TP53INP2;TRA2B;SMYD2;NAALAD2;RGS9;ZNF385A;NEK8;HS3ST3B1;PCGF6;PAWR;BLCAP;RAD52;KATNAL1;PRC1;LACTB2;FEZ1;ID2;BHLHE40;ETFBKMT;STRAP;DHCR7;STEAP1"
"TCF21 26020271 ChIP-Seq HCASMC Human CoronaryArtery","33/1129",0.759112556541091,0.999985302328765,0,0,0.89228688738269,0.245918920994207,"DGKD;PPM1L;LRTM2;UFSP2;GLRX;GXYLT2;DCAF5;NID2;UACA;PPM1F;FADS3;HERC5;NADK2;RNF216;TRA2B;IL21R;ANKRD1;CFAP20;ADAMTS6;KCNJ2;RUNX1T1;ATP6V0A1;NCOA2;TGFB3;VEZF1;TM4SF4;PTPN14;DHRS3;ADGRF4;CASS4;TLCD1;PLA2R1;DGKH"
"CTCF 31629814 ChIP-Seq Hepatocytes Mouse Tyrosinemia","94/3086",0.766714167285454,0.999985302328765,0,0,0.926040612805319,0.245994549194255,"ITSN2;AVEN;RPL30;SAMD9L;KLHL36;CPXM2;RTCA;ARPC5L;TEX48;AHR;SYNE3;GIMAP8;SNAPC5;NADK2;ABHD10;BOLL;PPP3CC;HINT3;BASP1;CHORDC1;BBX;TNR;RPL38;NBN;RGS9;PGM1;CCDC50;PLS1;UNC45A;ELOVL1;PABPC4;ARHGEF17;ACTL6A;PAWR;VEZF1;SLC39A14;DEXI;RUNX2;MLF1;PSMA6;AFG3L2;KATNAL1;LIX1;FEZ1;MAK;MTHFD2L;PPP1R3D;STRAP;SNRPE;DSG2;TRIM59;ROR2;TLCD1;STEAP1;PFDN4;HOXB5;ABCG2;SHANK1;HCN4;RNASEL;COL15A1;UBIAD1;TBC1D9B;PPM1L;NXPH3;SEZ6;GNAI3;FOXK1;FBLN1;PDS5B;UACA;PPM1F;TMEM168;FGD5;PGRMC2;RNF216;DSEL;CHST15;SMYD2;NT5M;MSX1;RHBG;ATG5;PACSIN1;CDK17;SLC12A2;RRM2;SRD5A3;CYP24A1;UBLCP1;BAMBI;ECHDC2;RCOR3;SP9"
"IGF1R 20145208 ChIP-Seq DFB Human","2/85",0.767415243184613,0.999985302328765,0,0,0.71760302415225,0.189969066529567,"MAN1A1;FBXO21"
"SOX3 22085726 ChIP-Seq MUSCLE Mouse","43/1459",0.76860871017572,0.999985302328765,0,0,0.898739768044601,0.236524282192415,"OTUD4;CDC123;COL15A1;GPR26;CFH;CLEC2L;LRTM2;UTP23;SMC5;FBLN1;DCAF5;LIN7C;NUBP1;ZC3H12D;SHH;RNF216;MED30;NFIL3;CCND1;FAM184A;ZNHIT6;IL21R;NPHP3;RPL38;CNNM2;RHBG;TXNDC5;NUP133;PLEKHA5;TMEM170B;CPPED1;TSHR;TMEM60;SMUG1;AFG3L2;BIN3;ZFAT;CDK1;ROR2;RCCD1;BDP1;HOXB7;HOXB6"
"TCF7L2 21901280 ChIP-Seq H4IIE Rat","23/807",0.768820864813058,0.999985302328765,0,0,0.870120052813458,0.228752197106533,"KLHL36;ENTPD5;UFSP2;RPL23A;PDS5B;LIN7C;CHD2;SLC39A14;PTPN14;NID2;RNF216;OPA1;CCND1;EXO1;ZC3H11A;ZFAT;BHLHE40;CHMP4C;REN;GPR156;PLA2R1;RHBG;RAB11FIP4"
"YY1 21170310 ChIP-Seq MESCs Mouse","9/337",0.768867432695269,0.999985302328765,0,0,0.81558212652439,0.214364925765901,"TRMT12;CENPL;PICK1;MCM5;PDS5B;CHD2;GPN1;ACTB;ATP6V0A1"
"GATA3 20176728 ChIP-ChIP TSCs Mouse","17/609",0.77132635033244,0.999985302328765,0,0,0.852353639240506,0.22130826376114,"ARHGAP9;NEK8;ZBP1;HS3ST3B1;RRM2;NXPH2;ACTL6A;BTF3L4;PAWR;CACNA2D4;AHR;RGS5;HMBOX1;PPP4R1;UBLCP1;MFGE8;ATP6V0A1"
"NR3C1 34362910 ChIP-Seq WistarRat Hippocampus Stress","20/709",0.77143359028499,0.999985302328765,0,0,0.861228341805478,0.223492793498815,"ITSN2;KCNJ6;CCDC121;EQTN;ARPC5L;SMC5;CACNA2D4;SLC39A14;SHISA6;PSMA6;AS3MT;HMBOX1;CHORDC1;SMYD2;SLIT1;UGT2A1;PTCHD4;CDH26;SGK1;PGM1"
"TP53 16413492 ChIP-PET HCT116 Human","7/269",0.773709988060195,0.999985302328765,0,0,0.794410358849968,0.203812466335247,"MARCO;CD200R1;FBLN1;CHD2;BDP1;NID2;PTPN14"
"MYC 19030024 ChIP-ChIP MESCs Mouse","86/2842",0.777313529303082,0.999985302328765,0,0,0.919788763801633,0.231705364769221,"HDDC2;RPL30;ARPC5L;GLI1;NUDT5;NUBP1;ACTB;THG1L;SNAPC5;MRPL2;UCHL1;CCND1;EXO1;CTSL;BASP1;MAGOH;CHORDC1;DHX15;NEK1;RPL38;KPNA4;UBAP2L;NBN;EIF2B1;NUP133;PABPC4;DDX55;ACTL6A;WDR75;DARS2;IFT80;SLC39A14;SUPT3H;PSMA6;PPM1A;SLC9A5;CREB1;B3GNT7;LACTB2;ZC3H11A;SLC9A8;SUB1;STRAP;SNRPE;TRIM59;MCM5;NUP54;TLCD1;RCCD1;BDP1;CDC123;UBIAD1;BTF3L4;GNAI3;LIN7C;LRP8;NID2;LMAN1;EXTL2;SYNGR2;TPR;SMYD2;IARS2;NT5M;MSX1;TXNDC5;NEK8;ATE1;RRM2;HELT;GFPT1;RPP40;RPL23A;NUP153;EIF2S2;PRDX6;BLCAP;TMEM60;RAD52;BAMBI;ID2;SERBP1;CENPL;TRMT12;RAD1;PPIL4"
"FOSL1 28411283 ChIP-Seq MDA231-LM2-4175 Human BreastCancer","36/1238",0.777828005436118,0.999985302328765,0,0,0.88672766704758,0.222790195064021,"DGKD;COL12A1;SEZ6;GLRX;CAPG;CCAR2;RGS4;OPA1;ANKRD1;RPL38;KPNA4;CCN2;EIF2B1;LEKR1;S100PBP;ATG5;ATP6V0A1;ZBP1;TFAP2A;SLC37A2;LMNTD1;ACOT13;NUP153;CACNA2D4;GPN1;DHRS3;BFSP1;POC5;PRC1;SLC9A8;MTHFD2L;ANKS6;RCCD1;PFDN4;TMEM9B;EXOC2"
"DROSHA 22980978 ChIP-Seq HELA Human","11/409",0.777995059729228,0.999985302328765,0,0,0.821044879570265,0.206111087377208,"EMX2;COL15A1;VIPR1;CA10;GOLGA1;STAB2;VEZF1;FBLN1;DHCR7;DHRS3;SHISA6"
"P63 26484246 Chip-Seq KERATINOCYTES Human","48/1627",0.77801034132404,0.999985302328765,0,0,0.898919786423093,0.225642766120798,"SAMD9;RGS16;TMTC3;CAPG;DCAF5;ACTB;KRT84;FADS3;AMN1;RGS5;TMEM168;PTDSS1;PGRMC2;P2RY2;CHORDC1;SMYD2;BDKRB1;AMZ2;KCNJ2;ZNF385A;S100PBP;PLA2G4F;STARD5;PLAC8L1;BPGM;EIF2S2;BLCAP;OPN5;POMGNT1;DHRS3;PSMA6;EIF3M;PRKAR1A;ARTN;FEZ1;ID2;SERBP1;VOPP1;HOXB3;TFAM;SPOPL;SNRPE;DHCR7;RCOR3;SGK1;MFGE8;FGFR2;DGKH"
"ZFP281 18757296 ChIP-ChIP E14 Mouse","43/1466",0.778911450933694,0.999985302328765,0,0,0.893969649951643,0.223365388114451,"TOP2B;RNASEL;WDR26;HDAC1;NXPH3;TMTC3;PPM1J;GLRX;CAPG;FBLN1;GLI1;RCHY1;ACTB;HMBOX1;ATP7B;CCND1;CTSL;UBAP2L;MSX1;S100PBP;NKX2-2;PACSIN1;MYLIP;FOXD3;MARCKSL1;BDNF;PABPC4;WDR75;RPL23A;NUP153;PAX5;KLHL9;PPM1A;UBLCP1;PRKAR1A;ZC3H11A;PSMC1;ID2;HOXB3;MFGE8;CALM2;HOXB6;FGFR2"
"EVI1 22308434 ChIP-Seq SKOV3 Human Ovary OvarianCancer","29/1010",0.779070047501815,0.999985302328765,0,0,0.875883726283253,0.21866815379183,"CIITA;INO80D;PPM1L;MCUB;TMTC3;CAPG;DCAF5;CHD2;UACA;CCAR2;KLC4;P2RY6;HINT3;EPCAM;GTSF1L;MAGOH;ITGB8;ADAMTS6;ATP6V0A1;SMIM13;BDNF;STPG4;PRDX6;FAM217B;UTS2B;CENPL;ECHDC2;SSBP2;HOXB6"
"FOXM1 26456572 ChIP-Seq MCF-7 Human BreastCancer","13/478",0.780003216878573,0.999985302328765,0,0,0.83018191654832,0.20626470361869,"ZBP1;RRM2;PPM1L;STPG4;DDX55;PTDSS1;PRC1;CDK1;TRIM59;CDH26;RCCD1;CNNM2;ZNF385A"
"NCOR1 26117541 ChIP-Seq K562 Human","48/1631",0.783518014950506,0.999985302328765,0,0,0.89644654150852,0.218698195995103,"CLEC2L;NXPH3;RGS16;GCNT1;ARPC5L;GNAI3;GLRX;FOXK1;GRIK1;CAPG;HAPLN3;LRP8;PPM1F;FADS3;PPP4R1;TPR;SMYD2;TRIM24;TCP11;ZNF385A;S100PBP;TXNDC5;CDK17;MYLIP;RRM2;NUP133;FOXL2;ALG11;PRDX6;DHRS3;PARP12;PPM1A;BIN3;PTPRC;KATNAL1;PEX3;SLC9A8;GPR182;SERBP1;BHLHE40;ANKS6;PSMG1;NUP54;ROR2;DHCR7;HOXB8;XPR1;TOMM6"
"RUNX2 24764292 ChIP-Seq MC3T3 Mouse","47/1600",0.785329104251194,0.999985302328765,0,0,0.894748776882382,0.216218196463982,"SLC26A2;SAMD9L;INO80D;CFH;UXS1;GCNT1;SEZ6;GLRX;FOXK1;GXYLT2;DCAF5;CHD2;LRP8;PPM1F;ACTB;KRT84;THG1L;FADS3;PGRMC2;NFIL3;CCND1;RSRC1;ANKRD1;CCR4;LEKR1;ATP6V0A1;CDK17;NEK8;MYLIP;PCGF6;RRM2;ARHGEF17;PTPN14;PSMA6;DHRS7;MYH3;UBLCP1;KATNAL1;PRKAR1A;ID2;SCGB1A1;BHLHE40;PICK1;CCNYL1;SLC22A8;SSBP2;PTPN3"
"CCND1 20090754 ChIP-ChIP RETINA Mouse","43/1472",0.787506275061686,0.999985302328765,0,0,0.889918173062933,0.212587159442675,"TOP2B;NXPH3;UXS1;COL12A1;BTF3L4;TMTC3;GLI1;RCHY1;NUDT5;LRP8;ACTB;SNAPC5;UCHL1;HINT3;TPR;UBAP2L;NT5M;KCNJ2;DACT1;NEK8;UNC45A;HS3ST3B1;EMX2;RRM2;NUP133;ACTL6A;RPP40;WDR75;DARS2;IFT80;NUP153;BPGM;BLCAP;KLHL9;SMUG1;PPM1A;PRKAR1A;BAMBI;ID2;PEX5;TRMT12;HOXB3;TLCD1"
"OLIG2 29049317 ChIP-Seq Mouse SpinalCord","43/1472",0.787506275061686,0.999985302328765,0,0,0.889918173062933,0.212587159442675,"RPL30;STXBP4;LRTM2;RPE;RTCA;GDE1;CLEC16A;DCAF5;HMBOX1;PGRMC2;ZNHIT6;CHORDC1;NPHP3;ADAMTS6;KCNJ2;ATG5;SMIM13;NCOA2;MKKS;TGFB3;ACTL6A;SRD5A3;GFPT1;WDR75;DARS2;BPGM;MLF1;NAP1L5;RAD52;DHRS7;CREB1;UBLCP1;KATNAL1;BAMBI;MED21;SUB1;SERBP1;MCM5;NUP54;CEP20;SGK1;XPR1;PSME3IP1"
"NR4A2 19515692 ChIP-ChIP MN9D Mouse","3/128",0.789271984184308,0.999985302328765,0,0,0.714278637770898,0.16902996638769,"FGD5;UBAP2L;RUNX1T1"
"RUNX2 24655370 ChIP-Seq MC3T3E1 Mouse Bone","134/4374",0.791480438900159,0.999985302328765,0,0,0.927309946876717,0.216851536722851,"ITSN2;ANKRD37;KLHL36;RTCA;ARPC5L;GDE1;AHR;GXYLT2;FBXO21;NUDT5;ACTB;IFI44L;AS3MT;CCND1;GOLGA1;MAGOH;CHORDC1;TRIM24;NEK1;RPL38;NBN;MYLIP;ALG11;KATNAL1;PRKAR1A;SLC9A8;FDX1;MTHFD2L;PPP1R3D;VOPP1;ANKS6;STEAP1;MINDY3;UBIAD1;STXBP4;DDX1;BTF3L4;UBR3;PDS5B;LIN7C;SYNGR2;RNF216;ZNHIT6;CHST15;AMZ2;TXNDC5;ATP6V0A1;NEK8;BDNF;SRD5A3;GFPT1;RPP40;NUP153;EIF2S2;GPN1;PARP12;ID2;BHLHE40;DHCR7;TMEM9B;AVEN;EIF4E3;MCUB;UFSP2;SYNE3;SNAPC5;RSRC1;DHX15;EIF2B1;PGM1;UNC45A;ELOVL1;SMIM13;EMX2;MKKS;NUP133;DDX55;ARHGEF17;ACTL6A;VEZF1;BPGM;CFAP299;POMGNT1;PEAK1;MED21;PEX5;STRAP;SPOPL;TRIM59;MCM5;NUP54;DNAJC8;TLCD1;CD302;RCCD1;MFGE8;PFDN4;EXOC2;SEZ6;GNAI3;FOXK1;CAPG;NR2C2;UACA;AMN1;TMEM168;EXTL2;PGRMC2;NFIL3;S1PR1;NT5M;MSX1;CNNM2;CFAP20;RUNX1T1;ATE1;PCGF6;RRM2;KIDINS220;PLEKHA5;BLCAP;DHRS3;TMEM60;RAD52;KLHL9;EIF3M;PRC1;PSMC1;SERBP1;RGS10;ETFBKMT;NRDE2;PTPN3;CCDC171"
"GABP 19822575 ChIP-Seq HepG2 Human","64/2155",0.79464290384671,0.999985302328765,0,0,0.903048065171451,0.207576834216703,"AVEN;RPL30;ANKRD37;ARPC5L;GDE1;FBXO21;NUDT5;CHD2;NUBP1;ACTB;ABHD10;OPA1;EXO1;GOLGA1;MAGOH;CHORDC1;EIF2B1;TTC23L;UNC45A;DDX55;MED8;TMEM170B;DEXI;SUPT3H;PSMA6;AFG3L2;BIN3;MELK;PICK1;TFAM;SPOPL;SNRPE;NUP54;EXOC2;WDR26;RPE;DDX1;UTP23;UBR3;CAPG;RCHY1;SAMM50;PGRMC2;RNF216;AMZ2;CNNM2;ATG5;TXNDC5;ATE1;PCGF6;MARCKSL1;GFPT1;NUP153;EIF2S2;SMUG1;EIF3M;UBLCP1;ZFAT;PSMC1;ID2;SERBP1;RAD1;DHCR7;PPIL4"
"FOXO1 23066095 ChIP-Seq LIVER Mouse","7/276",0.795582054433347,0.999985302328765,0,0,0.773454238034025,0.176874511573923,"OTUD4;PPP3CC;CYP24A1;STAB2;DHCR7;BPGM;APOA5"
"SCL 21571218 ChIP-Seq MEGAKARYOCYTES Human","43/1478",0.795881878298701,0.999985302328765,0,0,0.88590057612033,0.20225508652731,"AVEN;DGKD;PPM1L;ICAM2;CLEC16A;FOXK1;GRIK1;MRO;DCAF5;FBXO21;RCHY1;NUDT5;UACA;ACTB;RYR3;NEUROD1;UNC80;RNF216;OPA1;GTSF1L;S1PR1;MAN1A1;CCR4;RGS9;RAB11FIP4;RUNX1T1;PTGDR;ATP6V0A1;NEK8;GPR12;FOXL2;PRDX6;BLCAP;RAD52;DHRS7;BIN3;ZFAT;BHLHE40;PEX5;CASS4;RGS10;SPOPL;MFGE8"
"KDM2B 26808549 Chip-Seq K562 Human","49/1673",0.796401347674312,0.999985302328765,0,0,0.891443965517241,0.202939014640268,"PIK3CD;ACTB;SHH;TIFAB;OPA1;CCND1;PEA15;HS3ST3B1;ELOVL1;FOXD3;NCOA2;ACTN2;PABPC4;FOXL2;VEZF1;SUPT3H;FEZ1;MAK;FDX1;EXOC2;DGKH;SHANK1;HCN4;NXPH3;RGS16;GNAI3;CLEC16A;NR2C2;LRP8;PPM1F;NFIL3;TP53INP2;SMYD2;S1PR1;ATG5;TXNDC5;CDK17;TFAP2A;MARCKSL1;GFPT1;PRDX6;SMUG1;OR2V2;BAMBI;ID2;BHLHE40;HOXD3;SSBP2;SP9"
"MYC 18940864 ChIP-ChIP HL60 Human","16/587",0.796486502158034,0.999985302328765,0,0,0.83133440127489,0.18916606632807,"HS3ST3B1;TOP2B;FOXE3;HELT;DDX1;STAB2;PRDM14;RPL23A;CAPG;HOXA13;CPLX4;KLC4;SERBP1;PROK2;RPL38;AMZ2"
"LYL1 20887958 ChIP-Seq HPC-7 Mouse","16/587",0.796486502158034,0.999985302328765,0,0,0.83133440127489,0.18916606632807,"PLA2G4F;TBC1D9B;SLC35F3;ICAM2;GRIK1;FBLN1;BPGM;DHRS3;BIN3;HLX;ZFAT;TRIM24;S1PR1;VOPP1;BDKRB1;KCNJ2"
"EKLF 21900194 ChIP-Seq ERYTHROCYTE Mouse","30/1055",0.799110670526626,0.999985302328765,0,0,0.866511682887427,0.194320297959277,"OTUD4;AVEN;TOP2B;WDR26;HDAC1;DDX1;GCNT1;CHD2;ARPP19;THG1L;LMAN1;SAMM50;TPR;MAGOH;SMYD2;UBAP2L;RUNX1T1;TXNDC5;ACTL6A;PAQR3;MED8;WDR75;RAB3IL1;PRDX6;PRKAR1A;SLC9A8;SERBP1;RGS10;SNRPE;MCM5"
"CTBP2 25329375 ChIP-Seq LNCAP Human","22/790",0.799374061891586,0.999985302328765,0,0,0.849004020467836,0.190114312179967,"GPR26;COL12A1;STAB2;PRDM14;SMC5;FBXO21;DHRS3;RYR3;LMAN1;EID3;BASP1;DSEL;CHORDC1;SMYD2;SLITRK6;SOSTDC1;WDR7;MAN1A1;ZNF512;ZNF831;ADAMTS6;TXNDC5"
"NEUROD2 26341353 ChIP-Seq CORTEX Mouse","43/1481",0.799987212107373,0.999985302328765,0,0,0.883904350101213,0.197251684908993,"MYLK2;WDR26;DGKD;PDE1C;UTP23;CLEC16A;FOXK1;FBLN1;NR2C2;NUBP1;GIMAP8;CPLX4;LMAN1;CLEC3A;TIFAB;ATP7B;FAM184A;HLX;TRA2B;TPR;PROK2;NT5M;EIF2B1;NKX2-2;DACT1;USP25;MKKS;PABPC4;WNT7A;DEXI;NAP1L5;AFG3L2;MYH2;CREB1;MYH3;LACTB2;ZC3H11A;GPR182;CASS4;ECHDC2;CD302;SLC22A8;TMEM9B"
"CEBPB 26923725 Chip-Seq MACROPHAGESS Mouse","42/1450",0.802102306770546,0.999985302328765,0,0,0.881765295042684,0.194446102235543,"MYLK2;CIITA;RTP2;WDR26;MOGAT1;DDX1;GNAI3;FBLN1;GXYLT2;FBXO21;NUDT5;STRA8;TMEM168;MOBP;FAM184A;MAGOH;KPNA4;CNNM2;TTC23L;CCDC50;PTGDR;PACSIN1;MARCKSL1;PLA2G4F;PABPC4;RPP40;MED8;PLEKHA5;WDR75;APOA4;PDYN;POMGNT1;SMUG1;AFG3L2;BIN3;GPR182;BHLHE40;CD302;CCDC152;PFDN4;FGFR2;DGKH"
"BRD4 28847988 ChIP-Seq BCBL1 Human Blood Lymphoma","5/206",0.802277411554509,0.999985302328765,0,0,0.739702110565187,0.162956989821005,"WDR26;INO80D;ACTL6A;UBAP2L;VEZF1"
"MYCN 19997598 ChIP-ChIP NEUROBLASTOMA Human","4/169",0.802337569024937,0.999985302328765,0,0,0.721108762038995,0.158806790541533,"ARTN;COL12A1;HOXA13;RUNX2"
"KDM6A 18722178 ChIP-ChIP U937 AND SAOS2 Human","10/384",0.802540005172274,0.999985302328765,0,0,0.794063250566979,0.174672931636885,"SNAPC5;KLC4;EXO1;PEX3;MAGOH;TPR;ALG11;NUDT5;GTF2H3;EIF2B1"
"ELF1 17652178 ChIP-ChIP JURKAT Human","2/92",0.804253279111138,0.999985302328765,0,0,0.661549029709772,0.144112525760379,"SMUG1;NUDT5"
"GATA3 26560356 Chip-Seq TH2 Human","46/1583",0.805887499449676,0.999985302328765,0,0,0.884154374516487,0.190810350294748,"HDDC2;RGS16;COL12A1;UFSP2;TMEM220;AS3MT;BOLL;PPP4R1;PPP3CC;TP53INP2;IL21R;S1PR1;NEK1;NPHP3;RPL38;BRIX1;IARS2;NBN;TMEM14B;OR4B1;ZBP1;MYLIP;USP25;TGFB2;HELT;ENTPD5;PABPC4;VEZF1;IL16;DHRS3;PARP12;TMEM60;SMUG1;DHRS7;PTPRC;CREB1;SUB1;ID2;CASS4;RGS10;XCL1;SPOPL;PSMG1;MCM5;BDP1;SP9"
"TAL1 20887958 ChIP-Seq HPC-7 Mouse","46/1584",0.807179714220245,0.999985302328765,0,0,0.883529901424822,0.189260004794475,"OTUD4;AVEN;ANKRD37;GPR26;TBC1D9B;RPE;GCNT1;UTP23;ARPC5L;ICAM2;DCAF8;CALML4;LRP8;NUBP1;ACTB;SNAPC5;MRPL2;PTDSS1;RSRC1;TPR;CDK17;MYLIP;MARCKSL1;DDX55;GFPT1;WDR75;DARS2;BPGM;ALG11;GTF2H3;DHRS3;SUPT3H;TMEM60;KLHL9;PSMA6;BIN3;CREB1;MYH3;B3GNT7;LIX1;ZFAT;MED21;SERBP1;STRAP;RAD1;TOMM6"
"RUNX1 21571218 ChIP-Seq MEGAKARYOCYTES Human","127/4172",0.807898811076387,0.999985302328765,0,0,0.920611511302445,0.196383431800826,"OTUD4;HDDC2;MYLK2;UXS1;AQP9;ARPC5L;ICAM2;AHR;DCAF5;NUDT5;NUBP1;ACTB;HERC5;PPP4R1;MAGOH;ZNF207;TRIM24;PROK2;KPNA4;TCP11;PLS1;ZBP1;MYLIP;ENTPD5;WDR75;CACNA2D4;TM4SF4;TMEM170B;TMEM130;RUNX2;CACNB2;PRKAR1A;LACTB2;FEZ1;SUB1;ANKS6;TAS2R40;UBIAD1;INO80D;NXPH3;CLEC16A;UBR3;PDS5B;ARPP19;PTDSS1;RNF216;AMZ2;BRIX1;ATG5;ATP6V0A1;NEK8;GPR12;RPP40;NUP153;GPN1;BFSP1;UBLCP1;ZFAT;ID2;BHLHE40;PSMG1;RCOR3;CALM2;ARHGAP9;TOP2B;CCDC121;GPR26;CPXM2;MOGAT1;PIK3CD;UFSP2;GLI1;CHD2;RYR3;LARP1B;SNAPC5;SHH;OPA1;RSRC1;WDR7;PGM1;CCDC50;HS3ST3B1;ELOVL1;FOXD3;NCOA2;MKKS;NUP133;ACTL6A;BCKDHB;FOXL2;VEZF1;SUPT3H;PPM1A;B3GNT7;PEX3;MED21;SPOPL;EXOC2;SYNPO2;RPE;GCNT1;GLRX;FOXK1;CAPG;RCHY1;TMEM168;FGD5;EPCAM;FAM184A;GTSF1L;IL21R;NT5M;CNNM2;LEKR1;PCGF6;MARCKSL1;BLCAP;PTPN14;DHRS3;RAD52;CYP24A1;OR2V2;SERBP1;RGS10;RAD1;SSBP2"
"CREB1 23762244 ChIP-Seq HIPPOCAMPUS Rat","59/2006",0.808496678397206,0.999985302328765,0,0,0.893888032871084,0.190021563415504,"OTUD4;TOP2B;GDE1;DCAF8;CHD2;ACTB;MRPL2;OPA1;EXO1;RSRC1;GOLGA1;MAGOH;BBX;NEK1;EIF2B1;RGS9;HS3ST3B1;NCOA2;NUP133;ARHGEF17;ACTL6A;DARS2;PPM1A;BIN3;CREB1;LIX1;ZC3H11A;PICK1;MCM5;RCCD1;BDP1;WDR26;RPE;GNAI3;CLEC16A;CAPG;NR2C2;ARPP19;PGRMC2;NFIL3;TRA2B;TPR;CNNM2;LEKR1;ATG5;ATP6V0A1;USP25;WNT7A;NUP153;EIF2S2;ZFAT;ID2;CCNYL1;SLC22A8;SSBP2;PPIL4;CALM2;TMEM9B;TOMM6"
"PU.1 20513432 ChIP-Seq Bcells Mouse","44/1520",0.808583174267118,0.999985302328765,0,0,0.880758807588076,0.187136347972257,"ARHGAP9;RPL30;CDC123;PPM1L;GCNT1;AQP9;ICAM2;GNAI3;DCAF8;PIK3CD;ACTB;THG1L;TMEM220;FADS3;STRA8;TMEM168;SAMM50;MED30;EPCAM;HLX;AMZ2;NBN;TCP11;PGM1;SGCG;FOXD3;PCGF6;APOBEC4;PAX5;UNC93A;PRDX6;SMUG1;DHRS7;EID3;UBLCP1;BAMBI;ZFAT;SLC9A8;ID2;TRMT12;PICK1;SNRPE;CD302;PPIL4"
"ASXL1 24218140 ChIP-Seq BMDM Mouse","16/593",0.808835392862409,0.999985302328765,0,0,0.822426835979531,0.174485956223513,"NCOA2;SLC26A2;SLC37A2;UXS1;TMTC3;GNAI3;RAB3IL1;RPL23A;FADS3;EXTL2;HMBOX1;LACTB2;MED21;S1PR1;SNRPE;CNNM2"
"POU5F1 18358816 ChIP-ChIP MESCs Mouse","14/526",0.811447419348204,0.999985302328765,0,0,0.811226624015748,0.16949419323615,"ANKRD37;SLC26A2;WDR75;BPGM;NUDT5;SLC39A14;TMEM168;RSRC1;PEX3;ID2;RBM12B;DNAJC8;FGFR2;NKX2-2"
"STAT5A 24692510 ChIP-Seq Epithelium Mouse Mammary","58/1977",0.812280579377686,0.999985302328765,0,0,0.891482362235689,0.18534761421455,"HDDC2;EIF4E3;KLHL36;MOGAT1;AQP9;SYNE3;ACTB;TMEM220;UNC80;PGM1;ADAMTS6;PTGDR;ZBP1;ELOVL1;STARD5;ACTN2;MED8;IFT80;UNC93A;SLC9A5;POC5;ELF5;FDX1;DSG2;MFGE8;ABCG2;RNASEL;TBC1D9B;PPM1L;PDE1C;HDAC1;GCNT1;PPM1J;PDS5B;RCHY1;LRP8;TMEM168;NFIL3;EPCAM;FAM241A;SMYD2;LURAP1;ATP6V0A1;TFAP2A;USP25;SRD5A3;NUP153;BLCAP;OPN5;CPPED1;KLHL9;BFSP1;CYP24A1;ZFAT;ID2;ATP13A4;NRDE2;CALM2"
"ZNF652 21678463 ChIP-ChIP ZR75-1 Human","2/94",0.813782301896366,0.999985302328765,0,0,0.647100329278946,0.133343041156401,"WNT7A;NUP153"
"XRN2 22483619 ChIP-Seq HELA Human","37/1296",0.815072950793769,0.999985302328765,0,0,0.868782673249337,0.177646647701572,"CDC123;STXBP4;RGS16;SEZ6;NUDT5;ACTB;PRICKLE4;SNAPC5;ABHD10;HMBOX1;HINT3;CCND1;EXO1;MAGOH;ZNF207;RPL38;UBAP2L;KCNJ2;ATG5;PLS1;MARCKSL1;MKKS;NUP133;IFT80;RPL23A;NUP153;PSMA6;PEX3;SLC9A8;ID2;PPP1R3D;HOXB3;RCOR3;PPIL4;CALM2;HOXB5;TOMM6"
"NR1I2 20693526 ChIP-Seq LIVER Mouse","17/631",0.816670435697539,0.999985302328765,0,0,0.820849482538243,0.166238149070931,"NCOA2;PPM1L;COL12A1;AQP9;PLEKHA5;PRDM14;AHR;SLC39A14;SUPT3H;LMAN1;SAMM50;CCND1;RSRC1;ZC3H11A;ID2;SNRPE;PTPN3"
"KAP1 27257070 Chip-Seq ESCs Mouse","42/1461",0.816719435088107,0.999985302328765,0,0,0.874393527242077,0.177029409066234,"OTUD4;RPL30;RNASEL;INO80D;HDAC1;UXS1;LRTM2;RPE;GNAI3;DCAF5;NUDT5;HAPLN3;LRP8;PPM1F;ACTB;TMEM220;SAMM50;MOBP;RSRC1;BBX;UGT3A2;NBN;LEKR1;RUNX1T1;PCGF6;IFT80;ALG11;PDYN;SUPT3H;TMEM60;MYH3;KATNAL1;B3GNT7;PEX3;ZFAT;MTHFD2L;CHMP4C;ANKS6;SNRPE;SGK1;CALM2;PTPN3"
"RAC3 21632823 ChIP-Seq H3396 Human","45/1559",0.816803386531088,0.999985302328765,0,0,0.877751362558723,0.17761901489361,"RTP2;STAB2;GLRX;NR2C2;HOXA13;PRICKLE4;UNC80;CLEC3A;FAM124B;P2RY6;PGRMC2;GTSF1L;TRIM24;ANKRD1;KPNA4;TGM6;RAB11FIP4;NKX2-2;UTP14C;ZBP1;PCGF6;EMX2;PLA2G4F;BDNF;VEZF1;BPGM;BLCAP;MLF1;TSHR;NAP1L5;SMUG1;CD200R1;KIAA1614;SLC9A5;MYH3;CYP24A1;B3GNT7;ZC3H11A;BHLHE40;CHMP4C;SLC28A2;SSBP2;HOXB7;TMEM9B;SHANK1"
"SRF 21415370 ChIP-Seq HL-1 Mouse","28/1001",0.818087111958284,0.999985302328765,0,0,0.851631738087791,0.170996116985836,"RNASEL;UBIAD1;MOGAT1;GNAI3;NUDT5;NR2C2;TMEM168;EXTL2;HMBOX1;PTDSS1;RSRC1;TPR;DHX15;NEK1;ATG5;DARS2;ALG11;EIF2S2;DEXI;POMGNT1;TMEM60;KLHL9;EIF3M;CREB1;LACTB2;PEX3;ZC3H11A;TRMT12"
"RUNX1 20887958 ChIP-Seq HPC-7 Mouse","24/870",0.821841333763053,0.999985302328765,0,0,0.839943262411348,0.164803526463819,"ARHGAP9;TBC1D9B;ICAM2;DARS2;BPGM;LRP8;DEXI;DHRS3;RUNX2;BIN3;MYH3;OPA1;B3GNT7;ARTN;ZFAT;PSMC1;BHLHE40;IL21R;AMZ2;SNRPE;SLC22A8;PGM1;XPR1;ATP6V0A1"
"IRF1 19129219 ChIP-ChIP H3396 Human","3/136",0.822051697321994,0.999985302328765,0,0,0.671035173071999,0.131490680062898,"PSMA6;CHRM5;PTPN3"
"TFEB 21752829 ChIP-Seq HELA Human","18/668",0.822283363296272,0.999985302328765,0,0,0.820719249055224,0.160590315302728,"DARS2;PTPN14;AFG3L2;AMN1;LACTB2;ZC3H11A;SUB1;ZNHIT6;BHLHE40;CCNYL1;SNRNP48;ZNF512;DNAJC8;CNNM2;HOXB7;PGM1;ADAMTS6;ATG5"
"PPARD 23208498 ChIP-Seq MDA-MB-231 Human","9/357",0.822643577614342,0.999985302328765,0,0,0.767901400862069,0.149919117598701,"MELK;CASP6;GTSF1L;ZNHIT6;ICAM2;MAN1A1;DHCR7;PLA2R1;PGM1"
"GATA3 24758297 ChIP-Seq MCF-7 Human","47/1629",0.822710409230914,0.999985302328765,0,0,0.876915759100512,0.171130998146411,"ITSN2;HCN4;HDDC2;IQCA1;RGS16;COL12A1;GDE1;TMEM220;ZC3H12D;AMN1;FGD5;PPP3CC;NFIL3;TP53INP2;TRA2B;ANKRD1;NBN;RHBG;TTC23L;ZNF385A;TXNDC5;ATP6V0A1;USP25;TGFB2;PLA2G4F;RRM2;PLEKHG7;WNT7A;VEZF1;TM4SF4;EIF2S2;PRDX6;BLCAP;PPM1A;DHRS7;BFSP1;PEX3;BHLHE40;CENPL;TRMT12;ANKS6;REN;SLC28A2;SGK1;CALM2;HOXB5;TOMM6"
"CDKN2AIP 20523734 ChIP-Seq CORTICAL Neurons","2/96",0.822894825837448,0.999985302328765,0,0,0.633266467164326,0.123440656721054,"PRKAR1A;NT5M"
"SOX3 22085726 ChIP-Seq NPCs Mouse","45/1565",0.824240265199923,0.999985302328765,0,0,0.873992462530498,0.168936806495957,"TOP2B;RPL30;EIF4E3;LRTM2;COL12A1;CLEC16A;DCAF8;UBR3;PPM1J;GLRX;MRO;HAPLN3;LARP1B;LMAN1;TIFAB;SYNGR2;NFIL3;CCND1;MAGOH;CHST15;NT5M;CDH26;RGS9;NKX2-2;RUNX1T1;CDK17;USP25;SLC37A2;MARCKSL1;KCNJ6;GFPT1;RAB3IL1;APOA4;OPN5;ID2;ELF5;MTHFD2L;CDK1;PICK1;NUP54;ROR2;BDP1;ALDH8A1;PPIL4;XPR1"
"MYC 28411283 ChIP-Seq MDA231-LM2-4175 Human BreastCancer","72/2441",0.826004688389503,0.999985302328765,0,0,0.894500235201509,0.170988039912697,"RPL30;ARPC5L;NUDT5;ACTB;CCAR2;THG1L;FADS3;SNAPC5;NADK2;MRPL2;OPA1;CCND1;DHX15;RPL38;KPNA4;UBAP2L;EIF2B1;PGM1;ELOVL1;ENTPD5;DDX55;ARHGEF17;ACTL6A;WDR75;DARS2;SUPT3H;PPM1A;POC5;LACTB2;LARS1;SNRPE;NUP54;DNAJC8;TLCD1;RCCD1;PFDN4;UBIAD1;WDR26;DDX1;RGS16;BTF3L4;UTP23;FOXK1;LRP8;PPM1F;TMEM168;SAMM50;PGRMC2;ZNHIT6;TRA2B;SMYD2;BRIX1;LEKR1;S100PBP;TXNDC5;ATP6V0A1;NEK8;SLC37A2;RRM2;RPP40;NUP153;EIF2S2;DHRS3;EIF3M;BFSP1;PRC1;SERBP1;BHLHE40;CEP83;RCOR3;TMEM9B;TOMM6"
"KLF6 26769127 Chip-Seq PDAC-Cell Line Human","48/1666",0.827937071683528,0.999985302328765,0,0,0.875327276952915,0.165277657705401,"AVEN;CIITA;WDR26;RGS16;GNAI3;GLI1;LRP8;UACA;FADS3;SYNGR2;CCND1;HLX;PEA15;MAGOH;SMYD2;TRIM24;PGM1;S100PBP;TXNDC5;TFAP2A;ELOVL1;FOXD3;NCOA2;TGFB2;RRM2;ARHGEF17;GFPT1;MED8;VEZF1;PRDX6;DEXI;DHRS3;SUPT3H;PSMA6;PPM1A;EIF3M;EID3;CREB1;B3GNT7;ARTN;PSMC1;SERBP1;RGS10;TFAM;SNRPE;RCOR3;MFGE8;CALM2"
"RELB 30642670 ChIP-Seq CTB1 Human Placenta Inflammation","3/139",0.833174144980037,0.999985302328765,0,0,0.656130486250228,0.119752081684035,"ANKRD37;MARCKSL1;BHLHE40"
"JUND 26020271 ChIP-Seq SMOOTH MUSCLE Human","45/1573",0.833828203071245,0.999985302328765,0,0,0.869026516070871,0.157926354566776,"BLK;MYLK2;SAMD9L;DGKD;SAMD9;COL12A1;SEZ6;GLI1;PPM1F;NUBP1;AMN1;RNF216;NFIL3;EPCAM;OR10W1;GTSF1L;TP53INP2;NEK1;BDKRB1;UBAP2L;LEKR1;VAT1L;SLC12A2;MYLIP;TGFB2;STARD5;PLEKHG7;SRD5A3;PAWR;HTR1B;IL16;NUP153;RUNX2;MLF1;PPM1A;BIN3;BFSP1;PRC1;ARTN;GPR182;BHLHE40;VOPP1;DSG2;PFDN4;ABCG2"
"PRDM16 22522345 ChIP-ChIP PALATE MESENCHYMAL Mouse","2/99",0.835813799239249,0.999985302328765,0,0,0.613585302506413,0.110046167442594,"IFT80;NEK11"
"RUNX1 22343733 ChIP-Seq Kasumi1 Human PeriphBlood AML","10/399",0.837693641330634,0.999985302328765,0,0,0.762840395701832,0.135101191757237,"CACNB2;TIFAB;TP53INP2;VOPP1;CAPG;NUP153;RCCD1;YARS1;NRDE2;ATP6V0A1"
"AR 21572438 ChIP-Seq LNCaP Human","3/141",0.840252822824662,0.999985302328765,0,0,0.646554044958945,0.112534317442565,"CA10;OR2V2;BASP1"
"RXR 22158963 ChIP-Seq LIVER Mouse","44/1546",0.840549836884604,0.999985302328765,0,0,0.864253722309648,0.150120036316702,"TOP2B;CFH;PPM1L;AQP9;GDE1;AHR;FBXO21;ARPP19;ACTB;LMAN1;AMN1;AS3MT;SAMM50;CCND1;NPHP3;CCDC50;LEKR1;TXNDC5;CDK17;NEK8;PCGF6;STARD5;RRM2;ACOT12;PAWR;ACOT13;TM4SF4;PRDX6;SLC39A14;DEXI;DHRS3;PARP12;INHBE;PPM1A;DHRS7;BIN3;LACTB2;SLC9A8;GPR182;BHLHE40;TFAM;DSG2;NUP54;CD302"
"NANOG 20526341 ChIP-Seq ESCs Human","45/1579",0.840774418107057,0.999985302328765,0,0,0.865336047385099,0.150076862323646,"GPR27;HCN4;HDDC2;MYLK2;CIITA;CPO;CCDC68;LRTM2;AQP9;PPM1J;CALML4;KRT85;ACTB;KRT84;HLX;ANKRD1;PROK2;OR8B3;MSX1;EIF2B1;RHBG;ZNF385A;PLS1;DACT1;EMX2;NUP153;CACNA2D4;MCOLN2;POMGNT1;CPPED1;MLF1;RAD52;PTPRC;OR2V2;PRC1;ZC3H11A;MAK;SERBP1;SCGB1A1;PEX5;RCCD1;RCOR3;CALM2;XPR1;ABCG2"
"FOXA1 33576154 ChIP-Seq Human HilarLN ProstateCancer","21/781",0.841086313336819,0.999985302328765,0,0,0.81799153536708,0.141562426953951,"CERKL;TOP2B;VIPR1;HDAC1;SYNPO2;EIF2S2;DHRS3;NADK2;BFSP1;ATP7B;PGRMC2;ZNHIT6;MTHFD2L;BHLHE40;SLITRK6;ITGB8;CDH26;RCOR3;SGK1;SMIM31;ZNF385A"
"SMAD1 18555785 ChIP-Seq MESCs Mouse","11/436",0.841137122293478,0.999985302328765,0,0,0.767789046653144,0.13282795467101,"KLC4;B3GNT7;NXPH3;ZC3H11A;CENPL;PAWR;ARPP19;SLC39A14;PPM1F;FGFR2;RUNX1T1"
"SOX4 29892750 ChIP-Seq EML Mouse BoneMarrow","3/142",0.843693857411485,0.999985302328765,0,0,0.641869167204936,0.109095664244042,"RPL23A;ACTB;PLPP1"
"CEBPB 20513432 ChIP-Seq MACROPHAGES Mouse","42/1484",0.844847298929105,0.999985302328765,0,0,0.859343260664417,0.144884740337954,"BLK;RNASEL;CDC123;CIITA;SAMD9L;RTP2;TBC1D9B;UXS1;RPE;GCNT1;UTP23;ICAM2;GNAI3;DCAF8;CHD2;NUBP1;TMEM220;EXTL2;MED30;EPCAM;CASP6;KPNA4;RGS9;SGCG;KCNJ2;LEKR1;CDK17;FOXD3;KCNJ6;APOBEC4;RAB3IL1;DHRS3;AFG3L2;EID3;MELK;PTPRC;UBLCP1;B3GNT7;PRKAR1A;ZFAT;ID2;TRMT12"
"NR3C1 34362910 ChIP-Seq WistarRat Hippocampus","17/647",0.845312953598027,0.999985302328765,0,0,0.79931936909785,0.134324309815257,"KCNJ6;CCDC121;BDNF;ARPC5L;SMC5;CACNA2D4;SLC39A14;SHISA6;PSMA6;HMBOX1;CHORDC1;SLIT1;UGT2A1;PTCHD4;CDH26;SGK1;PGM1"
"GATA3 27048872 Chip-Seq THYMUS Human","46/1617",0.84659913329223,0.999985302328765,0,0,0.86336828482244,0.143774971845972,"ITSN2;BLK;TOP2B;STXBP4;RGSL1;RGS16;COL12A1;UBR3;SMC5;GLRX;CAPG;AMN1;FAM124B;ABHD10;PPP3CC;RSRC1;IL21R;ANKRD1;SLIT1;NEK1;AMZ2;MAN1A1;ATP6V1G3;MYLIP;TFAP2D;PABPC4;BCKDHB;WDR75;IL16;EIF2S2;TSHR;KLHL9;PPM1A;EIF3M;PTPRC;CREB1;OR2V2;PEX3;ID2;TRMT12;VOPP1;ECHDC2;TRIM59;ROR2;MFGE8;CALM2"
"MYC 18358816 ChIP-ChIP MESCs Mouse","69/2369",0.849791477582318,0.999985302328765,0,0,0.881948275862069,0.143549676193037,"RPL30;ANKRD37;GPR26;UXS1;ARPC5L;NUDT5;NUBP1;SNAPC5;MRPL2;HINT3;CCND1;EXO1;MAGOH;RPL38;UBAP2L;NBN;HS3ST3B1;MKKS;NUP133;DDX55;WDR75;PAWR;DARS2;IFT80;PAX5;PSMA6;PPM1A;AFG3L2;CREB1;B3GNT7;LACTB2;PEX3;SLC9A8;RBM12B;PICK1;STRAP;TRIM59;MCM5;NUP54;DNAJC8;RCCD1;SLC26A2;UBIAD1;PPM1L;LRP8;NID2;KLC4;TMEM168;EXTL2;TPR;S100PBP;ATG5;NEK8;PCGF6;TGFB2;RRM2;RPP40;RPL23A;EIF2S2;PRDX6;PTPN14;RAD52;UBLCP1;PRC1;ID2;SERBP1;CENPL;RAD1;PTPN3"
"SIN3A 21632747 ChIP-Seq MESCs Mouse","25/923",0.850869726428572,0.999985302328765,0,0,0.823277154360117,0.132956169068558,"ITSN2;OTUD4;HDDC2;LRTM2;MOGAT1;GLRX;PDS5B;NEUROD1;KLC4;CTSL;NEK1;TCP11;PACSIN1;RRM2;KIDINS220;DDX55;RPP40;GTF2H3;INHBE;SLC9A5;B3GNT7;POC5;TFAM;MCM5;RCOR3"
"CBP 21632823 ChIP-Seq H3396 Human","45/1593",0.856174602968562,0.999985302328765,0,0,0.856836208224241,0.133050338873714,"CDC123;GPR26;CPXM2;LRTM2;KCNA5;NUDT5;FADS3;AMN1;AS3MT;P2RY6;CCND1;OR10W1;P2RY2;CHORDC1;CHST15;ANKRD1;SLIT1;CNNM2;CCDC73;OR4B1;CDK17;ATE1;PCGF6;SLC37A2;EMX2;PLEKHG7;BDNF;ARHGEF17;PLEKHA5;APOA4;CACNA2D4;RAD52;SMUG1;CACNB2;EIF3M;BAMBI;MED21;ELF5;SCGB1A1;CDK1;RGS10;TFAM;DHCR7;SLC22A8;FGFR2"
"MYCN 27167114 Chip-Seq NEUROBLASTOMA Human","45/1594",0.857231760415372,0.999985302328765,0,0,0.856234956113536,0.131900396077528,"ARHGAP9;NXPH3;BTF3L4;PDS5B;HAPLN3;LRP8;CCND1;HLX;PEA15;CHORDC1;SMYD2;NAALAD2;PGM1;CCDC50;S100PBP;ELOVL1;EMX2;MARCKSL1;KCNJ6;RRM2;NCOA6;APOBEC4;PABPC4;DDX55;PLEKHA5;PAWR;KCNJ16;FOXL2;VEZF1;GPN1;CPPED1;TMEM60;SMUG1;KATNAL1;ARTN;BAMBI;ZC3H11A;MED21;CASS4;ECHDC2;PLA2R1;RCOR3;SP9;HOXB6;XPR1"
"MAF 26560356 Chip-Seq TH2 Human","46/1627",0.857322268210507,0.999985302328765,0,0,0.857424872265281,0.131993175643521,"RNASEL;ANKRD37;UBIAD1;WDR26;HDAC1;GNAI3;PIK3CD;FOXK1;DCAF5;GLI1;LRP8;ACTB;LARP1B;ZC3H12D;AMN1;PPP3CC;NFIL3;FAM184A;ZNHIT6;TRA2B;MAGOH;IL21R;S1PR1;NPHP3;NT5M;ADAMTS6;S100PBP;UNC45A;ZBP1;ATE1;MARCKSL1;STARD5;PLEKHG7;NUP133;PABPC4;IL16;EIF2S2;DHRS3;INHBE;CREB1;ARTN;SNRPE;DNAJC8;RCCD1;TMEM9B;XPR1"
"ATF3 27146783 Chip-Seq COLON Human","46/1628",0.858363861247553,0.999985302328765,0,0,0.856834663597311,0.130861949337259,"OTUD4;UXS1;SYNPO2;COL12A1;ARPC5L;COX7A2;GLI1;THG1L;LMAN1;MRPL2;SAMM50;HINT3;NFIL3;NPBWR1;CHST15;NEK1;ITGB8;NBN;MSX1;RHBG;LEKR1;S100PBP;USP25;PCGF6;RRM2;WDR75;DARS2;VEZF1;NUP153;EIF2S2;PRDX6;SLC39A14;PTPN14;DHRS3;PARP12;INHBE;PPM1A;AFG3L2;BFSP1;PRC1;ID2;CHMP4C;BDP1;MFGE8;PPIL4;TOMM6"
"SPI1 22096565 ChIP-ChIP GC-B Mouse","28/1032",0.86123026049915,0.999985302328765,0,0,0.823944158951954,0.123091799962783,"ITSN2;BLK;HDDC2;GNAI3;CAPG;RCHY1;ARPP19;NUBP1;ACTB;SNAPC5;HMBOX1;TPR;KPNA4;ADAMTS6;CCDC50;ATP6V0A1;SLC37A2;DDX55;WDR75;DARS2;PRDX6;PSMC1;ID2;RBM12B;NUP54;DHCR7;EXOC2;NEK11"
"FOXP2 21765815 ChIP-ChIP NEURO2A Mouse","19/726",0.861372083751501,0.999985302328765,0,0,0.795303203789767,0.118682075044787,"SLC12A2;RPE;PAQR3;HTR1B;PAX5;ARPP19;NAP1L5;RGS4;CD200R1;MYH2;KEL;NFIL3;ZC3H11A;MAGOH;NAALAD2;STEAP1;PPIL4;CALM2;CCR4"
"SOX2 18692474 ChIP-Seq MEFs Mouse","44/1566",0.862421773816445,0.999985302328765,0,0,0.851941225660017,0.126096528955633,"RNASEL;CFH;UXS1;RPE;MOGAT1;RGS16;GCNT1;AQP9;BTF3L4;SEZ6;FBLN1;FSTL1;NID2;UACA;NEUROD1;LMAN1;SAMM50;MOBP;MAGOH;TRIM24;MSX1;RGS9;TCP11;NKX2-2;SLC12A2;HS3ST3B1;KCNJ6;RRM2;BDNF;VEZF1;PDYN;PRDX6;BLCAP;SMUG1;CD200R1;MRAS;LIX1;ZC3H11A;SCGB1A1;CENPL;CHMP4C;ECHDC2;FGFR2;ABCG2"
"RXRA 24833708 ChIP-Seq LIVER Mouse","40/1434",0.862729150233159,0.999985302328765,0,0,0.846084438821786,0.124928161178763,"SLC26A2;CCDC121;SLC35F3;CHRM5;PRDM14;PIK3CD;CALML4;FBXO21;CHD2;ARPP19;NUBP1;AMN1;AS3MT;EXTL2;ABHD10;ATP7B;GOLGA1;NT5M;TGM6;CCDC50;NKX2-2;PTGDR;ATP6V0A1;PACSIN1;NEK8;ZBP1;NUP133;ACTN2;TGFB3;DEXI;CPPED1;PPM1A;BIN3;BAMBI;SLC9A8;TRMT12;CCNYL1;STEAP1;CCDC152;PTPN3"
"CTCF 27219007 Chip-Seq Bcells Human","46/1633",0.863488783329961,0.999985302328765,0,0,0.853894777321124,0.125329869058375,"ARHGAP9;FOXE3;WDR26;CPXM2;GNAI3;PIK3CD;KCNA5;PPM1J;CALML4;DCAF5;HAPLN3;LRP8;RYR3;AS3MT;P2RY2;TPR;SLIT1;RHBG;PGM1;UTP14C;CDK17;ELOVL1;LINGO1;EMX2;MARCKSL1;PLA2G4F;GPR12;BDNF;TGFB3;PABPC4;ARHGEF17;PAWR;FOXL2;UNC93A;PDYN;APOA5;MCOLN2;DHRS3;CACNB2;MRAS;B3GNT7;GPR182;ECHDC2;HOXB8;SLC22A8;RCOR3"
"TAF7L 23326641 ChIP-Seq C3H10T1-2 Mouse","14/554",0.863964450220505,0.999985302328765,0,0,0.768019830854477,0.112302668010931,"NUP133;ENTPD5;MOGAT1;BTF3L4;MED8;RCHY1;PPM1A;TMEM168;NFIL3;PEX3;RPL38;SSBP2;CALM2;SGCG"
"GATA4 25053715 ChIP-Seq YYC3 Human","45/1602",0.865485886553133,0.999985302328765,0,0,0.851452742793707,0.123004448858821,"HDDC2;CERKL;RNASEL;VIPR1;SAMD9L;RTP2;DGKD;NXPH2;GCNT1;STAB2;FBXO21;LRP8;UACA;TMEM220;RGS5;RSRC1;TPR;ANKRD1;NAALAD2;TTC23L;KCNJ2;ATP6V0A1;DACT1;NEK8;SLC12A2;TFAP2A;ATE1;SLC39A14;DHRS3;PARP12;EID3;KEL;LACTB2;BAMBI;SUB1;BHLHE40;XCL1;CCNYL1;ANKS6;SNRPE;SNRNP48;ZNF512;MFGE8;XPR1;PTPN3"
"EBNA2 21746931 ChIP-Seq IB4-LCL Human","31/1137",0.866219398227419,0.999985302328765,0,0,0.827488485869953,0.118841460068589,"BLK;MYLK2;IQCA1;KLHL36;ASB18;NUBP1;EXTL2;SYNGR2;UBAP2L;EIF2B1;TCP11;SGCG;ZNF385A;TGFB2;TGFB3;RPL23A;BPGM;GTF2H3;TMEM170B;BLCAP;MLF1;RAD52;MRAS;UBLCP1;OR2V2;B3GNT7;FEZ1;BHLHE40;SNRPE;HOXB8;CALM2"
"BMI1 19503595 ChIP-Seq MEFsC Mouse","13/521",0.867669648320903,0.999985302328765,0,0,0.758180433813698,0.107619335040424,"INO80D;SLC35F3;GFPT1;GLRX;EIF2S2;HAPLN3;GPN1;NAP1L5;CLEC3A;RGS5;CHMP4C;XCL1;MCM5"
"BCL6 25482012 ChIP-Seq CML-JURL-MK1 Human","45/1605",0.868488779096468,0.999985302328765,0,0,0.849672058074376,0.119804281250163,"CIITA;SYNPO2;PIK3CD;CAPG;CALML4;DCAF5;ACTB;ZC3H12D;SNAPC5;P2RY6;PTDSS1;TIFAB;SYNGR2;RNF216;CHST15;IL21R;RPL38;ATP6V1G3;ADAMTS6;ZNF385A;LEKR1;S100PBP;PLS1;TXNDC5;ATP6V0A1;PACSIN1;DACT1;KCNJ6;GPR12;NUP133;WDR75;POMGNT1;NAP1L5;AFG3L2;OR2V2;B3GNT7;BAMBI;PEX3;SUB1;SCGB1A1;BHLHE40;VOPP1;NUP54;SGK1;ABCG2"
"GATA3 21878914 ChIP-Seq MCF-7 Human","44/1574",0.870524934930647,0.999985302328765,0,0,0.847106357694593,0.117458815246553,"HDDC2;TOP2B;COL15A1;SAMD9L;DGKD;NXPH3;LRTM2;COL12A1;ICAM2;KCNA5;COX7A2;AHR;PDS5B;RYR3;TMEM168;EXO1;TRA2B;CHST15;NBN;KCNJ2;LEKR1;ATG5;TXNDC5;NCOA2;CA10;STARD5;TGFB3;ENTPD5;TMEM170B;BLCAP;MCOLN2;CPPED1;INHBE;RAD52;BHLHE40;CDK1;CHMP4C;CASS4;REN;SNRPE;TRIM59;DNAJC8;CCDC152;SP9"
"EGR1 19374776 ChIP-ChIP THP-1 Human","1/62",0.871063394158971,0.999985302328765,0,0,0.488008500303582,0.0673649479211135,"HDAC1"
"FOXA1 21915096 ChIP-Seq LNCaP-1F5 Human","46/1641",0.871403288023233,0.999985302328765,0,0,0.849229297608093,0.116896745748275,"ITSN2;HDDC2;TBC1D9B;NXPH2;HDAC1;GCNT1;DCAF8;ARPP19;TMEM220;HERC5;RGS4;FGD5;ABHD10;PPP4R1;PGRMC2;EXO1;RSRC1;HLX;TP53INP2;BBX;CDH26;ATP6V1G3;ZNF385A;VAT1L;FOXD3;GSX1;ACTL6A;PLEKHA5;EIF2S2;PRDX6;DHRS3;TMEM60;KATNAL1;LACTB2;BAMBI;SERBP1;RBM12B;CDK1;TRMT12;CHMP4C;SNRPE;BDP1;CALM2;FGFR2;PTPN3;NEK11"
"FLI1 26923725 Chip-Seq HEMOGENIC-ENDOTHELIUM Mouse","40/1446",0.875189125237505,0.999985302328765,0,0,0.838302653184686,0.111758546941458,"CERKL;TBC1D9B;GDE1;CLEC16A;PIK3CD;KCNA5;FOXK1;FBLN1;FBXO21;CHD2;KLC4;STRA8;CLEC3A;TIFAB;ATP7B;TRA2B;BBX;WDR7;UBAP2L;NT5M;MSX1;TTC23L;NKX2-2;ZBP1;LINGO1;USP25;MARCKSL1;TMEM170B;POMGNT1;AFG3L2;ACTA1;DHRS7;GPR182;PICK1;CCNYL1;DSG2;MCM5;ROR2;CD302;SGK1"
"CLOCK 20551151 ChIP-Seq 293T Human","9/382",0.875744459720769,0.999985302328765,0,0,0.715490951742627,0.0949320143638236,"PSMA6;SDC2;BTF3L4;UBAP2L;FBXO21;CALM2;ACTB;RUNX2;DHRS3"
"EST1 17652178 ChIP-ChIP JURKAT Human","15/597",0.876272950145847,0.999985302328765,0,0,0.762992292432274,0.100774228688868,"ARHGAP9;TMTC3;WDR75;DARS2;NUP153;NUDT5;RAD52;SMUG1;PSMA6;OPA1;EXO1;SERBP1;ZNF207;TRMT12;EIF2B1"
"MYC 27129775 Chip-Seq CORNEA Mouse","43/1547",0.876512226801522,0.999985302328765,0,0,0.8420021855909,0.110979782442443,"BLK;AVEN;MYLK2;TOP2B;RTP2;CCDC68;NXPH3;COL12A1;GCNT1;AQP9;UTP23;ICAM2;DCAF5;GLI1;UACA;HINT3;EXO1;CASP6;BBX;RPL38;ADAMTS6;RUNX1T1;PLS1;DACT1;ZBP1;MYLIP;KCNJ6;TGFB2;GSX1;BDNF;ENTPD5;WDR75;WNT7A;CACNA2D4;MCOLN2;PTPN14;FEZ1;ELF5;RBM12B;HOXB8;PFDN4;PTPN3;TOMM6"
"MYCN 21190229 ChIP-Seq SHEP-21N Human","6/271",0.877031716989352,0.999985302328765,0,0,0.672061973649462,0.0881826776375087,"BLK;SLC26A2;PTPRC;SLC9A8;DARS2;PFDN4"
"GATA1 30185409 ChIP-Seq K562 Mouse BoneMarrow Leukemia","21/810",0.881879116661599,0.999985302328765,0,0,0.786696858879659,0.0988880219718563,"AVEN;MYLIP;CIITA;WDR26;NUP133;RPP40;GDE1;CAPG;ABCA8;DHRS3;OPA1;ZFAT;ELF5;SERBP1;IL21R;S1PR1;MAN1A1;CCR4;TMEM9B;XPR1;TOMM6"
"ELK4 26923725 Chip-Seq MESODERM Mouse","8/350",0.884597139923083,0.999985302328765,0,0,0.693689501966044,0.0850622508535371,"CLEC3A;MKKS;MELK;INO80D;IL21R;WDR75;KCNA5;TXNDC5"
"RARB 24833708 ChIP-Seq LIVER Mouse","39/1424",0.886223147975642,0.999985302328765,0,0,0.829347221400249,0.100173948216388,"SLC26A2;CCDC121;GNAI3;CLEC16A;FOXK1;FBLN1;COX7A2;DCAF5;GIMAP8;RGS4;CLEC3A;AMN1;ABHD10;TRA2B;BBX;NT5M;RHBG;CCR4;TTC23L;CCDC50;VAT1L;NKX2-2;PTGDR;PACSIN1;MARCKSL1;RPP40;DEXI;POMGNT1;CPPED1;RAD52;ACTA1;BAMBI;PICK1;CCNYL1;ROR2;CD302;PFDN4;FGFR2;PTPN3"
"CTCF 20526341 ChIP-Seq ESCs Human","44/1591",0.886556254342447,0.999985302328765,0,0,0.836998295821825,0.100783549699418,"TOP2B;CIITA;UBIAD1;GPR26;HDAC1;LRTM2;ICAM2;KCNA5;FBLN1;GLI1;FBXO21;HOXA13;ABHD10;SAMM50;OR10W1;DSEL;SLIT1;S1PR1;BDKRB1;ATP6V1G3;KCNJ2;PTGDR;DACT1;ZBP1;EMX2;TGFB2;PLA2G4F;TGFB3;APOA4;NUP153;GTF2H3;CPPED1;CRNN;MRAS;BFSP1;ZC3H11A;FDX1;CASS4;TFAM;SPOPL;DNAJC8;PLA2R1;RCOR3;ABCG2"
"IRF8 22096565 ChIP-ChIP GC-B Mouse","11/463",0.889464825914608,0.999985302328765,0,0,0.72089563625267,0.0844423383846631,"ZBP1;SLC37A2;PTPRC;SLC9A8;ENTPD5;CHORDC1;PRDX6;EXOC2;ADAMTS6;ACTB;ATP6V0A1"
"SRY 25088423 ChIP-ChIP EMBRYONIC GONADS Mouse","75/2614",0.890604086155991,0.999985302328765,0,0,0.865179163241585,0.100235589790824,"RPL30;KLHL36;GDE1;HAPLN3;HOXA13;ACTB;SHH;PPP3CC;CTSL;BDKRB1;UBAP2L;RGS9;ZBP1;ELOVL1;EMX2;ACTL6A;ACOT12;PAWR;RAB3IL1;IL16;CACNA2D4;PAX5;DEXI;SHISA6;ACTA1;MRAS;B3GNT7;PRKAR1A;LACTB2;FEZ1;SLC9A8;NUP54;RCCD1;SGK1;XPR1;WDR26;PDE1C;NXPH3;LRTM2;SEZ6;GNAI3;PPM1J;GLRX;CAPG;COX7A2;UACA;LMAN1;P2RY6;SYNGR2;MED30;NFIL3;IL21R;SLIT1;GPR156;KCNJ2;RUNX1T1;TXNDC5;PACSIN1;KCNJ6;GSX1;WNT7A;KCNJ16;NUP153;MCOLN2;PTPN14;INHBE;SMUG1;DHRS7;ARTN;BAMBI;SERBP1;ECHDC2;SLC22A8;PPIL4;TOMM6"
"CTCF 33576154 ChIP-Seq Human HilarLN ProstateCancer","107/3649",0.891829063752836,0.999985302328765,0,0,0.881130701482057,0.100872545257678,"RPL30;VIPR1;TEX48;DCAF5;ACTB;GIMAP8;FADS3;BASP1;GOLGA1;CHORDC1;TRIM24;RPL38;NBN;CCN2;RGS9;TCP11;ZBP1;MYLIP;RARS1;DEXI;BIN3;LACTB2;SUB1;CHMP4C;ANKS6;SNRPE;STEAP1;HOXB7;HOXB5;SLC26A2;TBC1D9B;NXPH3;PDS5B;MRO;RNF216;NPBWR1;ATP6V0A1;CDK17;BDNF;TGFB3;SRD5A3;RPP40;OPN5;FAM217B;INHBE;ARTN;BAMBI;ID2;TRMT12;RCOR3;GLI1;UNC80;SNAPC5;NADK2;OPA1;HINT3;CASP6;SPDL1;CCDC50;DACT1;UNC45A;SMIM13;NCOA2;NUP133;PABPC4;DDX55;ARHGEF17;PAWR;SLC39A14;APOA5;CFAP299;SUPT3H;MRAS;PEX5;TLCD1;RCCD1;SGK1;PFDN4;GCNT1;GNAI3;PPM1J;FOXK1;PPM1F;AMN1;PGRMC2;TP53INP2;GPR156;CNNM2;RUNX1T1;CCDC73;SLC12A2;LINGO1;USP25;MARCKSL1;RRM2;RPL23A;TSHR;RAD52;DHRS7;TAFA3;RGS10;ETFBKMT;ANKRD62;SSBP2;NRDE2;PPIL4;TOMM6"
"TAL1 30185409 ChIP-Seq K562 Mouse BoneMarrow Leukemia","25/957",0.892760049929653,0.999985302328765,0,0,0.791781872455156,0.0898177049274403,"AVEN;CIITA;WDR26;GDE1;GLRX;CAPG;OPA1;IL21R;S1PR1;MAN1A1;CCR4;RGS9;MYLIP;NUP133;RPP40;ABCA8;DHRS3;ZFAT;ELF5;SERBP1;SCGB1A1;REN;TMEM9B;XPR1;TOMM6"
"RCOR1 19997604 ChIP-ChIP NEURONS Mouse","29/1095",0.894115560705328,0.999985302328765,0,0,0.80231344186891,0.0897951206941738,"RPL30;UBIAD1;CFH;PPM1L;PDE1C;MOGAT1;HOXA13;CLEC3A;BOLL;NFIL3;SLITRK6;UGT2A2;IARS2;NBN;TCP11;SLC12A2;HS3ST3B1;KCNJ6;KCNJ16;VEZF1;PARP12;CD200R1;BAMBI;ZC3H11A;SERBP1;SNRPE;TRIM59;RCOR3;TMEM9B"
"ETS1 20019798 ChIP-Seq JURKAT Human","36/1332",0.894248160844,0.999985302328765,0,0,0.818152981692949,0.0914465602913092,"CDC123;LRTM2;UTP23;CLEC16A;CAPG;COX7A2;HMBOX1;OPA1;HINT3;EXO1;ZNHIT6;TPR;MAGOH;RPL38;WDR7;EIF2B1;S100PBP;RPP40;WDR75;DARS2;RPL23A;NUP153;EIF2S2;RAD52;SMUG1;PEX3;ZC3H11A;PSMC1;SERBP1;TRMT12;SNRPE;RAD1;NUP54;BDP1;PPIL4;TOMM6"
"STAT4 19710469 ChIP-ChIP TH1 Mouse","27/1027",0.894346684962454,0.999985302328765,0,0,0.796586816720257,0.0889483084069842,"OTUD4;EIF4E3;COX7A2;RCHY1;NUDT5;CHD2;LRP8;PPP3CC;NFIL3;MAGOH;CCR4;ADAMTS6;NEK8;ZBP1;ELOVL1;MYLIP;USP25;GFPT1;BCKDHB;DARS2;RPL23A;NUP153;PRDX6;CREB1;UBLCP1;LIX1;NEK11"
"EGR1 20690147 ChIP-Seq ERYTHROLEUKEMIA Human","147/4931",0.895326481923089,0.999985302328765,0,0,0.891646207810897,0.0985865062289155,"OTUD4;ANKRD37;DGKD;UXS1;RGSL1;ARPC5L;SMC5;FBXO21;HOXA13;GIMAP8;FADS3;CCND1;BASP1;ZNF207;TRIM24;RPL38;NBN;PSKH2;TMEM14B;PTGDR;MYLIP;ACTN2;MED8;ACOT12;CACNA2D4;TMEM130;RUNX2;AFG3L2;SLC9A5;PRKAR1A;FEZ1;SLC9A8;MAK;SUB1;FDX1;MTHFD2L;HOXB3;TFAM;ANKS6;ROR2;XPR1;DGKH;BLK;SLC26A2;TAS2R40;TBC1D9B;PDE1C;NXPH3;SDC2;FBLN1;LIN7C;KLC4;PTDSS1;NPBWR1;SMYD2;NPHP3;AMZ2;RAB11FIP4;TXNDC5;ATP6V0A1;PACSIN1;SLC37A2;TFAP2D;GPR12;BDNF;GFPT1;NUP153;PRDX6;PARP12;MARCO;ARTN;ID2;HOXD3;DHCR7;RCOR3;CALM2;TMEM9B;GPR27;TOP2B;CIITA;FOXE3;SLC35F3;PIK3CD;GRIK1;GLI1;HAPLN3;RYR3;SHH;PEA15;ITGB8;BDKRB1;MAN1A1;PGM1;UNC45A;ELOVL1;FOXD3;NCOA2;EMX2;NUP133;PABPC4;ARHGEF17;ACTL6A;BCKDHB;PAWR;APOA4;IL16;PAX5;SLC39A14;ELF5;NUP54;TLCD1;CD302;RCCD1;MFGE8;EXOC2;SHANK1;HCN4;COL15A1;WDR26;RGS16;SEZ6;PPM1J;FOXK1;CAPG;FSTL1;LRP8;ASB18;PPM1F;FGD5;P2RY6;PGRMC2;NFIL3;TP53INP2;RHBG;S100PBP;SLC12A2;USP25;KCNJ6;CA10;WNT7A;RPL23A;BLCAP;DHRS3;TMEM60;SERBP1;SSBP2;PTPN3"
"LYL1 30185409 ChIP-Seq K562 Mouse BoneMarrow Leukemia","25/960",0.895961995420553,0.999985302328765,0,0,0.789112847936377,0.0866897932432466,"AVEN;CIITA;WDR26;GDE1;GLRX;CAPG;OPA1;IL21R;S1PR1;MAN1A1;CCR4;RGS9;MYLIP;NUP133;RPP40;ABCA8;DHRS3;ZFAT;ELF5;SERBP1;SCGB1A1;REN;TMEM9B;XPR1;TOMM6"
"HNF1A 27111144 ChIP-Seq CD8+TCells Mouse Blood Lymphoma","90/3109",0.896439269384137,0.999985302328765,0,0,0.870977547683988,0.0952193853536201,"ITSN2;HDDC2;TOP2B;RPL30;ANKRD37;MOGAT1;DCAF8;PIK3CD;CCAR2;CEP128;THG1L;ABHD10;MRPL2;PPP3CC;HINT3;GOLGA1;CHORDC1;DHX15;BBX;NEK1;KPNA4;NBN;EIF2B1;CCR4;RGS9;ADAMTS6;UNC45A;ZBP1;MYLIP;SMIM13;NCOA2;SPINK2;MKKS;NUP133;WDR75;DARS2;IFT80;IL16;TMEM170B;PSMA6;CREB1;POC5;PEAK1;ZC3H11A;SUB1;VOPP1;SNRPE;TRIM59;MCM5;NUP54;BDP1;METTL27;SGK1;EXOC2;SLC26A2;STXBP4;UBR3;GLRX;COX7A2;NR2C2;AMN1;SAMM50;PGRMC2;TRA2B;TPR;FAM241A;AMZ2;CFAP20;ATP6V0A1;KIDINS220;SRD5A3;GFPT1;NUP153;PARP12;TMEM60;RAD52;EIF3M;UBLCP1;PSMC1;ID2;SERBP1;BHLHE40;RGS10;CEP83;SSBP2;SP9;PPIL4;CALM2;TMEM9B;CCDC171"
"POU5F1 18692474 ChIP-Seq MESCs Mouse","87/3012",0.896462858505915,0.999985302328765,0,0,0.869338443288621,0.0950173150248877,"UXS1;MOGAT1;AQP9;CHD2;ACTB;UCHL1;HINT3;CCND1;CHORDC1;TRIM24;ITGB8;RPL38;RGS9;TCP11;ADAMTS6;ZBP1;HS3ST3B1;MKKS;ACTL6A;PAWR;VEZF1;PDYN;SLC39A14;SUPT3H;CD200R1;B3GNT7;LIX1;LACTB2;PEX3;ZC3H11A;SLC9A8;HOXB3;MCM5;NUP54;ROR2;HOXB7;HOXB6;DGKH;ABCG2;HCN4;CERKL;SLC26A2;CFH;HDAC1;RPE;RGS16;BTF3L4;SEZ6;PRDM14;PPM1J;COX7A2;NID2;UACA;PPM1F;NEUROD1;EXTL2;FGD5;HMBOX1;SAMM50;MOBP;SMYD2;MSX1;ATP6V1G3;S100PBP;NKX2-2;PACSIN1;SLC12A2;PCGF6;KCNJ6;RRM2;BDNF;KCNJ16;RPL23A;NUP153;EIF2S2;PRDX6;BLCAP;TMEM60;PSMC1;ID2;SERBP1;CCNYL1;HOXD3;SP9;PPIL4;FGFR2;PTPN3"
"GATA6 25053715 ChIP-Seq YYC3 Human","45/1639",0.899117059218178,0.999985302328765,0,0,0.829959409042186,0.0882595787586712,"ITSN2;DGKD;NXPH2;GCNT1;GDE1;ICAM2;DCAF8;FOXK1;AHR;DCAF5;LRP8;RGS5;EXO1;GTSF1L;NPBWR1;ZNHIT6;TRA2B;ITGB8;IARS2;UBAP2L;KCNJ2;S100PBP;ATP6V0A1;UTP14C;ELOVL1;USP25;ARHGEF17;PAWR;DARS2;NUP153;UNC93A;PRDX6;SLC39A14;PTPN14;DHRS3;TMEM60;DHRS7;EID3;LIX1;BAMBI;FDX1;SERBP1;BHLHE40;TLCD1;SLC28A2"
"PBX1 22567123 ChIP-ChIP OVCAR3 Human","45/1640",0.89992632550638,0.999985302328765,0,0,0.82939234777554,0.0874531027358615,"ITSN2;TAS2R40;UBIAD1;NXPH2;CCDC68;CHRM5;BTF3L4;NR2C2;GIMAP8;IFI44L;RGS4;ABHD10;P2RY6;EXO1;BBX;TNR;KPNA4;UBAP2L;CDH26;RUNX1T1;PLS1;CCDC73;OR4B1;DACT1;ZBP1;KCNJ6;GPR12;BDNF;PAQR3;IFT80;BPGM;PDYN;OPN5;TMEM60;PSMA6;PPM1A;ACTA1;MYH3;PPP1R3D;PEX5;CHMP4C;ATP13A4;RGS10;HOXB3;DHCR7"
"WT1 20215353 ChIP-ChIP NEPHRON PROGENITOR Mouse","35/1307",0.902095287502725,0.999985302328765,0,0,0.810190164505357,0.0834780442676614,"VIPR1;FOXE3;WDR26;NXPH3;COL12A1;ARPC5L;GLRX;GLI1;RCHY1;LRP8;FADS3;EXTL2;NFIL3;PEA15;BBX;KPNA4;UBAP2L;KCNJ2;TXNDC5;HS3ST3B1;NCOA2;USP25;SLC37A2;MARCKSL1;TGFB3;VEZF1;DHRS3;PRKAR1A;HOXD3;CD302;RCOR3;CALM2;HOXB6;XPR1;FGFR2"
"RUNX2 22187159 ChIP-Seq C42B Human ProstateCancer","2/119",0.902202174159158,0.999985302328765,0,0,0.508170517444088,0.0522992043210062,"DGKD;LARP1B"
"ARID1A 32646524 ChIP-Seq H9 Human BoneMarrow Lymphoma","2/119",0.902202174159158,0.999985302328765,0,0,0.508170517444088,0.0522992043210062,"DGKD;LARP1B"
"STAT3 1855785 ChIP-Seq MESCs Mouse","10/435",0.902265281188206,0.999985302328765,0,0,0.696897726226641,0.0716736305760753,"LMAN1;CCND1;CCDC68;CHMP4C;TFAM;RAB3IL1;KPNA4;NUP153;MSX1;CALM2"
"GABPA 29892750 ChIP-Seq EML Mouse BoneMarrow","5/246",0.90451947233886,0.999985302328765,0,0,0.615641349449756,0.0617804996887917,"RPL30;MKKS;PABPC4;SLC9A8;PTCHD4"
"KDM5A 27292631 Chip-Seq BREAST Human","21/830",0.904889201303447,0.999985302328765,0,0,0.76642154740066,0.0765982941794883,"UBIAD1;WDR26;NUP133;DCAF5;LIN7C;CHD2;PRDX6;ACTB;FAM177B;POC5;ZNHIT6;TRA2B;TPR;IARS2;UBAP2L;DNAJC8;RCCD1;RGS9;CCDC50;S100PBP;TXNDC5"
"TP53 23651856 ChIP-Seq MEFs Mouse","72/2541",0.907224134619384,0.999985302328765,0,0,0.853216978926909,0.0830741050474329,"ITSN2;OTUD4;TOP2B;VIPR1;DGKD;COL12A1;GDE1;CHD2;HAPLN3;NUBP1;CHORDC1;DHX15;BDKRB1;CCR4;HS3ST3B1;ELOVL1;EMX2;ARHGEF17;PAWR;IFT80;SUPT3H;PPM1A;PRKAR1A;PEX3;ZC3H11A;VOPP1;NUP54;ROR2;PLA2R1;MFGE8;PFDN4;DGKH;HCN4;PPM1L;CCDC68;HDAC1;TMTC3;FOXK1;RCHY1;KRT85;PPM1F;KRT84;NEUROD1;KLC4;AMN1;FAM124B;TMEM168;P2RY6;RNF216;CHST15;IL21R;SLIT1;CDH26;CNNM2;RAB11FIP4;PACSIN1;NEK8;MARCKSL1;TGFB2;RRM2;BDNF;GFPT1;BLCAP;PTPN14;DHRS3;CPPED1;TSHR;ZFAT;SERBP1;CASS4;ALDH8A1;SSBP2"
"PPARA 22158963 ChIP-Seq LIVER Mouse","42/1552",0.909649379938403,0.999985302328765,0,0,0.817528393903357,0.0774167100645272,"TOP2B;CFH;MOGAT1;COL12A1;BTF3L4;GLRX;DCAF5;FBXO21;ZC3H12D;LMAN1;SAMM50;NFIL3;CASP6;UGT3A2;WDR7;CCDC50;ATG5;TXNDC5;NEK8;ZBP1;NCOA2;STARD5;ACOT12;TM4SF4;PRDX6;DHRS3;CPPED1;INHBE;EID3;BIN3;UBLCP1;LACTB2;ID2;GPR182;SCGB1A1;BHLHE40;PEX5;CCNYL1;RAD1;TLCD1;CD302;TOMM6"
"KDM2B 26808549 Chip-Seq DND41 Human","45/1657",0.912925568603567,0.999985302328765,0,0,0.819859949386226,0.0746900003280117,"BLK;UBIAD1;PPM1L;RGS16;PIK3CD;PPM1J;CAPG;FBLN1;PDS5B;DCAF5;GLI1;FBXO21;LRP8;SNAPC5;EXTL2;PGRMC2;TP53INP2;PEA15;MAGOH;CHORDC1;SLIT1;CNNM2;RGS9;PGM1;S100PBP;ELOVL1;NCOA2;MARCKSL1;GSX1;BLCAP;DHRS3;PARP12;CREB1;KATNAL1;PSMC1;ID2;FDX1;SERBP1;BHLHE40;PICK1;TFAM;TLCD1;RCOR3;SP9;DGKH"
"TAL1 20566737 ChIP-Seq PRIMARY FETAL LIVER ERYTHROID Mouse","40/1492",0.915155388341649,0.999985302328765,0,0,0.809664038504164,0.0717859510704338,"RNASEL;WDR26;GCNT1;AQP9;ICAM2;PRDM14;PIK3CD;GLRX;ACTB;FADS3;AS3MT;SYNGR2;RNF216;HLX;P2RY2;SMYD2;CNNM2;SGCG;ATP6V0A1;SLC12A2;ACTL6A;GFPT1;RAB3IL1;NUP153;PRDX6;PTPN14;DHRS3;SUPT3H;PPM1A;AFG3L2;BIN3;KEL;UBLCP1;KATNAL1;SERBP1;SCGB1A1;PEX5;RGS10;PSMG1;ABCG2"
"TRIM28 21343339 ChIP-Seq HEK293 Human","1/75",0.916152908306639,0.999985302328765,0,0,0.402006172839506,0.0352044836728681,"ANKRD1"
"JUN 27471255 ChIP-Seq Chondrocytes Mouse Rib","121/4145",0.917357190798337,0.999985302328765,0,0,0.872872142147117,0.0752925208017473,"RPL30;ANKRD37;DGKD;GDE1;DCAF8;CALML4;CEP128;THG1L;FADS3;ABHD10;MAGOH;TRIM24;BBX;NEK1;RPL38;UBAP2L;MYLIP;ACTN2;ENTPD5;PAQR3;ACOT12;ACOT13;IFT80;ALG11;PDYN;RUNX2;AFG3L2;BIN3;PRKAR1A;ZC3H11A;FEZ1;SUB1;MTHFD2L;TFAM;STEAP1;ABCG2;SLC26A2;UBIAD1;INO80D;TBC1D9B;STXBP4;DDX1;BTF3L4;TMTC3;CLEC16A;UBR3;COX7A2;LIN7C;ARPP19;NID2;HMBOX1;RNF216;DSEL;CHST15;BRIX1;ATG5;GPN1;UBLCP1;BAMBI;CDK1;GPR27;MOGAT1;UFSP2;SYNE3;LARP1B;MRPL2;BOLL;OPA1;HINT3;EXO1;CTSL;DHX15;WDR7;EIF2B1;PGM1;CCDC50;DACT1;UNC45A;HS3ST3B1;SMIM13;NCOA2;MKKS;NUP133;DDX55;PAWR;FOXL2;VEZF1;BPGM;SLC39A14;CFAP299;PSMA6;PEX3;MCM5;DNAJC8;BDP1;EXOC2;RNASEL;CDC123;WDR26;GCNT1;GNAI3;FOXK1;CAPG;FSTL1;CLEC3A;AMN1;TRA2B;IARS2;MSX1;RUNX1T1;SLC12A2;ATE1;PCGF6;MCOLN2;DHRS3;CPPED1;TSHR;EIF3M;NRDE2;PPIL4;NEK11"
"SPI1 23547873 ChIP-Seq NB4 Human","77/2723",0.91823148056119,0.999985302328765,0,0,0.849867724867725,0.0724986144418042,"ARHGAP9;AVEN;HDDC2;VIPR1;KLHL36;RTCA;PIK3CD;SMC5;CALML4;GIMAP8;SNAPC5;OPA1;PEA15;GOLGA1;CHORDC1;DHX15;RPL38;KPNA4;UBAP2L;EIF2B1;TCP11;ZNF385A;UNC45A;HS3ST3B1;ELOVL1;MKKS;DDX55;ACTL6A;MED8;IL16;PDYN;CREB1;KATNAL1;POC5;PRKAR1A;ZC3H11A;MAK;TFAM;ANKS6;MCM5;ZNF512;RPE;SDC2;BTF3L4;UTP23;GNAI3;GLRX;ARPP19;TMEM168;HMBOX1;P2RY6;PTDSS1;MED30;IL21R;NT5M;LEKR1;ATG5;SLC12A2;MARCKSL1;NUP153;GPN1;BLCAP;TSHR;FAM217B;RAD52;KLHL9;SMUG1;EIF3M;BFSP1;PTPRC;ZFAT;BHLHE40;RGS10;SNRNP48;RAD1;RCOR3;TMEM9B"
"SMAD3 22036565 ChIP-Seq ESCs Mouse","21/844",0.918738400371285,0.999985302328765,0,0,0.752815162795737,0.0638039863822821,"KCNJ6;LRTM2;SEZ6;PRDM14;CACNA2D4;PAX5;SLC39A14;NID2;LRP1B;NEUROD1;MRAS;SMYD2;HOXB3;WDR7;ROR2;SGK1;TCP11;RAB11FIP4;FGFR2;LEKR1;RUNX1T1"
"STAT1 20625510 ChIP-Seq HELA Human","12/523",0.920567264433062,0.999985302328765,0,0,0.694547275481019,0.0574843491505111,"MYLK2;FOXD3;FGD5;HINT3;APOBEC4;MOGAT1;ITGB8;COX7A2;ZNF512;PLA2R1;PPIL4;NUBP1"
"MYCN 18555785 ChIP-Seq MESCs Mouse","45/1668",0.920599637602959,0.999985302328765,0,0,0.813798337638173,0.0673255700437534,"CDC123;ANKRD37;SLC26A2;PPM1L;STXBP4;ARPC5L;FBLN1;NID2;SNAPC5;ABHD10;BOLL;ATP7B;P2RY2;TPR;GOLGA1;CHORDC1;RPL38;EIF2B1;TCP11;S100PBP;ATG5;UNC45A;PCGF6;RRM2;NUP133;ARHGEF17;GFPT1;DARS2;IFT80;RAB3IL1;GTF2H3;PARP12;SUPT3H;INHBE;B3GNT7;ZC3H11A;PSMC1;FDX1;SERBP1;CENPL;TRIM59;RAD1;PPIL4;CALM2;NEK11"
"NANOG 18347094 ChIP-ChIP MESCs Mouse","37/1399",0.921401219636221,0.999985302328765,0,0,0.798509736738553,0.0653657697354732,"CERKL;STXBP4;NXPH3;RGS16;SEZ6;PRDM14;PIK3CD;CHD2;FSTL1;NID2;NEUROD1;TMEM168;UCHL1;SAMM50;MOBP;BASP1;CASP6;ITGB8;ADAMTS6;NKX2-2;DACT1;SLC12A2;HS3ST3B1;BDNF;HTR1B;KCNJ16;NUP153;SLC39A14;DHRS3;TMEM60;CD200R1;MRAS;SERBP1;ECHDC2;HOXD3;HOXB6;FGFR2"
"SALL1 21062744 ChIP-ChIP HESCs Human","1/77",0.921526117593081,0.999985302328765,0,0,0.391386452241715,0.0319857289651204,"TRIM24"
"MYC 30127528 ChIP-Seq KELLY Human Brain Neuroblastoma","122/4188",0.922464456855443,0.999985302328765,0,0,0.870256516995196,0.0702352992501074,"ITSN2;RPL30;ANKRD37;DGKD;UXS1;ARPC5L;ACTB;CCAR2;THG1L;KIAA0930;ABHD10;GOLGA1;PROK2;NEK1;KPNA4;NBN;PLS1;MYLIP;RARS1;PAQR3;WDR75;TMEM130;UTS2B;BIN3;MELK;LIX1;LARS1;MAK;SUB1;MTHFD2L;PPP1R3D;VOPP1;ANKS6;STEAP1;CERKL;SLC26A2;INO80D;SDC2;DDX1;UTP23;UBR3;FBLN1;COX7A2;FAM124B;RNF216;MED30;NPHP3;BRIX1;ATG5;TXNDC5;CCZ1B;SRD5A3;GFPT1;NUP153;GPN1;ZFAT;ID2;TRMT12;PSMG1;GPR27;MOGAT1;MCUB;UFSP2;LARP1B;UNC80;NADK2;PPP3CC;OPA1;HINT3;RSRC1;CASP6;DHX15;ITGB8;MAN1A1;SPDL1;ADAMTS6;CCDC50;SMIM13;NCOA2;STPG4;ACTL6A;BCKDHB;PAX5;SLC39A14;SUPT3H;MLF1;MRAS;CREB1;POC5;RBM12B;PICK1;SPOPL;TRIM59;MCM5;NUP54;ZNF512;BDP1;SGK1;PFDN4;PPM1L;SYNPO2;RPE;GCNT1;FOXK1;PPM1F;SAMM50;EPCAM;FAM184A;TRA2B;FAM241A;LEKR1;RUNX1T1;RIBC2;USP25;KCNJ6;RRM2;KIDINS220;CCNYL1;SNRNP48;SSBP2;PPIL4;CCDC171"
"IRF1 21803131 ChIP-Seq PrimaryMonocytes Human Connective","1/79",0.926555479850767,0.999985302328765,0,0,0.381311332700222,0.0290869447298894,"SAMD9"
"CREB1 26743006 Chip-Seq LNCaP Human","44/1645",0.92753851252991,0.999985302328765,0,0,0.806314235421044,0.0606517328007536,"OTUD4;RNASEL;VIPR1;WDR26;PPM1L;KLHL36;CHRM5;BTF3L4;CALML4;GLI1;CHD2;IFI44L;SYNGR2;NPBWR1;PEA15;OR8B3;IARS2;ZNF385A;S100PBP;TXNDC5;ATP6V0A1;ELOVL1;LINGO1;FOXD3;MARCKSL1;PLA2G4F;RRM2;ARHGEF17;FOXL2;PRDX6;TSHR;CACNB2;PPM1A;POC5;ARTN;ZC3H11A;ID2;SERBP1;BHLHE40;CDK1;ROR2;RCOR3;SGK1;FGFR2"
"POU2F1 35413990 ChIP-Seq Human ARnegCRProstateCancer","9/418",0.928773323571528,0.999985302328765,0,0,0.65127597799511,0.0481231535034868,"CERKL;RTP2;EIF4E3;PDE1C;ACOT12;ZNF512;PLA2R1;SGK1;BLCAP"
"ATF3 23680149 ChIP-Seq GBM1-GSC Human","44/1652",0.931842034209928,0.999985302328765,0,0,0.802487562189055,0.0566491777973492,"BLK;MYLK2;CCDC121;HDAC1;SYNPO2;BTF3L4;GLRX;COX7A2;GXYLT2;CHD2;UACA;HERC5;RGS4;HMBOX1;UCHL1;NFIL3;GTSF1L;TRA2B;PEA15;ANKRD1;KPNA4;UBAP2L;KCNJ2;TMEM14B;S100PBP;ATP6V0A1;NEK8;TGFB2;STARD5;KCNJ16;VEZF1;RPL23A;EIF2S2;PRDX6;GPN1;DHRS3;KLHL9;BFSP1;SLC9A8;MAK;BHLHE40;TLCD1;CALM2;PTPN3"
"E2F4 21247883 ChIP-Seq LYMPHOBLASTOID Human","67/2422",0.932962760967473,0.999985302328765,0,0,0.830821313137946,0.0576506843962702,"AVEN;GDE1;PIK3CD;FBXO21;NUBP1;TMEM220;FADS3;ATP7B;EXO1;MAGOH;CHORDC1;EIF2B1;PGM1;UNC45A;HS3ST3B1;ELOVL1;NUP133;PABPC4;DDX55;ARHGEF17;PAWR;DARS2;ALG11;DEXI;CACNB2;PPM1A;EID3;SLC9A5;KATNAL1;FDX1;TFAM;TLCD1;RCCD1;HDAC1;TMTC3;CLEC16A;PDS5B;LRP8;UACA;AMN1;TPR;S1PR1;IARS2;NT5M;CNNM2;VAT1L;NEK8;ATE1;PCGF6;SLC37A2;MARCKSL1;TGFB3;RPL23A;GTF2H3;PRDX6;RAD52;DHRS7;EIF3M;PRC1;BAMBI;SERBP1;CENPL;RGS10;ECHDC2;DHCR7;RCOR3;TMEM9B"
"FOXH1 21741376 ChIP-Seq ESCs Human","42/1589",0.934641383183688,0.999985302328765,0,0,0.79632045442686,0.0538251873226998,"UBIAD1;CPO;NXPH2;CLEC16A;UBR3;RCHY1;NFIL3;CCND1;FAM184A;TRA2B;CHST15;SLITRK6;OR8B3;TCP11;TFAP2A;HS3ST3B1;KCNJ6;APOBEC4;ARHGEF17;PAQR3;PAX5;EIF2S2;MCOLN2;DEXI;OPN5;POMGNT1;CPPED1;CRNN;CACNB2;MARCO;DHRS7;MRAS;PTPRC;CREB1;PRKAR1A;PRC1;FEZ1;BHLHE40;REN;SLC22A8;FGFR2;DGKH"
"AR 27270436 ChIP-Seq LNCaP Human Prostate Carcinoma","3/182",0.937533446158654,0.999985302328765,0,0,0.497396959371811,0.0320835194072515,"UTS2B;LACTB2;LARP1B"
"NR3C2 34362910 ChIP-Seq WistarRat Hippocampus Stress","24/974",0.93841764732619,0.999985302328765,0,0,0.743787789473684,0.0472752828492029,"ITSN2;KCNJ6;KIDINS220;BDNF;EQTN;UXS1;ARPC5L;SMC5;LRP1B;SHISA6;PSMA6;EXTL2;HMBOX1;PRKAR1A;ZFAT;SMYD2;SLIT1;NUP54;PTCHD4;CFAP20;XPR1;LEKR1;PTPN3;SHANK1"
"ESR1 30970003 ChIP-Seq MCF-7 Human BreastCancer","21/868",0.938609146993277,0.999985302328765,0,0,0.730536400484287,0.0462839593860333,"NCOA2;HDAC1;ENTPD5;LMNTD1;TMTC3;CLEC16A;PPM1J;FOXK1;CAPG;FBLN1;DHRS3;TMEM220;BFSP1;GTSF1L;ZFAT;BHLHE40;CHST15;SMYD2;RCOR3;SGK1;ZNF385A"
"CEBPA 26348894 ChIP-Seq LIVER Mouse","42/1597",0.939224311342079,0.999985302328765,0,0,0.79186765336879,0.0496508502472965,"ARHGAP9;SLC26A2;CIITA;GPR26;CCDC68;UXS1;RGS16;BTF3L4;GXYLT2;ARPP19;NID2;LARP1B;RGS4;KLC4;RGS5;FGD5;P2RY6;TIFAB;OR10W1;DSEL;NAALAD2;SOSTDC1;BRIX1;PLS1;PTGDR;OR4B1;ATE1;ARHGEF17;RAB3IL1;NUP153;PARP12;AFG3L2;MARCO;KIAA1614;SUB1;GPR182;SERBP1;TFAM;CD302;HOXB8;PLA2R1;HOXB6"
"CEBPB 22108803 ChIP-Seq LS180 Human","41/1565",0.940348349828206,0.999985302328765,0,0,0.788812120113275,0.0485158006621068,"ITSN2;GPR27;MYLK2;MOGAT1;DDX1;ICAM2;COX7A2;DCAF5;KRT84;TMEM220;SAMM50;HINT3;RSRC1;IL21R;DHX15;MAN1A1;CCDC50;TXNDC5;CCDC73;ATP6V0A1;DACT1;PCGF6;KCNJ6;RRM2;KIDINS220;NCOA6;ABCA8;TMEM170B;SLC39A14;BLCAP;MCOLN2;LRP1B;CRNN;CD200R1;MRAS;KEL;SLC9A8;MAK;NUP54;ZNF512;PPIL4"
"KDM2B 26808549 Chip-Seq HPB-ALL Human","43/1636",0.941943141455607,0.999985302328765,0,0,0.790995672071915,0.0473097403476329,"CDC123;LRTM2;RGS16;UBR3;PIK3CD;DCAF5;LIN7C;NUDT5;CHD2;LRP8;ACTB;FADS3;EXTL2;CASP6;TP53INP2;SLIT1;MAN1A1;CNNM2;ATP6V0A1;CDK17;ZBP1;HS3ST3B1;ELOVL1;ATE1;MARCKSL1;RRM2;GSX1;PABPC4;ARHGEF17;PLEKHA5;PAWR;VEZF1;AFG3L2;SLC9A8;ID2;FDX1;SERBP1;ECHDC2;TLCD1;RCOR3;XPR1;DGKH;SHANK1"
"TP53 22127205 ChIP-Seq IMR90 Human","18/766",0.942732864030373,0.999985302328765,0,0,0.709454477656212,0.0418381761892152,"UNC45A;SLC12A2;HS3ST3B1;RRM2;PLEKHG7;SEZ6;PTPN14;TMEM130;ACTB;PARP12;PPP4R1;PRC1;P2RY2;VOPP1;AMZ2;RCCD1;PLS1;DGKH"
"RARA 24833708 ChIP-Seq LIVER Mouse","37/1437",0.94516341512325,0.999985302328765,0,0,0.775194911297852,0.0437190087943753,"MYLK2;CERKL;SLC26A2;CCDC121;SEZ6;ICAM2;CLEC16A;GLRX;FBLN1;ASB18;NUBP1;EXTL2;TIFAB;TRA2B;NT5M;CCDC50;PTGDR;ATP6V0A1;PACSIN1;ZBP1;USP25;MARCKSL1;ACTN2;TGFB3;PABPC4;MED8;ACOT13;CPPED1;PARP12;CHMP4C;CASS4;PICK1;CCNYL1;SLC22A8;CCDC152;HOXB7;FGFR2"
"FOXP1 21924763 ChIP-Seq HESCs Human","92/3273",0.945776318812176,0.999985302328765,0,0,0.839612668802704,0.0468077239723553,"ARHGAP9;COL12A1;DCAF5;GLI1;CHD2;HAPLN3;ACTB;THG1L;HERC5;SNAPC5;SHH;PPP4R1;TIFAB;PPP3CC;OPA1;HINT3;CCND1;EXO1;GOLGA1;DHX15;NEK1;TNR;NBN;EIF2B1;RGS9;ZNF385A;UNC45A;NUP133;DDX55;ARHGEF17;PAQR3;ACOT13;APOA4;PAX5;DEXI;SUPT3H;PPM1A;PEX3;MED21;PPP1R3D;PEX5;SNRPE;TRIM59;NUP54;TLCD1;SGK1;MFGE8;EXOC2;SHANK1;PPM1L;NXPH3;TMTC3;CLEC16A;PPM1J;PDS5B;RCHY1;PPM1F;PRICKLE4;EXTL2;PGRMC2;BRIX1;CNNM2;RHBG;KCNJ2;S100PBP;NKX2-2;PACSIN1;TFAP2A;GPR12;GSX1;GFPT1;PLEKHA5;RPL23A;NUP153;GTF2H3;PTPN14;DHRS3;INHBE;RAD52;SMUG1;BFSP1;ARTN;BAMBI;ID2;BHLHE40;RAD1;RCOR3;SSBP2;PPIL4;CALM2;FGFR2;TOMM6"
"FLI1 26923725 Chip-Seq MACROPHAGESS Mouse","38/1473",0.946039166906514,0.999985302328765,0,0,0.77648226190001,0.0430724868133389,"DGKD;INO80D;PPM1L;KLHL36;NXPH2;DDX1;PRDM14;FOXK1;FBLN1;GXYLT2;KLC4;CLEC3A;OPA1;GTSF1L;SMYD2;IL21R;AMZ2;MSX1;TCP11;TTC23L;ATG5;ATP6V0A1;PACSIN1;NCOA2;MARCKSL1;BDNF;ACTN2;PABPC4;SRD5A3;BCKDHB;CACNA2D4;POMGNT1;POC5;MAK;MCM5;ROR2;ALDH8A1;PFDN4"
"SRY 22984422 ChIP-ChIP TESTIS Rat","2/142",0.947331636199824,0.999985302328765,0,0,0.424177522631928,0.0229505704519455,"ARHGAP9;ID2"
"REST 19997604 ChIP-ChIP NEURONS Mouse","27/1095",0.948182479871208,0.999985302328765,0,0,0.743103977744861,0.0395393037895028,"ITSN2;TOP2B;EIF4E3;UXS1;TMTC3;GNAI3;LMAN1;SYNGR2;MOBP;TNR;NT5M;NEK8;UNC45A;SLC12A2;PCGF6;PAWR;BLCAP;TMEM60;PRKAR1A;STRAP;SNRPE;ROR2;HOXB8;RCOR3;MFGE8;SSBP2;TMEM9B"
"PDX1 19855005 ChIP-ChIP MIN6 Mouse","10/476",0.948213706272404,0.999985302328765,0,0,0.634205807088597,0.0337241307153239,"NEUROD1;NEK8;UNC45A;MYLIP;PTDSS1;EIF4E3;ID2;SERBP1;BLCAP;DHRS3"
"SPI1 20517297 ChIP-Seq HL60 Human","24/990",0.948780869157533,0.999985302328765,0,0,0.730832298136646,0.0384252724061435,"CDK17;HS3ST3B1;CIITA;SPINK2;MKKS;DGKD;HELT;CLEC2L;FOXK1;CACNA2D4;EIF2S2;ACTB;MARCO;TIFAB;SAMM50;B3GNT7;SERBP1;MAGOH;ZNF512;DNAJC8;HOXB8;SLC28A2;TMEM14B;TXNDC5"
"EGR1 23403033 ChIP-Seq LIVER Mouse","11/516",0.949626763120588,0.999985302328765,0,0,0.643427791054968,0.0332563712811766,"AMN1;SHH;SAMD9L;CFH;CTSL;AQP9;BTF3L4;UGT3A2;UNC93A;RCHY1;ABCG2"
"JUND 26020271 ChIP-Seq HCASMC Human CoronaryArtery","14/629",0.94971730576548,0.999985302328765,0,0,0.671670187568017,0.0346520772373161,"SAMD9L;NXPE2;SEZ6;UFSP2;IL16;PPM1A;BFSP1;PRC1;LARS1;MTHFD2L;ZNF512;PFDN4;ATG5;ATP6V0A1"
"SOX9 24532713 ChIP-Seq HFSC Mouse","30/1203",0.949748825064627,0.999985302328765,0,0,0.75106702089419,0.038723306179878,"ITSN2;CCDC121;INO80D;SEZ6;DCAF5;FAM124B;EPCAM;CHORDC1;ITGB8;SOSTDC1;EIF2B1;RAB11FIP4;TFAP2A;SPINK2;NUP133;PABPC4;BCKDHB;PAWR;NUP153;GTF2H3;TMEM170B;BIN3;BAMBI;ID2;BHLHE40;HOXB3;TRIM59;RCCD1;MFGE8;FGFR2"
"RBPJ 21746931 ChIP-Seq IB4-LCL Human","39/1523",0.953682124241764,0.999985302328765,0,0,0.769754982104193,0.0365055270016797,"BLK;MYLK2;IQCA1;CIITA;RTP2;KLHL36;STXBP4;CAPG;FSTL1;ASB18;NUBP1;ACTB;RGS4;EXTL2;SYNGR2;HLX;P2RY2;UBAP2L;TCP11;SGCG;ZNF385A;TGFB2;TGFB3;RPL23A;BPGM;TMEM170B;PRDX6;BLCAP;MLF1;RAD52;MARCO;KIAA1614;UBLCP1;OR2V2;B3GNT7;FEZ1;SNRPE;HOXB8;CALM2"
"POU5F1 26923725 Chip-Seq MESODERM Mouse","8/406",0.954865083488035,0.999985302328765,0,0,0.594328898784092,0.0274492123191746,"LINGO1;FGD5;AQP9;TRIM24;CHMP4C;KCNJ16;PLAC8L1;CHD2"
"TEAD4 26923725 Chip-Seq HEMANGIOBLAST Mouse","8/406",0.954865083488035,0.999985302328765,0,0,0.594328898784092,0.0274492123191746,"LINGO1;FGD5;AQP9;TRIM24;CHMP4C;KCNJ16;PLAC8L1;CHD2"
"TAF2 19829295 ChIP-Seq ESCs Human","41/1595",0.95512261302725,0.999985302328765,0,0,0.772282268170426,0.0354597698388119,"IQCA1;RNASEL;ANKRD37;SAMD9L;GPR26;CPO;TBC1D9B;CFH;CPXM2;SDC2;ARPC5L;GLI1;LRP8;HOXA13;KRT85;ACTB;AS3MT;EXTL2;OPA1;OR10W1;FAM184A;HLX;DHX15;SOSTDC1;ZNF385A;CDK17;ACTL6A;NUP153;ABCA8;APOA5;MCOLN2;POMGNT1;B3GNT7;LIX1;PRC1;BAMBI;HOXB3;TRIM59;HOXD3;ROR2;DGKH"
"CEBPA 20513432 ChIP-Seq MACROPHAGES Mouse","38/1493",0.955696041239917,0.999985302328765,0,0,0.764954077873578,0.0346641732324574,"RNASEL;CDC123;CIITA;VIPR1;RTP2;EIF4E3;TBC1D9B;UXS1;RPE;GCNT1;UTP23;ICAM2;GNAI3;DCAF8;CHD2;FSTL1;NUBP1;TMEM220;SNAPC5;FAM124B;EPCAM;AMZ2;CNNM2;RGS9;SGCG;KCNJ2;CDK17;NCOA2;KCNJ6;DHRS3;PTPRC;UBLCP1;B3GNT7;PRKAR1A;ZFAT;MED21;ID2;TRMT12"
"ESR2 21235772 ChIP-Seq MCF-7 Human","7/370",0.958176600522204,0.999985302328765,0,0,0.570342335847858,0.0243668354672775,"TGFB2;P2RY6;ANKRD1;SGK1;DHRS3;ZNF385A;PACSIN1"
"FOXA1 33576154 ChIP-Seq Human Liver ProstateCancer","51/1944",0.958238263013416,0.999985302328765,0,0,0.786525608340533,0.0335522568306448,"TOP2B;VIPR1;UXS1;ACTB;HERC5;MRPL2;ATP7B;OPA1;TRIM24;NBN;ZNF385A;PLS1;ENTPD5;LMNTD1;PPM1A;CREB1;PEAK1;MTHFD2L;PPP1R3D;RBM12B;CHMP4C;VOPP1;TLCD1;BBOF1;BDP1;SGK1;PLPP1;CERKL;SLC26A2;HDAC1;SYNPO2;FOXK1;TMEM168;PGRMC2;TRA2B;SLITRK6;MROH9;IARS2;CDH26;SMIM31;NEK8;TFAP2A;RPL23A;EIF2S2;PTPN14;RAD52;KLHL9;BFSP1;ZFAT;BHLHE40;PPIL4"
"FLI1 21571218 ChIP-Seq MEGAKARYOCYTES Human","137/4775",0.959342763844055,0.999985302328765,0,0,0.848830735904485,0.0352322900102069,"MYLK2;RPL30;DGKD;KLHL36;UXS1;ARPC5L;ICAM2;DCAF8;SMC5;AHR;DCAF5;FBXO21;NUDT5;NUBP1;ACTB;THG1L;ABHD10;GOLGA1;MAGOH;CHORDC1;ZNF207;TRIM24;PROK2;TNR;RPL38;KPNA4;UBAP2L;RGS9;TMEM14B;PTGDR;CACNA2D4;CACNB2;EID3;BIN3;MELK;PRKAR1A;ZC3H11A;SLC9A8;SUB1;MTHFD2L;SNRPE;SLC26A2;BTF3L4;UTP23;MRO;LIN7C;ARPP19;PTDSS1;RNF216;CHST15;AMZ2;BRIX1;CDH26;ATG5;GPR12;SRD5A3;RPP40;EIF2S2;PRDX6;MARCO;BFSP1;UBLCP1;ARTN;GPR182;CASS4;ECHDC2;DHCR7;ARHGAP9;STAB2;PIK3CD;GRIK1;CHD2;RYR3;SNAPC5;MRPL2;ATP7B;OPA1;RSRC1;TTC23L;UNC45A;DDX55;ARHGEF17;RAB3IL1;IL16;FAM177B;PSMA6;PPM1A;B3GNT7;PEX3;ELF5;RBM12B;TRIM59;NUP54;ZNF512;MFGE8;EXOC2;CDC123;WDR26;CCDC68;RPE;SEZ6;GNAI3;FOXK1;CAPG;RCHY1;PPM1F;TMEM168;EXTL2;P2RY6;SAMM50;GTSF1L;P2RY2;TRA2B;IL21R;NT5M;CNNM2;RHBG;LEKR1;S100PBP;RUNX1T1;MARCKSL1;RPL23A;PTPN14;DHRS3;TMEM60;RAD52;KLHL9;SMUG1;DHRS7;EIF3M;CYP24A1;PSMC1;SERBP1;RGS10;RAD1;SSBP2;TOMM6"
"FOXA2 19822575 ChIP-Seq HepG2 Human","69/2553",0.95952474771691,0.999985302328765,0,0,0.807806513409962,0.0333762803032381,"CIITA;MOGAT1;STAB2;HAPLN3;FADS3;SNAPC5;PPP4R1;ATP7B;CCND1;RSRC1;GOLGA1;TRIM24;ANKRD1;BBX;MAN1A1;NBN;PGM1;HS3ST3B1;NCOA2;NUP133;NCOA6;ACOT12;PAWR;RAB3IL1;APOA4;VEZF1;PAX5;UNC93A;ALG11;SLC39A14;RUNX2;SUPT3H;AFG3L2;MRAS;SLC9A8;DSG2;CD302;BDP1;CCDC152;XPR1;ABCG2;NXPH2;HDAC1;SDC2;CLEC16A;FOXK1;CAPG;FBLN1;FAM184A;GTSF1L;TP53INP2;SLIT1;CNNM2;RAB11FIP4;VAT1L;TXNDC5;ATE1;USP25;PCGF6;RRM2;KCNJ16;EIF2S2;DHRS3;PARP12;BFSP1;PTPRC;ZFAT;RGS10;FGFR2"
"ESR1 21235772 ChIP-Seq MCF-7 Human","3/200",0.959660276044789,0.999985302328765,0,0,0.451525199981141,0.0185919728588391,"RPE;ARPP19;DHRS3"
"SCL 19346495 ChIP-Seq HPC-7 Human","3/201",0.960643265165456,0.999985302328765,0,0,0.449221315320387,0.0180372021008046,"CLEC16A;PSMG1;RUNX2"
"SMC4 20622854 ChIP-Seq HELA Human","39/1544",0.962459782450631,0.999985302328765,0,0,0.758122106639072,0.0290080247714393,"GPR26;DDX1;AQP9;DCAF8;KCNA5;ACTB;FADS3;FGD5;BASP1;ANKRD1;UGT3A2;NT5M;RHBG;CCR4;TTC23L;RIBC2;OR4B1;ZBP1;WNT7A;VEZF1;PAX5;BLCAP;SHISA6;CREB1;OR2V2;B3GNT7;ZC3H11A;MAK;SUB1;SCGB1A1;BHLHE40;ECHDC2;SNRPE;RAD1;DHCR7;ZNF831;HOXB8;CCDC152;NEK11"
"HSF1 23293686 ChIP-Seq STHDH STRIATAL Mouse","14/649",0.962472255377389,0.999985302328765,0,0,0.649820819641639,0.0248556715757749,"FOXD3;SLC37A2;HDAC1;NUP153;ACTB;B3GNT7;ARTN;MED21;CHORDC1;GOLGA1;MAGOH;HOXB7;HOXB6;HOXB5"
"UBF1/2 26484160 Chip-Seq HMECs Human","41/1614",0.962780317473178,0.999985302328765,0,0,0.762139475357179,0.0289079627146743,"TAS2R40;CCDC121;WDR26;EIF4E3;ARPC5L;PIK3CD;DCAF5;LIN7C;NID2;ACTB;TP53INP2;MAGOH;CHORDC1;SMYD2;S1PR1;BBX;UBAP2L;CNNM2;NKX2-2;PTGDR;CDK17;SLC12A2;TFAP2A;ATE1;SLC37A2;TGFB2;PLA2G4F;BDNF;PAWR;PTPN14;DHRS3;TSHR;CRNN;SMUG1;SERBP1;BHLHE40;TFAM;ECHDC2;RCOR3;XPR1;DGKH"
"SETDB1 19884255 ChIP-Seq MESCs Mouse","37/1478",0.963757812181561,0.999985302328765,0,0,0.751418541045842,0.0277388018790289,"GCNT1;GNAI3;PIK3CD;GLRX;CAPG;FBLN1;PDS5B;MRO;CHD2;NID2;TMEM168;P2RY6;BOLL;SYNGR2;OPA1;TRIM24;DHX15;EIF2B1;ATG5;RUNX1T1;SLC12A2;ATE1;PABPC4;RAB3IL1;BPGM;GTF2H3;BLCAP;PTPN14;SUPT3H;NAP1L5;RAD52;KLHL9;PPM1A;B3GNT7;ARTN;ID2;DNAJC8"
"SREBP2 21459322 ChIP-Seq LIVER Mouse","18/801",0.96397759478774,0.999985302328765,0,0,0.676466837896424,0.024817692144344,"ARHGAP9;NEK8;AVEN;HS3ST3B1;SLC26A2;CIITA;PPM1L;SLC35F3;DDX1;UBR3;TMEM130;STRA8;TMEM168;BAMBI;ZFAT;CHMP4C;TLCD1;RHBG"
"GATA2 21571218 ChIP-Seq MEGAKARYOCYTES Human","21/911",0.964036286567872,0.999985302328765,0,0,0.693625205753954,0.0254049549852357,"GPR26;DGKD;SLC35F3;HELT;ENTPD5;SMC5;IL16;CAPG;LRP8;CACNB2;AMN1;ACTA1;FAM124B;B3GNT7;EPCAM;NPBWR1;P2RY2;PSMG1;CALM2;TTC23L;PTGDR"
"SOX2 18692474 ChIP-Seq MESCs Mouse","61/2302",0.964967546012272,0.999985302328765,0,0,0.792064706293048,0.0282456684317468,"UXS1;MOGAT1;AQP9;CHD2;MAGOH;TRIM24;ANKRD1;ITGB8;RGS9;TCP11;UNC45A;HS3ST3B1;DARS2;VEZF1;PDYN;SLC39A14;CD200R1;MRAS;B3GNT7;LIX1;ZC3H11A;SLC9A8;CHMP4C;DGKH;ABCG2;CERKL;RNASEL;CFH;HDAC1;NXPH3;RPE;RGS16;GCNT1;BTF3L4;SEZ6;PRDM14;FBLN1;FSTL1;NID2;UACA;NEUROD1;LMAN1;SAMM50;MOBP;SMYD2;MSX1;ATP6V1G3;NKX2-2;SLC12A2;KCNJ6;RRM2;BDNF;PRDX6;BLCAP;TMEM60;SMUG1;SCGB1A1;CENPL;ECHDC2;SP9;FGFR2"
"SMAD3 30307970 ChIP-Seq HCASMC Human CoronaryArtery","45/1759",0.965341867660648,0.999985302328765,0,0,0.766636464797113,0.0270415476111212,"GPR27;AVEN;CERKL;TOP2B;ANKRD37;TBC1D9B;UBR3;FOXK1;FBLN1;GXYLT2;CHD2;HOXA13;IFI44L;NADK2;FAM184A;IL21R;DHX15;MARCHF7;AMZ2;PGM1;RAB11FIP4;TXNDC5;CDK17;LINGO1;FOXD3;USP25;SPINK2;RRM2;SRD5A3;GFPT1;RAB3IL1;FOXL2;GPN1;DHRS3;SUPT3H;SHISA6;FDX1;MTHFD2L;LHFPL6;ANKS6;SPOPL;ROR2;BBOF1;DGKH;ABCG2"
"KLF4 19829295 ChIP-Seq ESCs Human","40/1593",0.967575018168275,0.999985302328765,0,0,0.752735581431987,0.0248119103018864,"CDC123;VIPR1;UBIAD1;CPXM2;AQP9;OR2K2;FBLN1;UACA;ACTB;PPP3CC;HINT3;EPCAM;BASP1;DHX15;SLIT1;TNR;WDR7;MSX1;CDH26;RGS9;SGCG;RIBC2;KCNJ6;TGFB2;ACOT12;WNT7A;KCNJ16;PLAC8L1;CPPED1;SMUG1;UBLCP1;SUB1;SCGB1A1;BHLHE40;CCNYL1;ZNF512;SSBP2;EXOC2;FGFR2;DGKH"
"NELFA 20434984 ChIP-Seq ESCs Mouse","36/1454",0.967691300516241,0.999985302328765,0,0,0.742709097895388,0.024392161365198,"OTUD4;HDDC2;STXBP4;RPE;BTF3L4;ARPC5L;GNAI3;LIN7C;ACTB;MRPL2;UCHL1;CTSL;GOLGA1;TRIM24;NEK1;KPNA4;IARS2;EIF2B1;ATP6V0A1;NEK8;MARCKSL1;STARD5;RRM2;RPL23A;ALG11;BLCAP;DEXI;PSMA6;AFG3L2;PRC1;SUB1;TFAM;CCNYL1;NUP54;PPIL4;CALM2"
"HCFC1 20581084 ChIP-Seq MESCs Mouse","3/209",0.967734861999748,0.999985302328765,0,0,0.431595479275001,0.0141550939547227,"SMUG1;HMBOX1;STXBP4"
"NR3C2 34362910 ChIP-Seq WistarRat Hippocampus","37/1496",0.970030531709641,0.999985302328765,0,0,0.741402249727856,0.022559188952056,"ITSN2;AVEN;CERKL;VIPR1;EQTN;ARPC5L;SEZ6;TMTC3;SMC5;PDS5B;CCAR2;EXTL2;SMYD2;IL21R;SLIT1;TNR;SPDL1;PTCHD4;CFAP20;LEKR1;RUNX1T1;BDNF;ACTN2;NUP153;TM4SF4;SHISA6;PSMA6;PRKAR1A;ZFAT;ANKS6;ROR2;BDP1;SGK1;PPIL4;XPR1;PTPN3;SHANK1"
"CEBPB 24764292 ChIP-Seq MC3T3 Mouse","36/1461",0.970033601719488,0.999985302328765,0,0,0.738772216021293,0.0224768248851179,"DGKD;EIF4E3;STXBP4;UTP23;TMTC3;CAPG;NR2C2;ACTB;THG1L;HERC5;AS3MT;OPA1;CTSL;HLX;MAGOH;ANKRD1;NEK1;RPL38;BRIX1;ATG5;CDK17;USP25;NCOA6;FOXL2;GTF2H3;NAP1L5;KLHL9;BIN3;CREB1;MTHFD2L;BHLHE40;TRMT12;SPOPL;PSMG1;RCOR3;TMEM9B"
"PPARD 23176727 ChIP-Seq KERATINOCYTES Mouse","2/164",0.97137598109776,0.999985302328765,0,0,0.366153376457343,0.010633707521786,"CCND1;MFGE8"
"SOX2 27498859 Chip-Seq STOMACH Mouse","39/1573",0.972216994786973,0.999985302328765,0,0,0.742581272575715,0.0209231583822005,"SLC26A2;EIF4E3;PPM1L;PDE1C;CCDC68;MOGAT1;DDX1;GDE1;FBLN1;AHR;CHD2;TMEM220;FADS3;CCND1;CASP6;GTSF1L;TRA2B;NEK1;CCDC50;PLS1;SLC12A2;MKKS;ARHGEF17;GFPT1;BCKDHB;PAWR;BPGM;PRDX6;DHRS3;SUPT3H;B3GNT7;MED21;ID2;SERBP1;CENPL;VOPP1;SGK1;TMEM9B;PTPN3"
"FOXA1 33576154 ChIP-Seq Human Lung ProstateCancer","106/3825",0.972363339554137,0.999985302328765,0,0,0.820529885605598,0.0229959557954817,"RPL30;VIPR1;DCAF8;AHR;NUBP1;ACTB;CCAR2;THG1L;HERC5;ABHD10;BASP1;GOLGA1;TRIM24;BBX;MMUT;NBN;PLS1;ENTPD5;PAQR3;WDR75;ACOT13;IFT80;TM4SF4;TMEM170B;KATNAL1;PRKAR1A;LACTB2;SUB1;MTHFD2L;PPP1R3D;CHMP4C;VOPP1;STEAP1;PLPP1;TMTC3;PTDSS1;MED30;ZNHIT6;SMYD2;AMZ2;CDH26;ATG5;ATP6V0A1;CDK17;NEK8;TFAP2A;NUP153;EIF2S2;BFSP1;ZFAT;BHLHE40;RCOR3;TMEM9B;TOP2B;LARP1B;SNAPC5;NADK2;OPA1;RSRC1;CTSL;ITGB8;TTC23L;CCDC50;MKKS;NUP133;LMNTD1;DARS2;SUPT3H;MLF1;FAM177B;PPM1A;ELF5;RBM12B;PEX5;SPOPL;TRIM59;TLCD1;CD302;BDP1;SGK1;PFDN4;EXOC2;PPM1L;CCDC68;HDAC1;AMN1;TMEM168;PGRMC2;NFIL3;TRA2B;SLITRK6;MROH9;IARS2;SMIM31;USP25;RPL23A;DHRS3;CPPED1;RAD52;KLHL9;DHRS7;ETFBKMT;RAD1;SSBP2;NRDE2;PPIL4"
"STAT5 23275557 ChIP-Seq MAMMARY-EPITHELIUM Mouse","20/897",0.973372315003978,0.999985302328765,0,0,0.669793141454554,0.0180767949365308,"ZBP1;ELOVL1;HDDC2;USP25;RNASEL;STARD5;HDAC1;ACTN2;SRD5A3;AQP9;IFT80;NUP153;TMEM220;TMEM168;POC5;ID2;DSG2;MFGE8;ADAMTS6;S100PBP"
"SMAD2/3 21741376 ChIP-Seq ESCs Human","40/1612",0.973396851906588,0.999985302328765,0,0,0.742843772588442,0.0200296054471771,"HCN4;UBIAD1;CPO;FOXK1;CAPG;NUDT5;HOXA13;PPM1F;ACTB;FGD5;PGRMC2;MAGOH;EIF2B1;RHBG;PCGF6;PABPC4;NUP153;CACNA2D4;PAX5;EIF2S2;DEXI;OPN5;POMGNT1;MLF1;FAM177B;PPM1A;AFG3L2;MARCO;DHRS7;BIN3;MRAS;PTPRC;UBLCP1;OR2V2;B3GNT7;MAK;SPOPL;FGFR2;TOMM6;SHANK1"
"CEBPB 20176806 ChIP-Seq THIOMACROPHAGE Mouse","28/1189",0.973716700695135,0.999985302328765,0,0,0.70642638294213,0.0188155814845338,"SLC26A2;RTP2;RPE;GCNT1;AQP9;GNAI3;COX7A2;RCHY1;CHD2;SNAPC5;MED30;CASP6;AMZ2;ADAMTS6;S100PBP;CDK17;TGFB2;NCOA6;GFPT1;RAB3IL1;FOXL2;PEX3;SCGB1A1;TRMT12;VOPP1;SNRPE;CD302;TOMM6"
"TET1 21490601 ChIP-Seq MESCs Mouse","40/1618",0.975035566555307,0.999985302328765,0,0,0.739769532217415,0.0187023577651037,"OTUD4;HCN4;ANKRD37;SLC35F3;KLHL36;HDAC1;GNAI3;PIK3CD;KCNA5;RCHY1;NR2C2;NID2;STRA8;MRPL2;BOLL;NFIL3;AMZ2;EIF2B1;S100PBP;ATG5;RUNX1T1;BDNF;ACTN2;DDX55;SRD5A3;HTR1B;GTF2H3;PTPN14;SUPT3H;KATNAL1;B3GNT7;BHLHE40;NUP54;CD302;STEAP1;SSBP2;CALM2;TMEM9B;EXOC2;PTPN3"
"TCF3 18692474 ChIP-Seq MESCs Mouse","22/976",0.975215496619529,0.999985302328765,0,0,0.676633932840487,0.0169813534091761,"NXPH3;RPE;PRDM14;CHD2;PRDX6;SLC39A14;UACA;CD200R1;MOBP;B3GNT7;CCND1;LACTB2;ZC3H11A;SLC9A8;SMYD2;ANKRD1;HOXB7;SP9;HOXB6;ADAMTS6;FGFR2;NKX2-2"
"UTX 26944678 Chip-Seq JUKART Human","40/1621",0.975821353632539,0.999985302328765,0,0,0.738241162241686,0.0180690051180833,"TOP2B;UBIAD1;KLHL36;HDAC1;BTF3L4;ICAM2;DCAF8;CAPG;CHD2;LRP8;ACTB;AMN1;PROK2;NEK1;NT5M;PTGDR;ATP6V0A1;CDK17;ELOVL1;USP25;MARCKSL1;SPINK2;ARHGEF17;MED8;VEZF1;IL16;NUP153;CACNA2D4;PRDX6;DHRS3;TSHR;PSMA6;ZC3H11A;SERBP1;TFAM;ANKS6;TLCD1;RCOR3;SGK1;SHANK1"
"TBX5 21415370 ChIP-Seq HL-1 Mouse","38/1561",0.978346813632941,0.999985302328765,0,0,0.728023014272159,0.0159371930419741,"ANKRD37;MOGAT1;DDX1;ARPC5L;FOXK1;LRP8;ACTB;HERC5;EXTL2;FGD5;ABHD10;HINT3;RSRC1;UBAP2L;EIF2B1;CCDC50;RUNX1T1;ATP6V0A1;PACSIN1;NEK8;HS3ST3B1;ELOVL1;NCOA2;SLC37A2;HELT;ACTN2;DDX55;PAQR3;NUP153;BPGM;EID3;MRAS;LACTB2;PEX3;ELF5;ATP13A4;STEAP1;PPIL4"
"BCL6 27268052 Chip-Seq Bcells Human","38/1563",0.978820036484657,0.999985302328765,0,0,0.726986665235706,0.0155629504351203,"BLK;MYLK2;COL15A1;WDR26;CPO;TBC1D9B;PIK3CD;CAPG;HOXA13;ACTB;SHH;FGD5;SYNGR2;PPP3CC;SAMM50;EPCAM;SLIT1;NT5M;TGM6;EIF2B1;TCP11;ZNF385A;LEKR1;TGFB3;NUP153;PAX5;GTF2H3;MLF1;MRAS;UBLCP1;OR2V2;B3GNT7;MAK;BHLHE40;SNRPE;HOXB8;CALM2;TOMM6"
"YY1 22570637 ChIP-Seq MALME-3M Human","18/839",0.978909256578374,0.999985302328765,0,0,0.643836224618812,0.0137242258531428,"MYLK2;CCDC121;PABPC4;PLEKHA5;GTF2H3;MLF1;PPM1A;OR2V2;HLX;ZC3H11A;SLC9A8;SCGB1A1;BRIX1;DNAJC8;TCP11;KCNJ2;ZNF385A;TOMM6"
"SPI1 26923725 Chip-Seq MACROPHAGESS Mouse","35/1469",0.981546729619802,0.999985302328765,0,0,0.71222270680859,0.0132656151228114,"MYLK2;CERKL;CIITA;COL15A1;TBC1D9B;CLEC16A;PIK3CD;CAPG;RCHY1;NUBP1;KRT84;KLC4;STRA8;MRPL2;BOLL;MOBP;NFIL3;IL21R;UBAP2L;TCP11;TTC23L;CCDC50;NKX2-2;PACSIN1;ZBP1;MARCKSL1;RRM2;PABPC4;APOA4;PDYN;AFG3L2;CYP24A1;PEX3;SLC22A8;DGKH"
"KDM2B 26808549 Chip-Seq SIL-ALL Human","40/1652",0.982755326646151,0.999985302328765,0,0,0.72278111210258,0.0125728457848657,"UBIAD1;WDR26;NXPH3;RGS16;BTF3L4;GNAI3;PIK3CD;PDS5B;GLI1;LRP8;ACTB;RYR3;SLIT1;CDH26;CNNM2;RGS9;PGM1;CDK17;ZBP1;ELOVL1;ATE1;MARCKSL1;RRM2;PABPC4;PLEKHA5;PAWR;DHRS3;KIAA1614;CREB1;BAMBI;ID2;FDX1;SERBP1;BHLHE40;RGS10;HOXD3;TLCD1;HOXB7;DGKH;SHANK1"
"SOX9 25088423 ChIP-ChIP EMBRYONIC GONADS Mouse","39/1619",0.983192428225488,0.999985302328765,0,0,0.719100435775057,0.0121890557848301,"TOP2B;LRTM2;COL12A1;AQP9;CAPG;HAPLN3;ACTB;P2RY6;NFIL3;CCND1;CTSL;SLIT1;BBX;TCP11;RUNX1T1;PACSIN1;LINGO1;PCGF6;RPP40;WDR75;PAWR;FOXL2;APOA4;NUP153;CACNA2D4;BLCAP;MCOLN2;PSMA6;EID3;BAMBI;ID2;PEX5;ECHDC2;DSG2;RCCD1;SLC22A8;RCOR3;PPIL4;XPR1"
"IKZF1 21737484 ChIP-ChIP HCT116 Human","1/125",0.98402034387974,0.999985302328765,0,0,0.239284647550777,0.00385456638923485,"RRM2"
"MAF 26560356 Chip-Seq TH1 Human","39/1631",0.985330769065806,0.999985302328765,0,0,0.713198162945877,0.0105395625896088,"ARHGAP9;SLC26A2;CIITA;UBIAD1;BTF3L4;ARPC5L;GNAI3;DCAF8;PIK3CD;FOXK1;GLI1;HAPLN3;LRP8;PPM1F;ZC3H12D;CASP6;MAGOH;IL21R;S1PR1;PGM1;S100PBP;DACT1;ELOVL1;MARCKSL1;PABPC4;ARHGEF17;WDR75;IL16;EIF2S2;DHRS3;ARTN;ID2;SERBP1;BHLHE40;CENPL;ZNF512;TLCD1;RCOR3;TMEM9B"
"AR 27623747 ChIP-Seq 22Rv1 Mouse Prostate Carcinoma","73/2805",0.985343315351517,0.999985302328765,0,0,0.770947082926631,0.0113831532017639,"SAMD9L;RTP2;DGKD;MOGAT1;GDE1;DCAF8;NUBP1;CCAR2;KIAA0930;SNAPC5;MRPL2;HINT3;BASP1;CASP6;PEA15;TRIM24;TNR;RPL38;PGM1;TTC23L;CCDC50;TMEM14B;PLS1;ZBP1;SPINK2;ACTN2;APOBEC4;SUPT3H;PSMA6;CD200R1;MRAS;ZC3H11A;CHMP4C;VOPP1;ANKS6;BDP1;HOXB7;DGKH;TAS2R40;WDR26;PPM1L;CCDC68;STXBP4;SYNPO2;CLEC16A;CAPG;MRO;RCHY1;CLEC3A;TMEM168;SYNGR2;PGRMC2;NFIL3;HLX;ZNHIT6;SMYD2;NT5M;GPR156;CNNM2;RHBG;VAT1L;TXNDC5;PACSIN1;CDK17;TFAP2A;SLC37A2;BDNF;PRDX6;CRNN;ATP13A4;RAD1;PTPN3;TOMM6"
"P300 27268052 Chip-Seq Bcells Human","38/1596",0.985413458179534,0.999985302328765,0,0,0.710271047063989,0.0104367024413888,"MYLK2;WDR26;ACTB;PPP4R1;SYNGR2;SAMM50;RNF216;MED30;EPCAM;RHBG;RAB11FIP4;ZNF385A;ATP6V0A1;PCGF6;NUP153;CACNA2D4;PAX5;BPGM;GTF2H3;PRDX6;MLF1;KLHL9;DHRS7;BIN3;MRAS;KIAA1614;UBLCP1;OR2V2;B3GNT7;ZFAT;SCGB1A1;BHLHE40;TRMT12;SNRPE;MCM5;NUP54;HOXB8;TOMM6"
"CEBPB 20176806 ChIP-Seq MACROPHAGES Mouse","35/1492",0.985918754110446,0.999985302328765,0,0,0.700079812385004,0.00992806092533317,"CDC123;VIPR1;EIF4E3;TBC1D9B;RPE;ICAM2;GNAI3;COX7A2;PDS5B;CHD2;SNAPC5;EPCAM;CASP6;HLX;TPR;SLIT1;ATP6V1G3;RGS9;PGM1;SGCG;CDK17;PCGF6;APOBEC4;RAB3IL1;FOXL2;VEZF1;UBLCP1;LIX1;ZFAT;MED21;TRMT12;SNRPE;ROR2;DNAJC8;TOMM6"
"TP63 22573176 ChIP-Seq HFKS Human","88/3315",0.986057579641274,0.999985302328765,0,0,0.783779021369936,0.0110046719870019,"ITSN2;VIPR1;DGKD;CPO;EIF4E3;SLC35F3;KLHL36;CPXM2;CHRM5;ARPC5L;STAB2;DCAF8;FADS3;SHH;PEA15;GOLGA1;BBX;NEK1;TNR;BDKRB1;SGCG;ZNF385A;FOXD3;STARD5;ARHGEF17;RAB3IL1;IL16;BPGM;PSMA6;BIN3;KIAA1614;CREB1;MYH3;PRKAR1A;FEZ1;TFAM;DSG2;MCM5;DNAJC8;PLA2R1;SGK1;PFDN4;RNASEL;SLC26A2;STXBP4;SYNPO2;DDX1;RGS16;FOXK1;FBLN1;NID2;ASB18;KLC4;TMEM168;KIAA1328;SYNGR2;FAM184A;CHST15;SMYD2;RAB11FIP4;LEKR1;S100PBP;TXNDC5;CCDC73;ATP6V0A1;RIBC2;CDK17;ATE1;SLC37A2;KCNJ6;BDNF;TGFB3;SRD5A3;PLEKHA5;ABCA8;BLCAP;MCOLN2;OPN5;LRP1B;SMUG1;EIF3M;CYP24A1;UBLCP1;ARTN;ZFAT;REN;RCOR3;PTPN3"
"FLI1 21867929 ChIP-Seq CD8 Mouse","33/1426",0.986882606003113,0.999985302328765,0,0,0.690621474720541,0.00911909498954767,"RNASEL;VIPR1;UTP23;SMC5;CAPG;GIMAP8;CPLX4;NEUROD1;PPP3CC;NT5M;TGM6;TCP11;RIBC2;NEK8;FOXD3;RRM2;DARS2;VEZF1;PAX5;PTPN14;POMGNT1;RUNX2;RAD52;EIF3M;EID3;LACTB2;PSMC1;TRMT12;ECHDC2;CCNYL1;SLC28A2;ALDH8A1;ABCG2"
"ZNF274 21170338 ChIP-Seq K562 Hela","3/245",0.987143255023498,0.999985302328765,0,0,0.366700355653353,0.00474514228387734,"OR2V2;RPP40;WNT7A"
"DNAJC2 21179169 ChIP-ChIP NT2 Human","15/758",0.987496893260691,0.999985302328765,0,0,0.592533466932166,0.00745521358262238,"TOP2B;CA10;PLA2G4F;WDR26;FOXL2;PAX5;BLCAP;DHRS3;BOLL;SYNGR2;HINT3;CCND1;P2RY2;ITGB8;TXNDC5"
"UBF1/2 26484160 Chip-Seq HMEC-DERIVED Human","39/1650",0.988222645060633,0.999985302328765,0,0,0.704032725829594,0.00834085689976744,"ARHGAP9;TOP2B;RNASEL;FOXE3;UBIAD1;SLC35F3;BTF3L4;GNAI3;PIK3CD;PDS5B;GLI1;FSTL1;LRP8;ACTB;AS3MT;RNF216;NFIL3;CCND1;PEA15;S1PR1;BRIX1;NT5M;TGM6;ZBP1;TFAP2A;SLC37A2;EMX2;MARCKSL1;TGFB2;RRM2;PLEKHA5;BLCAP;MCOLN2;PTPN14;SMUG1;CYP24A1;ARTN;CENPL;RCOR3"
"NANOG 18700969 ChIP-ChIP MESCs Mouse","2/196",0.988486780889218,0.999985302328765,0,0,0.305247056199111,0.00353476376789991,"NEUROD1;B3GNT7"
"PU.1 20513432 ChIP-Seq MACROPHAGES Mouse","35/1509",0.988527669550747,0.999985302328765,0,0,0.691348189464287,0.00797722154447042,"BLK;RNASEL;SAMD9L;RTP2;TBC1D9B;RPE;GCNT1;ICAM2;DCAF8;NUBP1;ACTB;SNAPC5;EPCAM;BASP1;HLX;AMZ2;NBN;RGS9;SGCG;USP25;KCNJ6;APOBEC4;RAB3IL1;VEZF1;DHRS3;SMUG1;DHRS7;EID3;PTPRC;UBLCP1;PRKAR1A;ZFAT;ID2;TFAM;CD302"
"TBP 23326641 ChIP-Seq C3H10T1-2 Mouse","11/607",0.989252569164614,0.999985302328765,0,0,0.542553806989123,0.00586262030480869,"NFIL3;BDNF;ARPC5L;CLEC16A;BBX;IARS2;RPL23A;UBAP2L;TLCD1;CHD2;ATP6V0A1"
"HTT 18923047 ChIP-ChIP STHdh Human","4/304",0.989905326698935,0.999985302328765,0,0,0.393819121447028,0.00399567700081911,"MAGOH;SLITRK6;OPN5;CCDC73"
"E2F1 26619117 ChIP-Seq Hepatocytes Mouse Liver","69/2717",0.990703268825841,0.999985302328765,0,0,0.750408245650589,0.00700897472532717,"OTUD4;AVEN;UXS1;ARPC5L;SMC5;UFSP2;NUBP1;OPA1;HINT3;CCND1;EXO1;MAGOH;TRIM24;NEK1;UBAP2L;RGS9;UNC45A;ELOVL1;NUP133;NCOA6;PABPC4;ACTL6A;MED8;DARS2;IFT80;TMEM170B;DEXI;SUPT3H;SLC9A5;MELK;SLC9A8;MAK;TFAM;SNRPE;TRIM59;MCM5;DNAJC8;TLCD1;RCCD1;STXBP4;DDX1;UTP23;CLEC16A;FOXK1;PDS5B;NID2;HMBOX1;PTDSS1;MED30;NFIL3;DSEL;ZNHIT6;IARS2;CNNM2;ATG5;RIBC2;NEK8;SLC12A2;ATE1;SLC37A2;MARCKSL1;TMEM60;PRC1;ZFAT;CENPL;CDK1;SNRNP48;DHCR7;PPIL4"
"SPI1 20176806 ChIP-Seq THIOMACROPHAGE Mouse","26/1209",0.992201623137548,0.999985302328765,0,0,0.640925687474644,0.00501777081482325,"ARHGAP9;CERKL;PPM1L;GCNT1;GNAI3;DCAF8;COX7A2;RCHY1;SNAPC5;STRA8;EPCAM;AMZ2;PGM1;NCOA6;GFPT1;WDR75;RAB3IL1;OPN5;SUPT3H;BFSP1;PRKAR1A;BAMBI;PEX3;SCGB1A1;VOPP1;CD302"
"SALL4 22934838 ChIP-ChIP CD34+ Human","22/1067",0.993152414693085,0.999985302328765,0,0,0.614656257869554,0.00422338772348421,"ARHGAP9;SLC12A2;TOP2B;ANKRD37;SLC26A2;WDR26;CFH;COL12A1;AQP9;PAQR3;DARS2;RUNX2;CPLX4;PSMA6;AFG3L2;CREB1;ZC3H11A;ID2;PROK2;ZNF512;TGM6;DACT1"
"TFAP2C 20629094 ChIP-Seq MCF-7 Human","21/1034",0.993680321538437,0.999985302328765,0,0,0.605343905030778,0.00383771822425849,"UNC45A;PPM1L;SLC35F3;FOXK1;TM4SF4;SLC39A14;LRP1B;RAD52;TMEM168;FGD5;P2RY6;SLC9A8;BHLHE40;CASS4;VOPP1;ZNF831;TTC23L;RAB11FIP4;FGFR2;PLS1;TXNDC5"
"BCL3 23251550 ChIP-Seq MUSCLE Mouse","13/725",0.994408452601132,0.999985302328765,0,0,0.535092484630061,0.00300039124482046,"ATE1;DARS2;BPGM;RCHY1;APOA5;KLC4;MRPL2;UCHL1;SLC9A5;PSMC1;CENPL;DNAJC8;ADAMTS6"
"ERA 21632823 ChIP-Seq H3396 Human","35/1574",0.994956056606371,0.999985302328765,0,0,0.659741403212459,0.00333611898073001,"HCN4;FOXE3;CFH;SAMD9;SEZ6;FBXO21;FSTL1;LRP8;UNC80;RGS4;RGS5;P2RY6;RNF216;UBAP2L;RGS9;ZBP1;PCGF6;MKKS;NCOA6;WNT7A;PLAC8L1;VEZF1;NAP1L5;RAD52;MRAS;PTPRC;CYP24A1;OR2V2;PSMC1;SLC9A8;SUB1;REN;DNAJC8;PFDN4;HOXB7"
"ZBTB16 27035670 ChIP-Seq hESC Human Endometrial","9/563",0.9950333077767,0.999985302328765,0,0,0.477135040613718,0.00237568744565444,"GTSF1L;ACTL6A;UBR3;IFT80;RPL23A;SPDL1;SP9;ACTB;RIBC2"
"TCF3 18692474 ChIP-Seq MEFs Mouse","10/611",0.995497702174072,0.999985302328765,0,0,0.488231663971628,0.00220312765765783,"CD200R1;MOBP;CCND1;ZC3H11A;RPE;HOXB7;PRDX6;HOXB6;FGFR2;NKX2-2"
"MYC 22102868 ChIP-Seq CA46 Human Blood BurkittsLymphoma","55/2314",0.996148917082417,0.999985302328765,0,0,0.70057219680947,0.00270317003294073,"RPL30;ANKRD37;CIITA;ARPC5L;SMC5;NUDT5;CCAR2;OPA1;NARS1;ZNF207;TRIM24;DHX15;RPL38;EIF2B1;PGM1;NUP133;DDX55;ACTL6A;WDR75;SUPT3H;PPM1A;LARS1;SLC9A8;SNRPE;TLCD1;PFDN4;SLC26A2;UBIAD1;WDR26;DDX1;RGS16;BTF3L4;UTP23;FOXK1;ARPP19;LRP8;SAMM50;PGRMC2;TRA2B;SMYD2;BRIX1;CFAP20;LEKR1;S100PBP;TXNDC5;NEK8;RRM2;RPL23A;EIF3M;SERBP1;LHFPL6;CENPL;DHCR7;RCOR3;PPIL4"
"E2F1 20622854 ChIP-Seq HELA Human","34/1567",0.9966142684073,0.999985302328765,0,0,0.642570230007584,0.00217926161101166,"MYLK2;COL15A1;CAPG;FBXO21;NUDT5;OR10W1;HLX;SLIT1;ZNF385A;S100PBP;CCDC73;ATP6V0A1;PCGF6;TGFB2;NCOA6;APOA4;NUP153;GPN1;POMGNT1;MLF1;CRNN;SMUG1;MRAS;UBLCP1;OR2V2;B3GNT7;ZC3H11A;MAK;GPR182;SCGB1A1;CASS4;SNRPE;DHCR7;HOXB8"
"PU.1 20176806 ChIP-Seq MACROPHAGES Mouse","31/1469",0.997207461953769,0.999985302328765,0,0,0.62485990520815,0.00174738601696207,"RNASEL;VIPR1;PPM1L;RPE;COL12A1;AQP9;UTP23;ICAM2;GNAI3;DCAF8;PIK3CD;PDS5B;CHD2;PPM1F;STRA8;FAM124B;TMEM168;HLX;AMZ2;KPNA4;RGS9;PGM1;KCNJ6;APOBEC4;GFPT1;WDR75;RAB3IL1;DHRS3;PTPRC;BAMBI;FDX1"
"TFAP2A 17053090 ChIP-ChIP MCF-7 Human","33/1549",0.997402998482898,0.999985302328765,0,0,0.630241707500942,0.00163886766372369,"ARHGAP9;NXPH3;AQP9;SEZ6;STAB2;MRO;UACA;SNAPC5;CHORDC1;OR8B3;BDKRB1;RPL38;OR4B1;SLC37A2;BDNF;DDX55;ARHGEF17;RAB3IL1;IL16;CACNA2D4;GTF2H3;EIF2S2;DHRS7;MYH2;MYH3;SLC9A8;ELF5;SCGB1A1;PEX5;HOXB3;TLCD1;HOXB6;HOXB5"
"KLF4 18555785 ChIP-Seq MESCs Mouse","40/1830",0.998070355000695,0.999985302328765,0,0,0.644375338268615,0.00124461687009564,"OTUD4;ANKRD37;TBC1D9B;CCDC68;UXS1;GCNT1;ARPC5L;PRDM14;PPM1J;FOXK1;FBXO21;NID2;UACA;LMAN1;STRA8;MOBP;HINT3;P2RY2;TCP11;PGM1;S100PBP;UNC45A;FOXD3;NUP133;PABPC4;DDX55;ARHGEF17;PAWR;POMGNT1;SUPT3H;PPM1A;KATNAL1;B3GNT7;PRKAR1A;PICK1;TRIM59;ROR2;MFGE8;STEAP1;NEK11"
"GTF3C2 35216376 ChIP-Seq H9 Human BoneMarrow Lymphoma","25/1277",0.998399511293062,0.999985302328765,0,0,0.579169482673876,0.000927696798735761,"SLC26A2;UXS1;CLEC16A;CAPG;NID2;FADS3;BOLL;HINT3;CTSL;CHST15;DHX15;GPR156;ACTL6A;ACOT12;MCOLN2;DEXI;RAD52;MRAS;PRC1;ARTN;LARS1;ZFAT;RBM12B;PSMG1;METTL27"
"TET1 21451524 ChIP-Seq MESCs Mouse","28/1400",0.998563934791118,0.999985302328765,0,0,0.590850833086858,0.000849110159844966,"HCN4;VIPR1;GDE1;ZC3H12D;MRPL2;CASP6;AMZ2;NBN;RHBG;RAB11FIP4;RUNX1T1;PLS1;ATP6V0A1;NEK8;IFT80;RPL23A;SMUG1;BAMBI;PEX3;MED21;RBM12B;TFAM;SNRNP48;HOXD3;TLCD1;HOXB7;HOXB6;HOXB5"
"E2F1 17053090 ChIP-ChIP MCF-7 Human","27/1380",0.998925584060957,0.999985302328765,0,0,0.577430647150669,0.000620734214102655,"CIITA;CHRM5;AQP9;STAB2;KCNA5;UACA;RPL38;CDH26;RGS9;OR4B1;SLC37A2;STARD5;NCOA6;TGFB3;DDX55;PAWR;KCNJ16;IL16;EIF2S2;BLCAP;TSHR;KATNAL1;TLCD1;HOXB6;TMEM9B;DGKH;SHANK1"
"BCOR 27268052 Chip-Seq Bcells Human","32/1573",0.998938007343119,0.999985302328765,0,0,0.599412913587233,0.000636910369629316,"CIITA;COL15A1;CAPG;ACTB;SYNGR2;SAMM50;PGRMC2;HLX;SLIT1;EIF2B1;TCP11;ZNF385A;ATP6V0A1;PCGF6;KCNJ6;TGFB2;TGFB3;NUP153;PAX5;GPN1;MLF1;MARCO;MRAS;UBLCP1;OR2V2;B3GNT7;ZC3H11A;MAK;SCGB1A1;BHLHE40;SNRPE;HOXB8"
"ELF1 20517297 ChIP-Seq JURKAT Human","13/821",0.999092437328006,0.999985302328765,0,0,0.469088595180273,0.000425920602911938,"MYLK2;CCDC121;TGFB2;ACOT12;HOXA13;FADS3;BIN3;MYH3;OR2V2;RGS10;DNAJC8;HOXB8;RHBG"
"AR 21915096 ChIP-Seq LNCaP-1F5 Human","32/1619",0.999472351973112,0.999985302328765,0,0,0.580535326023128,0.000306399161881875,"HDDC2;SLC26A2;KLHL36;STXBP4;GNAI3;OR2K2;CAPG;TMEM220;AMN1;HINT3;PEA15;ANKRD1;S1PR1;CDH26;KCNJ2;UTP14C;SLC37A2;MARCKSL1;NUP133;KCNJ16;APOA4;CACNA2D4;PRDX6;TMEM60;PTPRC;CREB1;LACTB2;BHLHE40;SGK1;SSBP2;XPR1;FGFR2"
"CTNNB1 20615089 ChIP-ChIP FETAL BRAIN Human","3/376",0.999646238355489,0.999985302328765,0,0,0.236281841648752,8.36022413749205e-05,"SEZ6;UBAP2L;EXOC2"
"P68 20966046 ChIP-Seq HELA Human","30/1576",0.999694713071903,0.999985302328765,0,0,0.558165634594043,0.000170426687798404,"HCN4;MYLK2;CLEC16A;CAPG;ACTB;FADS3;PPP4R1;CNNM2;KCNJ2;ZNF385A;CCDC73;ATP6V0A1;ATE1;PCGF6;TGFB2;PABPC4;BPGM;GPN1;MLF1;AFG3L2;MARCO;BIN3;MRAS;BFSP1;B3GNT7;MAK;SCGB1A1;RGS10;HOXB8;TOMM6"
"PHF8 20622854 ChIP-Seq HELA Human","30/1581",0.999718304921724,0.999985302328765,0,0,0.55621002240464,0.000156703698166068,"HCN4;MYLK2;COL15A1;CAPG;AHR;ACTB;P2RY6;PPP4R1;PGRMC2;HLX;RGS9;ZNF385A;S100PBP;ATP6V0A1;LINGO1;ATE1;PCGF6;NUP153;BPGM;MLF1;AFG3L2;BIN3;MRAS;MELK;KEL;OR2V2;MAK;SCGB1A1;ZNF831;HOXB8"
"CRX 20693478 ChIP-Seq ADULT RETINA Mouse","5/544",0.999916573804697,0.999985302328765,0,0,0.270975696885191,2.26074144489877e-05,"SLC12A2;SLC26A2;CHORDC1;GRIK1;DHRS3"
"FOXA1 26457646 ChIP-Seq LHSAR Human ProstateCancer","36/2020",0.999985302328765,0.999985302328765,0,0,0.514073435773299,7.55573787569328e-06,"SLC26A2;VIPR1;INO80D;CCDC68;HDAC1;FOXK1;NUBP1;LARP1B;HERC5;NADK2;AMN1;OPA1;TP53INP2;CDH26;SMIM31;CFAP20;ZNF385A;S100PBP;RIBC2;ENTPD5;RPL23A;NUP153;DHRS3;RAD52;BFSP1;PRKAR1A;LACTB2;ZC3H11A;LARS1;ZFAT;MTHFD2L;BHLHE40;CHMP4C;CCNYL1;SNRPE;TLCD1"
