"Term","Overlap","P.value","Adjusted.P.value","Old.P.value","Old.Adjusted.P.value","Odds.Ratio","Combined.Score","Genes"
"Anterior/Posterior Pattern Specification (GO:0009952)","9/59",0.000111228009881998,0.233165233135282,0,0,5.42840625,49.419821394218,"TIFAB;HELT;BASP1;BHLHE40;HOXB3;HOXD3;HOXB7;HOXB6;HOXB5"
"Protein Kinase C-activating G Protein-Coupled Receptor Signaling Pathway (GO:0007205)","4/10",0.000197346790635025,0.233165233135282,0,0,19.9948320413437,170.566874846286,"DGKD;PICK1;PLPP1;DGKH"
"tRNA Aminoacylation (GO:0043039)","5/22",0.000589482283431559,0.286267734245753,0,0,8.82992327365729,65.6616572687836,"RARS1;NARS1;LARS1;DARS2;IARS2"
"Gland Morphogenesis (GO:0022612)","3/6",0.000632141123323544,0.286267734245753,0,0,29.9504643962848,220.627037803586,"TGFB2;TGFB3;FGFR2"
"Embryonic Limb Morphogenesis (GO:0030326)","6/34",0.000706312584229945,0.286267734245753,0,0,6.43956898467007,46.7219879486409,"TFAP2A;SHH;TGFB2;MYH3;HDAC1;WNT7A"
"tRNA Aminoacylation For Protein Translation (GO:0006418)","6/35",0.000829338858821833,0.286267734245753,0,0,6.21719311417386,44.1102498390576,"RARS1;NARS1;LARS1;DARS2;IARS2;YARS1"
"Nuclear Pore Organization (GO:0006999)","4/14",0.000848021218671296,0.286267734245753,0,0,11.9944186046512,84.8317838015129,"NUP133;TPR;NUP153;NUP54"
"Natural Killer Cell Differentiation (GO:0001779)","3/7",0.00107957850961857,0.318880502278586,0,0,22.4616873065015,153.439932033924,"PTPRC;NFIL3;PIK3CD"
"Embryonic Digit Morphogenesis (GO:0042733)","4/17",0.00186597062939175,0.418661506816889,0,0,9.22504472271914,57.9699404166358,"SHH;HDAC1;WNT7A;MSX1"
"Regulation Of DNA Damage Response, Signal Transduction By P53 Class Mediator (GO:0043516)","5/28",0.00187340769551505,0.418661506816889,0,0,6.52443964353227,40.9734562299571,"ANKRD1;SMYD2;MARCHF7;MSX1;PLA2R1"
"Stem Cell Differentiation (GO:0048863)","6/41",0.00194891095005746,0.418661506816889,0,0,5.14978893579205,32.1371782873493,"SHH;TGFB2;PTPRC;EPCAM;WNT7A;FGFR2"
"Cellular Response To Organonitrogen Compound (GO:0071417)","10/105",0.00218920829657744,0.431091600401041,0,0,3.17206160942262,19.4263882692817,"HCN4;P2RY6;LARS1;P2RY2;AQP9;HTR1B;AHR;ACTB;RYR3;TSHR"
"Embryonic Appendage Morphogenesis (GO:0035113)","3/10",0.00344095449307581,0.625459651318318,0,0,12.8332596196373,72.7903304024204,"SHH;TGFB2;MYH3"
"Regulation Of RNA Export From Nucleus (GO:0046831)","3/11",0.00461800491861355,0.767626402230071,0,0,11.2285216718266,60.3846596660097,"TPR;NUP153;NRDE2"
"Secondary Palate Development (GO:0062009)","3/13",0.00762669199269134,0.767626402230071,0,0,8.98188854489164,43.7965964379954,"TGFB2;TGFB3;WNT7A"
"Negative Regulation Of Neuroinflammatory Response (GO:0150079)","3/13",0.00762669199269134,0.767626402230071,0,0,8.98188854489164,43.7965964379954,"CD200R1;PTPRC;TAFA3"
"Nucleotide-Sugar Metabolic Process (GO:0009225)","3/13",0.00762669199269134,0.767626402230071,0,0,8.98188854489164,43.7965964379954,"EXTL2;ENTPD5;GFPT1"
"Nuclear Transport (GO:0051169)","5/39",0.00819258719680872,0.767626402230071,0,0,4.411079649251,21.1931448071396,"NUP133;RSRC1;TPR;NUP153;NUP54"
"Odontogenesis (GO:0042476)","5/39",0.00819258719680872,0.767626402230071,0,0,4.411079649251,21.1931448071396,"TGFB2;HDAC1;TGFB3;MSX1;FGFR2"
"RNA Phosphodiester Bond Hydrolysis, Endonucleolytic (GO:0090502)","3/14",0.00947542627003206,0.767626402230071,0,0,8.16493104418801,38.0408508861294,"ZC3H12D;LACTB2;RPP40"
"DNA Methylation Involved In Embryo Development (GO:0043045)","2/5",0.00985021424297861,0.767626402230071,0,0,19.9361154044307,92.1100778955812,"STPG4;PICK1"
"Regulation Of Tetrapyrrole Biosynthetic Process (GO:1901463)","2/5",0.00985021424297861,0.767626402230071,0,0,19.9361154044307,92.1100778955812,"TMEM14EP;TMEM14B"
"Trigeminal Nerve Development (GO:0021559)","2/5",0.00985021424297861,0.767626402230071,0,0,19.9361154044307,92.1100778955812,"TFAP2A;TIFAB"
"Regulation Of Cell Cycle G1/S Phase Transition (GO:1902806)","7/74",0.0100880658527875,0.767626402230071,0,0,3.13823406332822,14.4245858037527,"CRNN;STXBP4;ID2;ACTL6A;GLI1;TMEM14B;MLF1"
"Regulation Of Heart Rate By Cardiac Conduction (GO:0086091)","5/41",0.0101144970685001,0.767626402230071,0,0,4.16558833678399,19.1358194294248,"HCN4;CACNB2;KCNA5;DSG2;KCNJ2"
"Potassium Ion Import Across Plasma Membrane (GO:1990573)","5/42",0.0111823528634751,0.767626402230071,0,0,4.0527950310559,18.2109036849154,"HCN4;SLC12A2;KCNJ6;KCNJ16;KCNJ2"
"Digestive Tract Morphogenesis (GO:0048546)","3/15",0.01156256908803,0.767626402230071,0,0,7.48413312693498,33.3791005358983,"ID2;GLI1;FGFR2"
"Stem Cell Development (GO:0048864)","3/15",0.01156256908803,0.767626402230071,0,0,7.48413312693498,33.3791005358983,"SHH;PTPRC;WNT7A"
"Positive Regulation Of DNA Damage Response, Signal Transduction By P53 Class Mediator (GO:0043517)","3/15",0.01156256908803,0.767626402230071,0,0,7.48413312693498,33.3791005358983,"MSX1;PLA2R1;ZNF385A"
"Embryonic Organ Morphogenesis (GO:0048562)","5/44",0.0135432173606178,0.767626402230071,0,0,3.84456123586558,16.5388004168569,"NEUROD1;ID2;HOXB3;HOXD3;FGFR2"
"Regulation Of Stem Cell Proliferation (GO:0072091)","3/16",0.0138929676012704,0.767626402230071,0,0,6.90807335079781,29.541494869664,"PTPRC;EPCAM;FBLN1"
"Regulation Of Transforming Growth Factor Beta Production (GO:0071634)","3/16",0.0138929676012704,0.767626402230071,0,0,6.90807335079781,29.541494869664,"TGFB2;ITGB8;XCL1"
"Membrane Depolarization During Cardiac Muscle Cell Action Potential (GO:0086012)","3/16",0.0138929676012704,0.767626402230071,0,0,6.90807335079781,29.541494869664,"HCN4;CACNB2;KCNJ2"
"Negative Regulation Of Cytokine Production Involved In Immune Response (GO:0002719)","3/16",0.0138929676012704,0.767626402230071,0,0,6.90807335079781,29.541494869664,"TGFB2;TGFB3;XCL1"
"Regulation Of Digestive System Process (GO:0044058)","2/6",0.0144592673831014,0.767626402230071,0,0,14.951313755796,63.3400405636039,"NEUROD1;SGK1"
"SA Node Cell Action Potential (GO:0086015)","2/6",0.0144592673831014,0.767626402230071,0,0,14.951313755796,63.3400405636039,"HCN4;KCNA5"
"Nucleoside Diphosphate Catabolic Process (GO:0009134)","2/6",0.0144592673831014,0.767626402230071,0,0,14.951313755796,63.3400405636039,"ENTPD5;NUDT5"
"Positive Regulation Of Triglyceride Catabolic Process (GO:0010898)","2/6",0.0144592673831014,0.767626402230071,0,0,14.951313755796,63.3400405636039,"APOA4;APOA5"
"Embryonic Skeletal System Morphogenesis (GO:0048704)","4/30",0.0154081387096144,0.767626402230071,0,0,4.60942158616577,19.2344682936156,"TFAP2A;HOXB3;HOXD3;FGFR2"
"Cardiac Conduction (GO:0061337)","5/46",0.0162184211299564,0.767626402230071,0,0,3.65664293288896,15.0712472148218,"HCN4;CACNB2;KCNA5;DSG2;KCNJ2"
"T Cell Migration (GO:0072678)","3/17",0.0164701876699607,0.767626402230071,0,0,6.41430782839452,26.3384522300434,"SLC12A2;S1PR1;PIK3CD"
"Cellular Response To Alkaloid (GO:0071312)","3/17",0.0164701876699607,0.767626402230071,0,0,6.41430782839452,26.3384522300434,"CASP6;HTR1B;RYR3"
"Transepithelial Transport (GO:0070633)","3/17",0.0164701876699607,0.767626402230071,0,0,6.41430782839452,26.3384522300434,"SLC12A2;RHBG;ABCG2"
"Positive Regulation Of Cell Cycle Phase Transition (GO:1901989)","3/17",0.0164701876699607,0.767626402230071,0,0,6.41430782839452,26.3384522300434,"CRNN;STXBP4;GLI1"
"Cardiac Muscle Tissue Morphogenesis (GO:0055008)","4/31",0.0172479075129562,0.767626402230071,0,0,4.43847258110824,18.0204847231424,"MYLK2;ANKRD1;S1PR1;FGFR2"
"Regulation Of Transmembrane Transport (GO:0034762)","4/32",0.0192190034571659,0.767626402230071,0,0,4.2797342192691,16.9128921803786,"KCNJ6;KCNJ16;ACTB;KCNJ2"
"Respiratory System Development (GO:0060541)","4/32",0.0192190034571659,0.767626402230071,0,0,4.2797342192691,16.9128921803786,"SHH;BASP1;NPHP3;FGFR2"
"Regulation Of Defense Response To Virus (GO:0050688)","3/18",0.0192966146909553,0.767626402230071,0,0,5.98637770897833,23.6331751891534,"HERC5;RNF216;ATG5"
"Glycerolipid Catabolic Process (GO:0046503)","3/18",0.0192966146909553,0.767626402230071,0,0,5.98637770897833,23.6331751891534,"PLA2G4F;GDE1;PRDX6"
"Protein Dephosphorylation (GO:0006470)","9/124",0.019765050693434,0.767626402230071,0,0,2.35222826086957,9.22976738012644,"PPM1A;PPP4R1;PTPRC;PPP3CC;UBLCP1;PPM1L;PPM1J;PPM1F;PTPN3"
"Regulation Of Cyclic-Nucleotide Phosphodiesterase Activity (GO:0051342)","2/7",0.0198111591936302,0.767626402230071,0,0,11.9604327666151,46.902955555241,"CALM2;SLC39A14"
"Regulation Of Epithelial To Mesenchymal Transition Involved In Endocardial Cushion Formation (GO:1905005)","2/7",0.0198111591936302,0.767626402230071,0,0,11.9604327666151,46.902955555241,"TGFB2;TGFB3"
"Lens Fiber Cell Development (GO:0070307)","2/7",0.0198111591936302,0.767626402230071,0,0,11.9604327666151,46.902955555241,"BFSP1;WNT7A"
"Monosaccharide Biosynthetic Process (GO:0046364)","2/7",0.0198111591936302,0.767626402230071,0,0,11.9604327666151,46.902955555241,"DSEL;CHST15"
"Negative Regulation Of Microglial Cell Activation (GO:1903979)","2/7",0.0198111591936302,0.767626402230071,0,0,11.9604327666151,46.902955555241,"PTPRC;TAFA3"
"Positive Regulation Of DNA Demethylation (GO:1901537)","2/7",0.0198111591936302,0.767626402230071,0,0,11.9604327666151,46.902955555241,"OTUD4;STPG4"
"Postsynapse Organization (GO:0099173)","2/7",0.0198111591936302,0.767626402230071,0,0,11.9604327666151,46.902955555241,"PICK1;WNT7A"
"Dephosphorylation (GO:0016311)","10/147",0.0217507345465469,0.767626402230071,0,0,2.19480712335652,8.40195815815544,"PPM1A;PPP4R1;PTPRC;PPP3CC;UBLCP1;PPM1L;PPM1J;PLPP1;PPM1F;PTPN3"
"Embryonic Digestive Tract Development (GO:0048566)","3/19",0.0223735485468415,0.767626402230071,0,0,5.61193885448916,21.3246711287892,"TGFB2;ID2;FGFR2"
"Nucleocytoplasmic Transport (GO:0006913)","5/50",0.0225728702261587,0.767626402230071,0,0,3.33091787439614,12.6275314003083,"NUP133;RSRC1;TPR;NUP54;NUP153"
"Response To Ketone (GO:1901654)","3/20",0.0257012929050458,0.767626402230071,0,0,5.2815516299399,19.336890667626,"TGFB2;TGFB3;SLIT1"
"Limb Morphogenesis (GO:0035108)","3/20",0.0257012929050458,0.767626402230071,0,0,5.2815516299399,19.336890667626,"TGFB2;SHH;MYH3"
"Regulation Of Heme Biosynthetic Process (GO:0070453)","2/8",0.0258529773207351,0.767626402230071,0,0,9.96651210716126,36.4308857955754,"TMEM14EP;TMEM14B"
"Embryonic Forelimb Morphogenesis (GO:0035115)","2/8",0.0258529773207351,0.767626402230071,0,0,9.96651210716126,36.4308857955754,"TFAP2A;WNT7A"
"Triglyceride-Rich Lipoprotein Particle Remodeling (GO:0034370)","2/8",0.0258529773207351,0.767626402230071,0,0,9.96651210716126,36.4308857955754,"APOA4;APOA5"
"Nucleoside Diphosphate Metabolic Process (GO:0009132)","2/8",0.0258529773207351,0.767626402230071,0,0,9.96651210716126,36.4308857955754,"RRM2;ENTPD5"
"Regulation Of DNA Demethylation (GO:1901535)","2/8",0.0258529773207351,0.767626402230071,0,0,9.96651210716126,36.4308857955754,"OTUD4;STPG4"
"Regulation Of Wnt Signaling Pathway, Planar Cell Polarity Pathway (GO:2000095)","2/8",0.0258529773207351,0.767626402230071,0,0,9.96651210716126,36.4308857955754,"NPHP3;DACT1"
"Regulation Of Cell Killing (GO:0031341)","2/8",0.0258529773207351,0.767626402230071,0,0,9.96651210716126,36.4308857955754,"TGFB2;CFH"
"Cartilage Development (GO:0051216)","5/52",0.0262785483031842,0.767626402230071,0,0,3.18884630633012,11.6042191275746,"SLC26A2;ITGB8;WNT7A;HOXD3;SLC39A14"
"Sodium Ion Import Across Plasma Membrane (GO:0098719)","3/21",0.0292792392164673,0.767626402230071,0,0,4.98787409700722,17.6115677995468,"HCN4;SLC12A2;SLC9A5"
"Regulation Of Complement-Dependent Cytotoxicity (GO:1903659)","2/9",0.0325344520472053,0.767626402230071,0,0,8.54228306469419,29.2612121135351,"TGFB2;CFH"
"Amino Sugar Metabolic Process (GO:0006040)","2/9",0.0325344520472053,0.767626402230071,0,0,8.54228306469419,29.2612121135351,"EXTL2;GFPT1"
"Cellular Response To Purine-Containing Compound (GO:0071415)","2/9",0.0325344520472053,0.767626402230071,0,0,8.54228306469419,29.2612121135351,"P2RY6;RYR3"
"Forelimb Morphogenesis (GO:0035136)","2/9",0.0325344520472053,0.767626402230071,0,0,8.54228306469419,29.2612121135351,"TFAP2A;WNT7A"
"Lipid Phosphorylation (GO:0046834)","2/9",0.0325344520472053,0.767626402230071,0,0,8.54228306469419,29.2612121135351,"DGKD;DGKH"
"Negative Regulation Of Cell-Cell Adhesion Mediated By Cadherin (GO:2000048)","2/9",0.0325344520472053,0.767626402230071,0,0,8.54228306469419,29.2612121135351,"EPCAM;PPM1F"
"Negative Regulation Of Transcription By Competitive Promoter Binding (GO:0010944)","2/9",0.0325344520472053,0.767626402230071,0,0,8.54228306469419,29.2612121135351,"TFAP2A;CREB1"
"Positive Regulation Of Mesenchymal Cell Proliferation (GO:0002053)","2/9",0.0325344520472053,0.767626402230071,0,0,8.54228306469419,29.2612121135351,"SHH;FGFR2"
"Negative Regulation Of Proteasomal Protein Catabolic Process (GO:1901799)","4/39",0.0368531104136294,0.767626402230071,0,0,3.42254706533776,11.2971955692994,"USP25;MARCHF7;CCAR2;PSME3IP1"
"Cholesterol Efflux (GO:0033344)","3/23",0.0371792111989936,0.767626402230071,0,0,4.48862229102167,14.7765693262395,"APOA4;ABCA8;APOA5"
"Diacylglycerol Metabolic Process (GO:0046339)","3/23",0.0371792111989936,0.767626402230071,0,0,4.48862229102167,14.7765693262395,"DGKD;MOGAT1;DGKH"
"Entrainment Of Circadian Clock By Photoperiod (GO:0043153)","3/23",0.0371792111989936,0.767626402230071,0,0,4.48862229102167,14.7765693262395,"ID2;BHLHE40;OPN5"
"T Cell Chemotaxis (GO:0010818)","2/10",0.0398078409761523,0.767626402230071,0,0,7.47411128284389,24.0942280905852,"SLC12A2;PIK3CD"
"Ammonium Transmembrane Transport (GO:0072488)","2/10",0.0398078409761523,0.767626402230071,0,0,7.47411128284389,24.0942280905852,"SLC12A2;RHBG"
"Cellular Response To Forskolin (GO:1904322)","2/10",0.0398078409761523,0.767626402230071,0,0,7.47411128284389,24.0942280905852,"CREB1;AHR"
"Regulation Of Triglyceride Catabolic Process (GO:0010896)","2/10",0.0398078409761523,0.767626402230071,0,0,7.47411128284389,24.0942280905852,"APOA4;APOA5"
"Response To Forskolin (GO:1904321)","2/10",0.0398078409761523,0.767626402230071,0,0,7.47411128284389,24.0942280905852,"CREB1;AHR"
"T-Circle Formation (GO:0090656)","2/10",0.0398078409761523,0.767626402230071,0,0,7.47411128284389,24.0942280905852,"EXO1;NBN"
"Formation Of Extrachromosomal Circular DNA (GO:0001325)","2/10",0.0398078409761523,0.767626402230071,0,0,7.47411128284389,24.0942280905852,"EXO1;NBN"
"Telomere Maintenance Via Telomere Trimming (GO:0090737)","2/10",0.0398078409761523,0.767626402230071,0,0,7.47411128284389,24.0942280905852,"EXO1;NBN"
"Nuclear Pore Complex Assembly (GO:0051292)","2/10",0.0398078409761523,0.767626402230071,0,0,7.47411128284389,24.0942280905852,"TPR;NUP153"
"Phosphate Ion Transmembrane Transport (GO:0035435)","2/10",0.0398078409761523,0.767626402230071,0,0,7.47411128284389,24.0942280905852,"SLC37A2;XPR1"
"Positive Regulation Of Dendrite Development (GO:1900006)","2/10",0.0398078409761523,0.767626402230071,0,0,7.47411128284389,24.0942280905852,"LRP8;PACSIN1"
"Protein Localization To Condensed Chromosome (GO:1903083)","2/10",0.0398078409761523,0.767626402230071,0,0,7.47411128284389,24.0942280905852,"CDK1;SPDL1"
"Positive Regulation Of Cell Cycle G1/S Phase Transition (GO:1902808)","4/40",0.0399347165101538,0.767626402230071,0,0,3.32730404823428,10.7156134496608,"CRNN;RRM2;STXBP4;GLI1"
"RNA Splicing (GO:0008380)","7/98",0.0402583816404877,0.767626402230071,0,0,2.30769230769231,7.41331628603349,"RSRC1;TRA2B;MAGOH;DHX15;SNRNP48;NRDE2;CCAR2"
"Ear Morphogenesis (GO:0042471)","3/24",0.0414961453306337,0.767626402230071,0,0,4.27465723131358,13.6026207690405,"TFAP2A;TIFAB;FGFR2"
"Photoperiodism (GO:0009648)","3/24",0.0414961453306337,0.767626402230071,0,0,4.27465723131358,13.6026207690405,"ID2;BHLHE40;OPN5"
"Positive Regulation Of Protein Binding (GO:0032092)","5/59",0.0421924285348416,0.767626402230071,0,0,2.7744708994709,8.78262784169212,"BLK;BDNF;BAMBI;SUB1;DACT1"
"Regulation Of Dendrite Development (GO:0050773)","4/41",0.0431585280344798,0.767626402230071,0,0,3.23720930232558,10.1741449760172,"SDC2;SEZ6;LRP8;PACSIN1"
"O-glycan Processing (GO:0016266)","4/41",0.0431585280344798,0.767626402230071,0,0,3.23720930232558,10.1741449760172,"B3GNT7;GCNT1;GXYLT2;POMGNT1"
"Regulation Of Keratinocyte Proliferation (GO:0010837)","3/25",0.0460532331980154,0.767626402230071,0,0,4.08014354066986,12.5585076292975,"CRNN;STXBP4;FGFR2"
"Ventricular Cardiac Muscle Tissue Development (GO:0003229)","3/25",0.0460532331980154,0.767626402230071,0,0,4.08014354066986,12.5585076292975,"ID2;DSG2;FGFR2"
"Inner Ear Morphogenesis (GO:0042472)","3/25",0.0460532331980154,0.767626402230071,0,0,4.08014354066986,12.5585076292975,"TFAP2A;TIFAB;FGFR2"
"Negative Regulation Of Intrinsic Apoptotic Signaling Pathway In Response To DNA Damage (GO:1902230)","3/25",0.0460532331980154,0.767626402230071,0,0,4.08014354066986,12.5585076292975,"MARCHF7;CCAR2;ZNF385A"
"Phospholipid Efflux (GO:0033700)","2/11",0.0476278183616385,0.767626402230071,0,0,6.64331100807144,20.2244859353328,"APOA4;APOA5"
"Positive Regulation Of Keratinocyte Proliferation (GO:0010838)","2/11",0.0476278183616385,0.767626402230071,0,0,6.64331100807144,20.2244859353328,"CRNN;STXBP4"
"Protein Localization To Kinetochore (GO:0034501)","2/11",0.0476278183616385,0.767626402230071,0,0,6.64331100807144,20.2244859353328,"CDK1;SPDL1"
"Regulation Of Protein Secretion (GO:0050708)","7/102",0.0482276716297341,0.767626402230071,0,0,2.2100672241351,6.70053114426141,"NEUROD1;SLC12A2;TGFB2;TGFB3;ANKRD1;PICK1;KCNA5"
"Neuron Projection Morphogenesis (GO:0048812)","9/146",0.0487147544232563,0.767626402230071,0,0,1.97223996350365,5.95966212051438,"AFG3L2;BDNF;SDC2;SLITRK6;WNT7A;SGK1;FGFR2;PACSIN1;SHANK1"
"Skeletal System Morphogenesis (GO:0048705)","4/43",0.0500321327044559,0.767626402230071,0,0,3.07088054064798,9.19756306378329,"TFAP2A;HOXB3;HOXD3;FGFR2"
"Inorganic Cation Import Across Plasma Membrane (GO:0098659)","7/103",0.0503657569176919,0.767626402230071,0,0,2.18693211318795,6.53552362950888,"HCN4;SLC12A2;KCNJ6;SLC9A5;KCNJ16;SLC39A14;KCNJ2"
"Glycerophospholipid Metabolic Process (GO:0006650)","5/62",0.0504620963080251,0.767626402230071,0,0,2.62803748501689,7.84872012938483,"PLA2G4F;GDE1;APOA4;PRDX6;DGKH"
"Regulation Of Cell Differentiation (GO:0045595)","11/193",0.0505996787309639,0.767626402230071,0,0,1.81593406593407,5.41840231952045,"NEUROD1;TFAP2A;SHH;BDNF;HDAC1;ID2;ACTL6A;TNR;CCN2;RUNX2;FGFR2"
"Regulation Of Fatty Acid Biosynthetic Process (GO:0042304)","3/26",0.0508463968907611,0.767626402230071,0,0,3.90254408399515,11.6254681536372,"APOA4;DCAF5;APOA5"
"Dendritic Spine Organization (GO:0097061)","3/26",0.0508463968907611,0.767626402230071,0,0,3.90254408399515,11.6254681536372,"WNT7A;PICK1;SHANK1"
"Regulation Of Cell Division (GO:0051302)","6/83",0.0527865314832662,0.767626402230071,0,0,2.33572337460362,6.87052845265898,"KLHL9;SHH;PRC1;CALM2;RAB11FIP4;FGFR2"
"Nucleus Organization (GO:0006997)","4/44",0.0536810281495595,0.767626402230071,0,0,2.99395348837209,8.75640269342898,"NUP133;TPR;CHMP4C;NUP54"
"Respiratory Tube Development (GO:0030323)","3/27",0.0558710526880693,0.767626402230071,0,0,3.73974458204334,10.7880743821179,"SHH;NPHP3;FGFR2"
"Glycerophospholipid Catabolic Process (GO:0046475)","3/27",0.0558710526880693,0.767626402230071,0,0,3.73974458204334,10.7880743821179,"PLA2G4F;GDE1;PRDX6"
"In Utero Embryonic Development (GO:0001701)","3/27",0.0558710526880693,0.767626402230071,0,0,3.73974458204334,10.7880743821179,"FOXD3;TGFB3;FGFR2"
"Positive Regulation Of Calcium Ion Transmembrane Transporter Activity (GO:1901021)","3/27",0.0558710526880693,0.767626402230071,0,0,3.73974458204334,10.7880743821179,"P2RY6;PPP3CC;CALM2"
"Actin-Myosin Filament Sliding (GO:0033275)","2/12",0.0559513689519887,0.767626402230071,0,0,5.97867078825348,17.2381363355841,"MYH2;MYH3"
"Atrial Cardiac Muscle Cell Action Potential (GO:0086014)","2/12",0.0559513689519887,0.767626402230071,0,0,5.97867078825348,17.2381363355841,"CACNB2;KCNA5"
"Negative Regulation Of Intrinsic Apoptotic Signaling Pathway In Response To DNA Damage By P53 Class Mediator (GO:1902166)","2/12",0.0559513689519887,0.767626402230071,0,0,5.97867078825348,17.2381363355841,"MARCHF7;ZNF385A"
"Oligosaccharide-Lipid Intermediate Biosynthetic Process (GO:0006490)","2/12",0.0559513689519887,0.767626402230071,0,0,5.97867078825348,17.2381363355841,"SRD5A3;ALG11"
"Positive Regulation Of Voltage-Gated Calcium Channel Activity (GO:1901387)","2/12",0.0559513689519887,0.767626402230071,0,0,5.97867078825348,17.2381363355841,"CACNB2;PPP3CC"
"Pyrimidine Deoxyribonucleotide Catabolic Process (GO:0009223)","2/12",0.0559513689519887,0.767626402230071,0,0,5.97867078825348,17.2381363355841,"SMUG1;NT5M"
"Regulation Of DNA-templated DNA Replication Initiation (GO:0030174)","2/12",0.0559513689519887,0.767626402230071,0,0,5.97867078825348,17.2381363355841,"MCM5;NBN"
"Natural Killer Cell Activation (GO:0030101)","4/45",0.0574703506336646,0.767626402230071,0,0,2.92077897523161,8.34316455946313,"PTPRC;NFIL3;IL21R;PIK3CD"
"Cellular Response To Organic Cyclic Compound (GO:0071407)","9/152",0.059889492954531,0.767626402230071,0,0,1.8888986013986,5.31772971911218,"HCN4;P2RY6;CREB1;CASP6;P2RY2;AQP9;AHR;ACTB;RYR3"
"Regulation Of Monoatomic Ion Transport (GO:0043269)","3/28",0.0611221647879789,0.767626402230071,0,0,3.58996904024768,10.0335352419829,"KCNJ6;KCNJ16;KCNJ2"
"Hematopoietic Progenitor Cell Differentiation (GO:0002244)","3/28",0.0611221647879789,0.767626402230071,0,0,3.58996904024768,10.0335352419829,"SHH;PTPRC;MLF1"
"Negative Regulation Of G2/M Transition Of Mitotic Cell Cycle (GO:0010972)","3/28",0.0611221647879789,0.767626402230071,0,0,3.58996904024768,10.0335352419829,"AVEN;CHMP4C;NBN"
"Phospholipid Catabolic Process (GO:0009395)","3/28",0.0611221647879789,0.767626402230071,0,0,3.58996904024768,10.0335352419829,"PLA2G4F;GDE1;PRDX6"
"Response To Glucose (GO:0009749)","4/46",0.0613991096177165,0.767626402230071,0,0,2.85108896271687,7.95556444197883,"NEUROD1;TRA2B;EIF2B1;SLC39A14"
"GTP Metabolic Process (GO:0046039)","2/13",0.0647376861272497,0.767626402230071,0,0,5.43487424476605,14.8774887376639,"OPA1;GNAI3"
"T Cell Differentiation In Thymus (GO:0033077)","2/13",0.0647376861272497,0.767626402230071,0,0,5.43487424476605,14.8774887376639,"SHH;PTPRC"
"Regulation Of Intrinsic Apoptotic Signaling Pathway In Response To DNA Damage By P53 Class Mediator (GO:1902165)","2/13",0.0647376861272497,0.767626402230071,0,0,5.43487424476605,14.8774887376639,"MARCHF7;ZNF385A"
"Regulation Of Macrophage Cytokine Production (GO:0010935)","2/13",0.0647376861272497,0.767626402230071,0,0,5.43487424476605,14.8774887376639,"TGFB2;TGFB3"
"Atrial Septum Development (GO:0003283)","2/13",0.0647376861272497,0.767626402230071,0,0,5.43487424476605,14.8774887376639,"TGFB2;NPHP3"
"Atrioventricular Valve Development (GO:0003171)","2/13",0.0647376861272497,0.767626402230071,0,0,5.43487424476605,14.8774887376639,"TGFB2;SLIT1"
"Response To UV-A (GO:0070141)","2/13",0.0647376861272497,0.767626402230071,0,0,5.43487424476605,14.8774887376639,"CCND1;OPN5"
"Cranial Nerve Development (GO:0021545)","2/13",0.0647376861272497,0.767626402230071,0,0,5.43487424476605,14.8774887376639,"TFAP2A;TIFAB"
"Response To Progesterone (GO:0032570)","2/13",0.0647376861272497,0.767626402230071,0,0,5.43487424476605,14.8774887376639,"TGFB2;TGFB3"
"Intracellular Potassium Ion Homeostasis (GO:0030007)","2/13",0.0647376861272497,0.767626402230071,0,0,5.43487424476605,14.8774887376639,"SLC12A2;KCNJ2"
"Membrane Depolarization During Action Potential (GO:0086010)","2/13",0.0647376861272497,0.767626402230071,0,0,5.43487424476605,14.8774887376639,"HCN4;KCNJ2"
"Neuromuscular Process Controlling Balance (GO:0050885)","2/13",0.0647376861272497,0.767626402230071,0,0,5.43487424476605,14.8774887376639,"TIFAB;SHANK1"
"Outer Mitochondrial Membrane Organization (GO:0007008)","2/13",0.0647376861272497,0.767626402230071,0,0,5.43487424476605,14.8774887376639,"SAMM50;PRICKLE4"
"Plasma Membrane Tubulation (GO:0097320)","2/13",0.0647376861272497,0.767626402230071,0,0,5.43487424476605,14.8774887376639,"BIN3;PACSIN1"
"Positive Regulation Of Cardiac Muscle Cell Proliferation (GO:0060045)","2/13",0.0647376861272497,0.767626402230071,0,0,5.43487424476605,14.8774887376639,"GLI1;FGFR2"
"Positive Regulation Of Fatty Acid Biosynthetic Process (GO:0045723)","2/13",0.0647376861272497,0.767626402230071,0,0,5.43487424476605,14.8774887376639,"APOA4;APOA5"
"Protein Insertion Into Mitochondrial Outer Membrane (GO:0045040)","2/13",0.0647376861272497,0.767626402230071,0,0,5.43487424476605,14.8774887376639,"SAMM50;PRICKLE4"
"Positive Regulation Of Smooth Muscle Cell Proliferation (GO:0048661)","4/47",0.0654661139143867,0.767626402230071,0,0,2.78464034613304,7.59154948634858,"P2RY6;HDAC1;ID2;HTR1B"
"Regulation Of Establishment Of Planar Polarity (GO:0090175)","3/29",0.0665942954211475,0.767626402230071,0,0,3.45171469397476,9.35116577986537,"NPHP3;WNT7A;DACT1"
"Regulation Of Monoatomic Ion Transmembrane Transport (GO:0034765)","3/29",0.0665942954211475,0.767626402230071,0,0,3.45171469397476,9.35116577986537,"KCNJ6;KCNJ16;KCNJ2"
"Carbohydrate Derivative Biosynthetic Process (GO:1901137)","3/29",0.0665942954211475,0.767626402230071,0,0,3.45171469397476,9.35116577986537,"RRM2;GCNT1;ALG11"
"Chondrocyte Differentiation (GO:0002062)","3/29",0.0665942954211475,0.767626402230071,0,0,3.45171469397476,9.35116577986537,"SLC26A2;WNT7A;SLC39A14"
"Morphogenesis Of An Epithelium (GO:0002009)","3/29",0.0665942954211475,0.767626402230071,0,0,3.45171469397476,9.35116577986537,"NPHP3;LIN7C;FGFR2"
"Regulation Of Microglial Cell Activation (GO:1903978)","2/14",0.0739480742498589,0.767626402230071,0,0,4.98171045852653,12.9743275191514,"PTPRC;TAFA3"
"Regulation Of Non-Canonical Wnt Signaling Pathway (GO:2000050)","2/14",0.0739480742498589,0.767626402230071,0,0,4.98171045852653,12.9743275191514,"NPHP3;DACT1"
"Bone Morphogenesis (GO:0060349)","2/14",0.0739480742498589,0.767626402230071,0,0,4.98171045852653,12.9743275191514,"TFAP2A;FGFR2"
"Cellular Response To ATP (GO:0071318)","2/14",0.0739480742498589,0.767626402230071,0,0,4.98171045852653,12.9743275191514,"P2RY2;RYR3"
"Embryonic Cranial Skeleton Morphogenesis (GO:0048701)","2/14",0.0739480742498589,0.767626402230071,0,0,4.98171045852653,12.9743275191514,"TFAP2A;FGFR2"
"Genitalia Development (GO:0048806)","2/14",0.0739480742498589,0.767626402230071,0,0,4.98171045852653,12.9743275191514,"SHH;TIFAB"
"Membrane Repolarization During Cardiac Muscle Cell Action Potential (GO:0086013)","2/14",0.0739480742498589,0.767626402230071,0,0,4.98171045852653,12.9743275191514,"KCNA5;KCNJ2"
"Mitotic Recombination (GO:0006312)","2/14",0.0739480742498589,0.767626402230071,0,0,4.98171045852653,12.9743275191514,"RAD52;SMC5"
"Negative Regulation Of T Cell Mediated Immunity (GO:0002710)","2/14",0.0739480742498589,0.767626402230071,0,0,4.98171045852653,12.9743275191514,"PTPRC;XCL1"
"Negative Regulation Of Nucleocytoplasmic Transport (GO:0046823)","2/14",0.0739480742498589,0.767626402230071,0,0,4.98171045852653,12.9743275191514,"TPR;NUP153"
"Odontogenesis Of Dentin-Containing Tooth (GO:0042475)","2/14",0.0739480742498589,0.767626402230071,0,0,4.98171045852653,12.9743275191514,"HDAC1;MSX1"
"Regulation Of Canonical Wnt Signaling Pathway (GO:0060828)","11/207",0.0752362348889972,0.767626402230071,0,0,1.68499296270232,4.35928289804643,"PPM1A;BAMBI;HDAC1;CCNYL1;NPHP3;TMEM170B;GLI1;CCAR2;FGFR2;SHISA6;DACT1"
"Regulation Of G Protein-Coupled Receptor Signaling Pathway (GO:0008277)","5/70",0.0768284130915099,0.767626402230071,0,0,2.30363115145724,5.91153390472493,"RGS4;RGS5;RGS16;RGS9;SLC39A14"
"Potassium Ion Transmembrane Transport (GO:0071805)","8/137",0.07811150954603,0.767626402230071,0,0,1.85969113183132,4.74150173058289,"HCN4;SLC12A2;KCNJ6;SLC9A5;SLC9A8;KCNJ16;KCNA5;KCNJ2"
"Cellular Response To cAMP (GO:0071320)","3/31",0.0781781298415328,0.767626402230071,0,0,3.20483193277311,8.16836455106994,"HCN4;AQP9;AHR"
"G Protein-Coupled Receptor Signaling Pathway, Coupled To Cyclic Nucleotide Second Messenger (GO:0007187)","4/50",0.0784818679310754,0.767626402230071,0,0,2.60262891809909,6.62339822411065,"VIPR1;CHRM5;HTR1B;TSHR"
"Kidney Development (GO:0001822)","5/71",0.0805605694711942,0.767626402230071,0,0,2.26861001317523,5.71405230933289,"TFAP2A;SHH;TGFB2;NPHP3;REN"
"SMAD Protein Signal Transduction (GO:0060395)","4/51",0.0830862473173103,0.767626402230071,0,0,2.54712188685469,6.33692363144302,"TGFB2;TGFB3;RUNX2;INHBE"
"Regulation Of Synapse Assembly (GO:0051963)","4/51",0.0830862473173103,0.767626402230071,0,0,2.54712188685469,6.33692363144302,"BDNF;SLIT1;SLITRK6;WNT7A"
"Cholesterol Transport (GO:0030301)","4/51",0.0830862473173103,0.767626402230071,0,0,2.54712188685469,6.33692363144302,"STARD5;APOA4;ABCA8;APOA5"
"Positive Regulation Of Actin Filament Bundle Assembly (GO:0032233)","4/51",0.0830862473173103,0.767626402230071,0,0,2.54712188685469,6.33692363144302,"TGFB3;SYNPO2;CCN2;PPM1F"
"Regulation Of Clathrin-Dependent Endocytosis (GO:2000369)","2/15",0.0835458549640443,0.767626402230071,0,0,4.59826417786232,11.4145453936095,"UNC45A;DGKD"
"DNA Double-Strand Break Processing (GO:0000729)","2/15",0.0835458549640443,0.767626402230071,0,0,4.59826417786232,11.4145453936095,"RAD52;NBN"
"Regulation Of Lipoprotein Lipase Activity (GO:0051004)","2/15",0.0835458549640443,0.767626402230071,0,0,4.59826417786232,11.4145453936095,"APOA4;APOA5"
"Cellular Glucuronidation (GO:0052695)","2/15",0.0835458549640443,0.767626402230071,0,0,4.59826417786232,11.4145453936095,"UGT2A2;UGT2A1"
"Dendritic Spine Morphogenesis (GO:0060997)","2/15",0.0835458549640443,0.767626402230071,0,0,4.59826417786232,11.4145453936095,"WNT7A;SHANK1"
"Glucuronate Metabolic Process (GO:0019585)","2/15",0.0835458549640443,0.767626402230071,0,0,4.59826417786232,11.4145453936095,"UGT2A2;UGT2A1"
"Negative Regulation Of Macrophage Activation (GO:0043031)","2/15",0.0835458549640443,0.767626402230071,0,0,4.59826417786232,11.4145453936095,"PTPRC;TAFA3"
"Neurotrophin Signaling Pathway (GO:0038179)","2/15",0.0835458549640443,0.767626402230071,0,0,4.59826417786232,11.4145453936095,"BDNF;KIDINS220"
"Nucleotide-Sugar Biosynthetic Process (GO:0009226)","2/15",0.0835458549640443,0.767626402230071,0,0,4.59826417786232,11.4145453936095,"UXS1;GFPT1"
"Positive Regulation Of Synapse Assembly (GO:0051965)","3/32",0.0842773550529122,0.767626402230071,0,0,3.09416035016547,7.6538452239981,"BDNF;SLITRK6;WNT7A"
"Purine Ribonucleoside Triphosphate Metabolic Process (GO:0009205)","3/32",0.0842773550529122,0.767626402230071,0,0,3.09416035016547,7.6538452239981,"MYH3;OPA1;GNAI3"
"Axonogenesis (GO:0007409)","10/188",0.0865760201754206,0.767626402230071,0,0,1.68565701324049,4.12435163808634,"AFG3L2;SHH;BDNF;FEZ1;LRTM2;SLIT1;SLITRK6;TNR;WNT7A;FGFR2"
"Adenylate Cyclase-Inhibiting G Protein-Coupled Receptor Signaling Pathway (GO:0007193)","4/52",0.0878202255538092,0.767626402230071,0,0,2.49392764857881,6.06638784085711,"MARCO;CHRM5;GNAI3;HTR1B"
"Cardiac Muscle Tissue Development (GO:0048738)","4/52",0.0878202255538092,0.767626402230071,0,0,2.49392764857881,6.06638784085711,"MYLK2;ANKRD1;MSX1;SGCG"
"Lung Development (GO:0030324)","3/33",0.0905727205647386,0.767626402230071,0,0,2.99086687306502,7.18287248855458,"SHH;NPHP3;FGFR2"
"Positive Regulation Of Release Of Sequestered Calcium Ion Into Cytosol (GO:0051281)","3/33",0.0905727205647386,0.767626402230071,0,0,2.99086687306502,7.18287248855458,"P2RY6;XCL1;CALM2"
"Cellular Response To Transforming Growth Factor Beta Stimulus (GO:0071560)","6/96",0.0920910459176147,0.767626402230071,0,0,1.99699326075687,4.76278411787966,"TGFB2;TGFB3;BAMBI;ANKRD1;XCL1;WNT7A"
"Protein Homotetramerization (GO:0051289)","4/53",0.0926815992824098,0.767626402230071,0,0,2.44290460370195,5.81065703733607,"ACOT13;RYR3;KCNJ2;THG1L"
"Apoptotic Nuclear Changes (GO:0030262)","2/16",0.0934962773285292,0.767626402230071,0,0,4.269595937293,10.11823215889,"FOXL2;BLCAP"
"Regulation Of Nucleocytoplasmic Transport (GO:0046822)","2/16",0.0934962773285292,0.767626402230071,0,0,4.269595937293,10.11823215889,"TPR;PTPN14"
"Regulation Of Protein Kinase C Signaling (GO:0090036)","2/16",0.0934962773285292,0.767626402230071,0,0,4.269595937293,10.11823215889,"DGKD;SEZ6"
"Chondroitin Sulfate Metabolic Process (GO:0030204)","2/16",0.0934962773285292,0.767626402230071,0,0,4.269595937293,10.11823215889,"DSEL;CHST15"
"Negative Regulation Of Intrinsic Apoptotic Signaling Pathway By P53 Class Mediator (GO:1902254)","2/16",0.0934962773285292,0.767626402230071,0,0,4.269595937293,10.11823215889,"MARCHF7;ZNF385A"
"Neuron Projection Organization (GO:0106027)","2/16",0.0934962773285292,0.767626402230071,0,0,4.269595937293,10.11823215889,"PICK1;PLS1"
"Positive Regulation Of Cardiac Muscle Tissue Growth (GO:0055023)","2/16",0.0934962773285292,0.767626402230071,0,0,4.269595937293,10.11823215889,"GLI1;FGFR2"
"Positive Regulation Of Stem Cell Proliferation (GO:2000648)","2/16",0.0934962773285292,0.767626402230071,0,0,4.269595937293,10.11823215889,"PTPRC;EPCAM"
"Protein Targeting To Peroxisome (GO:0006625)","2/16",0.0934962773285292,0.767626402230071,0,0,4.269595937293,10.11823215889,"PEX3;PEX5"
"Regulation Of Autophagosome Maturation (GO:1901096)","2/16",0.0934962773285292,0.767626402230071,0,0,4.269595937293,10.11823215889,"CLEC16A;ATG5"
"Glial Cell Differentiation (GO:0010001)","3/34",0.0970574225559728,0.767626402230071,0,0,2.89423749126136,6.75067144464804,"SHH;PICK1;HAPLN3"
"Positive Regulation Of Nucleic Acid-Templated Transcription (GO:1903508)","24/557",0.0976903822696839,0.767626402230071,0,0,1.35574333958724,3.15339415757262,"TFAP2A;CIITA;INO80D;HDAC1;NCOA6;TGFB3;ACTL6A;WNT7A;FOXL2;FOXK1;AHR;GLI1;RUNX2;SUPT3H;NEUROD1;PPM1A;SHH;CREB1;MED30;NFIL3;BAMBI;TP53INP2;ID2;TFAM"
"Potassium Ion Transport (GO:0006813)","7/122",0.102341314890352,0.767626402230071,0,0,1.8238114587566,4.15727212444206,"HCN4;KCNJ6;SLC9A5;SLC9A8;KCNJ16;KCNA5;KCNJ2"
"Dendrite Morphogenesis (GO:0048813)","3/35",0.103724493199144,0.767626402230071,0,0,2.80364744582043,6.35311277081529,"SDC2;WNT7A;SHANK1"
"Hexose Biosynthetic Process (GO:0019319)","3/35",0.103724493199144,0.767626402230071,0,0,2.80364744582043,6.35311277081529,"CHST15;SLC39A14;PGM1"
"Regulation Of G2/M Transition Of Mitotic Cell Cycle (GO:0010389)","3/35",0.103724493199144,0.767626402230071,0,0,2.80364744582043,6.35311277081529,"AVEN;CCND1;CDK1"
"G Protein-Coupled Acetylcholine Receptor Signaling Pathway (GO:0007213)","2/17",0.103766431757081,0.767626402230071,0,0,3.98475012879959,9.02790071343245,"CHRM5;RGS10"
"NLS-bearing Protein Import Into Nucleus (GO:0006607)","2/17",0.103766431757081,0.767626402230071,0,0,3.98475012879959,9.02790071343245,"KPNA4;NUP54"
"Regulation Of Receptor Signaling Pathway Via STAT (GO:1904892)","2/17",0.103766431757081,0.767626402230071,0,0,3.98475012879959,9.02790071343245,"PTPRC;TP53INP2"
"Embryo Development Ending In Birth Or Egg Hatching (GO:0009792)","2/17",0.103766431757081,0.767626402230071,0,0,3.98475012879959,9.02790071343245,"TGFB2;UBR3"
"Muscle Tissue Morphogenesis (GO:0060415)","2/17",0.103766431757081,0.767626402230071,0,0,3.98475012879959,9.02790071343245,"MYLK2;ANKRD1"
"Peptidyl-Threonine Dephosphorylation (GO:0035970)","2/17",0.103766431757081,0.767626402230071,0,0,3.98475012879959,9.02790071343245,"PPM1A;PPM1F"
"Peroxisomal Membrane Transport (GO:0015919)","2/17",0.103766431757081,0.767626402230071,0,0,3.98475012879959,9.02790071343245,"PEX3;PEX5"
"Positive Regulation Of Fatty Acid Metabolic Process (GO:0045923)","2/17",0.103766431757081,0.767626402230071,0,0,3.98475012879959,9.02790071343245,"APOA4;APOA5"
"Regulation Of DNA-templated DNA Replication (GO:0090329)","2/17",0.103766431757081,0.767626402230071,0,0,3.98475012879959,9.02790071343245,"MCM5;NBN"
"Cell Morphogenesis Involved In Neuron Differentiation (GO:0048667)","5/77",0.104916459789339,0.767626402230071,0,0,2.07891218081435,4.6870964152297,"AFG3L2;SDC2;SLITRK6;WNT7A;FGFR2"
"Mitotic DNA Damage Checkpoint Signaling (GO:0044773)","4/56",0.108006059074292,0.767626402230071,0,0,2.30161001788909,5.1223894912656,"CCND1;CDK1;NBN;NEK11"
"Hemopoiesis (GO:0030097)","6/101",0.110500004889532,0.767626402230071,0,0,1.89139723336335,4.16625580045393,"TGFB2;MELK;PTPRC;NCOA6;RUNX2;FGFR2"
"Protein Import Into Nucleus (GO:0006606)","5/79",0.113757378358869,0.767626402230071,0,0,2.02251552795031,4.39631643559962,"NUP133;TPR;KPNA4;NUP54;NUP153"
"Regulation Of Collagen Biosynthetic Process (GO:0032965)","2/18",0.114325167239627,0.767626402230071,0,0,3.73551004636785,8.10123256345022,"CIITA;TGFB3"
"Epithelial Cell Development (GO:0002064)","2/18",0.114325167239627,0.767626402230071,0,0,3.73551004636785,8.10123256345022,"BFSP1;WNT7A"
"Heart Trabecula Morphogenesis (GO:0061384)","2/18",0.114325167239627,0.767626402230071,0,0,3.73551004636785,8.10123256345022,"TGFB2;S1PR1"
"Mitochondrial Fusion (GO:0008053)","2/18",0.114325167239627,0.767626402230071,0,0,3.73551004636785,8.10123256345022,"OPA1;THG1L"
"Negative Regulation Of Nervous System Development (GO:0051961)","2/18",0.114325167239627,0.767626402230071,0,0,3.73551004636785,8.10123256345022,"SLIT1;WNT7A"
"Neuromuscular Process (GO:0050905)","2/18",0.114325167239627,0.767626402230071,0,0,3.73551004636785,8.10123256345022,"TIFAB;SHANK1"
"Neuron Fate Commitment (GO:0048663)","2/18",0.114325167239627,0.767626402230071,0,0,3.73551004636785,8.10123256345022,"SHH;ID2"
"Positive Regulation Of Chromosome Segregation (GO:0051984)","2/18",0.114325167239627,0.767626402230071,0,0,3.73551004636785,8.10123256345022,"CDK1;SMC5"
"Positive Regulation Of Phosphoprotein Phosphatase Activity (GO:0032516)","2/18",0.114325167239627,0.767626402230071,0,0,3.73551004636785,8.10123256345022,"PTPRC;CALM2"
"Positive Regulation Of Triglyceride Metabolic Process (GO:0090208)","2/18",0.114325167239627,0.767626402230071,0,0,3.73551004636785,8.10123256345022,"APOA4;APOA5"
"Protein Autoprocessing (GO:0016540)","2/18",0.114325167239627,0.767626402230071,0,0,3.73551004636785,8.10123256345022,"CASP6;CTSL"
"Protein Localization To Chromosome, Centromeric Region (GO:0071459)","2/18",0.114325167239627,0.767626402230071,0,0,3.73551004636785,8.10123256345022,"CDK1;SPDL1"
"Regulation Of Cell-Cell Adhesion Mediated By Cadherin (GO:2000047)","2/18",0.114325167239627,0.767626402230071,0,0,3.73551004636785,8.10123256345022,"EPCAM;PPM1F"
"protein-RNA Complex Assembly (GO:0022618)","8/150",0.115608816611799,0.767626402230071,0,0,1.6882951374393,3.64256945259729,"EIF3M;DDX1;STRAP;RPL38;SNRPE;BRIX1;RPL23A;EIF2S2"
"Regulation Of Vascular Associated Smooth Muscle Cell Proliferation (GO:1904705)","3/37",0.117577230383023,0.767626402230071,0,0,2.6384538335458,5.64803227054584,"P2RY6;TGFB3;HTR1B"
"Regulation Of Cytokinesis (GO:0032465)","5/80",0.11830763913999,0.767626402230071,0,0,1.99544513457557,4.2592116619148,"KLHL9;PRC1;CHMP4C;CALM2;RAB11FIP4"
"Renal System Development (GO:0072001)","4/58",0.118813191207211,0.767626402230071,0,0,2.21613551536032,4.72081817112754,"TFAP2A;TGFB2;NPHP3;REN"
"Glycosaminoglycan Biosynthetic Process (GO:0006024)","4/58",0.118813191207211,0.767626402230071,0,0,2.21613551536032,4.72081817112754,"HS3ST3B1;B3GNT7;DSEL;CHST15"
"Chordate Embryonic Development (GO:0043009)","4/59",0.124385612885584,0.767626402230071,0,0,2.17572938689218,4.53502235861777,"FOXD3;TGFB3;FGFR2;DACT1"
"G2/M Transition Of Mitotic Cell Cycle (GO:0000086)","3/38",0.124748405530474,0.767626402230071,0,0,2.56293675364883,5.33464091838218,"MELK;CDK1;ARPP19"
"Regulation Of Telomere Maintenance (GO:0032204)","3/38",0.124748405530474,0.767626402230071,0,0,2.56293675364883,5.33464091838218,"EID3;SMC5;NBN"
"Response To cAMP (GO:0051591)","3/38",0.124748405530474,0.767626402230071,0,0,2.56293675364883,5.33464091838218,"HCN4;AQP9;AHR"
"Connective Tissue Development (GO:0061448)","3/38",0.124748405530474,0.767626402230071,0,0,2.56293675364883,5.33464091838218,"PGRMC2;ITGB8;HOXD3"
"Response To Transforming Growth Factor Beta (GO:0071559)","3/38",0.124748405530474,0.767626402230071,0,0,2.56293675364883,5.33464091838218,"ANKRD1;WNT7A;XCL1"
"Heart Looping (GO:0001947)","3/38",0.124748405530474,0.767626402230071,0,0,2.56293675364883,5.33464091838218,"SHH;MKKS;NPHP3"
"mRNA Transcription By RNA Polymerase II (GO:0042789)","3/38",0.124748405530474,0.767626402230071,0,0,2.56293675364883,5.33464091838218,"NCOA2;FOXE3;CREB1"
"Positive Regulation Of Cation Channel Activity (GO:2001259)","3/38",0.124748405530474,0.767626402230071,0,0,2.56293675364883,5.33464091838218,"P2RY6;PPP3CC;CALM2"
"Atrioventricular Valve Morphogenesis (GO:0003181)","2/19",0.125143012378774,0.767626402230071,0,0,3.51559232657514,7.30644884085581,"TGFB2;SLIT1"
"Regulation Of Protein-Containing Complex Disassembly (GO:0043244)","2/19",0.125143012378774,0.767626402230071,0,0,3.51559232657514,7.30644884085581,"CLEC16A;ATG5"
"Regulation Of Transcription Involved In G1/S Transition Of Mitotic Cell Cycle (GO:0000083)","2/19",0.125143012378774,0.767626402230071,0,0,3.51559232657514,7.30644884085581,"CDK17;ID2"
"tRNA Metabolic Process (GO:0006399)","2/19",0.125143012378774,0.767626402230071,0,0,3.51559232657514,7.30644884085581,"DARS2;THG1L"
"Gastrulation (GO:0007369)","2/19",0.125143012378774,0.767626402230071,0,0,3.51559232657514,7.30644884085581,"MKKS;NPHP3"
"Negative Regulation Of Calcium Ion Transmembrane Transport (GO:1903170)","2/19",0.125143012378774,0.767626402230071,0,0,3.51559232657514,7.30644884085581,"PPP3CC;CALM2"
"Negative Regulation Of Peptidyl-Serine Phosphorylation (GO:0033137)","2/19",0.125143012378774,0.767626402230071,0,0,3.51559232657514,7.30644884085581,"PAQR3;PPM1F"
"Oligodendrocyte Differentiation (GO:0048709)","2/19",0.125143012378774,0.767626402230071,0,0,3.51559232657514,7.30644884085581,"SHH;EIF2B1"
"Phosphate Ion Transport (GO:0006817)","2/19",0.125143012378774,0.767626402230071,0,0,3.51559232657514,7.30644884085581,"SLC37A2;XPR1"
"Pore Complex Assembly (GO:0046931)","2/19",0.125143012378774,0.767626402230071,0,0,3.51559232657514,7.30644884085581,"TPR;NUP153"
"Regulation Of Protein Tyrosine Kinase Activity (GO:0061097)","3/39",0.132073017142937,0.767626402230071,0,0,2.49161506707946,5.04402641176473,"PTPRC;CASS4;LRP8"
"Digestive Tract Development (GO:0048565)","3/39",0.132073017142937,0.767626402230071,0,0,2.49161506707946,5.04402641176473,"TGFB2;GLI1;FGFR2"
"Positive Regulation Of Lipid Biosynthetic Process (GO:0046889)","3/39",0.132073017142937,0.767626402230071,0,0,2.49161506707946,5.04402641176473,"CREB1;APOA4;APOA5"
"BMP Signaling Pathway (GO:0030509)","4/61",0.135853271673421,0.767626402230071,0,0,2.09917040663675,4.19032168930838,"TGFB2;TGFB3;RUNX2;INHBE"
"Positive Regulation Of Cell Junction Assembly (GO:1901890)","4/61",0.135853271673421,0.767626402230071,0,0,2.09917040663675,4.19032168930838,"BDNF;SLITRK6;WNT7A;PPM1F"
"Regulation Of Membrane Depolarization (GO:0003254)","2/20",0.136192099220591,0.767626402230071,0,0,3.32010990898162,6.61926625773701,"HCN4;PTPN3"
"Regulation Of Mitotic Spindle Assembly (GO:1901673)","2/20",0.136192099220591,0.767626402230071,0,0,3.32010990898162,6.61926625773701,"TPR;CHMP4C"
"Response To ATP (GO:0033198)","2/20",0.136192099220591,0.767626402230071,0,0,3.32010990898162,6.61926625773701,"P2RY2;RYR3"
"Gamma-Aminobutyric Acid Signaling Pathway (GO:0007214)","2/20",0.136192099220591,0.767626402230071,0,0,3.32010990898162,6.61926625773701,"SLC12A2;GPR156"
"Xenobiotic Transport (GO:0042908)","2/20",0.136192099220591,0.767626402230071,0,0,3.32010990898162,6.61926625773701,"ABCA8;ABCG2"
"Intracellular Monoatomic Ion Homeostasis (GO:0006873)","2/20",0.136192099220591,0.767626402230071,0,0,3.32010990898162,6.61926625773701,"P2RY2;SLC39A14"
"Long-Term Memory (GO:0007616)","2/20",0.136192099220591,0.767626402230071,0,0,3.32010990898162,6.61926625773701,"SGK1;SHANK1"
"Positive Regulation Of Lipid Catabolic Process (GO:0050996)","2/20",0.136192099220591,0.767626402230071,0,0,3.32010990898162,6.61926625773701,"APOA4;APOA5"
"Positive Regulation Of Vascular Associated Smooth Muscle Cell Proliferation (GO:1904707)","2/20",0.136192099220591,0.767626402230071,0,0,3.32010990898162,6.61926625773701,"P2RY6;HTR1B"
"Regulation Of Cardiac Muscle Cell Proliferation (GO:0060043)","2/20",0.136192099220591,0.767626402230071,0,0,3.32010990898162,6.61926625773701,"GLI1;FGFR2"
"Epithelial Cell Differentiation (GO:0030855)","7/132",0.138175378354471,0.767626402230071,0,0,1.67703426791277,3.31923912181175,"BASP1;CASP6;HDAC1;CDK1;GLI1;FSTL1;FGFR2"
"Positive Regulation Of Developmental Process (GO:0051094)","11/233",0.138227075489494,0.767626402230071,0,0,1.48563218390805,2.93985434713633,"NEUROD1;NCOA2;SHH;BASP1;HDAC1;ACTL6A;CCN2;NR2C2;LRP8;PACSIN1;SHANK1"
"Positive Regulation Of DNA Metabolic Process (GO:0051054)","6/108",0.139149671098063,0.767626402230071,0,0,1.76095508187723,3.47296468960883,"OTUD4;INO80D;STPG4;ACTL6A;NBN;GLI1"
"Cell Cycle G2/M Phase Transition (GO:0044839)","3/40",0.139543693604881,0.767626402230071,0,0,2.42414860681115,4.77406374947149,"MELK;CDK1;ARPP19"
"Retinoid Metabolic Process (GO:0001523)","3/40",0.139543693604881,0.767626402230071,0,0,2.42414860681115,4.77406374947149,"ALDH8A1;LRP8;DHRS3"
"Regulation Of Embryonic Development (GO:0045995)","4/62",0.141742320479535,0.767626402230071,0,0,2.06287089013633,4.03032268542252,"INO80D;CDK1;NPHP3;NR2C2"
"mRNA Export From Nucleus (GO:0006406)","4/62",0.141742320479535,0.767626402230071,0,0,2.06287089013633,4.03032268542252,"NUP133;ZC3H11A;MAGOH;TPR"
"Epidermis Development (GO:0008544)","5/85",0.142297680408289,0.767626402230071,0,0,1.87024456521739,3.64666658134686,"HDAC1;CCN2;GLI1;KRT85;FGFR2"
"Positive Regulation Of Canonical Wnt Signaling Pathway (GO:0090263)","5/85",0.142297680408289,0.767626402230071,0,0,1.87024456521739,3.64666658134686,"PPM1A;BAMBI;CCAR2;FGFR2;DACT1"
"DNA Duplex Unwinding (GO:0032508)","3/41",0.14715305199517,0.767626402230071,0,0,2.36023301287274,4.52287218897985,"DDX1;MCM5;NBN"
"Acylglycerol Metabolic Process (GO:0006639)","3/41",0.14715305199517,0.767626402230071,0,0,2.36023301287274,4.52287218897985,"DGKD;APOA5;DGKH"
"Cellular Response To Nerve Growth Factor Stimulus (GO:1990090)","2/21",0.147446090700493,0.767626402230071,0,0,3.1452045879769,6.02084204685115,"BDNF;KIDINS220"
"Chaperone-Mediated Protein Complex Assembly (GO:0051131)","2/21",0.147446090700493,0.767626402230071,0,0,3.1452045879769,6.02084204685115,"MKKS;PSMG1"
"Sulfur Compound Transport (GO:0072348)","2/21",0.147446090700493,0.767626402230071,0,0,3.1452045879769,6.02084204685115,"SLC26A2;SLC35F3"
"Focal Adhesion Assembly (GO:0048041)","2/21",0.147446090700493,0.767626402230071,0,0,3.1452045879769,6.02084204685115,"ACTN2;PEAK1"
"Negative Regulation Of Interleukin-2 Production (GO:0032703)","2/21",0.147446090700493,0.767626402230071,0,0,3.1452045879769,6.02084204685115,"PTPRC;XCL1"
"poly(A)+ mRNA Export From Nucleus (GO:0016973)","2/21",0.147446090700493,0.767626402230071,0,0,3.1452045879769,6.02084204685115,"NUP133;ZC3H11A"
"Positive Regulation Of G2/M Transition Of Mitotic Cell Cycle (GO:0010971)","2/21",0.147446090700493,0.767626402230071,0,0,3.1452045879769,6.02084204685115,"CCND1;CDK1"
"Positive Regulation Of Dendritic Spine Development (GO:0060999)","2/21",0.147446090700493,0.767626402230071,0,0,3.1452045879769,6.02084204685115,"LRP8;SHANK1"
"Positive Regulation Of Signal Transduction By P53 Class Mediator (GO:1901798)","2/21",0.147446090700493,0.767626402230071,0,0,3.1452045879769,6.02084204685115,"MSX1;PLA2R1"
"Positive Regulation Of Smoothened Signaling Pathway (GO:0045880)","2/21",0.147446090700493,0.767626402230071,0,0,3.1452045879769,6.02084204685115,"SHH;GLI1"
"Inorganic Anion Transmembrane Transport (GO:0098661)","4/63",0.147730613251896,0.767626402230071,0,0,2.02780186572067,3.87789699959598,"SLC12A2;SLC26A2;SLC37A2;XPR1"
"B Cell Chemotaxis (GO:0035754)","1/5",0.152070020997115,0.767626402230071,0,0,7.46412037037037,14.058030294232,"PIK3CD"
"C-terminal Protein Lipidation (GO:0006501)","1/5",0.152070020997115,0.767626402230071,0,0,7.46412037037037,14.058030294232,"ATG5"
"DNA Double-Strand Break Processing Involved In Repair Via Single-Strand Annealing (GO:0010792)","1/5",0.152070020997115,0.767626402230071,0,0,7.46412037037037,14.058030294232,"RAD52"
"His-Purkinje System Development (GO:0003164)","1/5",0.152070020997115,0.767626402230071,0,0,7.46412037037037,14.058030294232,"ID2"
"Regulation Of Excitatory Synapse Assembly (GO:1904889)","1/5",0.152070020997115,0.767626402230071,0,0,7.46412037037037,14.058030294232,"WNT7A"
"PML Body Organization (GO:0030578)","1/5",0.152070020997115,0.767626402230071,0,0,7.46412037037037,14.058030294232,"SERBP1"
"Regulation Of Immature T Cell Proliferation In Thymus (GO:0033084)","1/5",0.152070020997115,0.767626402230071,0,0,7.46412037037037,14.058030294232,"SHH"
"Regulation Of Interleukin-1-Mediated Signaling Pathway (GO:2000659)","1/5",0.152070020997115,0.767626402230071,0,0,7.46412037037037,14.058030294232,"OTUD4"
"Regulation Of mRNA Export From Nucleus (GO:0010793)","1/5",0.152070020997115,0.767626402230071,0,0,7.46412037037037,14.058030294232,"TPR"
"Ammonium Homeostasis (GO:0097272)","1/5",0.152070020997115,0.767626402230071,0,0,7.46412037037037,14.058030294232,"RHBG"
"Regulation Of Morphogenesis Of A Branching Structure (GO:0060688)","1/5",0.152070020997115,0.767626402230071,0,0,7.46412037037037,14.058030294232,"FGFR2"
"Attachment Of GPI Anchor To Protein (GO:0016255)","1/5",0.152070020997115,0.767626402230071,0,0,7.46412037037037,14.058030294232,"TP53INP2"
"Bundle Of His cell-Purkinje Myocyte Adhesion Involved In Cell Communication (GO:0086073)","1/5",0.152070020997115,0.767626402230071,0,0,7.46412037037037,14.058030294232,"DSG2"
"Regulation Of pre-miRNA Processing (GO:2000631)","1/5",0.152070020997115,0.767626402230071,0,0,7.46412037037037,14.058030294232,"HOXB-AS3"
"Regulation Of Protein Autoubiquitination (GO:1902498)","1/5",0.152070020997115,0.767626402230071,0,0,7.46412037037037,14.058030294232,"MARCHF7"
"Regulation Of Protein Deubiquitination (GO:0090085)","1/5",0.152070020997115,0.767626402230071,0,0,7.46412037037037,14.058030294232,"OTUD4"
"Regulation Of Resting Membrane Potential (GO:0060075)","1/5",0.152070020997115,0.767626402230071,0,0,7.46412037037037,14.058030294232,"KCNJ2"
"Regulation Of Ribonucleoprotein Complex Localization (GO:2000197)","1/5",0.152070020997115,0.767626402230071,0,0,7.46412037037037,14.058030294232,"TPR"
"Regulation Of Serine-Type Endopeptidase Activity (GO:1900003)","1/5",0.152070020997115,0.767626402230071,0,0,7.46412037037037,14.058030294232,"SPINK2"
"Regulation Of Stress Granule Assembly (GO:0062028)","1/5",0.152070020997115,0.767626402230071,0,0,7.46412037037037,14.058030294232,"UBAP2L"
"Cellular Response To Iron Ion (GO:0071281)","1/5",0.152070020997115,0.767626402230071,0,0,7.46412037037037,14.058030294232,"TFAP2A"
"Regulation Of Tooth Mineralization (GO:0070170)","1/5",0.152070020997115,0.767626402230071,0,0,7.46412037037037,14.058030294232,"TFAP2A"
"Cellular Response To Magnesium Ion (GO:0071286)","1/5",0.152070020997115,0.767626402230071,0,0,7.46412037037037,14.058030294232,"RYR3"
"Regulation Of Very-Low-Density Lipoprotein Particle Remodeling (GO:0010901)","1/5",0.152070020997115,0.767626402230071,0,0,7.46412037037037,14.058030294232,"APOA5"
"Cholesterol Import (GO:0070508)","1/5",0.152070020997115,0.767626402230071,0,0,7.46412037037037,14.058030294232,"STARD5"
"Reproductive System Development (GO:0061458)","1/5",0.152070020997115,0.767626402230071,0,0,7.46412037037037,14.058030294232,"SHH"
"Response To cGMP (GO:0070305)","1/5",0.152070020997115,0.767626402230071,0,0,7.46412037037037,14.058030294232,"HCN4"
"Dermatan Sulfate Metabolic Process (GO:0030205)","1/5",0.152070020997115,0.767626402230071,0,0,7.46412037037037,14.058030294232,"DSEL"
"Dermatan Sulfate Proteoglycan Metabolic Process (GO:0050655)","1/5",0.152070020997115,0.767626402230071,0,0,7.46412037037037,14.058030294232,"DSEL"
"Determination Of Liver Left/Right Asymmetry (GO:0071910)","1/5",0.152070020997115,0.767626402230071,0,0,7.46412037037037,14.058030294232,"NPHP3"
"Double-Strand Break Repair Via Single-Strand Annealing (GO:0045002)","1/5",0.152070020997115,0.767626402230071,0,0,7.46412037037037,14.058030294232,"RAD52"
"Embryonic Hindlimb Morphogenesis (GO:0035116)","1/5",0.152070020997115,0.767626402230071,0,0,7.46412037037037,14.058030294232,"WNT7A"
"snoRNA Localization (GO:0048254)","1/5",0.152070020997115,0.767626402230071,0,0,7.46412037037037,14.058030294232,"ZNHIT6"
"Epithelial Tube Branching Involved In Lung Morphogenesis (GO:0060441)","1/5",0.152070020997115,0.767626402230071,0,0,7.46412037037037,14.058030294232,"FGFR2"
"Epithelial Tube Formation (GO:0072175)","1/5",0.152070020997115,0.767626402230071,0,0,7.46412037037037,14.058030294232,"FGFR2"
"Uridine Transport (GO:0015862)","1/5",0.152070020997115,0.767626402230071,0,0,7.46412037037037,14.058030294232,"SLC28A2"
"Glycosyl Compound Biosynthetic Process (GO:1901659)","1/5",0.152070020997115,0.767626402230071,0,0,7.46412037037037,14.058030294232,"TRMT12"
"Wybutosine Biosynthetic Process (GO:0031591)","1/5",0.152070020997115,0.767626402230071,0,0,7.46412037037037,14.058030294232,"TRMT12"
"Wybutosine Metabolic Process (GO:0031590)","1/5",0.152070020997115,0.767626402230071,0,0,7.46412037037037,14.058030294232,"TRMT12"
"Xenobiotic Transport Across Blood-Brain Barrier (GO:1990962)","1/5",0.152070020997115,0.767626402230071,0,0,7.46412037037037,14.058030294232,"ABCG2"
"Histone Arginine Methylation (GO:0034969)","1/5",0.152070020997115,0.767626402230071,0,0,7.46412037037037,14.058030294232,"PRDM14"
"Intracellular Phosphate Ion Homeostasis (GO:0030643)","1/5",0.152070020997115,0.767626402230071,0,0,7.46412037037037,14.058030294232,"XPR1"
"Kidney Morphogenesis (GO:0060993)","1/5",0.152070020997115,0.767626402230071,0,0,7.46412037037037,14.058030294232,"NPHP3"
"Leukocyte Apoptotic Process (GO:0071887)","1/5",0.152070020997115,0.767626402230071,0,0,7.46412037037037,14.058030294232,"CTSL"
"Metanephric Collecting Duct Development (GO:0072205)","1/5",0.152070020997115,0.767626402230071,0,0,7.46412037037037,14.058030294232,"SHH"
"Negative Regulation Of Arp2/3 Complex-Mediated Actin Nucleation (GO:0034316)","1/5",0.152070020997115,0.767626402230071,0,0,7.46412037037037,14.058030294232,"PICK1"
"Negative Regulation Of ERAD Pathway (GO:1904293)","1/5",0.152070020997115,0.767626402230071,0,0,7.46412037037037,14.058030294232,"USP25"
"Negative Regulation Of Chemokine-Mediated Signaling Pathway (GO:0070100)","1/5",0.152070020997115,0.767626402230071,0,0,7.46412037037037,14.058030294232,"SLIT1"
"Negative Regulation Of Cytokinesis (GO:0032466)","1/5",0.152070020997115,0.767626402230071,0,0,7.46412037037037,14.058030294232,"CHMP4C"
"Negative Regulation Of Protein Kinase Activity By Regulation Of Protein Phosphorylation (GO:0044387)","1/5",0.152070020997115,0.767626402230071,0,0,7.46412037037037,14.058030294232,"PPM1F"
"Negative Regulation Of Relaxation Of Muscle (GO:1901078)","1/5",0.152070020997115,0.767626402230071,0,0,7.46412037037037,14.058030294232,"TIFAB"
"Neuroblast Proliferation (GO:0007405)","1/5",0.152070020997115,0.767626402230071,0,0,7.46412037037037,14.058030294232,"SHH"
"Neutrophil Extravasation (GO:0072672)","1/5",0.152070020997115,0.767626402230071,0,0,7.46412037037037,14.058030294232,"PIK3CD"
"Pentose-Phosphate Shunt, Non-Oxidative Branch (GO:0009052)","1/5",0.152070020997115,0.767626402230071,0,0,7.46412037037037,14.058030294232,"RPE"
"Pexophagy (GO:0000425)","1/5",0.152070020997115,0.767626402230071,0,0,7.46412037037037,14.058030294232,"PEX5"
"Positive Regulation Of T Cell Differentiation In Thymus (GO:0033089)","1/5",0.152070020997115,0.767626402230071,0,0,7.46412037037037,14.058030294232,"SHH"
"Positive Regulation Of T-helper 1 Cell Cytokine Production (GO:2000556)","1/5",0.152070020997115,0.767626402230071,0,0,7.46412037037037,14.058030294232,"XCL1"
"Positive Regulation Of Intrinsic Apoptotic Signaling Pathway By P53 Class Mediator (GO:1902255)","1/5",0.152070020997115,0.767626402230071,0,0,7.46412037037037,14.058030294232,"MSX1"
"Positive Regulation Of Microglial Cell Activation (GO:1903980)","1/5",0.152070020997115,0.767626402230071,0,0,7.46412037037037,14.058030294232,"TAFA3"
"Positive Regulation Of Necroptotic Process (GO:0060545)","1/5",0.152070020997115,0.767626402230071,0,0,7.46412037037037,14.058030294232,"CASP6"
"Positive Regulation Of Programmed Necrotic Cell Death (GO:0062100)","1/5",0.152070020997115,0.767626402230071,0,0,7.46412037037037,14.058030294232,"CASP6"
"Positive Regulation Of Pyruvate Dehydrogenase Activity (GO:1904184)","1/5",0.152070020997115,0.767626402230071,0,0,7.46412037037037,14.058030294232,"PPM1J"
"Positive Regulation Of Receptor Binding (GO:1900122)","1/5",0.152070020997115,0.767626402230071,0,0,7.46412037037037,14.058030294232,"BDNF"
"Purine Nucleobase Transmembrane Transport (GO:1904823)","1/5",0.152070020997115,0.767626402230071,0,0,7.46412037037037,14.058030294232,"SLC28A2"
"Pyrimidine Nucleoside Transport (GO:0015864)","1/5",0.152070020997115,0.767626402230071,0,0,7.46412037037037,14.058030294232,"SLC28A2"
"Regulation Of DNA Damage Response, Signal Transduction By P53 Class Mediator Resulting In Transcription Of P21 Class Mediator (GO:1902162)","1/5",0.152070020997115,0.767626402230071,0,0,7.46412037037037,14.058030294232,"ZNF385A"
"Regulation Of T-helper 1 Cell Cytokine Production (GO:2000554)","1/5",0.152070020997115,0.767626402230071,0,0,7.46412037037037,14.058030294232,"XCL1"
"Regulation Of Insulin Secretion (GO:0050796)","5/87",0.152441484750845,0.767626402230071,0,0,1.82443947886684,3.43172406925777,"BLK;NEUROD1;STXBP4;PICK1;KCNA5"
"Protein N-linked Glycosylation (GO:0006487)","4/64",0.153814901609879,0.767626402230071,0,0,1.99390180878553,3.73259482764604,"ENTPD5;GFPT1;SRD5A3;ALG11"
"DNA Recombination (GO:0006310)","3/42",0.154893717039705,0.767626402230071,0,0,2.2995951417004,4.28878194844565,"RAD52;EXO1;NBN"
"Determination Of Heart Left/Right Asymmetry (GO:0061371)","3/42",0.154893717039705,0.767626402230071,0,0,2.2995951417004,4.28878194844565,"SHH;MKKS;NPHP3"
"Embryonic Heart Tube Morphogenesis (GO:0003143)","3/42",0.154893717039705,0.767626402230071,0,0,2.2995951417004,4.28878194844565,"SHH;MKKS;NPHP3"
"Lipid Modification (GO:0030258)","3/42",0.154893717039705,0.767626402230071,0,0,2.2995951417004,4.28878194844565,"DGKD;PLPP1;DGKH"
"Positive Regulation Of Calcium Ion Transmembrane Transport (GO:1904427)","3/42",0.154893717039705,0.767626402230071,0,0,2.2995951417004,4.28878194844565,"CACNB2;PPP3CC;XCL1"
"Positive Regulation Of Signal Transduction (GO:0009967)","12/266",0.157876649412888,0.767626402230071,0,0,1.41635866945203,2.61451489383923,"SHH;TGFB2;P2RY6;PTPRC;CTSL;BDNF;WNT7A;GLI1;SLC39A14;FGFR2;DACT1;SHANK1"
"Acetylcholine Receptor Signaling Pathway (GO:0095500)","2/22",0.158880110759625,0.767626402230071,0,0,2.98778979907264,5.49635419333804,"CHRM5;RGS10"
"Regulation Of Neural Precursor Cell Proliferation (GO:2000177)","2/22",0.158880110759625,0.767626402230071,0,0,2.98778979907264,5.49635419333804,"TAFA3;ID2"
"Regulation Of Protein Export From Nucleus (GO:0046825)","2/22",0.158880110759625,0.767626402230071,0,0,2.98778979907264,5.49635419333804,"TPR;PTPN14"
"Ribosomal Large Subunit Assembly (GO:0000027)","2/22",0.158880110759625,0.767626402230071,0,0,2.98778979907264,5.49635419333804,"RPL23A;BRIX1"
"Negative Regulation Of Macroautophagy (GO:0016242)","2/22",0.158880110759625,0.767626402230071,0,0,2.98778979907264,5.49635419333804,"FEZ1;CLEC16A"
"Positive Regulation Of Excitatory Postsynaptic Potential (GO:2000463)","2/22",0.158880110759625,0.767626402230071,0,0,2.98778979907264,5.49635419333804,"WNT7A;SHANK1"
"Positive Regulation Of Protein Autophosphorylation (GO:0031954)","2/22",0.158880110759625,0.767626402230071,0,0,2.98778979907264,5.49635419333804,"NBN;CALM2"
"RNA Export From Nucleus (GO:0006405)","4/65",0.159991888279841,0.767626402230071,0,0,1.96111322912695,3.59399917954078,"NUP133;MAGOH;TPR;NUP153"
"Regulation Of Translational Initiation (GO:0006446)","4/65",0.159991888279841,0.767626402230071,0,0,1.96111322912695,3.59399917954078,"BOLL;CDC123;DDX1;TPR"
"Adenylate Cyclase-Modulating G Protein-Coupled Receptor Signaling Pathway (GO:0007188)","8/163",0.161155373042073,0.767626402230071,0,0,1.54564943888078,2.8214073557905,"MARCO;VIPR1;GPR26;ADGRF4;GNAI3;HTR1B;TCP11;TSHR"
"Nitrogen Compound Transport (GO:0071705)","8/163",0.161155373042073,0.767626402230071,0,0,1.54564943888078,2.8214073557905,"SLC12A2;SLC26A2;SLC35F3;AQP9;PICK1;RHBG;LRP1B;ABCG2"
"Endocytosis (GO:0006897)","9/189",0.162480184563033,0.767626402230071,0,0,1.497734375,2.72168174670156,"MARCO;P2RY6;BIN3;EQTN;STAB2;C1ORF43;CD302;LRP8;LRP1B"
"Regulation Of Chromosome Organization (GO:0033044)","3/43",0.162758338599564,0.767626402230071,0,0,2.24198916408669,4.07030613544767,"INO80D;EID3;SMC5"
"Regulation Of Primary Metabolic Process (GO:0080090)","3/43",0.162758338599564,0.767626402230071,0,0,2.24198916408669,4.07030613544767,"NCOA2;ID2;PLPP1"
"Intracellular Glucose Homeostasis (GO:0001678)","3/43",0.162758338599564,0.767626402230071,0,0,2.24198916408669,4.07030613544767,"TRA2B;FOXK1;SLC39A14"
"mRNA Transcription (GO:0009299)","3/43",0.162758338599564,0.767626402230071,0,0,2.24198916408669,4.07030613544767,"NCOA2;FOXE3;CREB1"
"Positive Regulation Of Receptor-Mediated Endocytosis (GO:0048260)","3/43",0.162758338599564,0.767626402230071,0,0,2.24198916408669,4.07030613544767,"DGKD;PICK1;APOA5"
"Positive Regulation Of Stress Fiber Assembly (GO:0051496)","3/43",0.162758338599564,0.767626402230071,0,0,2.24198916408669,4.07030613544767,"TGFB3;CCN2;PPM1F"
"Positive Regulation Of Transcription Elongation By RNA Polymerase II (GO:0032968)","3/43",0.162758338599564,0.767626402230071,0,0,2.24198916408669,4.07030613544767,"MED30;MED21;MED8"
"Sodium Ion Transport (GO:0006814)","5/89",0.162877370227583,0.767626402230071,0,0,1.78081558710441,3.23174878332377,"HCN4;SLC12A2;SLC9A5;SLC9A8;SGK1"
"Negative Regulation Of Canonical Wnt Signaling Pathway (GO:0090090)","6/114",0.166165714727219,0.767626402230071,0,0,1.66260584067738,2.98399459767521,"HDAC1;NPHP3;TMEM170B;GLI1;SHISA6;DACT1"
"Cellular Response To BMP Stimulus (GO:0071773)","4/66",0.16625823377453,0.767626402230071,0,0,1.9293823455864,3.46172302959958,"TGFB2;TGFB3;RUNX2;INHBE"
"Regulation Of Cholesterol Transport (GO:0032374)","2/23",0.170470677528342,0.767626402230071,0,0,2.84536689482594,5.03400028011108,"APOA4;ABCA8"
"Regulation Of Myotube Differentiation (GO:0010830)","2/23",0.170470677528342,0.767626402230071,0,0,2.84536689482594,5.03400028011108,"BDNF;HDAC1"
"Glial Cell Development (GO:0021782)","2/23",0.170470677528342,0.767626402230071,0,0,2.84536689482594,5.03400028011108,"PICK1;EIF2B1"
"Positive Regulation Of mRNA Splicing, Via Spliceosome (GO:0048026)","2/23",0.170470677528342,0.767626402230071,0,0,2.84536689482594,5.03400028011108,"TRA2B;PRDX6"
"Positive Regulation Of Neuron Apoptotic Process (GO:0043525)","2/23",0.170470677528342,0.767626402230071,0,0,2.84536689482594,5.03400028011108,"TFAP2A;TGFB2"
"Positive Regulation Of Oxidoreductase Activity (GO:0051353)","2/23",0.170470677528342,0.767626402230071,0,0,2.84536689482594,5.03400028011108,"FDX1;PPM1J"
"Potassium Ion Homeostasis (GO:0055075)","2/23",0.170470677528342,0.767626402230071,0,0,2.84536689482594,5.03400028011108,"SLC12A2;KCNJ2"
"Negative Regulation Of Wnt Signaling Pathway (GO:0030178)","7/140",0.170659117321401,0.767626402230071,0,0,1.57550418101328,2.78562874138858,"HDAC1;NPHP3;SOSTDC1;TMEM170B;GLI1;SHISA6;DACT1"
"Bone Development (GO:0060348)","3/44",0.170739607747296,0.767626402230071,0,0,2.18719323416144,3.86611697884139,"TFAP2A;PTPRC;FGFR2"
"Lymphocyte Chemotaxis (GO:0048247)","3/44",0.170739607747296,0.767626402230071,0,0,2.18719323416144,3.86611697884139,"SLC12A2;PIK3CD;XCL1"
"Lymphocyte Differentiation (GO:0030098)","5/91",0.17359045840983,0.767626402230071,0,0,1.73922071356348,3.04547363340325,"TOP2B;PTPRC;NFIL3;PIK3CD;PAX5"
"Positive Regulation Of Binding (GO:0051099)","5/91",0.17359045840983,0.767626402230071,0,0,1.73922071356348,3.04547363340325,"BLK;HMBOX1;BAMBI;SUB1;DACT1"
"Regulation Of RNA Metabolic Process (GO:0051252)","5/91",0.17359045840983,0.767626402230071,0,0,1.73922071356348,3.04547363340325,"TRA2B;RBM12B;HOXB-AS3;PRDX6;SUPT3H"
"Determination Of Left/Right Symmetry (GO:0007368)","3/45",0.178830271249372,0.767626402230071,0,0,2.13500663423264,3.67502562350952,"SHH;MKKS;NPHP3"
"B Cell Differentiation (GO:0030183)","4/68",0.179045471477687,0.767626402230071,0,0,1.86889534883721,3.21471581031679,"TOP2B;PTPRC;PIK3CD;PAX5"
"Cell-Cell Junction Organization (GO:0045216)","4/68",0.179045471477687,0.767626402230071,0,0,1.86889534883721,3.21471581031679,"TGFB2;TGFB3;DSG2;CDH26"
"Telomere Maintenance (GO:0000723)","4/68",0.179045471477687,0.767626402230071,0,0,1.86889534883721,3.21471581031679,"INO80D;ACTL6A;SMC5;NBN"
"Neuropeptide Signaling Pathway (GO:0007218)","4/68",0.179045471477687,0.767626402230071,0,0,1.86889534883721,3.21471581031679,"NXPH2;NXPH3;NPBWR1;PDYN"
"Positive Regulation Of Neuron Projection Development (GO:0010976)","5/92",0.1790461522999,0.767626402230071,0,0,1.71914042978511,2.95711351959143,"BDNF;KIDINS220;ROR2;LRP8;PACSIN1"
"Regulation Of Cellular Response To Insulin Stimulus (GO:1900076)","1/6",0.17959219079871,0.767626402230071,0,0,5.97098765432099,10.2525835009115,"NCOA2"
"AV Node Cell Action Potential (GO:0086016)","1/6",0.17959219079871,0.767626402230071,0,0,5.97098765432099,10.2525835009115,"CACNB2"
"DNA Strand Resection Involved In Replication Fork Processing (GO:0110025)","1/6",0.17959219079871,0.767626402230071,0,0,5.97098765432099,10.2525835009115,"NBN"
"Regulation Of Entry Of Bacterium Into Host Cell (GO:2000535)","1/6",0.17959219079871,0.767626402230071,0,0,5.97098765432099,10.2525835009115,"EXOC2"
"Regulation Of Intestinal Cholesterol Absorption (GO:0030300)","1/6",0.17959219079871,0.767626402230071,0,0,5.97098765432099,10.2525835009115,"APOA4"
"Actin Filament Reorganization (GO:0090527)","1/6",0.17959219079871,0.767626402230071,0,0,5.97098765432099,10.2525835009115,"CASS4"
"Regulation Of Lens Fiber Cell Differentiation (GO:1902746)","1/6",0.17959219079871,0.767626402230071,0,0,5.97098765432099,10.2525835009115,"FOXE3"
"Adenylate Cyclase-Inhibiting Serotonin Receptor Signaling Pathway (GO:0007198)","1/6",0.17959219079871,0.767626402230071,0,0,5.97098765432099,10.2525835009115,"HTR1B"
"Aggrephagy (GO:0035973)","1/6",0.17959219079871,0.767626402230071,0,0,5.97098765432099,10.2525835009115,"ATG5"
"Regulation Of Muscle Organ Development (GO:0048634)","1/6",0.17959219079871,0.767626402230071,0,0,5.97098765432099,10.2525835009115,"TIFAB"
"Regulation Of Natural Killer Cell Chemotaxis (GO:2000501)","1/6",0.17959219079871,0.767626402230071,0,0,5.97098765432099,10.2525835009115,"XCL1"
"Auditory Receptor Cell Morphogenesis (GO:0002093)","1/6",0.17959219079871,0.767626402230071,0,0,5.97098765432099,10.2525835009115,"PLS1"
"Auditory Receptor Cell Stereocilium Organization (GO:0060088)","1/6",0.17959219079871,0.767626402230071,0,0,5.97098765432099,10.2525835009115,"PLS1"
"Axon Extension Involved In Axon Guidance (GO:0048846)","1/6",0.17959219079871,0.767626402230071,0,0,5.97098765432099,10.2525835009115,"SLIT1"
"Cardiac Muscle Cell-Cardiac Muscle Cell Adhesion (GO:0086042)","1/6",0.17959219079871,0.767626402230071,0,0,5.97098765432099,10.2525835009115,"DSG2"
"Regulation Of Pyruvate Dehydrogenase Activity (GO:1904182)","1/6",0.17959219079871,0.767626402230071,0,0,5.97098765432099,10.2525835009115,"PPM1J"
"Regulation Of Relaxation Of Muscle (GO:1901077)","1/6",0.17959219079871,0.767626402230071,0,0,5.97098765432099,10.2525835009115,"TIFAB"
"Regulation Of Saliva Secretion (GO:0046877)","1/6",0.17959219079871,0.767626402230071,0,0,5.97098765432099,10.2525835009115,"TIFAB"
"Regulation Of Skeletal Muscle Contraction (GO:0014819)","1/6",0.17959219079871,0.767626402230071,0,0,5.97098765432099,10.2525835009115,"KCNJ2"
"Regulation Of Smooth Muscle Cell Differentiation (GO:0051150)","1/6",0.17959219079871,0.767626402230071,0,0,5.97098765432099,10.2525835009115,"FGFR2"
"Cellular Response To Caffeine (GO:0071313)","1/6",0.17959219079871,0.767626402230071,0,0,5.97098765432099,10.2525835009115,"RYR3"
"Regulation Of Transforming Growth Factor Beta2 Production (GO:0032909)","1/6",0.17959219079871,0.767626402230071,0,0,5.97098765432099,10.2525835009115,"TGFB2"
"Release Of Sequestered Calcium Ion Into Cytosol By Sarcoplasmic Reticulum (GO:0014808)","1/6",0.17959219079871,0.767626402230071,0,0,5.97098765432099,10.2525835009115,"RYR3"
"Response To Alkaloid (GO:0043279)","1/6",0.17959219079871,0.767626402230071,0,0,5.97098765432099,10.2525835009115,"HTR1B"
"Response To Caffeine (GO:0031000)","1/6",0.17959219079871,0.767626402230071,0,0,5.97098765432099,10.2525835009115,"RYR3"
"Copper Ion Import (GO:0015677)","1/6",0.17959219079871,0.767626402230071,0,0,5.97098765432099,10.2525835009115,"ATP7B"
"Determination Of Digestive Tract Left/Right Asymmetry (GO:0071907)","1/6",0.17959219079871,0.767626402230071,0,0,5.97098765432099,10.2525835009115,"NPHP3"
"Skeletal Muscle Cell Differentiation (GO:0035914)","1/6",0.17959219079871,0.767626402230071,0,0,5.97098765432099,10.2525835009115,"MYLK2"
"Excitatory Chemical Synaptic Transmission (GO:0098976)","1/6",0.17959219079871,0.767626402230071,0,0,5.97098765432099,10.2525835009115,"SHISA6"
"Exocrine System Development (GO:0035272)","1/6",0.17959219079871,0.767626402230071,0,0,5.97098765432099,10.2525835009115,"FGFR2"
"Forebrain Neuron Development (GO:0021884)","1/6",0.17959219079871,0.767626402230071,0,0,5.97098765432099,10.2525835009115,"FGFR2"
"Transcription-Dependent Tethering Of RNA Polymerase II Gene DNA At Nuclear Periphery (GO:0000972)","1/6",0.17959219079871,0.767626402230071,0,0,5.97098765432099,10.2525835009115,"NUP133"
"Transepithelial Chloride Transport (GO:0030321)","1/6",0.17959219079871,0.767626402230071,0,0,5.97098765432099,10.2525835009115,"SLC12A2"
"Ureter Development (GO:0072189)","1/6",0.17959219079871,0.767626402230071,0,0,5.97098765432099,10.2525835009115,"NPHP3"
"Hindlimb Morphogenesis (GO:0035137)","1/6",0.17959219079871,0.767626402230071,0,0,5.97098765432099,10.2525835009115,"WNT7A"
"Histone H2A-K119 Monoubiquitination (GO:0036353)","1/6",0.17959219079871,0.767626402230071,0,0,5.97098765432099,10.2525835009115,"PCGF6"
"Locomotor Rhythm (GO:0045475)","1/6",0.17959219079871,0.767626402230071,0,0,5.97098765432099,10.2525835009115,"ID2"
"Long-Term Synaptic Depression (GO:0060292)","1/6",0.17959219079871,0.767626402230071,0,0,5.97098765432099,10.2525835009115,"PICK1"
"Lymphoid Progenitor Cell Differentiation (GO:0002320)","1/6",0.17959219079871,0.767626402230071,0,0,5.97098765432099,10.2525835009115,"SHH"
"Membrane Biogenesis (GO:0044091)","1/6",0.17959219079871,0.767626402230071,0,0,5.97098765432099,10.2525835009115,"TLCD1"
"Negative Regulation Of CD4-positive, Alpha-Beta T Cell Proliferation (GO:2000562)","1/6",0.17959219079871,0.767626402230071,0,0,5.97098765432099,10.2525835009115,"XCL1"
"Negative Regulation Of Digestive System Process (GO:0060457)","1/6",0.17959219079871,0.767626402230071,0,0,5.97098765432099,10.2525835009115,"TIFAB"
"Negative Regulation Of Establishment Of Protein Localization To Mitochondrion (GO:1903748)","1/6",0.17959219079871,0.767626402230071,0,0,5.97098765432099,10.2525835009115,"LMAN1"
"Negative Regulation Of Membrane Protein Ectodomain Proteolysis (GO:0051045)","1/6",0.17959219079871,0.767626402230071,0,0,5.97098765432099,10.2525835009115,"PTPN3"
"Negative Regulation Of miRNA Processing (GO:1903799)","1/6",0.17959219079871,0.767626402230071,0,0,5.97098765432099,10.2525835009115,"HOXB-AS3"
"Negative Regulation Of Telomere Capping (GO:1904354)","1/6",0.17959219079871,0.767626402230071,0,0,5.97098765432099,10.2525835009115,"NBN"
"Neuron Projection Extension Involved In Neuron Projection Guidance (GO:1902284)","1/6",0.17959219079871,0.767626402230071,0,0,5.97098765432099,10.2525835009115,"SLIT1"
"Neurotransmitter Receptor Transport, Endosome To Postsynaptic Membrane (GO:0098887)","1/6",0.17959219079871,0.767626402230071,0,0,5.97098765432099,10.2525835009115,"NCOA2"
"Pharyngeal Arch Artery Morphogenesis (GO:0061626)","1/6",0.17959219079871,0.767626402230071,0,0,5.97098765432099,10.2525835009115,"TGFB2"
"Placenta Blood Vessel Development (GO:0060674)","1/6",0.17959219079871,0.767626402230071,0,0,5.97098765432099,10.2525835009115,"ITGB8"
"Positive Regulation Of Blood Circulation (GO:1903524)","1/6",0.17959219079871,0.767626402230071,0,0,5.97098765432099,10.2525835009115,"TGFB2"
"Positive Regulation Of Icosanoid Secretion (GO:0032305)","1/6",0.17959219079871,0.767626402230071,0,0,5.97098765432099,10.2525835009115,"PLA2R1"
"Positive Regulation Of Lipoprotein Lipase Activity (GO:0051006)","1/6",0.17959219079871,0.767626402230071,0,0,5.97098765432099,10.2525835009115,"APOA5"
"Protein Import Into Peroxisome Matrix, Receptor Recycling (GO:0016562)","1/6",0.17959219079871,0.767626402230071,0,0,5.97098765432099,10.2525835009115,"PEX5"
"Protein Localization To Basolateral Plasma Membrane (GO:1903361)","1/6",0.17959219079871,0.767626402230071,0,0,5.97098765432099,10.2525835009115,"LIN7C"
"Regulation Of SA Node Cell Action Potential (GO:0098907)","1/6",0.17959219079871,0.767626402230071,0,0,5.97098765432099,10.2525835009115,"HCN4"
"Regulation Of Antigen Receptor-Mediated Signaling Pathway (GO:0050854)","1/6",0.17959219079871,0.767626402230071,0,0,5.97098765432099,10.2525835009115,"PTPRC"
"Regulation Of Atrial Cardiac Muscle Cell Membrane Repolarization (GO:0060372)","1/6",0.17959219079871,0.767626402230071,0,0,5.97098765432099,10.2525835009115,"KCNA5"
"Acylglycerol Homeostasis (GO:0055090)","2/24",0.182195639303285,0.767626402230071,0,0,2.71589152732893,4.62427850966489,"APOA4;APOA5"
"Regulation Of Muscle Cell Differentiation (GO:0051147)","2/24",0.182195639303285,0.767626402230071,0,0,2.71589152732893,4.62427850966489,"ID2;FGFR2"
"Regulation Of Neuroblast Proliferation (GO:1902692)","2/24",0.182195639303285,0.767626402230071,0,0,2.71589152732893,4.62427850966489,"TAFA3;HAPLN3"
"Response To Hexose (GO:0009746)","2/24",0.182195639303285,0.767626402230071,0,0,2.71589152732893,4.62427850966489,"NEUROD1;EIF2B1"
"Response To Purine-Containing Compound (GO:0014074)","2/24",0.182195639303285,0.767626402230071,0,0,2.71589152732893,4.62427850966489,"P2RY6;CREB1"
"Fat-Soluble Vitamin Metabolic Process (GO:0006775)","2/24",0.182195639303285,0.767626402230071,0,0,2.71589152732893,4.62427850966489,"UBIAD1;CYP24A1"
"Gliogenesis (GO:0042063)","2/24",0.182195639303285,0.767626402230071,0,0,2.71589152732893,4.62427850966489,"TGFB2;HAPLN3"
"Outflow Tract Septum Morphogenesis (GO:0003148)","2/24",0.182195639303285,0.767626402230071,0,0,2.71589152732893,4.62427850966489,"TGFB2;FGFR2"
"Positive Regulation Of Cell Cycle G2/M Phase Transition (GO:1902751)","2/24",0.182195639303285,0.767626402230071,0,0,2.71589152732893,4.62427850966489,"CCND1;CDK1"
"Positive Regulation Of Lipid Metabolic Process (GO:0045834)","2/24",0.182195639303285,0.767626402230071,0,0,2.71589152732893,4.62427850966489,"CREB1;APOA5"
"Protein K48-linked Deubiquitination (GO:0071108)","2/24",0.182195639303285,0.767626402230071,0,0,2.71589152732893,4.62427850966489,"OTUD4;USP25"
"Regulation Of AMPA Receptor Activity (GO:2000311)","2/24",0.182195639303285,0.767626402230071,0,0,2.71589152732893,4.62427850966489,"SHISA6;SHANK1"
"Protein O-linked Glycosylation (GO:0006493)","5/93",0.184565325239446,0.767626402230071,0,0,1.6995165160926,2.87176111230213,"B3GNT7;GCNT1;TMTC3;GXYLT2;POMGNT1"
"Regulation Of Monoatomic Ion Transmembrane Transporter Activity (GO:0032412)","4/69",0.185559531387449,0.767626402230071,0,0,1.84004770423375,3.09933867711116,"HCN4;SHISA6;SHANK1;PTPN3"
"Phagocytosis (GO:0006909)","4/69",0.185559531387449,0.767626402230071,0,0,1.84004770423375,3.09933867711116,"MARCO;P2RY6;C1ORF43;CD302"
"B Cell Receptor Signaling Pathway (GO:0050853)","3/46",0.187023145048178,0.767626402230071,0,0,2.08524731802146,3.49596487973253,"BLK;PTPRC;PIK3CD"
"T Cell Differentiation (GO:0030217)","3/46",0.187023145048178,0.767626402230071,0,0,2.08524731802146,3.49596487973253,"SHH;PTPRC;PIK3CD"
"Regulation Of Nervous System Development (GO:0051960)","3/46",0.187023145048178,0.767626402230071,0,0,2.08524731802146,3.49596487973253,"HELT;BHLHE40;NPHP3"
"Myofibril Assembly (GO:0030239)","3/46",0.187023145048178,0.767626402230071,0,0,2.08524731802146,3.49596487973253,"MYH3;ACTN2;ANKRD1"
"Proteolysis (GO:0006508)","14/330",0.187426400438217,0.767626402230071,0,0,1.32806737765374,2.22367490233992,"USP25;CFH;CPXM2;UFSP2;LRP8;AFG3L2;PSMA6;SHH;KEL;CTSL;CASP6;NAALAD2;REN;ADAMTS6"
"Muscle Contraction (GO:0006936)","5/94",0.190145978844213,0.767626402230071,0,0,1.68033358922465,2.78929190858585,"HCN4;MYLK2;MYH2;MYH3;RYR3"
"Sulfur Compound Biosynthetic Process (GO:0044272)","4/70",0.192149297351259,0.767626402230071,0,0,1.81207423067888,2.98898494738955,"HS3ST3B1;B3GNT7;DSEL;CHST15"
"Positive Regulation Of Protein Transport (GO:0051222)","4/70",0.192149297351259,0.767626402230071,0,0,1.81207423067888,2.98898494738955,"TGFB2;TGFB3;TPR;ANKRD1"
"Cardiac Conduction System Development (GO:0003161)","2/25",0.194034113099296,0.767626402230071,0,0,2.59767488744036,4.25946282953677,"HCN4;MSX1"
"Cellular Response To Hexose Stimulus (GO:0071331)","2/25",0.194034113099296,0.767626402230071,0,0,2.59767488744036,4.25946282953677,"TRA2B;SLC39A14"
"Mitotic Cell Cycle Checkpoint Signaling (GO:0007093)","2/25",0.194034113099296,0.767626402230071,0,0,2.59767488744036,4.25946282953677,"CHMP4C;NBN"
"Negative Regulation Of Proteolysis Involved In Protein Catabolic Process (GO:1903051)","2/25",0.194034113099296,0.767626402230071,0,0,2.59767488744036,4.25946282953677,"MARCHF7;PSME3IP1"
"Negative Regulation Of Response To Endoplasmic Reticulum Stress (GO:1903573)","2/25",0.194034113099296,0.767626402230071,0,0,2.59767488744036,4.25946282953677,"USP25;OPA1"
"Regulation Of Cell Cycle Phase Transition (GO:1901987)","2/25",0.194034113099296,0.767626402230071,0,0,2.59767488744036,4.25946282953677,"MLF1;NEK11"
"Regulation Of Signal Transduction By P53 Class Mediator (GO:1901796)","3/47",0.195311126254555,0.767626402230071,0,0,2.03774978891078,3.32797444615553,"SMYD2;SGK1;MLF1"
"Positive Regulation Of Epithelial To Mesenchymal Transition (GO:0010718)","3/47",0.195311126254555,0.767626402230071,0,0,2.03774978891078,3.32797444615553,"TGFB2;TGFB3;BAMBI"
"Generation Of Neurons (GO:0048699)","8/172",0.196891938959664,0.767626402230071,0,0,1.46014230813135,2.37287760653462,"TGFB2;SHH;EMX2;GSX1;ARTN;TAFA3;WNT7A;RUNX2"
"Neuron Differentiation (GO:0030182)","8/173",0.201051724286726,0.767626402230071,0,0,1.45121732142013,2.32803276902404,"NEUROD1;TGFB2;SHH;EMX2;GSX1;ID2;WNT7A;RUNX2"
"Regulation Of Macroautophagy (GO:0016241)","5/96",0.201483622551555,0.767626402230071,0,0,1.64323254385366,2.63253606059608,"UCHL1;CLEC16A;GNAI3;ATG5;ATP6V0A1"
"Plasma Membrane Organization (GO:0007009)","4/72",0.205542111516703,0.767626402230071,0,0,1.75859553123575,2.78228162898549,"BIN3;CHMP4C;TLCD1;PACSIN1"
"Regulation Of Nucleotide-Excision Repair (GO:2000819)","2/26",0.205966425931055,0.767626402230071,0,0,2.48930963420917,3.93321403292063,"RAD52;ACTL6A"
"cAMP-mediated Signaling (GO:0019933)","2/26",0.205966425931055,0.767626402230071,0,0,2.48930963420917,3.93321403292063,"CREB1;AHR"
"Camera-Type Eye Development (GO:0043010)","2/26",0.205966425931055,0.767626402230071,0,0,2.48930963420917,3.93321403292063,"FOXE3;FOXL2"
"Cellular Response To Xenobiotic Stimulus (GO:0071466)","2/26",0.205966425931055,0.767626402230071,0,0,2.48930963420917,3.93321403292063,"HTR1B;PPM1F"
"Spindle Assembly Checkpoint Signaling (GO:0071173)","2/26",0.205966425931055,0.767626402230071,0,0,2.48930963420917,3.93321403292063,"TPR;ZNF207"
"Mitotic Spindle Assembly Checkpoint Signaling (GO:0007094)","2/26",0.205966425931055,0.767626402230071,0,0,2.48930963420917,3.93321403292063,"TPR;ZNF207"
"Mitotic Spindle Checkpoint Signaling (GO:0071174)","2/26",0.205966425931055,0.767626402230071,0,0,2.48930963420917,3.93321403292063,"TPR;ZNF207"
"Organelle Fusion (GO:0048284)","2/26",0.205966425931055,0.767626402230071,0,0,2.48930963420917,3.93321403292063,"OPA1;THG1L"
"Regulation Of Actin Filament Bundle Assembly (GO:0032231)","2/26",0.205966425931055,0.767626402230071,0,0,2.48930963420917,3.93321403292063,"SYNPO2;SHANK1"
"Regulation Of Cardiac Muscle Cell Contraction (GO:0086004)","2/26",0.205966425931055,0.767626402230071,0,0,2.48930963420917,3.93321403292063,"HCN4;DSG2"
"7-Methylguanosine Cap Hypermethylation (GO:0036261)","1/7",0.206222376343727,0.767626402230071,0,0,4.9755658436214,7.85542432721002,"SNRPE"
"Regulation Of Chemokine-Mediated Signaling Pathway (GO:0070099)","1/7",0.206222376343727,0.767626402230071,0,0,4.9755658436214,7.85542432721002,"SLIT1"
"RNA Capping (GO:0036260)","1/7",0.206222376343727,0.767626402230071,0,0,4.9755658436214,7.85542432721002,"SNRPE"
"Regulation Of Heterochromatin Formation (GO:0031445)","1/7",0.206222376343727,0.767626402230071,0,0,4.9755658436214,7.85542432721002,"TPR"
"Adenylate Cyclase-Inhibiting G Protein-Coupled Acetylcholine Receptor Signaling Pathway (GO:0007197)","1/7",0.206222376343727,0.767626402230071,0,0,4.9755658436214,7.85542432721002,"CHRM5"
"Amine Transport (GO:0015837)","1/7",0.206222376343727,0.767626402230071,0,0,4.9755658436214,7.85542432721002,"AQP9"
"Atrial Cardiac Muscle Cell To AV Node Cell Signaling (GO:0086026)","1/7",0.206222376343727,0.767626402230071,0,0,4.9755658436214,7.85542432721002,"KCNA5"
"Regulation Of Phospholipase A2 Activity (GO:0032429)","1/7",0.206222376343727,0.767626402230071,0,0,4.9755658436214,7.85542432721002,"PLA2R1"
"Cardiac Atrium Development (GO:0003230)","1/7",0.206222376343727,0.767626402230071,0,0,4.9755658436214,7.85542432721002,"NPHP3"
"Cellular Modified Amino Acid Biosynthetic Process (GO:0042398)","1/7",0.206222376343727,0.767626402230071,0,0,4.9755658436214,7.85542432721002,"PTDSS1"
"Cellular Response To Interferon-Alpha (GO:0035457)","1/7",0.206222376343727,0.767626402230071,0,0,4.9755658436214,7.85542432721002,"TPR"
"Regulation Of Transforming Growth Factor Beta Activation (GO:1901388)","1/7",0.206222376343727,0.767626402230071,0,0,4.9755658436214,7.85542432721002,"ITGB8"
"Cellular Response To Potassium Ion (GO:0035865)","1/7",0.206222376343727,0.767626402230071,0,0,4.9755658436214,7.85542432721002,"SLC12A2"
"Regulation Of Vascular Wound Healing (GO:0061043)","1/7",0.206222376343727,0.767626402230071,0,0,4.9755658436214,7.85542432721002,"SLC12A2"
"Release Of Sequestered Calcium Ion Into Cytosol By Endoplasmic Reticulum (GO:1903514)","1/7",0.206222376343727,0.767626402230071,0,0,4.9755658436214,7.85542432721002,"RYR3"
"Response To Auditory Stimulus (GO:0010996)","1/7",0.206222376343727,0.767626402230071,0,0,4.9755658436214,7.85542432721002,"TIFAB"
"Collecting Duct Development (GO:0072044)","1/7",0.206222376343727,0.767626402230071,0,0,4.9755658436214,7.85542432721002,"SHH"
"Dendritic Spine Maintenance (GO:0097062)","1/7",0.206222376343727,0.767626402230071,0,0,4.9755658436214,7.85542432721002,"PICK1"
"Depyrimidination (GO:0045008)","1/7",0.206222376343727,0.767626402230071,0,0,4.9755658436214,7.85542432721002,"SMUG1"
"Dermatan Sulfate Proteoglycan Biosynthetic Process (GO:0050651)","1/7",0.206222376343727,0.767626402230071,0,0,4.9755658436214,7.85542432721002,"DSEL"
"Response To Potassium Ion (GO:0035864)","1/7",0.206222376343727,0.767626402230071,0,0,4.9755658436214,7.85542432721002,"SLC12A2"
"Diacylglycerol Biosynthetic Process (GO:0006651)","1/7",0.206222376343727,0.767626402230071,0,0,4.9755658436214,7.85542432721002,"MOGAT1"
"Sinoatrial Node Development (GO:0003163)","1/7",0.206222376343727,0.767626402230071,0,0,4.9755658436214,7.85542432721002,"HCN4"
"Endonucleolytic Cleavage In ITS1 To Separate SSU-rRNA From 5.8S rRNA And LSU-rRNA From Tricistronic rRNA Transcript (SSU-rRNA, 5.8S rRNA, LSU-rRNA) (GO:0000447)","1/7",0.206222376343727,0.767626402230071,0,0,4.9755658436214,7.85542432721002,"RPP40"
"snRNA Transcription By RNA Polymerase III (GO:0042796)","1/7",0.206222376343727,0.767626402230071,0,0,4.9755658436214,7.85542432721002,"SNAPC5"
"Stress-Induced Premature Senescence (GO:0090400)","1/7",0.206222376343727,0.767626402230071,0,0,4.9755658436214,7.85542432721002,"PLA2R1"
"tRNA Aminoacylation For Mitochondrial Protein Translation (GO:0070127)","1/7",0.206222376343727,0.767626402230071,0,0,4.9755658436214,7.85542432721002,"DARS2"
"Thyroid Gland Development (GO:0030878)","1/7",0.206222376343727,0.767626402230071,0,0,4.9755658436214,7.85542432721002,"HOXD3"
"Ventricular Trabecula Myocardium Morphogenesis (GO:0003222)","1/7",0.206222376343727,0.767626402230071,0,0,4.9755658436214,7.85542432721002,"TGFB2"
"Very-Low-Density Lipoprotein Particle Remodeling (GO:0034372)","1/7",0.206222376343727,0.767626402230071,0,0,4.9755658436214,7.85542432721002,"APOA5"
"Mammary Gland Epithelial Cell Differentiation (GO:0060644)","1/7",0.206222376343727,0.767626402230071,0,0,4.9755658436214,7.85542432721002,"ID2"
"Negative Regulation Of RNA Catabolic Process (GO:1902369)","1/7",0.206222376343727,0.767626402230071,0,0,4.9755658436214,7.85542432721002,"NRDE2"
"Negative Regulation Of T Cell Mediated Cytotoxicity (GO:0001915)","1/7",0.206222376343727,0.767626402230071,0,0,4.9755658436214,7.85542432721002,"PTPRC"
"Negative Regulation Of Actin Nucleation (GO:0051126)","1/7",0.206222376343727,0.767626402230071,0,0,4.9755658436214,7.85542432721002,"PICK1"
"Negative Regulation Of Appetite (GO:0032099)","1/7",0.206222376343727,0.767626402230071,0,0,4.9755658436214,7.85542432721002,"MKKS"
"Negative Regulation Of cAMP-dependent Protein Kinase Activity (GO:2000480)","1/7",0.206222376343727,0.767626402230071,0,0,4.9755658436214,7.85542432721002,"PRKAR1A"
"Negative Regulation Of Cell Cycle G2/M Phase Transition (GO:1902750)","1/7",0.206222376343727,0.767626402230071,0,0,4.9755658436214,7.85542432721002,"AVEN"
"Negative Regulation Of Glucose Import (GO:0046325)","1/7",0.206222376343727,0.767626402230071,0,0,4.9755658436214,7.85542432721002,"PEA15"
"Negative Regulation Of Keratinocyte Proliferation (GO:0010839)","1/7",0.206222376343727,0.767626402230071,0,0,4.9755658436214,7.85542432721002,"FGFR2"
"Negative Regulation Of Macrophage Migration (GO:1905522)","1/7",0.206222376343727,0.767626402230071,0,0,4.9755658436214,7.85542432721002,"CD200R1"
"Negative Regulation Of Muscle Cell Differentiation (GO:0051148)","1/7",0.206222376343727,0.767626402230071,0,0,4.9755658436214,7.85542432721002,"ID2"
"Negative Regulation Of Phospholipase Activity (GO:0010519)","1/7",0.206222376343727,0.767626402230071,0,0,4.9755658436214,7.85542432721002,"PLA2R1"
"Neurotransmitter Receptor Transport, Endosome To Plasma Membrane (GO:0099639)","1/7",0.206222376343727,0.767626402230071,0,0,4.9755658436214,7.85542432721002,"NCOA2"
"Nucleobase-Containing Small Molecule Interconversion (GO:0015949)","1/7",0.206222376343727,0.767626402230071,0,0,4.9755658436214,7.85542432721002,"GLRX"
"Peroxisome Proliferator Activated Receptor Signaling Pathway (GO:0035357)","1/7",0.206222376343727,0.767626402230071,0,0,4.9755658436214,7.85542432721002,"NCOA2"
"Positive Regulation Of CoA-transferase Activity (GO:1905920)","1/7",0.206222376343727,0.767626402230071,0,0,4.9755658436214,7.85542432721002,"APOA4"
"Positive Regulation Of T-helper 2 Cell Cytokine Production (GO:2000553)","1/7",0.206222376343727,0.767626402230071,0,0,4.9755658436214,7.85542432721002,"XCL1"
"Positive Regulation Of Adipose Tissue Development (GO:1904179)","1/7",0.206222376343727,0.767626402230071,0,0,4.9755658436214,7.85542432721002,"NCOA2"
"Positive Regulation Of Astrocyte Differentiation (GO:0048711)","1/7",0.206222376343727,0.767626402230071,0,0,4.9755658436214,7.85542432721002,"ID2"
"Positive Regulation Of Cardiac Epithelial To Mesenchymal Transition (GO:0062043)","1/7",0.206222376343727,0.767626402230071,0,0,4.9755658436214,7.85542432721002,"TGFB2"
"Positive Regulation Of Cell Migration By Vascular Endothelial Growth Factor Signaling Pathway (GO:0038089)","1/7",0.206222376343727,0.767626402230071,0,0,4.9755658436214,7.85542432721002,"PIK3CD"
"Positive Regulation Of Epithelial Tube Formation (GO:1905278)","1/7",0.206222376343727,0.767626402230071,0,0,4.9755658436214,7.85542432721002,"PIK3CD"
"Positive Regulation Of Meiotic Nuclear Division (GO:0045836)","1/7",0.206222376343727,0.767626402230071,0,0,4.9755658436214,7.85542432721002,"STRA8"
"Positive Regulation Of Membrane Potential (GO:0045838)","1/7",0.206222376343727,0.767626402230071,0,0,4.9755658436214,7.85542432721002,"GLRX"
"Positive Regulation Of Myeloid Cell Apoptotic Process (GO:0033034)","1/7",0.206222376343727,0.767626402230071,0,0,4.9755658436214,7.85542432721002,"PIK3CD"
"Positive Regulation Of Neuron Projection Arborization (GO:0150012)","1/7",0.206222376343727,0.767626402230071,0,0,4.9755658436214,7.85542432721002,"NCOA2"
"Positive Regulation Of Ryanodine-Sensitive Calcium-Release Channel Activity (GO:0060316)","1/7",0.206222376343727,0.767626402230071,0,0,4.9755658436214,7.85542432721002,"CALM2"
"Positive Regulation Of Tooth Mineralization (GO:0070172)","1/7",0.206222376343727,0.767626402230071,0,0,4.9755658436214,7.85542432721002,"TFAP2A"
"Positive Regulation Of Triglyceride Lipase Activity (GO:0061365)","1/7",0.206222376343727,0.767626402230071,0,0,4.9755658436214,7.85542432721002,"APOA5"
"Protein Localization To Cytoplasmic Stress Granule (GO:1903608)","1/7",0.206222376343727,0.767626402230071,0,0,4.9755658436214,7.85542432721002,"DDX1"
"Regulation Of CoA-transferase Activity (GO:1905918)","1/7",0.206222376343727,0.767626402230071,0,0,4.9755658436214,7.85542432721002,"APOA4"
"Regulation Of Alpha-Beta T Cell Differentiation (GO:0046637)","1/7",0.206222376343727,0.767626402230071,0,0,4.9755658436214,7.85542432721002,"SHH"
"Regulation Of Cardiac Muscle Cell Action Potential Involved In Regulation Of Contraction (GO:0098909)","1/7",0.206222376343727,0.767626402230071,0,0,4.9755658436214,7.85542432721002,"HCN4"
"Positive Regulation Of Epithelial Cell Proliferation (GO:0050679)","6/123",0.210382180604573,0.767626402230071,0,0,1.53399529449296,2.39123710970883,"CRNN;FOXE3;STXBP4;PIK3CD;WNT7A;FGFR2"
"Positive Regulation Of Cell Differentiation (GO:0045597)","12/283",0.210739898729254,0.767626402230071,0,0,1.32632786296466,2.0652657187735,"NEUROD1;TGFB2;CREB1;TGFB3;BAMBI;ID2;ACTL6A;CCN2;HOXD3;ACTB;RUNX2;ZNF385A"
"Positive Regulation Of Pathway-Restricted SMAD Protein Phosphorylation (GO:0010862)","3/49",0.212144470355349,0.767626402230071,0,0,1.94895006057343,3.02182323805606,"TGFB2;TGFB3;INHBE"
"Positive Regulation Of Secretion By Cell (GO:1903532)","4/73",0.212338230213374,0.767626402230071,0,0,1.73301876193686,2.68544228827414,"SLC12A2;TGFB2;TGFB3;ANKRD1"
"Protein Tetramerization (GO:0051262)","4/73",0.212338230213374,0.767626402230071,0,0,1.73301876193686,2.68544228827414,"ACOT13;RYR3;KCNJ2;THG1L"
"Positive Regulation Of Hydrolase Activity (GO:0051345)","8/176",0.213739679815944,0.767626402230071,0,0,1.42507986033727,2.19889317101573,"CTSL;LARS1;RGS16;RGS10;XCL1;MMUT;RGS9;CALM2"
"Inorganic Cation Transmembrane Transport (GO:0098662)","12/284",0.214067025500515,0.767626402230071,0,0,1.32138239911349,2.03686618622024,"HCN4;SLC12A2;SLC9A5;SLC9A8;KCNA5;CACNA2D4;SLC39A14;RHBG;MCOLN2;RYR3;KCNJ2;ATP6V0A1"
"Neuron Projection Guidance (GO:0097485)","6/124",0.215534247115061,0.767626402230071,0,0,1.52091625589794,2.33405202215453,"SHH;BDNF;FEZ1;LRTM2;SLIT1;TNR"
"Regulation Of DNA Metabolic Process (GO:0051052)","6/124",0.215534247115061,0.767626402230071,0,0,1.52091625589794,2.33405202215453,"EID3;INO80D;SUB1;ACTL6A;SMC5;SUPT3H"
"Regulation Of Peptidase Activity (GO:0052547)","2/27",0.217974058370036,0.767626402230071,0,0,2.38961360123648,3.64028770772022,"HDAC1;CTSL"
"Ventricular Septum Morphogenesis (GO:0060412)","2/27",0.217974058370036,0.767626402230071,0,0,2.38961360123648,3.64028770772022,"TGFB2;SLIT1"
"Negative Regulation Of NIK/NF-kappaB Signaling (GO:1901223)","2/27",0.217974058370036,0.767626402230071,0,0,2.38961360123648,3.64028770772022,"PPM1A;UACA"
"Peptidyl-Lysine Methylation (GO:0018022)","2/27",0.217974058370036,0.767626402230071,0,0,2.38961360123648,3.64028770772022,"SMYD2;ETFBKMT"
"Positive Regulation Of TORC1 Signaling (GO:1904263)","2/27",0.217974058370036,0.767626402230071,0,0,2.38961360123648,3.64028770772022,"LARS1;CLEC16A"
"Positive Regulation Of Immune System Process (GO:0002684)","2/27",0.217974058370036,0.767626402230071,0,0,2.38961360123648,3.64028770772022,"TGFB2;PIK3CD"
"Axon Development (GO:0061564)","5/99",0.218900055705315,0.767626402230071,0,0,1.59054116558742,2.4162547380615,"NEUROD1;AFG3L2;SLITRK6;WNT7A;FGFR2"
"Gland Development (GO:0048732)","4/74",0.219196205979177,0.767626402230071,0,0,1.70817275747508,2.59264416881887,"SHH;TGFB3;HOXD3;FGFR2"
"Import Into Nucleus (GO:0051170)","4/74",0.219196205979177,0.767626402230071,0,0,1.70817275747508,2.59264416881887,"NUP133;TPR;KPNA4;NUP153"
"tRNA Processing (GO:0008033)","3/50",0.220676126975006,0.767626402230071,0,0,1.90738423028786,2.88217037685086,"DDX1;RPP40;THG1L"
"Negative Regulation Of Cell Projection Organization (GO:0031345)","3/50",0.220676126975006,0.767626402230071,0,0,1.90738423028786,2.88217037685086,"MYLIP;PAQR3;TNR"
"Plasma Membrane Bounded Cell Projection Morphogenesis (GO:0120039)","3/50",0.220676126975006,0.767626402230071,0,0,1.90738423028786,2.88217037685086,"BDNF;SGK1;PACSIN1"
"Positive Regulation Of Fat Cell Differentiation (GO:0045600)","3/50",0.220676126975006,0.767626402230071,0,0,1.90738423028786,2.88217037685086,"CREB1;ID2;ZNF385A"
"Protein Modification Process (GO:0036211)","27/711",0.22564209705409,0.767626402230071,0,0,1.18465476391944,1.7637201447096,"RNASEL;PPM1L;PIK3CD;PPM1J;GLRX;PPM1F;PPP4R1;PPP3CC;TP53INP2;NEK1;ATG5;CDK17;ATE1;USP25;TGFB2;PPM1A;MELK;PTPRC;CREB1;UBLCP1;PEAK1;MAK;CDK1;PICK1;SGK1;PTPN3;NEK11"
"Regulation Of Fat Cell Differentiation (GO:0045598)","4/75",0.226112584543701,0.767626402230071,0,0,1.68402664046293,2.50367986258671,"CREB1;ID2;ZNF385A;RUNX1T1"
"DNA Metabolic Process (GO:0006259)","12/288",0.227594503596755,0.767626402230071,0,0,1.30195891065456,1.92714620377278,"RAD52;TOP2B;EID3;INO80D;EXO1;ACTL6A;CDK1;NT5M;MCM5;NBN;PDS5B;GTF2H3"
"Negative Regulation Of Nucleic Acid-Templated Transcription (GO:1903507)","18/456",0.229023160378277,0.767626402230071,0,0,1.23176953303085,1.81554470814138,"TFAP2A;PCGF6;CIITA;HDAC1;FOXL2;FOXK1;AHR;PPM1F;CCAR2;RUNX2;HMBOX1;NFIL3;BASP1;ID2;BHLHE40;XCL1;RCOR3;RUNX1T1"
"Regulation Of Smoothened Signaling Pathway (GO:0008589)","3/51",0.229275495421987,0.767626402230071,0,0,1.86755030959752,2.75058591854415,"SHH;GLI1;FGFR2"
"Sensory Perception (GO:0007600)","3/51",0.229275495421987,0.767626402230071,0,0,1.86755030959752,2.75058591854415,"PROK2;UGT2A1;PDYN"
"Regulation Of Chromosome Segregation (GO:0051983)","2/28",0.230039590723819,0.767626402230071,0,0,2.29758649387707,3.37631220142517,"ZNF207;SMC5"
"RNA Phosphodiester Bond Hydrolysis (GO:0090501)","2/28",0.230039590723819,0.767626402230071,0,0,2.29758649387707,3.37631220142517,"ZC3H12D;LACTB2"
"Cell-Substrate Junction Assembly (GO:0007044)","2/28",0.230039590723819,0.767626402230071,0,0,2.29758649387707,3.37631220142517,"ACTN2;PEAK1"
"Determination Of Bilateral Symmetry (GO:0009855)","2/28",0.230039590723819,0.767626402230071,0,0,2.29758649387707,3.37631220142517,"MKKS;NPHP3"
"Diterpenoid Metabolic Process (GO:0016101)","2/28",0.230039590723819,0.767626402230071,0,0,2.29758649387707,3.37631220142517,"LRP8;DHRS3"
"Negative Regulation Of Cation Channel Activity (GO:2001258)","2/28",0.230039590723819,0.767626402230071,0,0,2.29758649387707,3.37631220142517,"PPP3CC;CALM2"
"Negative Regulation Of Mitotic Metaphase/Anaphase Transition (GO:0045841)","2/28",0.230039590723819,0.767626402230071,0,0,2.29758649387707,3.37631220142517,"TPR;ZNF207"
"Positive Regulation Of mRNA Processing (GO:0050685)","2/28",0.230039590723819,0.767626402230071,0,0,2.29758649387707,3.37631220142517,"TRA2B;PRDX6"
"Protein Insertion Into Mitochondrial Membrane (GO:0051204)","2/28",0.230039590723819,0.767626402230071,0,0,2.29758649387707,3.37631220142517,"SAMM50;PRICKLE4"
"Regulation Of Cardiac Muscle Cell Action Potential (GO:0098901)","2/28",0.230039590723819,0.767626402230071,0,0,2.29758649387707,3.37631220142517,"HCN4;DSG2"
"Negative Regulation Of Cell Differentiation (GO:0045596)","9/207",0.23132005177522,0.767626402230071,0,0,1.36029829545455,1.99141280027128,"SHH;BAMBI;ID2;ACTL6A;SOSTDC1;NPHP3;HOXB8;ACTB;RUNX1T1"
"DNA Topological Change (GO:0006265)","1/8",0.231989442776984,0.767626402230071,0,0,4.26455026455026,6.23077836709001,"TOP2B"
"Regulation Of Endothelial Cell Differentiation (GO:0045601)","1/8",0.231989442776984,0.767626402230071,0,0,4.26455026455026,6.23077836709001,"VEZF1"
"N-acylphosphatidylethanolamine Metabolic Process (GO:0070292)","1/8",0.231989442776984,0.767626402230071,0,0,4.26455026455026,6.23077836709001,"PLAAT5"
"Regulation Of Glucan Biosynthetic Process (GO:0010962)","1/8",0.231989442776984,0.767626402230071,0,0,4.26455026455026,6.23077836709001,"PPP1R3D"
"UDP-N-acetylglucosamine Biosynthetic Process (GO:0006048)","1/8",0.231989442776984,0.767626402230071,0,0,4.26455026455026,6.23077836709001,"GFPT1"
"Regulation Of Intrinsic Apoptotic Signaling Pathway By P53 Class Mediator (GO:1902253)","1/8",0.231989442776984,0.767626402230071,0,0,4.26455026455026,6.23077836709001,"MSX1"
"Actin Filament Network Formation (GO:0051639)","1/8",0.231989442776984,0.767626402230071,0,0,4.26455026455026,6.23077836709001,"PLS1"
"Alcohol Catabolic Process (GO:0046164)","1/8",0.231989442776984,0.767626402230071,0,0,4.26455026455026,6.23077836709001,"SRD5A3"
"Regulation Of Macrophage Migration (GO:1905521)","1/8",0.231989442776984,0.767626402230071,0,0,4.26455026455026,6.23077836709001,"CD200R1"
"Androgen Biosynthetic Process (GO:0006702)","1/8",0.231989442776984,0.767626402230071,0,0,4.26455026455026,6.23077836709001,"SRD5A3"
"Angiotensin Maturation (GO:0002003)","1/8",0.231989442776984,0.767626402230071,0,0,4.26455026455026,6.23077836709001,"REN"
"Regulation Of Mitotic Sister Chromatid Segregation (GO:0033047)","1/8",0.231989442776984,0.767626402230071,0,0,4.26455026455026,6.23077836709001,"CDK1"
"Apoptotic DNA Fragmentation (GO:0006309)","1/8",0.231989442776984,0.767626402230071,0,0,4.26455026455026,6.23077836709001,"FOXL2"
"Auditory Behavior (GO:0031223)","1/8",0.231989442776984,0.767626402230071,0,0,4.26455026455026,6.23077836709001,"TIFAB"
"Box C/D snoRNP Assembly (GO:0000492)","1/8",0.231989442776984,0.767626402230071,0,0,4.26455026455026,6.23077836709001,"ZNHIT6"
"Bundle Of His Cell To Purkinje Myocyte Communication (GO:0086069)","1/8",0.231989442776984,0.767626402230071,0,0,4.26455026455026,6.23077836709001,"DSG2"
"Cardioblast Differentiation (GO:0010002)","1/8",0.231989442776984,0.767626402230071,0,0,4.26455026455026,6.23077836709001,"TGFB2"
"Cellular Response To Platelet-Derived Growth Factor Stimulus (GO:0036120)","1/8",0.231989442776984,0.767626402230071,0,0,4.26455026455026,6.23077836709001,"HDAC1"
"Response To Magnesium Ion (GO:0032026)","1/8",0.231989442776984,0.767626402230071,0,0,4.26455026455026,6.23077836709001,"RYR3"
"Detection Of Mechanical Stimulus Involved In Sensory Perception Of Sound (GO:0050910)","1/8",0.231989442776984,0.767626402230071,0,0,4.26455026455026,6.23077836709001,"MKKS"
"Response To Vitamin (GO:0033273)","1/8",0.231989442776984,0.767626402230071,0,0,4.26455026455026,6.23077836709001,"CYP24A1"
"Response To Vitamin D (GO:0033280)","1/8",0.231989442776984,0.767626402230071,0,0,4.26455026455026,6.23077836709001,"CYP24A1"
"Embryonic Digestive Tract Morphogenesis (GO:0048557)","1/8",0.231989442776984,0.767626402230071,0,0,4.26455026455026,6.23077836709001,"ID2"
"Somite Development (GO:0061053)","1/8",0.231989442776984,0.767626402230071,0,0,4.26455026455026,6.23077836709001,"SHH"
"Sphingosine-1-Phosphate Receptor Signaling Pathway (GO:0003376)","1/8",0.231989442776984,0.767626402230071,0,0,4.26455026455026,6.23077836709001,"S1PR1"
"Formation Of Translation Preinitiation Complex (GO:0001731)","1/8",0.231989442776984,0.767626402230071,0,0,4.26455026455026,6.23077836709001,"EIF2S2"
"Tetrahydrofolate Interconversion (GO:0035999)","1/8",0.231989442776984,0.767626402230071,0,0,4.26455026455026,6.23077836709001,"MTHFD2L"
"Glycerol Transmembrane Transport (GO:0015793)","1/8",0.231989442776984,0.767626402230071,0,0,4.26455026455026,6.23077836709001,"AQP9"
"Unsaturated Fatty Acid Biosynthetic Process (GO:0006636)","1/8",0.231989442776984,0.767626402230071,0,0,4.26455026455026,6.23077836709001,"FADS3"
"Vitamin K Metabolic Process (GO:0042373)","1/8",0.231989442776984,0.767626402230071,0,0,4.26455026455026,6.23077836709001,"UBIAD1"
"Learned Vocalization Behavior Or Vocal Learning (GO:0098598)","1/8",0.231989442776984,0.767626402230071,0,0,4.26455026455026,6.23077836709001,"TIFAB"
"Leptin-Mediated Signaling Pathway (GO:0033210)","1/8",0.231989442776984,0.767626402230071,0,0,4.26455026455026,6.23077836709001,"MKKS"
"Maintenance Of Apical/Basal Cell Polarity (GO:0035090)","1/8",0.231989442776984,0.767626402230071,0,0,4.26455026455026,6.23077836709001,"LIN7C"
"Maintenance Of Epithelial Cell Apical/Basal Polarity (GO:0045199)","1/8",0.231989442776984,0.767626402230071,0,0,4.26455026455026,6.23077836709001,"LIN7C"
"Manganese Ion Transport (GO:0006828)","1/8",0.231989442776984,0.767626402230071,0,0,4.26455026455026,6.23077836709001,"SLC39A14"
"Mitochondrial Fragmentation Involved In Apoptotic Process (GO:0043653)","1/8",0.231989442776984,0.767626402230071,0,0,4.26455026455026,6.23077836709001,"CCAR2"
"Negative Regulation By Host Of Viral Genome Replication (GO:0044828)","1/8",0.231989442776984,0.767626402230071,0,0,4.26455026455026,6.23077836709001,"SMC5"
"Negative Regulation Of T Cell Cytokine Production (GO:0002725)","1/8",0.231989442776984,0.767626402230071,0,0,4.26455026455026,6.23077836709001,"XCL1"
"Negative Regulation Of Chromosome Organization (GO:2001251)","1/8",0.231989442776984,0.767626402230071,0,0,4.26455026455026,6.23077836709001,"SUB1"
"Negative Regulation Of Smooth Muscle Cell Differentiation (GO:0051151)","1/8",0.231989442776984,0.767626402230071,0,0,4.26455026455026,6.23077836709001,"SHH"
"Neuronal Ion Channel Clustering (GO:0045161)","1/8",0.231989442776984,0.767626402230071,0,0,4.26455026455026,6.23077836709001,"PICK1"
"Peptidyl-Lysine Monomethylation (GO:0018026)","1/8",0.231989442776984,0.767626402230071,0,0,4.26455026455026,6.23077836709001,"SMYD2"
"Phosphatidylglycerol Acyl-Chain Remodeling (GO:0036148)","1/8",0.231989442776984,0.767626402230071,0,0,4.26455026455026,6.23077836709001,"PLA2G4F"
"Positive Regulation Of CD8-positive, Alpha-Beta T Cell Activation (GO:2001187)","1/8",0.231989442776984,0.767626402230071,0,0,4.26455026455026,6.23077836709001,"XCL1"
"Positive Regulation Of Blood Pressure (GO:0045777)","1/8",0.231989442776984,0.767626402230071,0,0,4.26455026455026,6.23077836709001,"ID2"
"Positive Regulation Of Calcium Ion Import Across Plasma Membrane (GO:1905665)","1/8",0.231989442776984,0.767626402230071,0,0,4.26455026455026,6.23077836709001,"PPP3CC"
"Positive Regulation Of Chromatin Binding (GO:0035563)","1/8",0.231989442776984,0.767626402230071,0,0,4.26455026455026,6.23077836709001,"HMBOX1"
"Positive Regulation Of Dendritic Spine Morphogenesis (GO:0061003)","1/8",0.231989442776984,0.767626402230071,0,0,4.26455026455026,6.23077836709001,"LRP8"
"Positive Regulation Of Epithelial Cell Proliferation Involved In Wound Healing (GO:0060054)","1/8",0.231989442776984,0.767626402230071,0,0,4.26455026455026,6.23077836709001,"WNT7A"
"Positive Regulation Of Inositol Phosphate Biosynthetic Process (GO:0060732)","1/8",0.231989442776984,0.767626402230071,0,0,4.26455026455026,6.23077836709001,"P2RY6"
"Proteasome Assembly (GO:0043248)","1/8",0.231989442776984,0.767626402230071,0,0,4.26455026455026,6.23077836709001,"PSMG1"
"Purine Nucleobase Transport (GO:0006863)","1/8",0.231989442776984,0.767626402230071,0,0,4.26455026455026,6.23077836709001,"SLC28A2"
"Regulation Of CD8-positive, Alpha-Beta T Cell Proliferation (GO:2000564)","1/8",0.231989442776984,0.767626402230071,0,0,4.26455026455026,6.23077836709001,"XCL1"
"Regulation Of T-helper 1 Type Immune Response (GO:0002825)","1/8",0.231989442776984,0.767626402230071,0,0,4.26455026455026,6.23077836709001,"XCL1"
"Regulation Of Angiotensin Levels In Blood (GO:0002002)","1/8",0.231989442776984,0.767626402230071,0,0,4.26455026455026,6.23077836709001,"REN"
"Phosphorylation (GO:0016310)","17/429",0.232338179538889,0.767626402230071,0,0,1.23649302568514,1.80473736585823,"CDK17;CERKL;RNASEL;TGFB2;DGKD;PIK3CD;PPP4R1;MELK;CREB1;PEAK1;MAK;CDK1;PICK1;NEK1;SGK1;DGKH;NEK11"
"Positive Regulation Of Protein Secretion (GO:0050714)","4/76",0.233083924028741,0.767626402230071,0,0,1.66055124892334,2.41835493922883,"BLK;TGFB2;TGFB3;ANKRD1"
"Regulation Of RNA Splicing (GO:0043484)","5/102",0.236758339860673,0.767626402230071,0,0,1.54110904783249,2.220299416686,"TRA2B;RBM12B;HOXB-AS3;PRDX6;SUPT3H"
"Regulation Of Peptide Hormone Secretion (GO:0090276)","3/52",0.237936022875078,0.767626402230071,0,0,1.82934226322108,2.62648447094859,"NEUROD1;PICK1;KCNA5"
"Regulation Of Protein Localization To Nucleus (GO:1900180)","3/52",0.237936022875078,0.767626402230071,0,0,1.82934226322108,2.62648447094859,"SHH;TPR;CDK1"
"Positive Regulation Of Telomere Maintenance (GO:0032206)","3/52",0.237936022875078,0.767626402230071,0,0,1.82934226322108,2.62648447094859,"INO80D;ACTL6A;NBN"
"Positive Regulation Of Transcription Initiation By RNA Polymerase II (GO:0060261)","3/52",0.237936022875078,0.767626402230071,0,0,1.82934226322108,2.62648447094859,"MED30;MED21;MED8"
"Embryonic Organ Development (GO:0048568)","4/77",0.240106799148552,0.767626402230071,0,0,1.63771901879579,2.33648698061716,"NEUROD1;TGFB2;HOXB7;FGFR2"
"Sphingolipid Biosynthetic Process (GO:0030148)","4/77",0.240106799148552,0.767626402230071,0,0,1.63771901879579,2.33648698061716,"ELOVL1;PPM1L;ABCA8;PLPP1"
"Monoatomic Cation Homeostasis (GO:0055080)","4/77",0.240106799148552,0.767626402230071,0,0,1.63771901879579,2.33648698061716,"UNC80;SLC12A2;CNNM2;SLC39A14"
"Negative Regulation Of Transforming Growth Factor Beta Receptor Signaling Pathway (GO:0030512)","4/77",0.240106799148552,0.767626402230071,0,0,1.63771901879579,2.33648698061716,"PPM1A;HDAC1;BAMBI;STRAP"
"Cardiac Muscle Cell Action Potential (GO:0086001)","2/29",0.242146651209852,0.767626402230071,0,0,2.21237620928502,3.13761791249144,"HCN4;KCNJ2"
"Regulation Of Spindle Assembly (GO:0090169)","2/29",0.242146651209852,0.767626402230071,0,0,2.21237620928502,3.13761791249144,"TPR;CHMP4C"
"Regulation Of Striated Muscle Contraction (GO:0006942)","2/29",0.242146651209852,0.767626402230071,0,0,2.21237620928502,3.13761791249144,"HCN4;CALM2"
"Regulation Of Voltage-Gated Calcium Channel Activity (GO:1901385)","2/29",0.242146651209852,0.767626402230071,0,0,2.21237620928502,3.13761791249144,"CACNB2;PPP3CC"
"Response To Steroid Hormone (GO:0048545)","2/29",0.242146651209852,0.767626402230071,0,0,2.21237620928502,3.13761791249144,"TGFB2;TGFB3"
"Sarcomere Organization (GO:0045214)","2/29",0.242146651209852,0.767626402230071,0,0,2.21237620928502,3.13761791249144,"MYH3;ANKRD1"
"Heterotypic Cell-Cell Adhesion (GO:0034113)","2/29",0.242146651209852,0.767626402230071,0,0,2.21237620928502,3.13761791249144,"CD200R1;DSG2"
"Phosphatidic Acid Biosynthetic Process (GO:0006654)","2/29",0.242146651209852,0.767626402230071,0,0,2.21237620928502,3.13761791249144,"DGKD;DGKH"
"Nervous System Development (GO:0007399)","17/433",0.243748094076354,0.767626402230071,0,0,1.22434502799416,1.72830991410291,"MYLIP;EMX2;MARCKSL1;PPP1R17;GSX1;BDNF;ACTL6A;GRIK1;CAPG;NR2C2;NEUROD1;SHH;MOBP;ARTN;FEZ1;SLITRK6;DACT1"
"RNA Processing (GO:0006396)","8/183",0.244464378160202,0.767626402230071,0,0,1.36757744595498,1.92648675521451,"RNASEL;RSRC1;PABPC4;MAGOH;DHX15;SNRNP48;NRDE2;CCAR2"
"Regulation Of Proteasomal Protein Catabolic Process (GO:0061136)","3/53",0.246651288824402,0.767626402230071,0,0,1.79266253869969,2.50933267723006,"TMTC3;MARCHF7;PSME3IP1"
"Gonad Development (GO:0008406)","3/53",0.246651288824402,0.767626402230071,0,0,1.79266253869969,2.50933267723006,"MKKS;TGFB2;BASP1"
"Proteolysis Involved In Protein Catabolic Process (GO:0051603)","4/78",0.247177805044518,0.767626402230071,0,0,1.61550387596899,2.25790469960898,"PSMA6;ATE1;CTSL;CHMP4C"
"Regulation Of Cell Cycle Process (GO:0010564)","6/130",0.247295595871646,0.767626402230071,0,0,1.44687202127126,2.02152750362266,"KLHL9;PRC1;ACTL6A;ZNF207;CALM2;RAB11FIP4"
"Phosphate-Containing Compound Metabolic Process (GO:0006796)","8/184",0.248970037484028,0.767626402230071,0,0,1.35973620763012,1.89060811785556,"CERKL;PPM1A;PTPRC;GFPT1;GDE1;PIK3CD;NUDT5;PLPP1"
"DNA Geometric Change (GO:0032392)","2/30",0.254279866575894,0.767626402230071,0,0,2.1332523735924,2.92110467436368,"DDX1;NBN"
"Cardiac Muscle Cell Action Potential Involved In Contraction (GO:0086002)","2/30",0.254279866575894,0.767626402230071,0,0,2.1332523735924,2.92110467436368,"KCNA5;KCNJ2"
"Cytoplasmic Translational Initiation (GO:0002183)","2/30",0.254279866575894,0.767626402230071,0,0,2.1332523735924,2.92110467436368,"EIF3M;EIF2S2"
"Mitotic G2 DNA Damage Checkpoint Signaling (GO:0007095)","2/30",0.254279866575894,0.767626402230071,0,0,2.1332523735924,2.92110467436368,"CDK1;NBN"
"Negative Regulation Of Calcium Ion Transmembrane Transporter Activity (GO:1901020)","2/30",0.254279866575894,0.767626402230071,0,0,2.1332523735924,2.92110467436368,"PPP3CC;CALM2"
"Positive Regulation Of Locomotion (GO:0040017)","2/30",0.254279866575894,0.767626402230071,0,0,2.1332523735924,2.92110467436368,"CFAP20;PPM1F"
"Regulation Of Neuron Differentiation (GO:0045664)","4/79",0.254293561249459,0.767626402230071,0,0,1.5938811369509,2.18244713152869,"NEUROD1;BDNF;ID2;HOXD3"
"Regulation Of Lipid Metabolic Process (GO:0019216)","3/54",0.255415010359188,0.767626402230071,0,0,1.75742123474777,2.3986437267677,"NCOA2;ID2;PLPP1"
"Negative Regulation Of Neuron Projection Development (GO:0010977)","3/54",0.255415010359188,0.767626402230071,0,0,1.75742123474777,2.3986437267677,"MYLIP;PAQR3;TNR"
"Negative Regulation Of Protein Catabolic Process (GO:0042177)","3/54",0.255415010359188,0.767626402230071,0,0,1.75742123474777,2.3986437267677,"MARCHF7;PSME3IP1;PTPN3"
"Regulation Of Complement Activation (GO:0030449)","1/9",0.256921322732233,0.767626402230071,0,0,3.73128858024691,5.07076662234478,"CFH"
"G Protein-Coupled Serotonin Receptor Signaling Pathway (GO:0098664)","1/9",0.256921322732233,0.767626402230071,0,0,3.73128858024691,5.07076662234478,"HTR1B"
"Regulation Of High Voltage-Gated Calcium Channel Activity (GO:1901841)","1/9",0.256921322732233,0.767626402230071,0,0,3.73128858024691,5.07076662234478,"CACNB2"
"Alpha-Linolenic Acid Metabolic Process (GO:0036109)","1/9",0.256921322732233,0.767626402230071,0,0,3.73128858024691,5.07076662234478,"ELOVL1"
"Amino Sugar Biosynthetic Process (GO:0046349)","1/9",0.256921322732233,0.767626402230071,0,0,3.73128858024691,5.07076662234478,"GFPT1"
"Autophagy Of Peroxisome (GO:0030242)","1/9",0.256921322732233,0.767626402230071,0,0,3.73128858024691,5.07076662234478,"PEX5"
"Calcium Import Into The Mitochondrion (GO:0036444)","1/9",0.256921322732233,0.767626402230071,0,0,3.73128858024691,5.07076662234478,"MCUB"
"Regulation Of Receptor Binding (GO:1900120)","1/9",0.256921322732233,0.767626402230071,0,0,3.73128858024691,5.07076662234478,"BDNF"
"Regulation Of Transmembrane Transporter Activity (GO:0022898)","1/9",0.256921322732233,0.767626402230071,0,0,3.73128858024691,5.07076662234478,"ACTB"
"Cellular Response To Oxygen Levels (GO:0071453)","1/9",0.256921322732233,0.767626402230071,0,0,3.73128858024691,5.07076662234478,"PICK1"
"Chloride Ion Homeostasis (GO:0055064)","1/9",0.256921322732233,0.767626402230071,0,0,3.73128858024691,5.07076662234478,"SLC12A2"
"Chondroitin Sulfate Proteoglycan Metabolic Process (GO:0050654)","1/9",0.256921322732233,0.767626402230071,0,0,3.73128858024691,5.07076662234478,"DSEL"
"Response To Interleukin-4 (GO:0070670)","1/9",0.256921322732233,0.767626402230071,0,0,3.73128858024691,5.07076662234478,"XCL1"
"Response To Platelet-Derived Growth Factor (GO:0036119)","1/9",0.256921322732233,0.767626402230071,0,0,3.73128858024691,5.07076662234478,"HDAC1"
"Smooth Muscle Tissue Development (GO:0048745)","1/9",0.256921322732233,0.767626402230071,0,0,3.73128858024691,5.07076662234478,"SHH"
"Epithelial Cilium Movement Involved In Determination Of Left/Right Asymmetry (GO:0060287)","1/9",0.256921322732233,0.767626402230071,0,0,3.73128858024691,5.07076662234478,"NPHP3"
"Excitatory Synapse Assembly (GO:1904861)","1/9",0.256921322732233,0.767626402230071,0,0,3.73128858024691,5.07076662234478,"WNT7A"
"Telomere Maintenance Via Recombination (GO:0000722)","1/9",0.256921322732233,0.767626402230071,0,0,3.73128858024691,5.07076662234478,"SMC5"
"Fructose 6-Phosphate Metabolic Process (GO:0006002)","1/9",0.256921322732233,0.767626402230071,0,0,3.73128858024691,5.07076662234478,"GFPT1"
"Vasoconstriction (GO:0042310)","1/9",0.256921322732233,0.767626402230071,0,0,3.73128858024691,5.07076662234478,"KEL"
"Vesicle Fusion With Vacuole (GO:0051469)","1/9",0.256921322732233,0.767626402230071,0,0,3.73128858024691,5.07076662234478,"CHMP4C"
"Wound Healing, Spreading Of Epidermal Cells (GO:0035313)","1/9",0.256921322732233,0.767626402230071,0,0,3.73128858024691,5.07076662234478,"WNT7A"
"Histone Methylation (GO:0016571)","1/9",0.256921322732233,0.767626402230071,0,0,3.73128858024691,5.07076662234478,"SMYD2"
"Homocysteine Metabolic Process (GO:0050667)","1/9",0.256921322732233,0.767626402230071,0,0,3.73128858024691,5.07076662234478,"MMUT"
"Homologous Recombination (GO:0035825)","1/9",0.256921322732233,0.767626402230071,0,0,3.73128858024691,5.07076662234478,"NBN"
"Iron Ion Transmembrane Transport (GO:0034755)","1/9",0.256921322732233,0.767626402230071,0,0,3.73128858024691,5.07076662234478,"SLC39A14"
"Monoatomic Anion Homeostasis (GO:0055081)","1/9",0.256921322732233,0.767626402230071,0,0,3.73128858024691,5.07076662234478,"SLC12A2"
"Morphogenesis Of An Epithelial Sheet (GO:0002011)","1/9",0.256921322732233,0.767626402230071,0,0,3.73128858024691,5.07076662234478,"LIN7C"
"Motor Neuron Axon Guidance (GO:0008045)","1/9",0.256921322732233,0.767626402230071,0,0,3.73128858024691,5.07076662234478,"SLIT1"
"Multivesicular Body-Lysosome Fusion (GO:0061763)","1/9",0.256921322732233,0.767626402230071,0,0,3.73128858024691,5.07076662234478,"CHMP4C"
"Myelin Maintenance (GO:0043217)","1/9",0.256921322732233,0.767626402230071,0,0,3.73128858024691,5.07076662234478,"PRDX6"
"Negative Regulation Of Alpha-Beta T Cell Proliferation (GO:0046642)","1/9",0.256921322732233,0.767626402230071,0,0,3.73128858024691,5.07076662234478,"XCL1"
"Negative Regulation Of Establishment Of Protein Localization (GO:1904950)","1/9",0.256921322732233,0.767626402230071,0,0,3.73128858024691,5.07076662234478,"PPM1F"
"Negative Regulation Of Leukocyte Migration (GO:0002686)","1/9",0.256921322732233,0.767626402230071,0,0,3.73128858024691,5.07076662234478,"CD200R1"
"Nerve Growth Factor Signaling Pathway (GO:0038180)","1/9",0.256921322732233,0.767626402230071,0,0,3.73128858024691,5.07076662234478,"KIDINS220"
"Neurotransmitter Receptor Transport To Postsynaptic Membrane (GO:0098969)","1/9",0.256921322732233,0.767626402230071,0,0,3.73128858024691,5.07076662234478,"NCOA2"
"Organic Hydroxy Compound Catabolic Process (GO:1901616)","1/9",0.256921322732233,0.767626402230071,0,0,3.73128858024691,5.07076662234478,"CYP24A1"
"Peptidyl-Lysine Dimethylation (GO:0018027)","1/9",0.256921322732233,0.767626402230071,0,0,3.73128858024691,5.07076662234478,"SMYD2"
"Peptidyl-Serine Dephosphorylation (GO:0070262)","1/9",0.256921322732233,0.767626402230071,0,0,3.73128858024691,5.07076662234478,"PPM1F"
"Positive Regulation Of RNA Biosynthetic Process (GO:1902680)","1/9",0.256921322732233,0.767626402230071,0,0,3.73128858024691,5.07076662234478,"TOP2B"
"Positive Regulation Of Cardiocyte Differentiation (GO:1905209)","1/9",0.256921322732233,0.767626402230071,0,0,3.73128858024691,5.07076662234478,"TGFB2"
"Positive Regulation Of Leukocyte Apoptotic Process (GO:2000108)","1/9",0.256921322732233,0.767626402230071,0,0,3.73128858024691,5.07076662234478,"PIK3CD"
"Positive Regulation Of Lipase Activity (GO:0060193)","1/9",0.256921322732233,0.767626402230071,0,0,3.73128858024691,5.07076662234478,"FGFR2"
"Positive Regulation Of rRNA Processing (GO:2000234)","1/9",0.256921322732233,0.767626402230071,0,0,3.73128858024691,5.07076662234478,"WDR75"
"Positive Regulation Of Smooth Muscle Contraction (GO:0045987)","1/9",0.256921322732233,0.767626402230071,0,0,3.73128858024691,5.07076662234478,"PROK2"
"Positive Regulation Of Sodium Ion Transmembrane Transport (GO:1902307)","1/9",0.256921322732233,0.767626402230071,0,0,3.73128858024691,5.07076662234478,"GLRX"
"Postsynapse Assembly (GO:0099068)","1/9",0.256921322732233,0.767626402230071,0,0,3.73128858024691,5.07076662234478,"WNT7A"
"Protein Localization To Nuclear Envelope (GO:0090435)","1/9",0.256921322732233,0.767626402230071,0,0,3.73128858024691,5.07076662234478,"NUP54"
"Quinone Metabolic Process (GO:1901661)","1/9",0.256921322732233,0.767626402230071,0,0,3.73128858024691,5.07076662234478,"UBIAD1"
"Regulation Of CD4-positive, Alpha-Beta T Cell Proliferation (GO:2000561)","1/9",0.256921322732233,0.767626402230071,0,0,3.73128858024691,5.07076662234478,"XCL1"
"Regulation Of Actin Filament-Based Movement (GO:1903115)","1/9",0.256921322732233,0.767626402230071,0,0,3.73128858024691,5.07076662234478,"MYLK2"
"Regulation Of Animal Organ Morphogenesis (GO:2000027)","1/9",0.256921322732233,0.767626402230071,0,0,3.73128858024691,5.07076662234478,"SHH"
"Circulatory System Development (GO:0072359)","6/132",0.258171617571092,0.767626402230071,0,0,1.42375768347775,1.92795403242908,"TGFB2;SHH;MKKS;NCOA6;ID2;PRICKLE4"
"Regulation Of G1/S Transition Of Mitotic Cell Cycle (GO:2000045)","5/106",0.261158286488688,0.767626402230071,0,0,1.47976754197159,1.98677821408813,"RRM2;ID2;ACTL6A;TMEM14B;DACT1"
"Calcium Ion Transmembrane Transport (GO:0070588)","4/80",0.261450715038008,0.767626402230071,0,0,1.57282741738066,2.10996289625866,"MCUB;CACNA2D4;MCOLN2;RYR3"
"Positive Regulation Of Apoptotic Process (GO:0043065)","11/270",0.262744113441055,0.767626402230071,0,0,1.27093596059113,1.69870081609078,"NEUROD1;TFAP2A;TGFB2;MELK;CTSL;TGFB3;CASP6;ANKRD1;PAWR;FOXL2;CCAR2"
"Bile Acid Metabolic Process (GO:0008206)","2/31",0.266424814633708,0.767626402230071,0,0,2.05958535415445,2.72413774825719,"UGT2A2;UGT2A1"
"Regulation Of Protein Autophosphorylation (GO:0031952)","2/31",0.266424814633708,0.767626402230071,0,0,2.05958535415445,2.72413774825719,"NBN;CALM2"
"Regulation Of Protein Localization To Cell Surface (GO:2000008)","2/31",0.266424814633708,0.767626402230071,0,0,2.05958535415445,2.72413774825719,"ACTN2;BDNF"
"Regulation Of Response To Biotic Stimulus (GO:0002831)","2/31",0.266424814633708,0.767626402230071,0,0,2.05958535415445,2.72413774825719,"HERC5;LRP8"
"Triglyceride Homeostasis (GO:0070328)","2/31",0.266424814633708,0.767626402230071,0,0,2.05958535415445,2.72413774825719,"APOA4;APOA5"
"Modulation Of Excitatory Postsynaptic Potential (GO:0098815)","2/31",0.266424814633708,0.767626402230071,0,0,2.05958535415445,2.72413774825719,"WNT7A;SHANK1"
"Negative Chemotaxis (GO:0050919)","2/31",0.266424814633708,0.767626402230071,0,0,2.05958535415445,2.72413774825719,"LRTM2;SLIT1"
"Regulation Of Cellular Response To Stress (GO:0080135)","5/107",0.267349349878352,0.767626402230071,0,0,1.46518389964682,1.93286920748607,"INO80D;CHORDC1;ACTL6A;SMYD2;SUPT3H"
"RNA Polymerase II Preinitiation Complex Assembly (GO:0051123)","3/56",0.27306340471403,0.767626402230071,0,0,1.69092820842339,2.19491148993028,"MED30;MED21;MED8"
"Positive Regulation Of DNA-templated Transcription Initiation (GO:2000144)","3/56",0.27306340471403,0.767626402230071,0,0,1.69092820842339,2.19491148993028,"MED30;MED21;MED8"
"Positive Regulation Of DNA-templated Transcription, Elongation (GO:0032786)","3/56",0.27306340471403,0.767626402230071,0,0,1.69092820842339,2.19491148993028,"MED30;MED21;MED8"
"Regulation Of Cation Channel Activity (GO:2001257)","3/56",0.27306340471403,0.767626402230071,0,0,1.69092820842339,2.19491148993028,"HCN4;CACNB2;CALM2"
"Sodium Ion Transmembrane Transport (GO:0035725)","4/82",0.275875963494629,0.767626402230071,0,0,1.53233949513019,1.97335281152168,"HCN4;SLC12A2;SLC9A5;SLC9A8"
"Regulation Of Cholesterol Efflux (GO:0010874)","2/32",0.278567978835774,0.767626402230071,0,0,1.9908294693457,2.5444655279407,"SHH;ABCA8"
"Gluconeogenesis (GO:0006094)","2/32",0.278567978835774,0.767626402230071,0,0,1.9908294693457,2.5444655279407,"SLC39A14;PGM1"
"Histone Lysine Methylation (GO:0034968)","2/32",0.278567978835774,0.767626402230071,0,0,1.9908294693457,2.5444655279407,"NCOA6;SMYD2"
"Left/Right Pattern Formation (GO:0060972)","2/32",0.278567978835774,0.767626402230071,0,0,1.9908294693457,2.5444655279407,"MKKS;NPHP3"
"Mitochondrial Membrane Organization (GO:0007006)","2/32",0.278567978835774,0.767626402230071,0,0,1.9908294693457,2.5444655279407,"SAMM50;OPA1"
"Regulation Of Calcium Ion Transmembrane Transporter Activity (GO:1901019)","2/32",0.278567978835774,0.767626402230071,0,0,1.9908294693457,2.5444655279407,"CACNB2;CALM2"
"Cell-Matrix Adhesion (GO:0007160)","5/109",0.279826050422385,0.767626402230071,0,0,1.43685797897754,1.82996381150054,"ACTN2;PEAK1;ITGB8;HOXD3;NID2"
"Positive Regulation Of Wnt Signaling Pathway (GO:0030177)","5/109",0.279826050422385,0.767626402230071,0,0,1.43685797897754,1.82996381150054,"PPM1A;BAMBI;CCAR2;FGFR2;DACT1"
"Regulation Of Chromatin Binding (GO:0035561)","1/10",0.281045046420211,0.767626402230071,0,0,3.31652949245542,4.20947293754852,"HMBOX1"
"UDP-N-acetylglucosamine Metabolic Process (GO:0006047)","1/10",0.281045046420211,0.767626402230071,0,0,3.31652949245542,4.20947293754852,"GFPT1"
"Regulation Of Mitotic Sister Chromatid Separation (GO:0010965)","1/10",0.281045046420211,0.767626402230071,0,0,3.31652949245542,4.20947293754852,"TPR"
"Atrial Septum Morphogenesis (GO:0060413)","1/10",0.281045046420211,0.767626402230071,0,0,3.31652949245542,4.20947293754852,"TGFB2"
"Regulation Of Nuclear-Transcribed mRNA Catabolic Process, Nonsense-Mediated Decay (GO:2000622)","1/10",0.281045046420211,0.767626402230071,0,0,3.31652949245542,4.20947293754852,"MAGOH"
"Basement Membrane Organization (GO:0071711)","1/10",0.281045046420211,0.767626402230071,0,0,3.31652949245542,4.20947293754852,"NID2"
"Regulation Of Phospholipase Activity (GO:0010517)","1/10",0.281045046420211,0.767626402230071,0,0,3.31652949245542,4.20947293754852,"FGFR2"
"calcineurin-NFAT Signaling Cascade (GO:0033173)","1/10",0.281045046420211,0.767626402230071,0,0,3.31652949245542,4.20947293754852,"PPP3CC"
"Cardiac Muscle Cell Membrane Repolarization (GO:0099622)","1/10",0.281045046420211,0.767626402230071,0,0,3.31652949245542,4.20947293754852,"KCNJ2"
"Cell Proliferation In Forebrain (GO:0021846)","1/10",0.281045046420211,0.767626402230071,0,0,3.31652949245542,4.20947293754852,"WNT7A"
"Cellular Response To UV-A (GO:0071492)","1/10",0.281045046420211,0.767626402230071,0,0,3.31652949245542,4.20947293754852,"OPN5"
"Cellular Response To Leucine (GO:0071233)","1/10",0.281045046420211,0.767626402230071,0,0,3.31652949245542,4.20947293754852,"LARS1"
"Copper Ion Transport (GO:0006825)","1/10",0.281045046420211,0.767626402230071,0,0,3.31652949245542,4.20947293754852,"ATP7B"
"Response To Leucine (GO:0043201)","1/10",0.281045046420211,0.767626402230071,0,0,3.31652949245542,4.20947293754852,"LARS1"
"Diol Metabolic Process (GO:0034311)","1/10",0.281045046420211,0.767626402230071,0,0,3.31652949245542,4.20947293754852,"PLPP1"
"Sarcoplasmic Reticulum Calcium Ion Transport (GO:0070296)","1/10",0.281045046420211,0.767626402230071,0,0,3.31652949245542,4.20947293754852,"RYR3"
"Signal Release (GO:0023061)","1/10",0.281045046420211,0.767626402230071,0,0,3.31652949245542,4.20947293754852,"KPNA4"
"Endosomal Vesicle Fusion (GO:0034058)","1/10",0.281045046420211,0.767626402230071,0,0,3.31652949245542,4.20947293754852,"SAMD9"
"Small Nucleolar Ribonucleoprotein Complex Assembly (GO:0000491)","1/10",0.281045046420211,0.767626402230071,0,0,3.31652949245542,4.20947293754852,"ZNHIT6"
"snRNA Transcription By RNA Polymerase II (GO:0042795)","1/10",0.281045046420211,0.767626402230071,0,0,3.31652949245542,4.20947293754852,"SNAPC5"
"Epithelial Cell Apoptotic Process (GO:1904019)","1/10",0.281045046420211,0.767626402230071,0,0,3.31652949245542,4.20947293754852,"CASP6"
"Steroid Hormone Mediated Signaling Pathway (GO:0043401)","1/10",0.281045046420211,0.767626402230071,0,0,3.31652949245542,4.20947293754852,"PLPP1"
"Urogenital System Development (GO:0001655)","1/10",0.281045046420211,0.767626402230071,0,0,3.31652949245542,4.20947293754852,"SHH"
"Vacuole Fusion (GO:0097576)","1/10",0.281045046420211,0.767626402230071,0,0,3.31652949245542,4.20947293754852,"CHMP4C"
"Heparan Sulfate Proteoglycan Biosynthetic Process, Enzymatic Modification (GO:0015015)","1/10",0.281045046420211,0.767626402230071,0,0,3.31652949245542,4.20947293754852,"HS3ST3B1"
"Induction Of Positive Chemotaxis (GO:0050930)","1/10",0.281045046420211,0.767626402230071,0,0,3.31652949245542,4.20947293754852,"IL16"
"Lens Fiber Cell Differentiation (GO:0070306)","1/10",0.281045046420211,0.767626402230071,0,0,3.31652949245542,4.20947293754852,"WNT7A"
"Mast Cell Activation Involved In Immune Response (GO:0002279)","1/10",0.281045046420211,0.767626402230071,0,0,3.31652949245542,4.20947293754852,"PIK3CD"
"Mast Cell Degranulation (GO:0043303)","1/10",0.281045046420211,0.767626402230071,0,0,3.31652949245542,4.20947293754852,"PIK3CD"
"Megakaryocyte Development (GO:0035855)","1/10",0.281045046420211,0.767626402230071,0,0,3.31652949245542,4.20947293754852,"ZNF385A"
"Metanephric Mesenchyme Development (GO:0072075)","1/10",0.281045046420211,0.767626402230071,0,0,3.31652949245542,4.20947293754852,"SHH"
"Microtubule Anchoring At Centrosome (GO:0034454)","1/10",0.281045046420211,0.767626402230071,0,0,3.31652949245542,4.20947293754852,"CCDC68"
"Mitochondrial Respirasome Assembly (GO:0097250)","1/10",0.281045046420211,0.767626402230071,0,0,3.31652949245542,4.20947293754852,"COX7A2"
"Mitotic Spindle Elongation (GO:0000022)","1/10",0.281045046420211,0.767626402230071,0,0,3.31652949245542,4.20947293754852,"PRC1"
"Mitotic Spindle Midzone Assembly (GO:0051256)","1/10",0.281045046420211,0.767626402230071,0,0,3.31652949245542,4.20947293754852,"PRC1"
"Muscle Filament Sliding (GO:0030049)","1/10",0.281045046420211,0.767626402230071,0,0,3.31652949245542,4.20947293754852,"MYH3"
"Negative Regulation Of Activated T Cell Proliferation (GO:0046007)","1/10",0.281045046420211,0.767626402230071,0,0,3.31652949245542,4.20947293754852,"PRKAR1A"
"Negative Regulation Of Adenylate Cyclase Activity (GO:0007194)","1/10",0.281045046420211,0.767626402230071,0,0,3.31652949245542,4.20947293754852,"GNAI3"
"Negative Regulation Of Cholesterol Transport (GO:0032375)","1/10",0.281045046420211,0.767626402230071,0,0,3.31652949245542,4.20947293754852,"SHH"
"Negative Regulation Of Lymphocyte Migration (GO:2000402)","1/10",0.281045046420211,0.767626402230071,0,0,3.31652949245542,4.20947293754852,"CD200R1"
"Negative Regulation Of Oxidoreductase Activity (GO:0051354)","1/10",0.281045046420211,0.767626402230071,0,0,3.31652949245542,4.20947293754852,"ETFBKMT"
"Negative Regulation Of Response To Cytokine Stimulus (GO:0060761)","1/10",0.281045046420211,0.767626402230071,0,0,3.31652949245542,4.20947293754852,"PTPRC"
"Positive Regulation Of MHC Class II Biosynthetic Process (GO:0045348)","1/10",0.281045046420211,0.767626402230071,0,0,3.31652949245542,4.20947293754852,"CIITA"
"Positive Regulation Of Macrophage Differentiation (GO:0045651)","1/10",0.281045046420211,0.767626402230071,0,0,3.31652949245542,4.20947293754852,"ID2"
"Positive Regulation Of Transforming Growth Factor Beta Production (GO:0071636)","1/10",0.281045046420211,0.767626402230071,0,0,3.31652949245542,4.20947293754852,"XCL1"
"Prostaglandin Transport (GO:0015732)","1/10",0.281045046420211,0.767626402230071,0,0,3.31652949245542,4.20947293754852,"SLC22A8"
"Protein auto-ADP-ribosylation (GO:0070213)","1/10",0.281045046420211,0.767626402230071,0,0,3.31652949245542,4.20947293754852,"PARP12"
"Receptor-Mediated Endocytosis Of Virus By Host Cell (GO:0019065)","1/10",0.281045046420211,0.767626402230071,0,0,3.31652949245542,4.20947293754852,"CTSL"
"Regulation Of ERAD Pathway (GO:1904292)","1/10",0.281045046420211,0.767626402230071,0,0,3.31652949245542,4.20947293754852,"USP25"
"Regulation Of T-helper 2 Cell Cytokine Production (GO:2000551)","1/10",0.281045046420211,0.767626402230071,0,0,3.31652949245542,4.20947293754852,"XCL1"
"Regulation Of Calcium Ion Import Across Plasma Membrane (GO:1905664)","1/10",0.281045046420211,0.767626402230071,0,0,3.31652949245542,4.20947293754852,"PPP3CC"
"Regulation Of Calcium Ion Transmembrane Transport Via High Voltage-Gated Calcium Channel (GO:1902514)","1/10",0.281045046420211,0.767626402230071,0,0,3.31652949245542,4.20947293754852,"CACNB2"
"Regulation Of Transcription Initiation By RNA Polymerase II (GO:0060260)","3/57",0.281936239458568,0.767626402230071,0,0,1.65952872377021,2.10108672506123,"MED30;MED21;MED8"
"Striated Muscle Contraction (GO:0006941)","3/57",0.281936239458568,0.767626402230071,0,0,1.65952872377021,2.10108672506123,"MYLK2;MYH3;RYR3"
"Membrane Lipid Biosynthetic Process (GO:0046467)","3/57",0.281936239458568,0.767626402230071,0,0,1.65952872377021,2.10108672506123,"ELOVL1;PPM1L;PLPP1"
"Plasma Membrane Bounded Cell Projection Assembly (GO:0120031)","11/275",0.281975711057141,0.767626402230071,0,0,1.24653866248694,1.57803610241604,"FGD5;MKKS;ACTN2;MAK;S1PR1;CEP83;NEK1;NPHP3;IFT80;CEP20;CFAP20"
"Vascular Transport (GO:0010232)","4/83",0.283137520950807,0.767626402230071,0,0,1.51286429202237,1.90896629330812,"SLC12A2;SLC22A8;SLC28A2;ABCG2"
"Regulation Of DNA-templated Transcription (GO:0006355)","67/1922",0.283996115391014,0.767626402230071,0,0,1.08579209158863,1.36678935094874,"CIITA;FOXE3;AHR;GLI1;CHD2;HOXA13;ACTB;CCAR2;SHH;BASP1;ANKRD1;BBX;FOXD3;NCOA2;NCOA6;ACTL6A;MED8;FOXL2;VEZF1;PAX5;RUNX2;SUPT3H;MLF1;PPM1A;MYH2;CREB1;PRKAR1A;MED21;SUB1;ELF5;HOXB3;XCL1;TFAM;HOXB8;HOXB7;HOXB6;HOXB5;INO80D;HDAC1;PRDM14;FOXK1;NR2C2;PPM1F;NEUROD1;STRA8;HMBOX1;MED30;NFIL3;TP53INP2;MSX1;NKX2-2;RUNX1T1;CDK17;TFAP2A;PCGF6;TFAP2D;HELT;TGFB3;WNT7A;BAMBI;ZFAT;ID2;BHLHE40;HOXD3;RCOR3;SSBP2;SP9"
"Transcription By RNA Polymerase II (GO:0006366)","8/192",0.28590593445335,0.767626402230071,0,0,1.30007461168012,1.62781357032642,"SNAPC5;NCOA2;FOXE3;CREB1;SUB1;TRIM24;PAX5;GTF2H3"
"Purine Ribonucleotide Metabolic Process (GO:0009150)","4/84",0.290427407232768,0.767626402230071,0,0,1.49387596899225,1.84703067256515,"MYH3;OPA1;ACOT12;GNAI3"
"Actin Filament Bundle Assembly (GO:0051017)","2/33",0.290696705019671,0.767626402230071,0,0,1.92650944807299,2.38015388685249,"PAWR;PLS1"
"Actin Filament Bundle Organization (GO:0061572)","2/33",0.290696705019671,0.767626402230071,0,0,1.92650944807299,2.38015388685249,"PAWR;PLS1"
"Signal Transduction By P53 Class Mediator (GO:0072331)","2/33",0.290696705019671,0.767626402230071,0,0,1.92650944807299,2.38015388685249,"CASP6;NBN"
"Vasculogenesis (GO:0001570)","2/33",0.290696705019671,0.767626402230071,0,0,1.92650944807299,2.38015388685249,"SHH;ITGB8"
"Ventricular Cardiac Muscle Tissue Morphogenesis (GO:0055010)","2/33",0.290696705019671,0.767626402230071,0,0,1.92650944807299,2.38015388685249,"TGFB2;FGFR2"
"Phosphatidic Acid Metabolic Process (GO:0046473)","2/33",0.290696705019671,0.767626402230071,0,0,1.92650944807299,2.38015388685249,"DGKD;DGKH"
"Positive Regulation Of Chromosome Organization (GO:2001252)","2/33",0.290696705019671,0.767626402230071,0,0,1.92650944807299,2.38015388685249,"CDK1;NBN"
"Positive Regulation Of Ion Transmembrane Transporter Activity (GO:0032414)","2/33",0.290696705019671,0.767626402230071,0,0,1.92650944807299,2.38015388685249,"ACTN2;GLRX"
"Protein K63-linked Deubiquitination (GO:0070536)","2/33",0.290696705019671,0.767626402230071,0,0,1.92650944807299,2.38015388685249,"OTUD4;USP25"
"Response To Organic Cyclic Compound (GO:0014070)","3/58",0.290833859796512,0.767626402230071,0,0,1.62927103855896,2.01215478887843,"CREB1;CYP24A1;TPR"
"mRNA Transport (GO:0051028)","3/58",0.290833859796512,0.767626402230071,0,0,1.62927103855896,2.01215478887843,"NUP133;MAGOH;TPR"
"Memory (GO:0007613)","3/58",0.290833859796512,0.767626402230071,0,0,1.62927103855896,2.01215478887843,"BDNF;SGK1;SHANK1"
"Muscle Organ Development (GO:0007517)","3/58",0.290833859796512,0.767626402230071,0,0,1.62927103855896,2.01215478887843,"MYH3;CHD2;SGCG"
"Double-Strand Break Repair Via Homologous Recombination (GO:0000724)","5/111",0.29241495951475,0.767626402230071,0,0,1.40960096097504,1.73321911075101,"RAD52;EID3;SMC5;MCM5;NBN"
"Negative Regulation Of Transmembrane Receptor Protein Serine/Threonine Kinase Signaling Pathway (GO:0090101)","5/111",0.29241495951475,0.767626402230071,0,0,1.40960096097504,1.73321911075101,"PPM1A;BAMBI;HDAC1;SOSTDC1;STRAP"
"Regulation Of Kinase Activity (GO:0043549)","4/85",0.297742454850561,0.767626402230071,0,0,1.47535649344435,1.78743335836301,"CCNYL1;NBN;ROR2;FGFR2"
"Establishment Of Protein Localization To Organelle (GO:0072594)","4/85",0.297742454850561,0.767626402230071,0,0,1.47535649344435,1.78743335836301,"NUP133;TPR;KPNA4;NUP153"
"Transport Across Blood-Brain Barrier (GO:0150104)","4/85",0.297742454850561,0.767626402230071,0,0,1.47535649344435,1.78743335836301,"SLC12A2;SLC22A8;SLC28A2;ABCG2"
"Membrane Organization (GO:0061024)","7/167",0.299380240924739,0.767626402230071,0,0,1.30779789719626,1.57725762838463,"RTP2;SYNGR2;OPA1;CHMP4C;PICK1;TLCD1;EXOC2"
"Transcription Preinitiation Complex Assembly (GO:0070897)","3/59",0.299750729524086,0.767626402230071,0,0,1.60009398496241,1.92779971554727,"MED30;MED21;MED8"
"Heart Morphogenesis (GO:0003007)","3/59",0.299750729524086,0.767626402230071,0,0,1.60009398496241,1.92779971554727,"MYLK2;TGFB2;ANKRD1"
"Negative Regulation Of Cytokine-Mediated Signaling Pathway (GO:0001960)","3/59",0.299750729524086,0.767626402230071,0,0,1.60009398496241,1.92779971554727,"OTUD4;PTPRC;SLIT1"
"Negative Regulation Of Protein-Containing Complex Assembly (GO:0031333)","3/59",0.299750729524086,0.767626402230071,0,0,1.60009398496241,1.92779971554727,"PPM1A;PEX5;DACT1"
"Regulation Of Cell Death (GO:0010941)","3/59",0.299750729524086,0.767626402230071,0,0,1.60009398496241,1.92779971554727,"CASP6;CHMP4C;CCN2"
"ATP Metabolic Process (GO:0046034)","2/34",0.302799159596486,0.767626402230071,0,0,1.86620942812983,2.22953340508041,"MYH3;NUDT5"
"Regulation Of Metal Ion Transport (GO:0010959)","2/34",0.302799159596486,0.767626402230071,0,0,1.86620942812983,2.22953340508041,"KCNA5;IL16"
"Cellular Response To Glucose Stimulus (GO:0071333)","2/34",0.302799159596486,0.767626402230071,0,0,1.86620942812983,2.22953340508041,"TRA2B;SLC39A14"
"Embryonic Skeletal System Development (GO:0048706)","2/34",0.302799159596486,0.767626402230071,0,0,1.86620942812983,2.22953340508041,"HOXB3;HOXD3"
"Sister Chromatid Segregation (GO:0000819)","2/34",0.302799159596486,0.767626402230071,0,0,1.86620942812983,2.22953340508041,"TOP2B;ZNF207"
"Smoothened Signaling Pathway (GO:0007224)","2/34",0.302799159596486,0.767626402230071,0,0,1.86620942812983,2.22953340508041,"SHH;GLI1"
"Inner Mitochondrial Membrane Organization (GO:0007007)","2/34",0.302799159596486,0.767626402230071,0,0,1.86620942812983,2.22953340508041,"SAMM50;OPA1"
"Positive Regulation Of Immunoglobulin Production (GO:0002639)","2/34",0.302799159596486,0.767626402230071,0,0,1.86620942812983,2.22953340508041,"PTPRC;XCL1"
"Positive Regulation Of Neuron Death (GO:1901216)","2/34",0.302799159596486,0.767626402230071,0,0,1.86620942812983,2.22953340508041,"TFAP2A;TGFB2"
"Regulation Of DNA Biosynthetic Process (GO:2000278)","2/34",0.302799159596486,0.767626402230071,0,0,1.86620942812983,2.22953340508041,"HMBOX1;ANKRD1"
"Regulation Of Cilium Movement (GO:0003352)","1/11",0.304386770583824,0.767626402230071,0,0,2.98472222222222,3.5501960975163,"CRNN"
"Regulation Of Glycogen Metabolic Process (GO:0070873)","1/11",0.304386770583824,0.767626402230071,0,0,2.98472222222222,3.5501960975163,"PPP1R3D"
"RNA Splicing, Via Endonucleolytic Cleavage And Ligation (GO:0000394)","1/11",0.304386770583824,0.767626402230071,0,0,2.98472222222222,3.5501960975163,"DDX1"
"Regulation Of Mesenchymal Cell Proliferation (GO:0010464)","1/11",0.304386770583824,0.767626402230071,0,0,2.98472222222222,3.5501960975163,"FGFR2"
"Regulation Of Microtubule-Based Movement (GO:0060632)","1/11",0.304386770583824,0.767626402230071,0,0,2.98472222222222,3.5501960975163,"CRNN"
"Base-Excision Repair, AP Site Formation (GO:0006285)","1/11",0.304386770583824,0.767626402230071,0,0,2.98472222222222,3.5501960975163,"SMUG1"
"Brain Morphogenesis (GO:0048854)","1/11",0.304386770583824,0.767626402230071,0,0,2.98472222222222,3.5501960975163,"MKKS"
"Calcineurin-Mediated Signaling (GO:0097720)","1/11",0.304386770583824,0.767626402230071,0,0,2.98472222222222,3.5501960975163,"PPP3CC"
"Catecholamine Biosynthetic Process (GO:0042423)","1/11",0.304386770583824,0.767626402230071,0,0,2.98472222222222,3.5501960975163,"TGFB2"
"Cellular Response To Superoxide (GO:0071451)","1/11",0.304386770583824,0.767626402230071,0,0,2.98472222222222,3.5501960975163,"APOA4"
"Cellular Response To Thyroid Hormone Stimulus (GO:0097067)","1/11",0.304386770583824,0.767626402230071,0,0,2.98472222222222,3.5501960975163,"CTSL"
"Regulation Of Ventricular Cardiac Muscle Cell Action Potential (GO:0098911)","1/11",0.304386770583824,0.767626402230071,0,0,2.98472222222222,3.5501960975163,"DSG2"
"Cochlea Morphogenesis (GO:0090103)","1/11",0.304386770583824,0.767626402230071,0,0,2.98472222222222,3.5501960975163,"TIFAB"
"Detection Of Light Stimulus Involved In Sensory Perception (GO:0050962)","1/11",0.304386770583824,0.767626402230071,0,0,2.98472222222222,3.5501960975163,"CACNA2D4"
"Detection Of Light Stimulus Involved In Visual Perception (GO:0050908)","1/11",0.304386770583824,0.767626402230071,0,0,2.98472222222222,3.5501960975163,"CACNA2D4"
"Digestive System Development (GO:0055123)","1/11",0.304386770583824,0.767626402230071,0,0,2.98472222222222,3.5501960975163,"FGFR2"
"Double-Strand Break Repair Via Break-Induced Replication (GO:0000727)","1/11",0.304386770583824,0.767626402230071,0,0,2.98472222222222,3.5501960975163,"MCM5"
"Self Proteolysis (GO:0097264)","1/11",0.304386770583824,0.767626402230071,0,0,2.98472222222222,3.5501960975163,"SHH"
"Endosomal Lumen Acidification (GO:0048388)","1/11",0.304386770583824,0.767626402230071,0,0,2.98472222222222,3.5501960975163,"ATP6V0A1"
"Sphingoid Metabolic Process (GO:0046519)","1/11",0.304386770583824,0.767626402230071,0,0,2.98472222222222,3.5501960975163,"PLPP1"
"Sulfate Transport (GO:0008272)","1/11",0.304386770583824,0.767626402230071,0,0,2.98472222222222,3.5501960975163,"SLC26A2"
"tRNA Splicing, Via Endonucleolytic Cleavage And Ligation (GO:0006388)","1/11",0.304386770583824,0.767626402230071,0,0,2.98472222222222,3.5501960975163,"DDX1"
"Tetrahydrofolate Metabolic Process (GO:0046653)","1/11",0.304386770583824,0.767626402230071,0,0,2.98472222222222,3.5501960975163,"MTHFD2L"
"Vitamin D Metabolic Process (GO:0042359)","1/11",0.304386770583824,0.767626402230071,0,0,2.98472222222222,3.5501960975163,"CYP24A1"
"Inner Ear Receptor Cell Stereocilium Organization (GO:0060122)","1/11",0.304386770583824,0.767626402230071,0,0,2.98472222222222,3.5501960975163,"PLS1"
"Intracellular Copper Ion Homeostasis (GO:0006878)","1/11",0.304386770583824,0.767626402230071,0,0,2.98472222222222,3.5501960975163,"ATP7B"
"Lysosomal Membrane Organization (GO:0097212)","1/11",0.304386770583824,0.767626402230071,0,0,2.98472222222222,3.5501960975163,"CHMP4C"
"Mast Cell Mediated Immunity (GO:0002448)","1/11",0.304386770583824,0.767626402230071,0,0,2.98472222222222,3.5501960975163,"PIK3CD"
"Mitochondrial Genome Maintenance (GO:0000002)","1/11",0.304386770583824,0.767626402230071,0,0,2.98472222222222,3.5501960975163,"OPA1"
"Negative Regulation Of CD4-positive, Alpha-Beta T Cell Activation (GO:2000515)","1/11",0.304386770583824,0.767626402230071,0,0,2.98472222222222,3.5501960975163,"XCL1"
"Negative Regulation Of RNA Metabolic Process (GO:0051253)","1/11",0.304386770583824,0.767626402230071,0,0,2.98472222222222,3.5501960975163,"NRDE2"
"Negative Regulation Of Amyloid Fibril Formation (GO:1905907)","1/11",0.304386770583824,0.767626402230071,0,0,2.98472222222222,3.5501960975163,"PFDN4"
"Negative Regulation Of Cell Division (GO:0051782)","1/11",0.304386770583824,0.767626402230071,0,0,2.98472222222222,3.5501960975163,"CHMP4C"
"Negative Regulation Of Cyclase Activity (GO:0031280)","1/11",0.304386770583824,0.767626402230071,0,0,2.98472222222222,3.5501960975163,"GNAI3"
"Negative Regulation Of Glucose Transmembrane Transport (GO:0010829)","1/11",0.304386770583824,0.767626402230071,0,0,2.98472222222222,3.5501960975163,"PEA15"
"Negative Regulation Of Myotube Differentiation (GO:0010832)","1/11",0.304386770583824,0.767626402230071,0,0,2.98472222222222,3.5501960975163,"HDAC1"
"Negative Regulation Of Release Of Sequestered Calcium Ion Into Cytosol (GO:0051280)","1/11",0.304386770583824,0.767626402230071,0,0,2.98472222222222,3.5501960975163,"CALM2"
"Negative Regulation Of Ryanodine-Sensitive Calcium-Release Channel Activity (GO:0060315)","1/11",0.304386770583824,0.767626402230071,0,0,2.98472222222222,3.5501960975163,"CALM2"
"Nucleoside Phosphate Catabolic Process (GO:1901292)","1/11",0.304386770583824,0.767626402230071,0,0,2.98472222222222,3.5501960975163,"ENTPD5"
"Pentose-Phosphate Shunt (GO:0006098)","1/11",0.304386770583824,0.767626402230071,0,0,2.98472222222222,3.5501960975163,"RPE"
"Phasic Smooth Muscle Contraction (GO:0014821)","1/11",0.304386770583824,0.767626402230071,0,0,2.98472222222222,3.5501960975163,"TIFAB"
"Phosphatidylinositol-3-Phosphate Biosynthetic Process (GO:0036092)","1/11",0.304386770583824,0.767626402230071,0,0,2.98472222222222,3.5501960975163,"PIK3CD"
"Positive Regulation Of Behavior (GO:0048520)","1/11",0.304386770583824,0.767626402230071,0,0,2.98472222222222,3.5501960975163,"CFAP20"
"Positive Regulation Of Mitotic Cell Cycle Spindle Assembly Checkpoint (GO:0090267)","1/11",0.304386770583824,0.767626402230071,0,0,2.98472222222222,3.5501960975163,"TPR"
"Positive Regulation Of Muscle Contraction (GO:0045933)","1/11",0.304386770583824,0.767626402230071,0,0,2.98472222222222,3.5501960975163,"PROK2"
"Positive Regulation Of Protein Polyubiquitination (GO:1902916)","1/11",0.304386770583824,0.767626402230071,0,0,2.98472222222222,3.5501960975163,"MARCHF7"
"Positive Regulation Of Spindle Checkpoint (GO:0090232)","1/11",0.304386770583824,0.767626402230071,0,0,2.98472222222222,3.5501960975163,"TPR"
"Presynapse Organization (GO:0099172)","1/11",0.304386770583824,0.767626402230071,0,0,2.98472222222222,3.5501960975163,"WNT7A"
"Protein Polyglutamylation (GO:0018095)","1/11",0.304386770583824,0.767626402230071,0,0,2.98472222222222,3.5501960975163,"CFAP20"
"Regulation Of Adipose Tissue Development (GO:1904177)","1/11",0.304386770583824,0.767626402230071,0,0,2.98472222222222,3.5501960975163,"NCOA2"
"Regulation Of Astrocyte Differentiation (GO:0048710)","1/11",0.304386770583824,0.767626402230071,0,0,2.98472222222222,3.5501960975163,"ID2"
"Regulation Of Cell Communication By Electrical Coupling Involved In Cardiac Conduction (GO:1901844)","1/11",0.304386770583824,0.767626402230071,0,0,2.98472222222222,3.5501960975163,"CALM2"
"Regulation Of Mitotic Cell Cycle Phase Transition (GO:1901990)","4/86",0.305079541403941,0.768553258355558,0,0,1.45728871242201,1.73006801370539,"ID2;ACTL6A;TMEM14B;NEK11"
"Monoatomic Cation Transmembrane Transport (GO:0098655)","11/281",0.305582302920227,0.768999980618208,0,0,1.21845466155811,1.44452202728397,"HCN4;SLC12A2;SLC9A5;SLC9A8;KCNA5;CACNA2D4;SLC39A14;MCOLN2;RYR3;KCNJ2;ATP6V0A1"
"Regulation Of Cardiac Muscle Contraction (GO:0055117)","2/35",0.314864289965477,0.774959257084158,0,0,1.80956395484989,2.09115664118818,"HCN4;CALM2"
"Regulation Of Pathway-Restricted SMAD Protein Phosphorylation (GO:0060393)","3/61",0.317620857811646,0.774959257084158,0,0,1.54475819365859,1.77167835042941,"TGFB2;TGFB3;INHBE"
"DNA-templated Transcription (GO:0006351)","8/199",0.31928767721979,0.774959257084158,0,0,1.25197049766807,1.42932811022805,"FOXE3;NCOA6;TRIM24;TFAM;HOXD3;PAX5;GTF2H3;MLF1"
"Heart Development (GO:0007507)","7/171",0.320137302937894,0.774959257084158,0,0,1.27563445026974,1.45295440422584,"TGFB2;SHH;MKKS;NCOA6;ID2;SGCG;PRICKLE4"
"Actin Filament Organization (GO:0007015)","6/144",0.325645375676968,0.774959257084158,0,0,1.29914125363446,1.45756671538647,"ACTA1;MARCKSL1;BIN3;CASS4;CAPG;PLS1"
"Protein-Containing Complex Disassembly (GO:0032984)","3/62",0.326563833124828,0.774959257084158,0,0,1.51849714015847,1.69939546469655,"LIX1;PEX5;CHMP4C"
"Regulation Of Glucose Import (GO:0046324)","2/36",0.326881786242135,0.774959257084158,0,0,1.75625056823348,1.9637633106098,"PEA15;ARPP19"
"Regulation Of Intracellular Protein Transport (GO:0033157)","2/36",0.326881786242135,0.774959257084158,0,0,1.75625056823348,1.9637633106098,"TPR;PTPN14"
"Regulation Of Trans-Synaptic Signaling (GO:0099177)","2/36",0.326881786242135,0.774959257084158,0,0,1.75625056823348,1.9637633106098,"GRIK1;LRP8"
"Negative Regulation Of Sequestering Of Calcium Ion (GO:0051283)","2/36",0.326881786242135,0.774959257084158,0,0,1.75625056823348,1.9637633106098,"PTPRC;XCL1"
"Positive Regulation Of RNA Splicing (GO:0033120)","2/36",0.326881786242135,0.774959257084158,0,0,1.75625056823348,1.9637633106098,"TRA2B;PRDX6"
"Regulation Of T Cell Mediated Cytotoxicity (GO:0001914)","2/36",0.326881786242135,0.774959257084158,0,0,1.75625056823348,1.9637633106098,"PTPRC;XCL1"
"C-terminal Protein Amino Acid Modification (GO:0018410)","1/12",0.326971806734196,0.774959257084158,0,0,2.71324354657688,3.03308430375611,"ATG5"
"Regulation Of Chromosome Separation (GO:1905818)","1/12",0.326971806734196,0.774959257084158,0,0,2.71324354657688,3.03308430375611,"TPR"
"DNA Conformation Change (GO:0071103)","1/12",0.326971806734196,0.774959257084158,0,0,2.71324354657688,3.03308430375611,"TOP2B"
"DNA Strand Elongation (GO:0022616)","1/12",0.326971806734196,0.774959257084158,0,0,2.71324354657688,3.03308430375611,"NBN"
"NADPH Regeneration (GO:0006740)","1/12",0.326971806734196,0.774959257084158,0,0,2.71324354657688,3.03308430375611,"RPE"
"Adipose Tissue Development (GO:0060612)","1/12",0.326971806734196,0.774959257084158,0,0,2.71324354657688,3.03308430375611,"PGRMC2"
"Atrial Cardiac Muscle Tissue Development (GO:0003228)","1/12",0.326971806734196,0.774959257084158,0,0,2.71324354657688,3.03308430375611,"HCN4"
"Axonal Transport Of Mitochondrion (GO:0019896)","1/12",0.326971806734196,0.774959257084158,0,0,2.71324354657688,3.03308430375611,"OPA1"
"Calcium Ion Import (GO:0070509)","1/12",0.326971806734196,0.774959257084158,0,0,2.71324354657688,3.03308430375611,"CACNB2"
"Cardiac Right Ventricle Morphogenesis (GO:0003215)","1/12",0.326971806734196,0.774959257084158,0,0,2.71324354657688,3.03308430375611,"TGFB2"
"Cellular Component Maintenance (GO:0043954)","1/12",0.326971806734196,0.774959257084158,0,0,2.71324354657688,3.03308430375611,"PICK1"
"Cellular Response To Leucine Starvation (GO:1990253)","1/12",0.326971806734196,0.774959257084158,0,0,2.71324354657688,3.03308430375611,"LARS1"
"Relaxation Of Cardiac Muscle (GO:0055119)","1/12",0.326971806734196,0.774959257084158,0,0,2.71324354657688,3.03308430375611,"KCNJ2"
"Cristae Formation (GO:0042407)","1/12",0.326971806734196,0.774959257084158,0,0,2.71324354657688,3.03308430375611,"SAMM50"
"Response To Iron Ion (GO:0010039)","1/12",0.326971806734196,0.774959257084158,0,0,2.71324354657688,3.03308430375611,"TFAP2A"
"Detection Of Calcium Ion (GO:0005513)","1/12",0.326971806734196,0.774959257084158,0,0,2.71324354657688,3.03308430375611,"CALM2"
"Response To Thyroid Hormone (GO:0097066)","1/12",0.326971806734196,0.774959257084158,0,0,2.71324354657688,3.03308430375611,"CTSL"
"Early Endosome To Golgi Transport (GO:0034498)","1/12",0.326971806734196,0.774959257084158,0,0,2.71324354657688,3.03308430375611,"LMAN1"
"snRNA Transcription (GO:0009301)","1/12",0.326971806734196,0.774959257084158,0,0,2.71324354657688,3.03308430375611,"SNAPC5"
"Endothelium Development (GO:0003158)","1/12",0.326971806734196,0.774959257084158,0,0,2.71324354657688,3.03308430375611,"FSTL1"
"Sphingomyelin Metabolic Process (GO:0006684)","1/12",0.326971806734196,0.774959257084158,0,0,2.71324354657688,3.03308430375611,"ABCA8"
"Steroid Catabolic Process (GO:0006706)","1/12",0.326971806734196,0.774959257084158,0,0,2.71324354657688,3.03308430375611,"CYP24A1"
"Fatty Acid Elongation (GO:0030497)","1/12",0.326971806734196,0.774959257084158,0,0,2.71324354657688,3.03308430375611,"ELOVL1"
"tRNA 5'-Leader Removal (GO:0001682)","1/12",0.326971806734196,0.774959257084158,0,0,2.71324354657688,3.03308430375611,"RPP40"
"Folic Acid Metabolic Process (GO:0046655)","1/12",0.326971806734196,0.774959257084158,0,0,2.71324354657688,3.03308430375611,"MTHFD2L"
"Microtubule Anchoring At Microtubule Organizing Center (GO:0072393)","1/12",0.326971806734196,0.774959257084158,0,0,2.71324354657688,3.03308430375611,"CCDC68"
"Mitochondrial Transcription (GO:0006390)","1/12",0.326971806734196,0.774959257084158,0,0,2.71324354657688,3.03308430375611,"TFAM"
"Myelination In Peripheral Nervous System (GO:0022011)","1/12",0.326971806734196,0.774959257084158,0,0,2.71324354657688,3.03308430375611,"PRDX6"
"Negative Regulation By Host Of Viral Process (GO:0044793)","1/12",0.326971806734196,0.774959257084158,0,0,2.71324354657688,3.03308430375611,"SMC5"
"Negative Regulation By Host Of Viral Transcription (GO:0043922)","1/12",0.326971806734196,0.774959257084158,0,0,2.71324354657688,3.03308430375611,"HDAC1"
"Negative Regulation Of Locomotion (GO:0040013)","1/12",0.326971806734196,0.774959257084158,0,0,2.71324354657688,3.03308430375611,"FBLN1"
"Negative Regulation Of Substrate Adhesion-Dependent Cell Spreading (GO:1900025)","1/12",0.326971806734196,0.774959257084158,0,0,2.71324354657688,3.03308430375611,"FBLN1"
"Negative Regulation Of Voltage-Gated Calcium Channel Activity (GO:1901386)","1/12",0.326971806734196,0.774959257084158,0,0,2.71324354657688,3.03308430375611,"PPP3CC"
"Nuclear Body Organization (GO:0030575)","1/12",0.326971806734196,0.774959257084158,0,0,2.71324354657688,3.03308430375611,"SERBP1"
"Nucleotide Metabolic Process (GO:0009117)","1/12",0.326971806734196,0.774959257084158,0,0,2.71324354657688,3.03308430375611,"NUDT5"
"Phosphate Ion Homeostasis (GO:0055062)","1/12",0.326971806734196,0.774959257084158,0,0,2.71324354657688,3.03308430375611,"XPR1"
"Phospholipid Homeostasis (GO:0055091)","1/12",0.326971806734196,0.774959257084158,0,0,2.71324354657688,3.03308430375611,"TLCD1"
"Positive Regulation Of CD4-positive, Alpha-Beta T Cell Activation (GO:2000516)","1/12",0.326971806734196,0.774959257084158,0,0,2.71324354657688,3.03308430375611,"XCL1"
"Positive Regulation Of T Cell Chemotaxis (GO:0010820)","1/12",0.326971806734196,0.774959257084158,0,0,2.71324354657688,3.03308430375611,"XCL1"
"Positive Regulation Of T-helper 1 Type Immune Response (GO:0002827)","1/12",0.326971806734196,0.774959257084158,0,0,2.71324354657688,3.03308430375611,"XCL1"
"Positive Regulation Of Neuroinflammatory Response (GO:0150078)","1/12",0.326971806734196,0.774959257084158,0,0,2.71324354657688,3.03308430375611,"TAFA3"
"Positive Regulation Of Protein Export From Nucleus (GO:0046827)","1/12",0.326971806734196,0.774959257084158,0,0,2.71324354657688,3.03308430375611,"TPR"
"Positive Regulation Of Sodium Ion Transmembrane Transporter Activity (GO:2000651)","1/12",0.326971806734196,0.774959257084158,0,0,2.71324354657688,3.03308430375611,"GLRX"
"Quinone Biosynthetic Process (GO:1901663)","1/12",0.326971806734196,0.774959257084158,0,0,2.71324354657688,3.03308430375611,"UBIAD1"
"Regulation Of T Cell Differentiation In Thymus (GO:0033081)","1/12",0.326971806734196,0.774959257084158,0,0,2.71324354657688,3.03308430375611,"SHH"
"Regulation Of Cell Communication By Electrical Coupling (GO:0010649)","1/12",0.326971806734196,0.774959257084158,0,0,2.71324354657688,3.03308430375611,"CALM2"
"Organic Substance Transport (GO:0071702)","8/201",0.328964113927146,0.778900001212272,0,0,1.23886737852934,1.37738094082722,"AQP9;PICK1;APOA4;ABCA8;APOA5;RYR3;LRP1B;ABCG2"
"Protein Processing (GO:0016485)","5/117",0.330691227578647,0.782205576344687,0,0,1.33367069653949,1.47580023096213,"AFG3L2;KEL;CPXM2;CASP6;CTSL"
"Telomere Organization (GO:0032200)","3/63",0.335505492784385,0.789880877494192,0,0,1.49311145510836,1.63065232951098,"INO80D;ACTL6A;NBN"
"Positive Regulation Of Mitotic Cell Cycle Phase Transition (GO:1901992)","3/63",0.335505492784385,0.789880877494192,0,0,1.49311145510836,1.63065232951098,"RRM2;CCND1;CDK1"
"Regulation Of Neuron Projection Development (GO:0010975)","7/174",0.335862720389129,0.789880877494192,0,0,1.25252299140038,1.36656868273427,"MYLIP;BDNF;KIDINS220;PAQR3;SEZ6;TNR;ROR2"
"Regulation Of Protein Binding (GO:0043393)","5/118",0.33712391899995,0.789880877494192,0,0,1.32179959325015,1.43719891555663,"BLK;BAMBI;SUB1;PSME3IP1;DACT1"
"Regulation Of Sodium Ion Transmembrane Transporter Activity (GO:2000649)","2/37",0.338842045004236,0.789880877494192,0,0,1.70598366085229,1.84625172578925,"GLRX;PTPN3"
"Spliceosomal snRNP Assembly (GO:0000387)","2/37",0.338842045004236,0.789880877494192,0,0,1.70598366085229,1.84625172578925,"STRAP;SNRPE"
"Synaptic Vesicle Cycle (GO:0099504)","2/37",0.338842045004236,0.789880877494192,0,0,1.70598366085229,1.84625172578925,"WNT7A;CPLX4"
"Ventricular Septum Development (GO:0003281)","2/37",0.338842045004236,0.789880877494192,0,0,1.70598366085229,1.84625172578925,"TGFB2;SLIT1"
"Negative Regulation Of Cell Death (GO:0060548)","3/64",0.344441094127875,0.789880877494192,0,0,1.46855808760087,1.56523648649446,"CD200R1;CHMP4C;CCN2"
"Positive Regulation Of Cysteine-Type Endopeptidase Activity (GO:2001056)","3/64",0.344441094127875,0.789880877494192,0,0,1.46855808760087,1.56523648649446,"FOXL2;UACA;PPM1F"
"Regulation Of Humoral Immune Response (GO:0002920)","1/13",0.348824648237725,0.789880877494192,0,0,2.48701131687243,2.61928531082576,"CFH"
"Regulation Of Immune Effector Process (GO:0002697)","1/13",0.348824648237725,0.789880877494192,0,0,2.48701131687243,2.61928531082576,"CFH"
"Regulation Of Oxidoreductase Activity (GO:0051341)","1/13",0.348824648237725,0.789880877494192,0,0,2.48701131687243,2.61928531082576,"FDX1"
"Branching Involved In Blood Vessel Morphogenesis (GO:0001569)","1/13",0.348824648237725,0.789880877494192,0,0,2.48701131687243,2.61928531082576,"SHH"
"Cardiocyte Differentiation (GO:0035051)","1/13",0.348824648237725,0.789880877494192,0,0,2.48701131687243,2.61928531082576,"TGFB2"
"Regulation Of Short-Term Neuronal Synaptic Plasticity (GO:0048172)","1/13",0.348824648237725,0.789880877494192,0,0,2.48701131687243,2.61928531082576,"SHISA6"
"Cellular Response To Interleukin-4 (GO:0071353)","1/13",0.348824648237725,0.789880877494192,0,0,2.48701131687243,2.61928531082576,"XCL1"
"Relaxation Of Muscle (GO:0090075)","1/13",0.348824648237725,0.789880877494192,0,0,2.48701131687243,2.61928531082576,"KCNJ2"
"Chondroitin Sulfate Biosynthetic Process (GO:0030206)","1/13",0.348824648237725,0.789880877494192,0,0,2.48701131687243,2.61928531082576,"CHST15"
"Response To Chemokine (GO:1990868)","1/13",0.348824648237725,0.789880877494192,0,0,2.48701131687243,2.61928531082576,"SLC12A2"
"Response To Nerve Growth Factor (GO:1990089)","1/13",0.348824648237725,0.789880877494192,0,0,2.48701131687243,2.61928531082576,"KIDINS220"
"Endonucleolytic Cleavage Of Tricistronic rRNA Transcript (SSU-rRNA, 5.8S rRNA, LSU-rRNA) (GO:0000479)","1/13",0.348824648237725,0.789880877494192,0,0,2.48701131687243,2.61928531082576,"RPP40"
"Endothelial Cell Differentiation (GO:0045446)","1/13",0.348824648237725,0.789880877494192,0,0,2.48701131687243,2.61928531082576,"FSTL1"
"Substrate-Dependent Cell Migration (GO:0006929)","1/13",0.348824648237725,0.789880877494192,0,0,2.48701131687243,2.61928531082576,"PTPRC"
"Thymus Development (GO:0048538)","1/13",0.348824648237725,0.789880877494192,0,0,2.48701131687243,2.61928531082576,"SHH"
"Ubiquinone Biosynthetic Process (GO:0006744)","1/13",0.348824648237725,0.789880877494192,0,0,2.48701131687243,2.61928531082576,"UBIAD1"
"Heparan Sulfate Proteoglycan Metabolic Process (GO:0030201)","1/13",0.348824648237725,0.789880877494192,0,0,2.48701131687243,2.61928531082576,"HS3ST3B1"
"Mitochondrial Fission (GO:0000266)","1/13",0.348824648237725,0.789880877494192,0,0,2.48701131687243,2.61928531082576,"OPA1"
"Negative Regulation Of DNA Damage Response, Signal Transduction By P53 Class Mediator (GO:0043518)","1/13",0.348824648237725,0.789880877494192,0,0,2.48701131687243,2.61928531082576,"MARCHF7"
"Negative Regulation Of Lyase Activity (GO:0051350)","1/13",0.348824648237725,0.789880877494192,0,0,2.48701131687243,2.61928531082576,"GNAI3"
"Negative Regulation Of Myoblast Differentiation (GO:0045662)","1/13",0.348824648237725,0.789880877494192,0,0,2.48701131687243,2.61928531082576,"SOSTDC1"
"Negative Regulation Of Secretion (GO:0051048)","1/13",0.348824648237725,0.789880877494192,0,0,2.48701131687243,2.61928531082576,"TIFAB"
"Negative Regulation Of Toll-Like Receptor Signaling Pathway (GO:0034122)","1/13",0.348824648237725,0.789880877494192,0,0,2.48701131687243,2.61928531082576,"OTUD4"
"Negative Regulation Of Translational Initiation (GO:0045947)","1/13",0.348824648237725,0.789880877494192,0,0,2.48701131687243,2.61928531082576,"TPR"
"Positive Regulation Of Alpha-Beta T Cell Differentiation (GO:0046638)","1/13",0.348824648237725,0.789880877494192,0,0,2.48701131687243,2.61928531082576,"SHH"
"Positive Regulation Of Heterochromatin Formation (GO:0031453)","1/13",0.348824648237725,0.789880877494192,0,0,2.48701131687243,2.61928531082576,"TPR"
"Positive Regulation Of Type 2 Immune Response (GO:0002830)","1/13",0.348824648237725,0.789880877494192,0,0,2.48701131687243,2.61928531082576,"XCL1"
"Protein Import Into Peroxisome Matrix (GO:0016558)","1/13",0.348824648237725,0.789880877494192,0,0,2.48701131687243,2.61928531082576,"PEX5"
"Protein Localization To Synapse (GO:0035418)","1/13",0.348824648237725,0.789880877494192,0,0,2.48701131687243,2.61928531082576,"SHANK1"
"Regulation Of T Cell Chemotaxis (GO:0010819)","1/13",0.348824648237725,0.789880877494192,0,0,2.48701131687243,2.61928531082576,"XCL1"
"Regulation Of cAMP-dependent Protein Kinase Activity (GO:2000479)","1/13",0.348824648237725,0.789880877494192,0,0,2.48701131687243,2.61928531082576,"PRKAR1A"
"Regulation Of Cell Fate Commitment (GO:0010453)","1/13",0.348824648237725,0.789880877494192,0,0,2.48701131687243,2.61928531082576,"HDAC1"
"B Cell Activation (GO:0042113)","4/92",0.349396204320749,0.789880877494192,0,0,1.35750528541226,1.42748297888312,"TOP2B;PTPRC;PIK3CD;PAX5"
"Translation (GO:0006412)","9/234",0.34956933519487,0.789880877494192,0,0,1.195375,1.25640290186788,"RPL30;MRPL2;RARS1;NARS1;LARS1;PABPC4;RPL38;IARS2;RPL23A"
"Signal Release From Synapse (GO:0099643)","2/38",0.350736134115416,0.789880877494192,0,0,1.65850935943672,1.73765523862478,"LIN7C;CPLX4"
"Membrane Assembly (GO:0071709)","2/38",0.350736134115416,0.789880877494192,0,0,1.65850935943672,1.73765523862478,"CHMP4C;TLCD1"
"Membrane Fission (GO:0090148)","2/38",0.350736134115416,0.789880877494192,0,0,1.65850935943672,1.73765523862478,"CHMP4C;EXOC2"
"Negative Regulation Of Type I Interferon Production (GO:0032480)","2/38",0.350736134115416,0.789880877494192,0,0,1.65850935943672,1.73765523862478,"RNF216;ATG5"
"Positive Regulation Of Production Of Molecular Mediator Of Immune Response (GO:0002702)","2/38",0.350736134115416,0.789880877494192,0,0,1.65850935943672,1.73765523862478,"PTPRC;XCL1"
"Positive Regulation Of Protein Tyrosine Kinase Activity (GO:0061098)","2/38",0.350736134115416,0.789880877494192,0,0,1.65850935943672,1.73765523862478,"CASS4;LRP8"
"Positive Regulation Of Cell Cycle (GO:0045787)","3/65",0.353366054055621,0.789880877494192,0,0,1.44479676420653,1.50295095948274,"TGFB2;CCND1;FGFR2"
"Axon Guidance (GO:0007411)","6/149",0.35449278349583,0.789880877494192,0,0,1.25339046645423,1.29985025444469,"SHH;BDNF;FEZ1;LRTM2;SLIT1;TNR"
"Skeletal System Development (GO:0001501)","6/149",0.35449278349583,0.789880877494192,0,0,1.25339046645423,1.29985025444469,"CLEC3A;TGFB2;ITGB8;HOXD3;HOXA13;FGFR2"
"Cytoplasmic Translation (GO:0002181)","4/93",0.356804332245171,0.789880877494192,0,0,1.34218273669541,1.38321022480108,"RPL30;EIF3M;RPL38;RPL23A"
"Positive Regulation Of ERK1 And ERK2 Cascade (GO:0070374)","7/179",0.362286436559495,0.789880877494192,0,0,1.21579547924364,1.23442161045184,"MARCO;P2RY6;PTPRC;XCL1;CCN2;ROR2;FGFR2"
"RNA Transport (GO:0050658)","2/39",0.362555759855681,0.789880877494192,0,0,1.61360123647604,1.63712269560881,"TPR;NUP153"
"Regulation Of Mitotic Spindle Organization (GO:0060236)","2/39",0.362555759855681,0.789880877494192,0,0,1.61360123647604,1.63712269560881,"TPR;CHMP4C"
"Regulation Of Receptor-Mediated Endocytosis (GO:0048259)","2/39",0.362555759855681,0.789880877494192,0,0,1.61360123647604,1.63712269560881,"UNC45A;APOA5"
"Release Of Sequestered Calcium Ion Into Cytosol (GO:0051209)","2/39",0.362555759855681,0.789880877494192,0,0,1.61360123647604,1.63712269560881,"PTPRC;XCL1"
"Vitamin Transport (GO:0051180)","2/39",0.362555759855681,0.789880877494192,0,0,1.61360123647604,1.63712269560881,"SLC35F3;ABCG2"
"Internal Peptidyl-Lysine Acetylation (GO:0018393)","2/39",0.362555759855681,0.789880877494192,0,0,1.61360123647604,1.63712269560881,"ACTL6A;SUPT3H"
"Positive Regulation Of Intracellular Transport (GO:0032388)","2/39",0.362555759855681,0.789880877494192,0,0,1.61360123647604,1.63712269560881,"ACTN2;TPR"
"Protein Localization To Nucleus (GO:0034504)","5/122",0.362936193840406,0.789880877494192,0,0,1.27634442851834,1.29361111552041,"NUP133;TPR;KPNA4;NUP153;MSX1"
"Cellular Response To Hormone Stimulus (GO:0032870)","4/94",0.364211368639739,0.789880877494192,0,0,1.32720068906115,1.34050043019962,"NCOA2;CTSL;TRIM24;SLIT1"
"Sphingolipid Metabolic Process (GO:0006665)","4/94",0.364211368639739,0.789880877494192,0,0,1.32720068906115,1.34050043019962,"ELOVL1;CERKL;PPM1L;PLPP1"
"Organonitrogen Compound Biosynthetic Process (GO:1901566)","5/123",0.369400345552048,0.789880877494192,0,0,1.26546215391094,1.26024120604806,"ELOVL1;PPM1L;GCNT1;TRMT12;PLPP1"
"Regulation Of Feeding Behavior (GO:0060259)","1/14",0.369968997034517,0.789880877494192,0,0,2.29558404558405,2.28258201514904,"CFAP20"
"Regulation Of Macrophage Differentiation (GO:0045649)","1/14",0.369968997034517,0.789880877494192,0,0,2.29558404558405,2.28258201514904,"ID2"
"Regulation Of Neuron Projection Arborization (GO:0150011)","1/14",0.369968997034517,0.789880877494192,0,0,2.29558404558405,2.28258201514904,"NCOA2"
"Blood Coagulation, Fibrin Clot Formation (GO:0072378)","1/14",0.369968997034517,0.789880877494192,0,0,2.29558404558405,2.28258201514904,"FBLN1"
"Resolution Of Meiotic Recombination Intermediates (GO:0000712)","1/14",0.369968997034517,0.789880877494192,0,0,2.29558404558405,2.28258201514904,"TOP2B"
"Copper Ion Homeostasis (GO:0055070)","1/14",0.369968997034517,0.789880877494192,0,0,2.29558404558405,2.28258201514904,"ATP7B"
"Detection Of Mechanical Stimulus Involved In Sensory Perception (GO:0050974)","1/14",0.369968997034517,0.789880877494192,0,0,2.29558404558405,2.28258201514904,"MKKS"
"Dolichol Metabolic Process (GO:0019348)","1/14",0.369968997034517,0.789880877494192,0,0,2.29558404558405,2.28258201514904,"SRD5A3"
"Striated Muscle Tissue Development (GO:0014706)","1/14",0.369968997034517,0.789880877494192,0,0,2.29558404558405,2.28258201514904,"SGCG"
"Synaptic Vesicle Membrane Organization (GO:0048499)","1/14",0.369968997034517,0.789880877494192,0,0,2.29558404558405,2.28258201514904,"SYNGR2"
"tRNA 5'-End Processing (GO:0099116)","1/14",0.369968997034517,0.789880877494192,0,0,2.29558404558405,2.28258201514904,"RPP40"
"Telomere Capping (GO:0016233)","1/14",0.369968997034517,0.789880877494192,0,0,2.29558404558405,2.28258201514904,"NBN"
"Formation Of Cytoplasmic Translation Initiation Complex (GO:0001732)","1/14",0.369968997034517,0.789880877494192,0,0,2.29558404558405,2.28258201514904,"EIF3M"
"Glucosamine-Containing Compound Metabolic Process (GO:1901071)","1/14",0.369968997034517,0.789880877494192,0,0,2.29558404558405,2.28258201514904,"EXTL2"
"Ubiquinone Metabolic Process (GO:0006743)","1/14",0.369968997034517,0.789880877494192,0,0,2.29558404558405,2.28258201514904,"UBIAD1"
"Vascular Endothelial Growth Factor Signaling Pathway (GO:0038084)","1/14",0.369968997034517,0.789880877494192,0,0,2.29558404558405,2.28258201514904,"PIK3CD"
"Histone H2A Monoubiquitination (GO:0035518)","1/14",0.369968997034517,0.789880877494192,0,0,2.29558404558405,2.28258201514904,"PCGF6"
"Icosanoid Transport (GO:0071715)","1/14",0.369968997034517,0.789880877494192,0,0,2.29558404558405,2.28258201514904,"SLC22A8"
"Lipoprotein Biosynthetic Process (GO:0042158)","1/14",0.369968997034517,0.789880877494192,0,0,2.29558404558405,2.28258201514904,"ATG5"
"Mammary Gland Epithelium Development (GO:0061180)","1/14",0.369968997034517,0.789880877494192,0,0,2.29558404558405,2.28258201514904,"ID2"
"Maturation Of LSU-rRNA From Tricistronic rRNA Transcript (SSU-rRNA, 5.8S rRNA, LSU-rRNA) (GO:0000463)","1/14",0.369968997034517,0.789880877494192,0,0,2.29558404558405,2.28258201514904,"ZNHIT6"
"Mitochondrial Calcium Ion Transmembrane Transport (GO:0006851)","1/14",0.369968997034517,0.789880877494192,0,0,2.29558404558405,2.28258201514904,"MCUB"
"Mitochondrion Transport Along Microtubule (GO:0047497)","1/14",0.369968997034517,0.789880877494192,0,0,2.29558404558405,2.28258201514904,"OPA1"
"Mitotic intra-S DNA Damage Checkpoint Signaling (GO:0031573)","1/14",0.369968997034517,0.789880877494192,0,0,2.29558404558405,2.28258201514904,"NEK11"
"Negative Regulation Of Androgen Receptor Signaling Pathway (GO:0060766)","1/14",0.369968997034517,0.789880877494192,0,0,2.29558404558405,2.28258201514904,"HDAC1"
"Negative Regulation Of Defense Response To Virus (GO:0050687)","1/14",0.369968997034517,0.789880877494192,0,0,2.29558404558405,2.28258201514904,"ATG5"
"Negative Regulation Of Fatty Acid Biosynthetic Process (GO:0045717)","1/14",0.369968997034517,0.789880877494192,0,0,2.29558404558405,2.28258201514904,"DCAF5"
"Negative Regulation Of Leukocyte Mediated Cytotoxicity (GO:0001911)","1/14",0.369968997034517,0.789880877494192,0,0,2.29558404558405,2.28258201514904,"PTPRC"
"Negative Regulation Of Peptidyl-Threonine Phosphorylation (GO:0010801)","1/14",0.369968997034517,0.789880877494192,0,0,2.29558404558405,2.28258201514904,"CALM2"
"Pancreas Development (GO:0031016)","1/14",0.369968997034517,0.789880877494192,0,0,2.29558404558405,2.28258201514904,"NPHP3"
"Pathway-Restricted SMAD Protein Phosphorylation (GO:0060389)","1/14",0.369968997034517,0.789880877494192,0,0,2.29558404558405,2.28258201514904,"TGFB2"
"Positive Regulation Of Telomere Maintenance In Response To DNA Damage (GO:1904507)","1/14",0.369968997034517,0.789880877494192,0,0,2.29558404558405,2.28258201514904,"INO80D"
"Positive Regulation Of Transcription From RNA Polymerase II Promoter Involved In Cellular Response To Chemical Stimulus (GO:1901522)","1/14",0.369968997034517,0.789880877494192,0,0,2.29558404558405,2.28258201514904,"RUNX2"
"Positive Regulation Of Transporter Activity (GO:0032411)","1/14",0.369968997034517,0.789880877494192,0,0,2.29558404558405,2.28258201514904,"SGK1"
"Primary Alcohol Metabolic Process (GO:0034308)","1/14",0.369968997034517,0.789880877494192,0,0,2.29558404558405,2.28258201514904,"GDE1"
"Protein Activation Cascade (GO:0072376)","1/14",0.369968997034517,0.789880877494192,0,0,2.29558404558405,2.28258201514904,"FBLN1"
"Regulation Of MHC Class II Biosynthetic Process (GO:0045346)","1/14",0.369968997034517,0.789880877494192,0,0,2.29558404558405,2.28258201514904,"CIITA"
"Regulation Of Bone Remodeling (GO:0046850)","1/14",0.369968997034517,0.789880877494192,0,0,2.29558404558405,2.28258201514904,"S1PR1"
"Regulation Of Cell Fate Specification (GO:0042659)","1/14",0.369968997034517,0.789880877494192,0,0,2.29558404558405,2.28258201514904,"HDAC1"
"Regulation Of Intracellular Signal Transduction (GO:1902531)","11/297",0.370588935531337,0.789880877494192,0,0,1.14932481311792,1.14089086206126,"CRNN;ARHGAP9;NEK8;FGD5;ARHGEF17;SEZ6;SMYD2;REN;SGK1;CALM2;MLF1"
"Regulation Of Neurogenesis (GO:0050767)","3/67",0.371166511404255,0.789880877494192,0,0,1.39950174148607,1.38705247271193,"HELT;BHLHE40;WNT7A"
"Cholesterol Metabolic Process (GO:0008203)","3/67",0.371166511404255,0.789880877494192,0,0,1.39950174148607,1.38705247271193,"FDX1;APOA4;DHCR7"
"Negative Regulation Of Cellular Catabolic Process (GO:0031330)","3/67",0.371166511404255,0.789880877494192,0,0,1.39950174148607,1.38705247271193,"FOXK1;NRDE2;PTPN3"
"Recombinational Repair (GO:0000725)","4/95",0.371614675850285,0.789880877494192,0,0,1.31254791719908,1.29928826825748,"RAD52;EID3;SMC5;NBN"
"Regulation Of Protein Dephosphorylation (GO:0035304)","2/40",0.374293234460106,0.789880877494192,0,0,1.57105669893435,1.54390214555642,"ARPP19;CALM2"
"Cyclic-Nucleotide-Mediated Signaling (GO:0019935)","2/40",0.374293234460106,0.789880877494192,0,0,1.57105669893435,1.54390214555642,"CREB1;AHR"
"Synaptic Vesicle Endocytosis (GO:0048488)","2/40",0.374293234460106,0.789880877494192,0,0,1.57105669893435,1.54390214555642,"ITSN2;PACSIN1"
"Negative Regulation Of Cell-Cell Adhesion (GO:0022408)","2/40",0.374293234460106,0.789880877494192,0,0,1.57105669893435,1.54390214555642,"EPCAM;PPM1F"
"Negative Regulation Of Mitotic Cell Cycle Phase Transition (GO:1901991)","2/40",0.374293234460106,0.789880877494192,0,0,1.57105669893435,1.54390214555642,"AVEN;DACT1"
"Nucleic Acid-Templated Transcription (GO:0097659)","2/40",0.374293234460106,0.789880877494192,0,0,1.57105669893435,1.54390214555642,"HOXD3;MLF1"
"Positive Regulation Of Stem Cell Population Maintenance (GO:1902459)","2/40",0.374293234460106,0.789880877494192,0,0,1.57105669893435,1.54390214555642,"HDAC1;ACTL6A"
"Enzyme-Linked Receptor Protein Signaling Pathway (GO:0007167)","5/124",0.375865306195908,0.789880877494192,0,0,1.25476277467509,1.22781602633159,"BLK;BDNF;CASS4;ROR2;FGFR2"
"Protein-Containing Complex Assembly (GO:0065003)","12/328",0.377162059651902,0.789880877494192,0,0,1.13476938974227,1.10649129678194,"CRNN;CDC123;MKKS;SAMM50;OPA1;ZNHIT6;RPL38;PSMG1;CAPG;COX7A2;APOA4;SHANK1"
"Positive Regulation Of Multicellular Organismal Process (GO:0051240)","14/387",0.377168996288227,0.789880877494192,0,0,1.12174959363324,1.09377531921153,"NCOA2;TGFB2;HDAC1;TGFB3;ACTL6A;PIK3CD;NR2C2;APOA5;ACTB;TSHR;SHH;BAMBI;PLA2R1;LURAP1"
"Intermediate Filament Organization (GO:0045109)","3/68",0.380033634202252,0.789880877494192,0,0,1.37789949988092,1.33311159193251,"BFSP1;KRT85;KRT84"
"Cellular Response To Retinoic Acid (GO:0071300)","2/41",0.385941446150512,0.789880877494192,0,0,1.53069393254865,1.45732718294429,"STRA8;CREB1"
"Detection Of Chemical Stimulus Involved In Sensory Perception Of Bitter Taste (GO:0001580)","2/41",0.385941446150512,0.789880877494192,0,0,1.53069393254865,1.45732718294429,"RTP2;TAS2R40"
"Heart Contraction (GO:0060047)","2/41",0.385941446150512,0.789880877494192,0,0,1.53069393254865,1.45732718294429,"MYLK2;SGCG"
"Visual System Development (GO:0150063)","2/41",0.385941446150512,0.789880877494192,0,0,1.53069393254865,1.45732718294429,"FOXE3;TGFB2"
"Lymphocyte Migration (GO:0072676)","2/41",0.385941446150512,0.789880877494192,0,0,1.53069393254865,1.45732718294429,"S1PR1;XCL1"
"Regulation Of Defense Response (GO:0031347)","4/97",0.386399853674328,0.789880877494192,0,0,1.28418771359507,1.22111169463113,"HERC5;PSMA6;XCL1;LRP8"
"Regulation Of Protein Localization (GO:0032880)","4/97",0.386399853674328,0.789880877494192,0,0,1.28418771359507,1.22111169463113,"SHH;BDNF;TPR;PPM1F"
"Cellular Response To Starvation (GO:0009267)","5/126",0.388790631452691,0.789880877494192,0,0,1.23389456393409,1.16567784262668,"LARS1;CLEC16A;PICK1;XPR1;ATG5"
"Protein-Containing Complex Organization (GO:0043933)","5/126",0.388790631452691,0.789880877494192,0,0,1.23389456393409,1.16567784262668,"NUP133;TPR;NUP54;CAPG;SHANK1"
"Regulation Of Heart Contraction (GO:0008016)","3/69",0.388873363903156,0.789880877494192,0,0,1.35695187165775,1.28164312031425,"HCN4;TGFB2;CALM2"
"Cellular Response To Growth Factor Stimulus (GO:0071363)","6/155",0.389326372725152,0.789880877494192,0,0,1.20254261170896,1.13440327965608,"HDAC1;KIDINS220;ANKRD1;XCL1;WNT7A;RUNX2"
"3'-UTR-mediated mRNA Destabilization (GO:0061158)","1/15",0.390427788791035,0.789880877494192,0,0,2.13150352733686,2.0047051712838,"ZC3H12D"
"Regulation Of Cellular Response To Heat (GO:1900034)","1/15",0.390427788791035,0.789880877494192,0,0,2.13150352733686,2.0047051712838,"CHORDC1"
"B Cell Mediated Immunity (GO:0019724)","1/15",0.390427788791035,0.789880877494192,0,0,2.13150352733686,2.0047051712838,"IL21R"
"Regulation Of Dephosphorylation (GO:0035303)","1/15",0.390427788791035,0.789880877494192,0,0,2.13150352733686,2.0047051712838,"PPP1R17"
"N-acetylglucosamine Metabolic Process (GO:0006044)","1/15",0.390427788791035,0.789880877494192,0,0,2.13150352733686,2.0047051712838,"EXTL2"
"Regulation Of Intrinsic Apoptotic Signaling Pathway In Response To DNA Damage (GO:1902229)","1/15",0.390427788791035,0.789880877494192,0,0,2.13150352733686,2.0047051712838,"CCAR2"
"Regulation Of mRNA Metabolic Process (GO:1903311)","1/15",0.390427788791035,0.789880877494192,0,0,2.13150352733686,2.0047051712838,"MAGOH"
"Alpha-Beta T Cell Activation (GO:0046631)","1/15",0.390427788791035,0.789880877494192,0,0,2.13150352733686,2.0047051712838,"CDH26"
"Branched-Chain Amino Acid Metabolic Process (GO:0009081)","1/15",0.390427788791035,0.789880877494192,0,0,2.13150352733686,2.0047051712838,"BCKDHB"
"Regulation Of rRNA Processing (GO:2000232)","1/15",0.390427788791035,0.789880877494192,0,0,2.13150352733686,2.0047051712838,"WDR75"
"Cellular Response To Estrogen Stimulus (GO:0071391)","1/15",0.390427788791035,0.789880877494192,0,0,2.13150352733686,2.0047051712838,"TRIM24"
"Regulation Of Telomere Maintenance In Response To DNA Damage (GO:1904505)","1/15",0.390427788791035,0.789880877494192,0,0,2.13150352733686,2.0047051712838,"INO80D"
"Dolichol-Linked Oligosaccharide Biosynthetic Process (GO:0006488)","1/15",0.390427788791035,0.789880877494192,0,0,2.13150352733686,2.0047051712838,"SRD5A3"
"Endosome To Lysosome Transport Via Multivesicular Body Sorting Pathway (GO:0032510)","1/15",0.390427788791035,0.789880877494192,0,0,2.13150352733686,2.0047051712838,"CHMP4C"
"Folic Acid-Containing Compound Metabolic Process (GO:0006760)","1/15",0.390427788791035,0.789880877494192,0,0,2.13150352733686,2.0047051712838,"MTHFD2L"
"High-Density Lipoprotein Particle Remodeling (GO:0034375)","1/15",0.390427788791035,0.789880877494192,0,0,2.13150352733686,2.0047051712838,"APOA4"
"Keratan Sulfate Biosynthetic Process (GO:0018146)","1/15",0.390427788791035,0.789880877494192,0,0,2.13150352733686,2.0047051712838,"B3GNT7"
"Melanosome Transport (GO:0032402)","1/15",0.390427788791035,0.789880877494192,0,0,2.13150352733686,2.0047051712838,"MKKS"
"Membrane Repolarization During Action Potential (GO:0086011)","1/15",0.390427788791035,0.789880877494192,0,0,2.13150352733686,2.0047051712838,"KCNJ2"
"Midbody Abscission (GO:0061952)","1/15",0.390427788791035,0.789880877494192,0,0,2.13150352733686,2.0047051712838,"CHMP4C"
"Negative Regulation Of Endoplasmic Reticulum Stress-Induced Intrinsic Apoptotic Signaling Pathway (GO:1902236)","1/15",0.390427788791035,0.789880877494192,0,0,2.13150352733686,2.0047051712838,"OPA1"
"Negative Regulation Of Epithelial Cell Differentiation (GO:0030857)","1/15",0.390427788791035,0.789880877494192,0,0,2.13150352733686,2.0047051712838,"FOXE3"
"Negative Regulation Of Synaptic Transmission (GO:0050805)","1/15",0.390427788791035,0.789880877494192,0,0,2.13150352733686,2.0047051712838,"PICK1"
"Negative Regulation Of Telomere Maintenance (GO:0032205)","1/15",0.390427788791035,0.789880877494192,0,0,2.13150352733686,2.0047051712838,"NBN"
"Oogenesis (GO:0048477)","1/15",0.390427788791035,0.789880877494192,0,0,2.13150352733686,2.0047051712838,"STRA8"
"Peptidyl-Lysine Trimethylation (GO:0018023)","1/15",0.390427788791035,0.789880877494192,0,0,2.13150352733686,2.0047051712838,"ETFBKMT"
"Pigment Granule Transport (GO:0051904)","1/15",0.390427788791035,0.789880877494192,0,0,2.13150352733686,2.0047051712838,"MKKS"
"Positive Regulation Of Collagen Biosynthetic Process (GO:0032967)","1/15",0.390427788791035,0.789880877494192,0,0,2.13150352733686,2.0047051712838,"TGFB3"
"Positive Regulation Of Cyclin-Dependent Protein Serine/Threonine Kinase Activity (GO:0045737)","1/15",0.390427788791035,0.789880877494192,0,0,2.13150352733686,2.0047051712838,"CCND1"
"Positive Regulation Of Glucose Metabolic Process (GO:0010907)","1/15",0.390427788791035,0.789880877494192,0,0,2.13150352733686,2.0047051712838,"ARPP19"
"Positive Regulation Of Immunoglobulin Mediated Immune Response (GO:0002891)","1/15",0.390427788791035,0.789880877494192,0,0,2.13150352733686,2.0047051712838,"XCL1"
"Presynapse Assembly (GO:0099054)","1/15",0.390427788791035,0.789880877494192,0,0,2.13150352733686,2.0047051712838,"WNT7A"
"Protein Localization To Microtubule Organizing Center (GO:1905508)","1/15",0.390427788791035,0.789880877494192,0,0,2.13150352733686,2.0047051712838,"CEP83"
"Regulation Of Activin Receptor Signaling Pathway (GO:0032925)","1/15",0.390427788791035,0.789880877494192,0,0,2.13150352733686,2.0047051712838,"DACT1"
"Regulation Of Amyloid Fibril Formation (GO:1905906)","1/15",0.390427788791035,0.789880877494192,0,0,2.13150352733686,2.0047051712838,"PFDN4"
"Regulation Of Amyloid-Beta Clearance (GO:1900221)","1/15",0.390427788791035,0.789880877494192,0,0,2.13150352733686,2.0047051712838,"HDAC1"
"Regulation Of Carbohydrate Metabolic Process (GO:0006109)","1/15",0.390427788791035,0.789880877494192,0,0,2.13150352733686,2.0047051712838,"FOXK1"
"Cilium Assembly (GO:0060271)","9/243",0.391043748134721,0.790450279591399,0,0,1.14885817307692,1.0787041108414,"MKKS;MAK;CEP83;NEK1;NPHP3;IFT80;BBOF1;CEP20;CFAP20"
"Regulation Of GTPase Activity (GO:0043087)","8/214",0.39276095203401,0.793242845860141,0,0,1.15989882313739,1.08398822014789,"ARHGAP9;FGD5;LARS1;RGS16;RGS10;XCL1;MMUT;RGS9"
"Regulation Of Neurotransmitter Receptor Activity (GO:0099601)","2/42",0.397493829546057,0.793410377195778,0,0,1.49234930448223,1.37680545518485,"SHISA6;SHANK1"
"Cardiac Ventricle Morphogenesis (GO:0003208)","2/42",0.397493829546057,0.793410377195778,0,0,1.49234930448223,1.37680545518485,"TGFB2;FGFR2"
"Collagen Fibril Organization (GO:0030199)","2/42",0.397493829546057,0.793410377195778,0,0,1.49234930448223,1.37680545518485,"TGFB2;COL12A1"
"Sensory Perception Of Bitter Taste (GO:0050913)","2/42",0.397493829546057,0.793410377195778,0,0,1.49234930448223,1.37680545518485,"RTP2;TAS2R40"
"Skeletal Muscle Tissue Development (GO:0007519)","2/42",0.397493829546057,0.793410377195778,0,0,1.49234930448223,1.37680545518485,"MYLK2;FOXL2"
"Substantia Nigra Development (GO:0021762)","2/42",0.397493829546057,0.793410377195778,0,0,1.49234930448223,1.37680545518485,"BASP1;CALM2"
"Negative Regulation Of I-kappaB kinase/NF-kappaB Signaling (GO:0043124)","2/42",0.397493829546057,0.793410377195778,0,0,1.49234930448223,1.37680545518485,"PPM1A;TRIM59"
"Positive Regulation Of Neuron Differentiation (GO:0045666)","2/42",0.397493829546057,0.793410377195778,0,0,1.49234930448223,1.37680545518485,"NEUROD1;HOXD3"
"Sensory Organ Development (GO:0007423)","3/70",0.397681901772688,0.793410377195778,0,0,1.3366295457696,1.23250989355085,"NEUROD1;FOXE3;TGFB2"
"Neutrophil Chemotaxis (GO:0030593)","3/70",0.397681901772688,0.793410377195778,0,0,1.3366295457696,1.23250989355085,"TGFB2;PIK3CD;XCL1"
"Positive Regulation Of Cell Population Proliferation (GO:0008284)","17/483",0.400667892476438,0.793410377195778,0,0,1.09009140544358,0.997022009982037,"CDC123;VIPR1;TGFB2;HDAC1;TGFB3;ACTL6A;GLI1;ACTB;TSHR;SHH;PTPRC;EPCAM;PRC1;BAMBI;ID2;MARCHF7;FGFR2"
"Regulation Of Hydrolase Activity (GO:0051336)","3/71",0.40645560171149,0.793410377195778,0,0,1.31690493534875,1.18558393484087,"ARHGAP9;PPP1R17;FGD5"
"Synapse Assembly (GO:0007416)","3/71",0.40645560171149,0.793410377195778,0,0,1.31690493534875,1.18558393484087,"BDNF;SLITRK6;WNT7A"
"Regulation Of DNA Repair (GO:0006282)","5/129",0.408141575387007,0.793410377195778,0,0,1.20385443798838,1.07882352007878,"RAD52;INO80D;ACTL6A;ACTB;SUPT3H"
"Regulation Of Organelle Organization (GO:0033043)","4/100",0.408487204913117,0.793410377195778,0,0,1.24386304909561,1.11362397957753,"LMAN1;INO80D;CLEC16A;ATG5"
"Energy Derivation By Oxidation Of Organic Compounds (GO:0015980)","2/43",0.408944337952032,0.793410377195778,0,0,1.45587514607758,1.3018089425224,"GFPT1;COX7A2"
"Neurotransmitter Secretion (GO:0007269)","2/43",0.408944337952032,0.793410377195778,0,0,1.45587514607758,1.3018089425224,"LIN7C;CPLX4"
"Positive Regulation Of Cell Division (GO:0051781)","2/43",0.408944337952032,0.793410377195778,0,0,1.45587514607758,1.3018089425224,"SHH;FGFR2"
"Alternative mRNA Splicing, Via Spliceosome (GO:0000380)","1/16",0.41022321783964,0.793410377195778,0,0,1.98930041152263,1.77257375802616,"RSRC1"
"Regulation Of Osteoblast Proliferation (GO:0033688)","1/16",0.41022321783964,0.793410377195778,0,0,1.98930041152263,1.77257375802616,"FGFR2"
"Regulation Of Presynapse Assembly (GO:1905606)","1/16",0.41022321783964,0.793410377195778,0,0,1.98930041152263,1.77257375802616,"WNT7A"
"Regulation Of Presynapse Organization (GO:0099174)","1/16",0.41022321783964,0.793410377195778,0,0,1.98930041152263,1.77257375802616,"WNT7A"
"Regulation Of Secretion (GO:0051046)","1/16",0.41022321783964,0.793410377195778,0,0,1.98930041152263,1.77257375802616,"SGK1"
"Retinal Metabolic Process (GO:0042574)","1/16",0.41022321783964,0.793410377195778,0,0,1.98930041152263,1.77257375802616,"ALDH8A1"
"Reverse Cholesterol Transport (GO:0043691)","1/16",0.41022321783964,0.793410377195778,0,0,1.98930041152263,1.77257375802616,"APOA4"
"Establishment Of Melanosome Localization (GO:0032401)","1/16",0.41022321783964,0.793410377195778,0,0,1.98930041152263,1.77257375802616,"MKKS"
"Establishment Of Protein Localization To Endoplasmic Reticulum (GO:0072599)","1/16",0.41022321783964,0.793410377195778,0,0,1.98930041152263,1.77257375802616,"MAN1A1"
"Glycoprotein Catabolic Process (GO:0006516)","1/16",0.41022321783964,0.793410377195778,0,0,1.98930041152263,1.77257375802616,"CTSL"
"Heart Process (GO:0003015)","1/16",0.41022321783964,0.793410377195778,0,0,1.98930041152263,1.77257375802616,"SGCG"
"Intraciliary Anterograde Transport (GO:0035720)","1/16",0.41022321783964,0.793410377195778,0,0,1.98930041152263,1.77257375802616,"IFT80"
"Late Endosome To Lysosome Transport (GO:1902774)","1/16",0.41022321783964,0.793410377195778,0,0,1.98930041152263,1.77257375802616,"CHMP4C"
"Mesonephric Tubule Development (GO:0072164)","1/16",0.41022321783964,0.793410377195778,0,0,1.98930041152263,1.77257375802616,"FGFR2"
"Mitochondrial Electron Transport, Cytochrome C To Oxygen (GO:0006123)","1/16",0.41022321783964,0.793410377195778,0,0,1.98930041152263,1.77257375802616,"COX7A2"
"Negative Regulation Of Biosynthetic Process (GO:0009890)","1/16",0.41022321783964,0.793410377195778,0,0,1.98930041152263,1.77257375802616,"CIITA"
"Negative Regulation Of Phosphatase Activity (GO:0010923)","1/16",0.41022321783964,0.793410377195778,0,0,1.98930041152263,1.77257375802616,"TGFB2"
"Negative Regulation Of Release Of Cytochrome C From Mitochondria (GO:0090201)","1/16",0.41022321783964,0.793410377195778,0,0,1.98930041152263,1.77257375802616,"OPA1"
"Nuclear Chromosome Segregation (GO:0098813)","1/16",0.41022321783964,0.793410377195778,0,0,1.98930041152263,1.77257375802616,"TOP2B"
"Nuclear Migration (GO:0007097)","1/16",0.41022321783964,0.793410377195778,0,0,1.98930041152263,1.77257375802616,"SYNE3"
"Oligodendrocyte Development (GO:0014003)","1/16",0.41022321783964,0.793410377195778,0,0,1.98930041152263,1.77257375802616,"EIF2B1"
"Pharyngeal System Development (GO:0060037)","1/16",0.41022321783964,0.793410377195778,0,0,1.98930041152263,1.77257375802616,"TGFB2"
"Positive Regulation Of Collagen Metabolic Process (GO:0010714)","1/16",0.41022321783964,0.793410377195778,0,0,1.98930041152263,1.77257375802616,"TGFB3"
"Positive Regulation Of Positive Chemotaxis (GO:0050927)","1/16",0.41022321783964,0.793410377195778,0,0,1.98930041152263,1.77257375802616,"IL16"
"Protein O-linked Mannosylation (GO:0035269)","1/16",0.41022321783964,0.793410377195778,0,0,1.98930041152263,1.77257375802616,"TMTC3"
"Protein Alpha-1,2-Demannosylation (GO:0036508)","1/16",0.41022321783964,0.793410377195778,0,0,1.98930041152263,1.77257375802616,"MAN1A1"
"Protein Kinase A Signaling (GO:0010737)","1/16",0.41022321783964,0.793410377195778,0,0,1.98930041152263,1.77257375802616,"TCP11"
"Regulation Of DNA Strand Elongation (GO:0060382)","1/16",0.41022321783964,0.793410377195778,0,0,1.98930041152263,1.77257375802616,"INO80D"
"Regulation Of Cardiac Muscle Contraction By Regulation Of The Release Of Sequestered Calcium Ion (GO:0010881)","1/16",0.41022321783964,0.793410377195778,0,0,1.98930041152263,1.77257375802616,"CALM2"
"Ubiquitin-Dependent Protein Catabolic Process (GO:0006511)","13/367",0.413324316454898,0.793410377195778,0,0,1.09690242689123,0.969138220517518,"MYLIP;ATE1;WDR26;UBR3;FBXO21;RCHY1;HERC5;PSMA6;UCHL1;RNF216;PSMC1;CHMP4C;SPOPL"
"Transmembrane Receptor Protein Serine/Threonine Kinase Signaling Pathway (GO:0007178)","5/130",0.414575412677007,0.793410377195778,0,0,1.19416149068323,1.05145965165467,"TGFB2;TGFB3;BAMBI;RUNX2;INHBE"
"Regulation Of Cellular Localization (GO:0060341)","3/72",0.41519096817755,0.793410377195778,0,0,1.29775205276619,1.14074572724475,"KIAA1614;TPR;PPM1F"
"Transforming Growth Factor Beta Receptor Signaling Pathway (GO:0007179)","3/72",0.41519096817755,0.793410377195778,0,0,1.29775205276619,1.14074572724475,"TGFB2;TGFB3;BAMBI"
"Protein Targeting To Membrane (GO:0006612)","3/72",0.41519096817755,0.793410377195778,0,0,1.29775205276619,1.14074572724475,"RTP2;PEX3;PEX5"
"Visual Perception (GO:0007601)","4/101",0.4158161599907,0.793410377195778,0,0,1.23097578518341,1.08019607182764,"OPA1;RGS16;CACNA2D4;DHRS3"
"Autophagosome Maturation (GO:0097352)","2/44",0.420287416836452,0.793410377195778,0,0,1.42113785235887,1.23186570501771,"LIX1;CHMP4C"
"Cellular Response To Ketone (GO:1901655)","2/44",0.420287416836452,0.793410377195778,0,0,1.42113785235887,1.23186570501771,"CREB1;AHR"
"Synaptic Vesicle Recycling (GO:0036465)","2/44",0.420287416836452,0.793410377195778,0,0,1.42113785235887,1.23186570501771,"WNT7A;PACSIN1"
"Mitotic Spindle Assembly (GO:0090307)","2/44",0.420287416836452,0.793410377195778,0,0,1.42113785235887,1.23186570501771,"PRC1;ZNF207"
"Positive Regulation Of Biosynthetic Process (GO:0009891)","2/44",0.420287416836452,0.793410377195778,0,0,1.42113785235887,1.23186570501771,"CREB1;TGFB3"
"Positive Regulation Of Chemotaxis (GO:0050921)","2/44",0.420287416836452,0.793410377195778,0,0,1.42113785235887,1.23186570501771,"XCL1;PPM1F"
"Positive Regulation Of Nucleocytoplasmic Transport (GO:0046824)","2/44",0.420287416836452,0.793410377195778,0,0,1.42113785235887,1.23186570501771,"TPR;NRDE2"
"Protein Catabolic Process (GO:0030163)","4/102",0.423124640133835,0.793410377195778,0,0,1.21835152665717,1.04789011974939,"PSMA6;ATE1;CTSL;TRIM24"
"DNA Replication (GO:0006260)","3/73",0.423884654132973,0.793410377195778,0,0,1.27914639540027,1.09788355208801,"CDK1;MCM5;NT5M"
"Granulocyte Chemotaxis (GO:0071621)","3/73",0.423884654132973,0.793410377195778,0,0,1.27914639540027,1.09788355208801,"TGFB2;PIK3CD;XCL1"
"DNA Modification (GO:0006304)","1/17",0.429376761261568,0.793410377195778,0,0,1.86487268518519,1.57660162423044,"SMUG1"
"Regulation Of Leukocyte Chemotaxis (GO:0002688)","1/17",0.429376761261568,0.793410377195778,0,0,1.86487268518519,1.57660162423044,"XCL1"
"Androgen Receptor Signaling Pathway (GO:0030521)","1/17",0.429376761261568,0.793410377195778,0,0,1.86487268518519,1.57660162423044,"PLPP1"
"Regulation Of Mitotic Cell Cycle Spindle Assembly Checkpoint (GO:0090266)","1/17",0.429376761261568,0.793410377195778,0,0,1.86487268518519,1.57660162423044,"TPR"
"Regulation Of Oxidative Phosphorylation (GO:0002082)","1/17",0.429376761261568,0.793410377195778,0,0,1.86487268518519,1.57660162423044,"COX7A2"
"Branched-Chain Amino Acid Catabolic Process (GO:0009083)","1/17",0.429376761261568,0.793410377195778,0,0,1.86487268518519,1.57660162423044,"BCKDHB"
"Carbohydrate Derivative Catabolic Process (GO:1901136)","1/17",0.429376761261568,0.793410377195778,0,0,1.86487268518519,1.57660162423044,"BPGM"
"Regulation Of Single Stranded Viral RNA Replication Via Double Stranded DNA Intermediate (GO:0045091)","1/17",0.429376761261568,0.793410377195778,0,0,1.86487268518519,1.57660162423044,"TOP2B"
"Response To Interferon-Alpha (GO:0035455)","1/17",0.429376761261568,0.793410377195778,0,0,1.86487268518519,1.57660162423044,"TPR"
"Detection Of Visible Light (GO:0009584)","1/17",0.429376761261568,0.793410377195778,0,0,1.86487268518519,1.57660162423044,"CACNA2D4"
"Embryonic Axis Specification (GO:0000578)","1/17",0.429376761261568,0.793410377195778,0,0,1.86487268518519,1.57660162423044,"WNT7A"
"Sulfur Amino Acid Metabolic Process (GO:0000096)","1/17",0.429376761261568,0.793410377195778,0,0,1.86487268518519,1.57660162423044,"MMUT"
"Facultative Heterochromatin Formation (GO:0140718)","1/17",0.429376761261568,0.793410377195778,0,0,1.86487268518519,1.57660162423044,"HDAC1"
"Filopodium Assembly (GO:0046847)","1/17",0.429376761261568,0.793410377195778,0,0,1.86487268518519,1.57660162423044,"FGD5"
"Triglyceride Biosynthetic Process (GO:0019432)","1/17",0.429376761261568,0.793410377195778,0,0,1.86487268518519,1.57660162423044,"MOGAT1"
"Intracellular Zinc Ion Homeostasis (GO:0006882)","1/17",0.429376761261568,0.793410377195778,0,0,1.86487268518519,1.57660162423044,"SLC39A14"
"Keratan Sulfate Metabolic Process (GO:0042339)","1/17",0.429376761261568,0.793410377195778,0,0,1.86487268518519,1.57660162423044,"B3GNT7"
"Leukocyte Tethering Or Rolling (GO:0050901)","1/17",0.429376761261568,0.793410377195778,0,0,1.86487268518519,1.57660162423044,"GCNT1"
"Long-Chain fatty-acyl-CoA Biosynthetic Process (GO:0035338)","1/17",0.429376761261568,0.793410377195778,0,0,1.86487268518519,1.57660162423044,"ELOVL1"
"Megakaryocyte Differentiation (GO:0030219)","1/17",0.429376761261568,0.793410377195778,0,0,1.86487268518519,1.57660162423044,"ZNF385A"
"Membrane Lipid Metabolic Process (GO:0006643)","1/17",0.429376761261568,0.793410377195778,0,0,1.86487268518519,1.57660162423044,"CERKL"
"Mesenchyme Development (GO:0060485)","1/17",0.429376761261568,0.793410377195778,0,0,1.86487268518519,1.57660162423044,"FGFR2"
"Motile Cilium Assembly (GO:0044458)","1/17",0.429376761261568,0.793410377195778,0,0,1.86487268518519,1.57660162423044,"BBOF1"
"Negative Regulation Of Striated Muscle Cell Differentiation (GO:0051154)","1/17",0.429376761261568,0.793410377195778,0,0,1.86487268518519,1.57660162423044,"HDAC1"
"Negative Regulation Of Vascular Associated Smooth Muscle Cell Proliferation (GO:1904706)","1/17",0.429376761261568,0.793410377195778,0,0,1.86487268518519,1.57660162423044,"TGFB3"
"Neural Tube Development (GO:0021915)","1/17",0.429376761261568,0.793410377195778,0,0,1.86487268518519,1.57660162423044,"DACT1"
"Neuron Maturation (GO:0042551)","1/17",0.429376761261568,0.793410377195778,0,0,1.86487268518519,1.57660162423044,"PICK1"
"Nicotinamide Nucleotide Metabolic Process (GO:0046496)","1/17",0.429376761261568,0.793410377195778,0,0,1.86487268518519,1.57660162423044,"NADK2"
"Positive Regulation Of SMAD Protein Signal Transduction (GO:0060391)","1/17",0.429376761261568,0.793410377195778,0,0,1.86487268518519,1.57660162423044,"TGFB3"
"Positive Regulation Of Alpha-Beta T Cell Proliferation (GO:0046641)","1/17",0.429376761261568,0.793410377195778,0,0,1.86487268518519,1.57660162423044,"XCL1"
"Positive Regulation Of Cell Adhesion Mediated By Integrin (GO:0033630)","1/17",0.429376761261568,0.793410377195778,0,0,1.86487268518519,1.57660162423044,"TGFB2"
"Positive Regulation Of Dendrite Extension (GO:1903861)","1/17",0.429376761261568,0.793410377195778,0,0,1.86487268518519,1.57660162423044,"ITSN2"
"Positive Regulation Of Dendrite Morphogenesis (GO:0050775)","1/17",0.429376761261568,0.793410377195778,0,0,1.86487268518519,1.57660162423044,"LRP8"
"Positive Regulation Of Glial Cell Differentiation (GO:0045687)","1/17",0.429376761261568,0.793410377195778,0,0,1.86487268518519,1.57660162423044,"ID2"
"Positive Regulation Of Lymphocyte Chemotaxis (GO:0140131)","1/17",0.429376761261568,0.793410377195778,0,0,1.86487268518519,1.57660162423044,"XCL1"
"Positive Regulation Of Macrophage Activation (GO:0043032)","1/17",0.429376761261568,0.793410377195778,0,0,1.86487268518519,1.57660162423044,"TAFA3"
"Positive Regulation Of Stem Cell Differentiation (GO:2000738)","1/17",0.429376761261568,0.793410377195778,0,0,1.86487268518519,1.57660162423044,"TGFB2"
"Protein Localization To Centrosome (GO:0071539)","1/17",0.429376761261568,0.793410377195778,0,0,1.86487268518519,1.57660162423044,"CEP83"
"Receptor Recycling (GO:0001881)","1/17",0.429376761261568,0.793410377195778,0,0,1.86487268518519,1.57660162423044,"PEX5"
"Regulation Of Adenylate Cyclase Activity (GO:0045761)","1/17",0.429376761261568,0.793410377195778,0,0,1.86487268518519,1.57660162423044,"GNAI3"
"Regulation Of Aerobic Respiration (GO:1903715)","1/17",0.429376761261568,0.793410377195778,0,0,1.86487268518519,1.57660162423044,"COX7A2"
"Protein Localization To Membrane (GO:0072657)","7/192",0.431403196836275,0.793410377195778,0,0,1.12959501557632,0.949664236867229,"CACNB2;ACTN2;PICK1;NUP54;LIN7C;SYNE3;PACSIN1"
"Chromosome Organization (GO:0051276)","2/45",0.431517977941397,0.793410377195778,0,0,1.3880162467201,1.16655284892589,"TOP2B;NUP133"
"Detection Of Chemical Stimulus Involved In Sensory Perception Of Taste (GO:0050912)","2/45",0.431517977941397,0.793410377195778,0,0,1.3880162467201,1.16655284892589,"RTP2;TAS2R40"
"Triglyceride Metabolic Process (GO:0006641)","2/45",0.431517977941397,0.793410377195778,0,0,1.3880162467201,1.16655284892589,"MOGAT1;APOA5"
"Hexose Metabolic Process (GO:0019318)","2/45",0.431517977941397,0.793410377195778,0,0,1.3880162467201,1.16655284892589,"CHST15;PGM1"
"Regulation Of Apoptotic Signaling Pathway (GO:2001233)","2/45",0.431517977941397,0.793410377195778,0,0,1.3880162467201,1.16655284892589,"CTSL;BDNF"
"Regulation Of Apoptotic Process (GO:0042981)","24/705",0.434253169294533,0.793410377195778,0,0,1.0527577092511,0.878134235679921,"TFAP2A;AVEN;FOXE3;HDAC1;ACTN2;TGFB3;ACTL6A;PAWR;FOXL2;FSTL1;LRP8;ACTB;CCAR2;NEUROD1;SHH;MELK;OPA1;CASP6;CDK1;TRIM24;ANKRD1;PROK2;SGK1;TXNDC5"
"Central Nervous System Development (GO:0007417)","10/283",0.437264203007633,0.793410377195778,0,0,1.09362729081039,0.904667833604792,"PPP1R17;SHH;CA10;EMX2;MARCKSL1;GSX1;NCOA6;GRIK1;CAPG;NKX2-2"
"Positive Regulation Of Kinase Activity (GO:0033674)","4/104",0.437671672014205,0.793410377195778,0,0,1.19386046511628,0.986470495071614,"PTPRC;NBN;ROR2;FGFR2"
"Regulation Of Stress Fiber Assembly (GO:0051492)","3/75",0.441134325556315,0.793410377195778,0,0,1.24348555211558,1.01767585871763,"TGFB3;CCN2;PPM1F"
"Regulation Of BMP Signaling Pathway (GO:0030510)","3/75",0.441134325556315,0.793410377195778,0,0,1.24348555211558,1.01767585871763,"BAMBI;SOSTDC1;FSTL1"
"Regulation Of Epidermal Growth Factor Receptor Signaling Pathway (GO:0042058)","2/46",0.442631375464969,0.793410377195778,0,0,1.35640016861037,1.10549050500029,"DGKD;PTPN3"
"Regulation Of mRNA Catabolic Process (GO:0061013)","2/46",0.442631375464969,0.793410377195778,0,0,1.35640016861037,1.10549050500029,"MAGOH;SERBP1"
"Mitotic G2/M Transition Checkpoint (GO:0044818)","2/46",0.442631375464969,0.793410377195778,0,0,1.35640016861037,1.10549050500029,"CDK1;NBN"
"Protein Sumoylation (GO:0016925)","2/46",0.442631375464969,0.793410377195778,0,0,1.35640016861037,1.10549050500029,"EID3;SMC5"
"Regulation Of Neuron Apoptotic Process (GO:0043523)","4/105",0.444906129922121,0.793410377195778,0,0,1.18197866298258,0.957275019661475,"TFAP2A;TGFB2;BDNF;TGFB3"
"Negative Regulation Of MAPK Cascade (GO:0043409)","4/105",0.444906129922121,0.793410377195778,0,0,1.18197866298258,0.957275019661475,"UCHL1;PTPRC;PAQR3;FBLN1"
"Cellular Response To Oxygen-Containing Compound (GO:1901701)","14/406",0.446621956016481,0.793410377195778,0,0,1.06631046119235,0.859491846548322,"SLC12A2;HCN4;AQP9;AHR;ACTB;RYR3;TSHR;STRA8;P2RY6;CREB1;LARS1;P2RY2;PEX5;ANKRD1"
"Regulation Of Programmed Cell Death (GO:0043067)","7/195",0.447275276844247,0.793410377195778,0,0,1.11139557234705,0.894207807727495,"ACTN2;CASP6;ACTL6A;TRIM24;SGK1;LRP8;ACTB"
"3'-UTR-mediated mRNA Stabilization (GO:0070935)","1/18",0.447909201514671,0.793410377195778,0,0,1.75508351488744,1.40962119894781,"BOLL"
"Regulation Of Dendrite Extension (GO:1903859)","1/18",0.447909201514671,0.793410377195778,0,0,1.75508351488744,1.40962119894781,"ITSN2"
"Actin Filament Capping (GO:0051693)","1/18",0.447909201514671,0.793410377195778,0,0,1.75508351488744,1.40962119894781,"CAPG"
"Associative Learning (GO:0008306)","1/18",0.447909201514671,0.793410377195778,0,0,1.75508351488744,1.40962119894781,"SHANK1"
"Autophagy Of Nucleus (GO:0044804)","1/18",0.447909201514671,0.793410377195778,0,0,1.75508351488744,1.40962119894781,"ATG5"
"Barbed-End Actin Filament Capping (GO:0051016)","1/18",0.447909201514671,0.793410377195778,0,0,1.75508351488744,1.40962119894781,"CAPG"
"Branching Involved In Ureteric Bud Morphogenesis (GO:0001658)","1/18",0.447909201514671,0.793410377195778,0,0,1.75508351488744,1.40962119894781,"SHH"
"Regulation Of Protein Deacetylation (GO:0090311)","1/18",0.447909201514671,0.793410377195778,0,0,1.75508351488744,1.40962119894781,"CCAR2"
"Cardiac Atrium Morphogenesis (GO:0003209)","1/18",0.447909201514671,0.793410377195778,0,0,1.75508351488744,1.40962119894781,"TGFB2"
"Cardiac Muscle Cell Contraction (GO:0086003)","1/18",0.447909201514671,0.793410377195778,0,0,1.75508351488744,1.40962119894781,"KCNJ2"
"Renal Absorption (GO:0070293)","1/18",0.447909201514671,0.793410377195778,0,0,1.75508351488744,1.40962119894781,"SGK1"
"Endothelial Cell Proliferation (GO:0001935)","1/18",0.447909201514671,0.793410377195778,0,0,1.75508351488744,1.40962119894781,"PROK2"
"Energy Reserve Metabolic Process (GO:0006112)","1/18",0.447909201514671,0.793410377195778,0,0,1.75508351488744,1.40962119894781,"GFPT1"
"Glucose 6-Phosphate Metabolic Process (GO:0051156)","1/18",0.447909201514671,0.793410377195778,0,0,1.75508351488744,1.40962119894781,"RPE"
"Ureteric Bud Development (GO:0001657)","1/18",0.447909201514671,0.793410377195778,0,0,1.75508351488744,1.40962119894781,"FGFR2"
"Ureteric Bud Morphogenesis (GO:0060675)","1/18",0.447909201514671,0.793410377195778,0,0,1.75508351488744,1.40962119894781,"SHH"
"Vesicle-Mediated Transport In Synapse (GO:0099003)","1/18",0.447909201514671,0.793410377195778,0,0,1.75508351488744,1.40962119894781,"CPLX4"
"Intracellular Sodium Ion Homeostasis (GO:0006883)","1/18",0.447909201514671,0.793410377195778,0,0,1.75508351488744,1.40962119894781,"SLC12A2"
"Lysosomal Lumen Acidification (GO:0007042)","1/18",0.447909201514671,0.793410377195778,0,0,1.75508351488744,1.40962119894781,"ATP6V0A1"
"Maintenance Of Gastrointestinal Epithelium (GO:0030277)","1/18",0.447909201514671,0.793410377195778,0,0,1.75508351488744,1.40962119894781,"STRAP"
"Melanosome Localization (GO:0032400)","1/18",0.447909201514671,0.793410377195778,0,0,1.75508351488744,1.40962119894781,"MKKS"
"Membrane Repolarization (GO:0086009)","1/18",0.447909201514671,0.793410377195778,0,0,1.75508351488744,1.40962119894781,"KCNJ2"
"Mesenchyme Morphogenesis (GO:0072132)","1/18",0.447909201514671,0.793410377195778,0,0,1.75508351488744,1.40962119894781,"TGFB2"
"Mitotic Cytokinetic Process (GO:1902410)","1/18",0.447909201514671,0.793410377195778,0,0,1.75508351488744,1.40962119894781,"CHMP4C"
"Negative Regulation Of ERBB Signaling Pathway (GO:1901185)","1/18",0.447909201514671,0.793410377195778,0,0,1.75508351488744,1.40962119894781,"PTPN3"
"Negative Regulation Of Monoatomic Ion Transport (GO:0043271)","1/18",0.447909201514671,0.793410377195778,0,0,1.75508351488744,1.40962119894781,"HTR1B"
"Negative Regulation Of Signal Transduction By P53 Class Mediator (GO:1901797)","1/18",0.447909201514671,0.793410377195778,0,0,1.75508351488744,1.40962119894781,"MARCHF7"
"Negative Regulation Of Viral Entry Into Host Cell (GO:0046597)","1/18",0.447909201514671,0.793410377195778,0,0,1.75508351488744,1.40962119894781,"CIITA"
"Nitric Oxide Mediated Signal Transduction (GO:0007263)","1/18",0.447909201514671,0.793410377195778,0,0,1.75508351488744,1.40962119894781,"NEUROD1"
"Positive Regulation Of CREB Transcription Factor Activity (GO:0032793)","1/18",0.447909201514671,0.793410377195778,0,0,1.75508351488744,1.40962119894781,"LRP8"
"Positive Regulation Of DNA Replication (GO:0045740)","1/18",0.447909201514671,0.793410377195778,0,0,1.75508351488744,1.40962119894781,"GLI1"
"Positive Regulation Of G Protein-Coupled Receptor Signaling Pathway (GO:0045745)","1/18",0.447909201514671,0.793410377195778,0,0,1.75508351488744,1.40962119894781,"SLC39A14"
"Positive Regulation Of Cyclin-Dependent Protein Kinase Activity (GO:1904031)","1/18",0.447909201514671,0.793410377195778,0,0,1.75508351488744,1.40962119894781,"CCND1"
"Positive Regulation Of Focal Adhesion Assembly (GO:0051894)","1/18",0.447909201514671,0.793410377195778,0,0,1.75508351488744,1.40962119894781,"PPM1F"
"Positive Regulation Of Neuroblast Proliferation (GO:0002052)","1/18",0.447909201514671,0.793410377195778,0,0,1.75508351488744,1.40962119894781,"HAPLN3"
"Positive Regulation Of Neutrophil Chemotaxis (GO:0090023)","1/18",0.447909201514671,0.793410377195778,0,0,1.75508351488744,1.40962119894781,"XCL1"
"Positive Regulation Of Stress-Activated Protein Kinase Signaling Cascade (GO:0070304)","1/18",0.447909201514671,0.793410377195778,0,0,1.75508351488744,1.40962119894781,"TGFB2"
"Pulmonary Valve Morphogenesis (GO:0003184)","1/18",0.447909201514671,0.793410377195778,0,0,1.75508351488744,1.40962119894781,"TGFB2"
"Regulation Of DNA Damage Checkpoint (GO:2000001)","1/18",0.447909201514671,0.793410377195778,0,0,1.75508351488744,1.40962119894781,"CCAR2"
"Regulation Of T Cell Cytokine Production (GO:0002724)","1/18",0.447909201514671,0.793410377195778,0,0,1.75508351488744,1.40962119894781,"XCL1"
"Regulation Of Adaptive Immune Response (GO:0002819)","1/18",0.447909201514671,0.793410377195778,0,0,1.75508351488744,1.40962119894781,"AHR"
"Transcription Initiation At RNA Polymerase II Promoter (GO:0006367)","3/76",0.449684338875763,0.795958121920171,0,0,1.22638788752704,0.980140741894756,"MED30;MED21;MED8"
"Regulation Of Interleukin-2 Production (GO:0032663)","2/47",0.453623382302727,0.798825438949691,0,0,1.32618924952773,1.04833666044064,"PTPRC;XCL1"
"Secondary Alcohol Metabolic Process (GO:1902652)","2/47",0.453623382302727,0.798825438949691,0,0,1.32618924952773,1.04833666044064,"FDX1;APOA4"
"Insulin Receptor Signaling Pathway (GO:0008286)","2/47",0.453623382302727,0.798825438949691,0,0,1.32618924952773,1.04833666044064,"STXBP4;SLC39A14"
"Positive Regulation Of TOR Signaling (GO:0032008)","2/47",0.453623382302727,0.798825438949691,0,0,1.32618924952773,1.04833666044064,"LARS1;CLEC16A"
"Regulation Of T Cell Differentiation (GO:0045580)","2/47",0.453623382302727,0.798825438949691,0,0,1.32618924952773,1.04833666044064,"ACTL6A;ACTB"
"Protein Phosphorylation (GO:0006468)","17/500",0.456951798600107,0.798825438949691,0,0,1.0507770527033,0.822944805622395,"CDK17;BLK;MYLK2;RNASEL;TGFB2;PIK3CD;PPP4R1;MELK;CREB1;PEAK1;MAK;CDK1;PICK1;NEK1;SGK1;FGFR2;NEK11"
"Regulation Of Immune Response (GO:0050776)","3/77",0.458180722363214,0.798825438949691,0,0,1.20975232198142,0.944201504077866,"TGFB2;AHR;LRP8"
"Actomyosin Structure Organization (GO:0031032)","3/77",0.458180722363214,0.798825438949691,0,0,1.20975232198142,0.944201504077866,"MYH3;ACTN2;ANKRD1"
"Regulation Of Transcription Elongation By RNA Polymerase II (GO:0034243)","3/77",0.458180722363214,0.798825438949691,0,0,1.20975232198142,0.944201504077866,"MED30;MED21;MED8"
"Neutrophil Migration (GO:1990266)","3/77",0.458180722363214,0.798825438949691,0,0,1.20975232198142,0.944201504077866,"TGFB2;PIK3CD;XCL1"
"Positive Regulation Of Response To Stimulus (GO:0048584)","3/77",0.458180722363214,0.798825438949691,0,0,1.20975232198142,0.944201504077866,"TGFB2;INO80D;ACTL6A"
"Monoatomic Ion Transport (GO:0006811)","4/107",0.459287167997077,0.798825438949691,0,0,1.15890720252879,0.901722082960088,"HCN4;SLC12A2;SLC9A5;SLC9A8"
"Cilium Organization (GO:0044782)","8/228",0.461737500440175,0.798825438949691,0,0,1.0852928662601,0.838669537271572,"MKKS;MAK;CEP83;NEK1;NPHP3;IFT80;CEP20;CFAP20"
"Negative Regulation Of ERK1 And ERK2 Cascade (GO:0070373)","2/48",0.46449016821799,0.798825438949691,0,0,1.29729184866608,0.994782702767747,"PTPRC;FBLN1"
"Regulation Of Cellular Response To Growth Factor Stimulus (GO:0090287)","1/19",0.465840649544085,0.798825438949691,0,0,1.65749314128944,1.26617833220104,"FSTL1"
"Arp2/3 Complex-Mediated Actin Nucleation (GO:0034314)","1/19",0.465840649544085,0.798825438949691,0,0,1.65749314128944,1.26617833220104,"ARPC5L"
"DNA Catabolic Process (GO:0006308)","1/19",0.465840649544085,0.798825438949691,0,0,1.65749314128944,1.26617833220104,"FOXL2"
"N-glycan Processing (GO:0006491)","1/19",0.465840649544085,0.798825438949691,0,0,1.65749314128944,1.26617833220104,"MAN1A1"
"Regulation Of Neuroinflammatory Response (GO:0150077)","1/19",0.465840649544085,0.798825438949691,0,0,1.65749314128944,1.26617833220104,"CD200R1"
"Cardiac Epithelial To Mesenchymal Transition (GO:0060317)","1/19",0.465840649544085,0.798825438949691,0,0,1.65749314128944,1.26617833220104,"TGFB2"
"Chondroitin Sulfate Proteoglycan Biosynthetic Process (GO:0050650)","1/19",0.465840649544085,0.798825438949691,0,0,1.65749314128944,1.26617833220104,"CHST15"
"Dopamine Metabolic Process (GO:0042417)","1/19",0.465840649544085,0.798825438949691,0,0,1.65749314128944,1.26617833220104,"TGFB2"
"Dopaminergic Neuron Differentiation (GO:0071542)","1/19",0.465840649544085,0.798825438949691,0,0,1.65749314128944,1.26617833220104,"SHH"
"Skeletal Muscle Contraction (GO:0003009)","1/19",0.465840649544085,0.798825438949691,0,0,1.65749314128944,1.26617833220104,"MYH3"
"Sphingosine Metabolic Process (GO:0006670)","1/19",0.465840649544085,0.798825438949691,0,0,1.65749314128944,1.26617833220104,"PLPP1"
"Epithelial Structure Maintenance (GO:0010669)","1/19",0.465840649544085,0.798825438949691,0,0,1.65749314128944,1.26617833220104,"STRAP"
"Steroid Hormone Biosynthetic Process (GO:0120178)","1/19",0.465840649544085,0.798825438949691,0,0,1.65749314128944,1.26617833220104,"SRD5A3"
"Fluid Transport (GO:0042044)","1/19",0.465840649544085,0.798825438949691,0,0,1.65749314128944,1.26617833220104,"AQP9"
"Vesicle Docking (GO:0048278)","1/19",0.465840649544085,0.798825438949691,0,0,1.65749314128944,1.26617833220104,"CEP83"
"Water Transport (GO:0006833)","1/19",0.465840649544085,0.798825438949691,0,0,1.65749314128944,1.26617833220104,"AQP9"
"Inositol Phosphate-Mediated Signaling (GO:0048016)","1/19",0.465840649544085,0.798825438949691,0,0,1.65749314128944,1.26617833220104,"PPP3CC"
"Insulin Secretion (GO:0030073)","1/19",0.465840649544085,0.798825438949691,0,0,1.65749314128944,1.26617833220104,"NEUROD1"
"Leukocyte Adhesion To Vascular Endothelial Cell (GO:0061756)","1/19",0.465840649544085,0.798825438949691,0,0,1.65749314128944,1.26617833220104,"GCNT1"
"Linoleic Acid Metabolic Process (GO:0043651)","1/19",0.465840649544085,0.798825438949691,0,0,1.65749314128944,1.26617833220104,"ELOVL1"
"Mitotic Sister Chromatid Cohesion (GO:0007064)","1/19",0.465840649544085,0.798825438949691,0,0,1.65749314128944,1.26617833220104,"PDS5B"
"Negative Regulation Of Fatty Acid Metabolic Process (GO:0045922)","1/19",0.465840649544085,0.798825438949691,0,0,1.65749314128944,1.26617833220104,"DCAF5"
"Nucleotide Biosynthetic Process (GO:0009165)","1/19",0.465840649544085,0.798825438949691,0,0,1.65749314128944,1.26617833220104,"RRM2"
"Positive Regulation Of Alpha-Beta T Cell Activation (GO:0046635)","1/19",0.465840649544085,0.798825438949691,0,0,1.65749314128944,1.26617833220104,"SHH"
"Positive Regulation Of calcineurin-NFAT Signaling Cascade (GO:0070886)","1/19",0.465840649544085,0.798825438949691,0,0,1.65749314128944,1.26617833220104,"PPP3CC"
"Positive Regulation Of Calcineurin-Mediated Signaling (GO:0106058)","1/19",0.465840649544085,0.798825438949691,0,0,1.65749314128944,1.26617833220104,"PPP3CC"
"Protein Insertion Into Membrane (GO:0051205)","1/19",0.465840649544085,0.798825438949691,0,0,1.65749314128944,1.26617833220104,"RTP2"
"Receptor Clustering (GO:0043113)","1/19",0.465840649544085,0.798825438949691,0,0,1.65749314128944,1.26617833220104,"PICK1"
"Regulation Of B Cell Differentiation (GO:0045577)","1/19",0.465840649544085,0.798825438949691,0,0,1.65749314128944,1.26617833220104,"ID2"
"Regulation Of Innate Immune Response (GO:0045088)","3/78",0.466620835595489,0.799583056208949,0,0,1.19356037151703,0.909777388319068,"CFH;LRP8;ATG5"
"Regulation Of Wnt Signaling Pathway (GO:0030111)","4/109",0.473538752012543,0.802255199965639,0,0,1.13671465485419,0.849718675779904,"SOSTDC1;CCNYL1;FGFR2;DACT1"
"Organelle Assembly (GO:0070925)","11/322",0.474275415046053,0.802255199965639,0,0,1.05554939572015,0.787405102238546,"MKKS;MAK;TP53INP2;CHMP4C;CEP83;NEK1;NPHP3;IFT80;CEP20;CFAP20;ATG5"
"Unsaturated Fatty Acid Metabolic Process (GO:0033559)","2/49",0.475228278440831,0.802255199965639,0,0,1.26962412443684,0.944549568949511,"FADS3;ELOVL1"
"Negative Regulation Of DNA Metabolic Process (GO:0051053)","2/49",0.475228278440831,0.802255199965639,0,0,1.26962412443684,0.944549568949511,"SUB1;ANKRD1"
"Neurogenesis (GO:0022008)","2/49",0.475228278440831,0.802255199965639,0,0,1.26962412443684,0.944549568949511,"NEUROD1;TGFB2"
"Nuclear Export (GO:0051168)","2/49",0.475228278440831,0.802255199965639,0,0,1.26962412443684,0.944549568949511,"TPR;NUP153"
"Positive Regulation Of Nervous System Development (GO:0051962)","2/49",0.475228278440831,0.802255199965639,0,0,1.26962412443684,0.944549568949511,"SLITRK6;WNT7A"
"Proton Transmembrane Transport (GO:1902600)","2/49",0.475228278440831,0.802255199965639,0,0,1.26962412443684,0.944549568949511,"SLC9A8;ATP6V0A1"
"Regulation Of Cell Communication (GO:0010646)","2/49",0.475228278440831,0.802255199965639,0,0,1.26962412443684,0.944549568949511,"HCN4;ITGB8"
"Adenylate Cyclase-Activating G Protein-Coupled Receptor Signaling Pathway (GO:0007189)","4/110",0.480611625932118,0.802255199965639,0,0,1.12593242650285,0.824965921158617,"GPR26;ADGRF4;TCP11;TSHR"
"Sensory Perception Of Chemical Stimulus (GO:0007606)","4/110",0.480611625932118,0.802255199965639,0,0,1.12593242650285,0.824965921158617,"MKKS;UBR3;OR8B3;UGT2A1"
"Metal Ion Transport (GO:0030001)","6/171",0.481378014955087,0.802255199965639,0,0,1.08502756963099,0.793266285886184,"KCNJ6;KCNJ16;KCNA5;SGK1;RYR3;KCNJ2"
"DNA Methylation (GO:0006306)","1/20",0.483190565742668,0.802255199965639,0,0,1.57017543859649,1.14205793087146,"PICK1"
"DNA Unwinding Involved In DNA Replication (GO:0006268)","1/20",0.483190565742668,0.802255199965639,0,0,1.57017543859649,1.14205793087146,"MCM5"
"Anterior/Posterior Axis Specification (GO:0009948)","1/20",0.483190565742668,0.802255199965639,0,0,1.57017543859649,1.14205793087146,"SHH"
"Regulation Of Necroptotic Process (GO:0060544)","1/20",0.483190565742668,0.802255199965639,0,0,1.57017543859649,1.14205793087146,"CASP6"
"Regulation Of Phosphatase Activity (GO:0010921)","1/20",0.483190565742668,0.802255199965639,0,0,1.57017543859649,1.14205793087146,"PPP1R17"
"Calcium-Mediated Signaling Using Intracellular Calcium Source (GO:0035584)","1/20",0.483190565742668,0.802255199965639,0,0,1.57017543859649,1.14205793087146,"PTPRC"
"Regulation Of Protein Localization To Cell Periphery (GO:1904375)","1/20",0.483190565742668,0.802255199965639,0,0,1.57017543859649,1.14205793087146,"ACTB"
"Cell Projection Organization (GO:0030030)","1/20",0.483190565742668,0.802255199965639,0,0,1.57017543859649,1.14205793087146,"CAPG"
"Regulation Of Smooth Muscle Contraction (GO:0006940)","1/20",0.483190565742668,0.802255199965639,0,0,1.57017543859649,1.14205793087146,"PROK2"
"Regulation Of Toll-Like Receptor Signaling Pathway (GO:0034121)","1/20",0.483190565742668,0.802255199965639,0,0,1.57017543859649,1.14205793087146,"OTUD4"
"Cilium-Dependent Cell Motility (GO:0060285)","1/20",0.483190565742668,0.802255199965639,0,0,1.57017543859649,1.14205793087146,"CRNN"
"Sensory Perception Of Pain (GO:0019233)","1/20",0.483190565742668,0.802255199965639,0,0,1.57017543859649,1.14205793087146,"PROK2"
"Epithelial Cilium Movement Involved In Extracellular Fluid Movement (GO:0003351)","1/20",0.483190565742668,0.802255199965639,0,0,1.57017543859649,1.14205793087146,"NPHP3"
"Late Endosome To Vacuole Transport (GO:0045324)","1/20",0.483190565742668,0.802255199965639,0,0,1.57017543859649,1.14205793087146,"CHMP4C"
"Maturation Of LSU-rRNA (GO:0000470)","1/20",0.483190565742668,0.802255199965639,0,0,1.57017543859649,1.14205793087146,"ZNHIT6"
"Mitochondrial RNA Metabolic Process (GO:0000959)","1/20",0.483190565742668,0.802255199965639,0,0,1.57017543859649,1.14205793087146,"TFAM"
"Negative Regulation Of B Cell Activation (GO:0050869)","1/20",0.483190565742668,0.802255199965639,0,0,1.57017543859649,1.14205793087146,"ID2"
"Negative Regulation Of Small GTPase Mediated Signal Transduction (GO:0051058)","1/20",0.483190565742668,0.802255199965639,0,0,1.57017543859649,1.14205793087146,"TGFB2"
"Negative Regulation Of Stem Cell Population Maintenance (GO:1902455)","1/20",0.483190565742668,0.802255199965639,0,0,1.57017543859649,1.14205793087146,"HDAC1"
"Negative Regulation Of Viral Life Cycle (GO:1903901)","1/20",0.483190565742668,0.802255199965639,0,0,1.57017543859649,1.14205793087146,"CIITA"
"Peripheral Nervous System Development (GO:0007422)","1/20",0.483190565742668,0.802255199965639,0,0,1.57017543859649,1.14205793087146,"ARTN"
"Phosphatidylglycerol Metabolic Process (GO:0046471)","1/20",0.483190565742668,0.802255199965639,0,0,1.57017543859649,1.14205793087146,"PLA2G4F"
"Phosphatidylserine Metabolic Process (GO:0006658)","1/20",0.483190565742668,0.802255199965639,0,0,1.57017543859649,1.14205793087146,"PTDSS1"
"Positive Regulation Of Antigen Receptor-Mediated Signaling Pathway (GO:0050857)","1/20",0.483190565742668,0.802255199965639,0,0,1.57017543859649,1.14205793087146,"PTPRC"
"Positive Regulation Of Embryonic Development (GO:0040019)","1/20",0.483190565742668,0.802255199965639,0,0,1.57017543859649,1.14205793087146,"NR2C2"
"Positive Regulation Of Epithelial Cell Differentiation (GO:0030858)","1/20",0.483190565742668,0.802255199965639,0,0,1.57017543859649,1.14205793087146,"VEZF1"
"Positive Regulation Of Phospholipase Activity (GO:0010518)","1/20",0.483190565742668,0.802255199965639,0,0,1.57017543859649,1.14205793087146,"FGFR2"
"Protein Deacylation (GO:0035601)","1/20",0.483190565742668,0.802255199965639,0,0,1.57017543859649,1.14205793087146,"HDAC1"
"Pulmonary Valve Development (GO:0003177)","1/20",0.483190565742668,0.802255199965639,0,0,1.57017543859649,1.14205793087146,"TGFB2"
"Regulation Of Cardiac Muscle Contraction By Calcium Ion Signaling (GO:0010882)","1/20",0.483190565742668,0.802255199965639,0,0,1.57017543859649,1.14205793087146,"CALM2"
"Wound Healing (GO:0042060)","3/80",0.483322354844642,0.802255199965639,0,0,1.16243818101403,0.845175609862395,"TGFB2;CHMP4C;WNT7A"
"Negative Regulation Of Protein Serine/Threonine Kinase Activity (GO:0071901)","3/80",0.483322354844642,0.802255199965639,0,0,1.16243818101403,0.845175609862395,"UCHL1;PRKAR1A;PAQR3"
"Regulation Of Epithelial Cell Migration (GO:0010632)","2/50",0.485834613267385,0.802255199965639,0,0,1.24310922205049,0.897384405521129,"TGFB2;PPM1F"
"Blood Circulation (GO:0008015)","2/50",0.485834613267385,0.802255199965639,0,0,1.24310922205049,0.897384405521129,"HCN4;SGCG"
"Ribosome Assembly (GO:0042255)","2/50",0.485834613267385,0.802255199965639,0,0,1.24310922205049,0.897384405521129,"BRIX1;RPL23A"
"Intracellular Iron Ion Homeostasis (GO:0006879)","2/50",0.485834613267385,0.802255199965639,0,0,1.24310922205049,0.897384405521129,"SLC39A14;NUBP1"
"Mitotic Metaphase Plate Congression (GO:0007080)","2/50",0.485834613267385,0.802255199965639,0,0,1.24310922205049,0.897384405521129,"CHMP4C;SPDL1"
"Positive Regulation Of Developmental Growth (GO:0048639)","2/50",0.485834613267385,0.802255199965639,0,0,1.24310922205049,0.897384405521129,"ITSN2;BDNF"
"Positive Regulation Of Transport (GO:0051050)","2/50",0.485834613267385,0.802255199965639,0,0,1.24310922205049,0.897384405521129,"SGK1;ACTB"
"Regulation Of TORC1 Signaling (GO:1903432)","2/50",0.485834613267385,0.802255199965639,0,0,1.24310922205049,0.897384405521129,"LARS1;CLEC16A"
"Regulation Of Transforming Growth Factor Beta Receptor Signaling Pathway (GO:0017015)","4/111",0.487647012270232,0.803563382144044,0,0,1.11535173513004,0.801004872788835,"PPM1A;BAMBI;HDAC1;STRAP"
"Mitotic Cell Cycle Phase Transition (GO:0044772)","4/111",0.487647012270232,0.803563382144044,0,0,1.11535173513004,0.801004872788835,"MELK;CCND1;CDK1;ARPP19"
"Mitotic Sister Chromatid Segregation (GO:0000070)","4/111",0.487647012270232,0.803563382144044,0,0,1.11535173513004,0.801004872788835,"PRC1;ZNF207;CHMP4C;SPDL1"
"Histone Modification (GO:0016570)","3/81",0.49157913613548,0.804252891711647,0,0,1.14747558942605,0.81485952876751,"HDAC1;ACTL6A;SUPT3H"
"Calcium Ion Transport (GO:0006816)","4/112",0.494643330814786,0.804252891711647,0,0,1.10496698248636,0.777806501899221,"CACNB2;CACNA2D4;MCOLN2;RYR3"
"Regulation Of Protein Serine/Threonine Kinase Activity (GO:0071900)","4/112",0.494643330814786,0.804252891711647,0,0,1.10496698248636,0.777806501899221,"HERC5;CCND1;CALM2;ACTB"
"Protein Deubiquitination (GO:0016579)","4/112",0.494643330814786,0.804252891711647,0,0,1.10496698248636,0.777806501899221,"OTUD4;USP25;UCHL1;CDK1"
"Regulation Of Release Of Sequestered Calcium Ion Into Cytosol (GO:0051279)","2/51",0.496306409083998,0.804252891711647,0,0,1.21767656057786,0.853057662082219,"XCL1;CALM2"
"Regulation Of Substrate Adhesion-Dependent Cell Spreading (GO:1900024)","2/51",0.496306409083998,0.804252891711647,0,0,1.21767656057786,0.853057662082219,"CASS4;FBLN1"
"Metaphase Plate Congression (GO:0051310)","2/51",0.496306409083998,0.804252891711647,0,0,1.21767656057786,0.853057662082219,"CHMP4C;SPDL1"
"Negative Regulation Of MAP Kinase Activity (GO:0043407)","2/51",0.496306409083998,0.804252891711647,0,0,1.21767656057786,0.853057662082219,"UCHL1;PAQR3"
"Regulated Exocytosis (GO:0045055)","2/51",0.496306409083998,0.804252891711647,0,0,1.21767656057786,0.853057662082219,"SYNGR2;CPLX4"
"Positive Regulation Of Transferase Activity (GO:0051347)","5/143",0.496694542628315,0.804252891711647,0,0,1.08093662795931,0.756417881278308,"HMBOX1;APOA4;NBN;ROR2;FGFR2"
"Cellular Response To Organic Substance (GO:0071310)","3/82",0.499770391954505,0.804252891711647,0,0,1.13289179762511,0.785781117034519,"CRNN;NCOA2;SLIT1"
"DNA Replication Initiation (GO:0006270)","1/21",0.499977781601528,0.804252891711647,0,0,1.49158950617284,1.03395734368923,"MCM5"
"Regulation Of Dendritic Spine Development (GO:0060998)","1/21",0.499977781601528,0.804252891711647,0,0,1.49158950617284,1.03395734368923,"SHANK1"
"Regulation Of Membrane Protein Ectodomain Proteolysis (GO:0051043)","1/21",0.499977781601528,0.804252891711647,0,0,1.49158950617284,1.03395734368923,"PTPN3"
"Aminoglycan Biosynthetic Process (GO:0006023)","1/21",0.499977781601528,0.804252891711647,0,0,1.49158950617284,1.03395734368923,"HS3ST3B1"
"Anaphase-Promoting Complex-Dependent Catabolic Process (GO:0031145)","1/21",0.499977781601528,0.804252891711647,0,0,1.49158950617284,1.03395734368923,"CDC20B"
"Regulation Of Neurotransmitter Transport (GO:0051588)","1/21",0.499977781601528,0.804252891711647,0,0,1.49158950617284,1.03395734368923,"CPLX4"
"Regulation Of Transferase Activity (GO:0051338)","1/21",0.499977781601528,0.804252891711647,0,0,1.49158950617284,1.03395734368923,"HMBOX1"
"Endocardial Cushion Morphogenesis (GO:0003203)","1/21",0.499977781601528,0.804252891711647,0,0,1.49158950617284,1.03395734368923,"TGFB2"
"Histone H2A Acetylation (GO:0043968)","1/21",0.499977781601528,0.804252891711647,0,0,1.49158950617284,1.03395734368923,"ACTL6A"
"Zinc Ion Transmembrane Transport (GO:0071577)","1/21",0.499977781601528,0.804252891711647,0,0,1.49158950617284,1.03395734368923,"SLC39A14"
"Lipid Catabolic Process (GO:0016042)","1/21",0.499977781601528,0.804252891711647,0,0,1.49158950617284,1.03395734368923,"APOA4"
"Maturation Of 5.8S rRNA From Tricistronic rRNA Transcript (SSU-rRNA, 5.8S rRNA, LSU-rRNA) (GO:0000466)","1/21",0.499977781601528,0.804252891711647,0,0,1.49158950617284,1.03395734368923,"RPP40"
"Mitochondrial Calcium Ion Homeostasis (GO:0051560)","1/21",0.499977781601528,0.804252891711647,0,0,1.49158950617284,1.03395734368923,"MCUB"
"Modulation By Host Of Viral Genome Replication (GO:0044827)","1/21",0.499977781601528,0.804252891711647,0,0,1.49158950617284,1.03395734368923,"SMC5"
"Modulation By Symbiont Of Entry Into Host (GO:0052372)","1/21",0.499977781601528,0.804252891711647,0,0,1.49158950617284,1.03395734368923,"EXOC2"
"Negative Regulation Of Reactive Oxygen Species Metabolic Process (GO:2000378)","1/21",0.499977781601528,0.804252891711647,0,0,1.49158950617284,1.03395734368923,"TFAP2A"
"Plasma Membrane Repair (GO:0001778)","1/21",0.499977781601528,0.804252891711647,0,0,1.49158950617284,1.03395734368923,"CHMP4C"
"Positive Regulation Of T Cell Cytokine Production (GO:0002726)","1/21",0.499977781601528,0.804252891711647,0,0,1.49158950617284,1.03395734368923,"XCL1"
"Positive Regulation Of Granulocyte Chemotaxis (GO:0071624)","1/21",0.499977781601528,0.804252891711647,0,0,1.49158950617284,1.03395734368923,"XCL1"
"Positive Regulation Of Heart Contraction (GO:0045823)","1/21",0.499977781601528,0.804252891711647,0,0,1.49158950617284,1.03395734368923,"TGFB2"
"Positive Regulation Of Transcription Regulatory Region DNA Binding (GO:2000679)","1/21",0.499977781601528,0.804252891711647,0,0,1.49158950617284,1.03395734368923,"NEUROD1"
"Positive Regulation Of Translational Initiation (GO:0045948)","1/21",0.499977781601528,0.804252891711647,0,0,1.49158950617284,1.03395734368923,"CDC123"
"Protein Mannosylation (GO:0035268)","1/21",0.499977781601528,0.804252891711647,0,0,1.49158950617284,1.03395734368923,"TMTC3"
"Regulation Of Cell-Substrate Junction Assembly (GO:0090109)","1/21",0.499977781601528,0.804252891711647,0,0,1.49158950617284,1.03395734368923,"PEAK1"
"Positive Regulation Of Cellular Component Organization (GO:0051130)","4/113",0.501599061540597,0.806311960830225,0,0,1.09477277576275,0.755343031545835,"LMAN1;TGFB2;TGFB3;APOA5"
"Regulation Of Cell Cycle (GO:0051726)","10/298",0.502224984966256,0.806769299439336,0,0,1.03585246044166,0.713398925898288,"PPM1A;FOXE3;CDC123;TGFB2;INO80D;PTPRC;ACTL6A;NBN;ACTB;FGFR2"
"Regulation Of Proteolysis (GO:0030162)","2/52",0.506641219384269,0.812024992805231,0,0,1.19326120556414,0.811360557997811,"SHH;SPOPL"
"Neurotransmitter Transport (GO:0006836)","2/52",0.506641219384269,0.812024992805231,0,0,1.19326120556414,0.811360557997811,"LIN7C;SLC28A2"
"Regulation Of Cell Development (GO:0060284)","2/52",0.506641219384269,0.812024992805231,0,0,1.19326120556414,0.811360557997811,"HELT;BHLHE40"
"Regulation Of Epithelial To Mesenchymal Transition (GO:0010717)","3/83",0.507894120679657,0.812024992805231,0,0,1.1186726006192,0.757880860669196,"TGFB2;TGFB3;BAMBI"
"Protein Modification By Small Protein Removal (GO:0070646)","4/114",0.508512744389035,0.812024992805231,0,0,1.08476391825229,0.733587872365375,"OTUD4;USP25;UCHL1;CDK1"
"Positive Regulation Of Protein Kinase Activity (GO:0045860)","5/145",0.508970767992947,0.812024992805231,0,0,1.06538376220053,0.719522578924074,"TGFB2;PTPRC;CASS4;CALM2;LRP8"
"Extracellular Matrix Organization (GO:0030198)","6/176",0.50936887199896,0.812024992805231,0,0,1.05284054523831,0.710228149798204,"TGFB2;COL15A1;COL12A1;CAPG;NID2;ADAMTS6"
"Protein Stabilization (GO:0050821)","7/208",0.514841600336445,0.812024992805231,0,0,1.03880906991522,0.689661183985355,"CREB1;STXBP4;HOXB-AS3;ZNF207;MARCHF7;MSX1;PFDN4"
"Regulation Of Cysteine-Type Endopeptidase Activity Involved In Apoptotic Process (GO:0043281)","3/84",0.515948439378458,0.812024992805231,0,0,1.10480449489737,0.731102653410072,"FOXL2;UACA;PPM1F"
"NAD Metabolic Process (GO:0019674)","1/22",0.51622051956424,0.812024992805231,0,0,1.42048794826573,0.939256804400763,"NADK2"
"Regulation Of Intracellular Steroid Hormone Receptor Signaling Pathway (GO:0033143)","1/22",0.51622051956424,0.812024992805231,0,0,1.42048794826573,0.939256804400763,"UFSP2"
"Acylglycerol Biosynthetic Process (GO:0046463)","1/22",0.51622051956424,0.812024992805231,0,0,1.42048794826573,0.939256804400763,"MOGAT1"
"Regulation Of Release Of Sequestered Calcium Ion Into Cytosol By Sarcoplasmic Reticulum (GO:0010880)","1/22",0.51622051956424,0.812024992805231,0,0,1.42048794826573,0.939256804400763,"CALM2"
"Regulation Of Telomere Capping (GO:1904353)","1/22",0.51622051956424,0.812024992805231,0,0,1.42048794826573,0.939256804400763,"NBN"
"Mammary Gland Development (GO:0030879)","1/22",0.51622051956424,0.812024992805231,0,0,1.42048794826573,0.939256804400763,"TGFB3"
"Negative Regulation Of Cell Development (GO:0010721)","1/22",0.51622051956424,0.812024992805231,0,0,1.42048794826573,0.939256804400763,"WNT7A"
"Negative Regulation Of Myeloid Cell Differentiation (GO:0045638)","1/22",0.51622051956424,0.812024992805231,0,0,1.42048794826573,0.939256804400763,"HOXB8"
"Organelle Fission (GO:0048285)","1/22",0.51622051956424,0.812024992805231,0,0,1.42048794826573,0.939256804400763,"OPA1"
"Peptidyl-Glutamic Acid Modification (GO:0018200)","1/22",0.51622051956424,0.812024992805231,0,0,1.42048794826573,0.939256804400763,"CFAP20"
"Placenta Development (GO:0001890)","1/22",0.51622051956424,0.812024992805231,0,0,1.42048794826573,0.939256804400763,"ITGB8"
"Positive Regulation Of Cholesterol Efflux (GO:0010875)","1/22",0.51622051956424,0.812024992805231,0,0,1.42048794826573,0.939256804400763,"ABCA8"
"Positive Regulation Of Phosphatase Activity (GO:0010922)","1/22",0.51622051956424,0.812024992805231,0,0,1.42048794826573,0.939256804400763,"CALM2"
"Positive Regulation Of Receptor Internalization (GO:0002092)","1/22",0.51622051956424,0.812024992805231,0,0,1.42048794826573,0.939256804400763,"PICK1"
"Regulation Of Cardiac Muscle Cell Membrane Repolarization (GO:0099623)","1/22",0.51622051956424,0.812024992805231,0,0,1.42048794826573,0.939256804400763,"KCNA5"
"Regulation Of Cyclin-Dependent Protein Kinase Activity (GO:1904029)","2/53",0.516836897663592,0.812024992805231,0,0,1.16980331545292,0.772102863910733,"HERC5;CCND1"
"Actin Cytoskeleton Reorganization (GO:0031532)","2/53",0.516836897663592,0.812024992805231,0,0,1.16980331545292,0.772102863910733,"S1PR1;CASS4"
"Blood Vessel Morphogenesis (GO:0048514)","2/53",0.516836897663592,0.812024992805231,0,0,1.16980331545292,0.772102863910733,"SHH;ITGB8"
"Regulation Of Receptor Signaling Pathway Via JAK-STAT (GO:0046425)","2/53",0.516836897663592,0.812024992805231,0,0,1.16980331545292,0.772102863910733,"PTPRC;TP53INP2"
"Cellular Response To Alcohol (GO:0097306)","2/53",0.516836897663592,0.812024992805231,0,0,1.16980331545292,0.772102863910733,"CREB1;AHR"
"Spermatid Development (GO:0007286)","2/53",0.516836897663592,0.812024992805231,0,0,1.16980331545292,0.772102863910733,"MKKS;SPINK2"
"Glycoprotein Metabolic Process (GO:0009100)","2/53",0.516836897663592,0.812024992805231,0,0,1.16980331545292,0.772102863910733,"GCNT1;MAN1A1"
"mRNA Stabilization (GO:0048255)","2/53",0.516836897663592,0.812024992805231,0,0,1.16980331545292,0.772102863910733,"BOLL;NRDE2"
"Regulation Of Alternative mRNA Splicing, Via Spliceosome (GO:0000381)","2/53",0.516836897663592,0.812024992805231,0,0,1.16980331545292,0.772102863910733,"TRA2B;MAGOH"
"Protein Glycosylation (GO:0006486)","5/147",0.521124890121109,0.815681858316703,0,0,1.05026900533637,0.684529159724108,"B3GNT7;ENTPD5;GFPT1;ALG11;POMGNT1"
"Regulation Of Osteoblast Differentiation (GO:0045667)","3/85",0.523931580965799,0.815681858316703,0,0,1.09127463565657,0.705393566571942,"BAMBI;RUNX2;FGFR2"
"Regulation Of Focal Adhesion Assembly (GO:0051893)","2/54",0.526891580176818,0.815681858316703,0,0,1.14724765188444,0.735110958189374,"PEAK1;PPM1F"
"Regulation Of Myoblast Differentiation (GO:0045661)","2/54",0.526891580176818,0.815681858316703,0,0,1.14724765188444,0.735110958189374,"ACTL6A;SOSTDC1"
"Regulation Of Smooth Muscle Cell Proliferation (GO:0048660)","2/54",0.526891580176818,0.815681858316703,0,0,1.14724765188444,0.735110958189374,"HDAC1;ID2"
"Ribosomal Large Subunit Biogenesis (GO:0042273)","2/54",0.526891580176818,0.815681858316703,0,0,1.14724765188444,0.735110958189374,"BRIX1;RPL23A"
"Epidermal Cell Differentiation (GO:0009913)","2/54",0.526891580176818,0.815681858316703,0,0,1.14724765188444,0.735110958189374,"HDAC1;GLI1"
"Mesenchymal Cell Differentiation (GO:0048762)","2/54",0.526891580176818,0.815681858316703,0,0,1.14724765188444,0.735110958189374,"TGFB2;FGFR2"
"Negative Regulation Of Protein Ubiquitination (GO:0031397)","2/54",0.526891580176818,0.815681858316703,0,0,1.14724765188444,0.735110958189374,"SPOPL;MARCHF7"
"Peptidyl-Tyrosine Modification (GO:0018212)","2/54",0.526891580176818,0.815681858316703,0,0,1.14724765188444,0.735110958189374,"BLK;FGFR2"
"mRNA Splicing, Via Spliceosome (GO:0000398)","7/211",0.530038232836347,0.815681858316703,0,0,1.02337212143424,0.649642903746118,"RSRC1;DDX1;TRA2B;MAGOH;DHX15;STRAP;SNRPE"
"Exocytosis (GO:0006887)","3/86",0.531841891440469,0.815681858316703,0,0,1.07807079712037,0.680703636661236,"SYNGR2;RAB3IL1;EXOC2"
"Regulation Of Centrosome Cycle (GO:0046605)","1/23",0.531936412892949,0.815681858316703,0,0,1.35585016835017,0.855855093417165,"CHMP4C"
"U2-type Prespliceosome Assembly (GO:1903241)","1/23",0.531936412892949,0.815681858316703,0,0,1.35585016835017,0.855855093417165,"SNRPE"
"Actin Nucleation (GO:0045010)","1/23",0.531936412892949,0.815681858316703,0,0,1.35585016835017,0.855855093417165,"ARPC5L"
"Regulation Of Lipid Catabolic Process (GO:0050994)","1/23",0.531936412892949,0.815681858316703,0,0,1.35585016835017,0.855855093417165,"APOA5"
"Axon Extension (GO:0048675)","1/23",0.531936412892949,0.815681858316703,0,0,1.35585016835017,0.855855093417165,"SLIT1"
"Rescue Of Stalled Ribosome (GO:0072344)","1/23",0.531936412892949,0.815681858316703,0,0,1.35585016835017,0.855855093417165,"RCHY1"
"Response To BMP (GO:0071772)","1/23",0.531936412892949,0.815681858316703,0,0,1.35585016835017,0.855855093417165,"RUNX2"
"Endocardial Cushion Development (GO:0003197)","1/23",0.531936412892949,0.815681858316703,0,0,1.35585016835017,0.855855093417165,"TGFB2"
"Endocrine System Development (GO:0035270)","1/23",0.531936412892949,0.815681858316703,0,0,1.35585016835017,0.855855093417165,"HOXD3"
"Translesion Synthesis (GO:0019985)","1/23",0.531936412892949,0.815681858316703,0,0,1.35585016835017,0.855855093417165,"RCHY1"
"Heparan Sulfate Proteoglycan Biosynthetic Process (GO:0015012)","1/23",0.531936412892949,0.815681858316703,0,0,1.35585016835017,0.855855093417165,"HS3ST3B1"
"Zinc Ion Transport (GO:0006829)","1/23",0.531936412892949,0.815681858316703,0,0,1.35585016835017,0.855855093417165,"SLC39A14"
"Long-Chain fatty-acyl-CoA Metabolic Process (GO:0035336)","1/23",0.531936412892949,0.815681858316703,0,0,1.35585016835017,0.855855093417165,"ELOVL1"
"Negative Regulation Of Epidermal Growth Factor Receptor Signaling Pathway (GO:0042059)","1/23",0.531936412892949,0.815681858316703,0,0,1.35585016835017,0.855855093417165,"PTPN3"
"Negative Regulation Of Extrinsic Apoptotic Signaling Pathway Via Death Domain Receptors (GO:1902042)","1/23",0.531936412892949,0.815681858316703,0,0,1.35585016835017,0.855855093417165,"PEA15"
"Negative Regulation Of Protein Tyrosine Kinase Activity (GO:0061099)","1/23",0.531936412892949,0.815681858316703,0,0,1.35585016835017,0.855855093417165,"PTPRC"
"Nuclear Membrane Reassembly (GO:0031468)","1/23",0.531936412892949,0.815681858316703,0,0,1.35585016835017,0.855855093417165,"CHMP4C"
"Positive Regulation Of Cell-Substrate Junction Organization (GO:0150117)","1/23",0.531936412892949,0.815681858316703,0,0,1.35585016835017,0.855855093417165,"PPM1F"
"Positive Regulation Of Epithelial Cell Apoptotic Process (GO:1904037)","1/23",0.531936412892949,0.815681858316703,0,0,1.35585016835017,0.855855093417165,"PLA2R1"
"Positive Regulation Of Morphogenesis Of An Epithelium (GO:1905332)","1/23",0.531936412892949,0.815681858316703,0,0,1.35585016835017,0.855855093417165,"PIK3CD"
"Positive Regulation Of Neutrophil Migration (GO:1902624)","1/23",0.531936412892949,0.815681858316703,0,0,1.35585016835017,0.855855093417165,"XCL1"
"Protein Alkylation (GO:0008213)","1/23",0.531936412892949,0.815681858316703,0,0,1.35585016835017,0.855855093417165,"ETFBKMT"
"Protein Localization To Cell Junction (GO:1902414)","1/23",0.531936412892949,0.815681858316703,0,0,1.35585016835017,0.855855093417165,"SHANK1"
"Protein Targeting To ER (GO:0045047)","1/23",0.531936412892949,0.815681858316703,0,0,1.35585016835017,0.855855093417165,"MAN1A1"
"Regulation Of T Cell Migration (GO:2000404)","1/23",0.531936412892949,0.815681858316703,0,0,1.35585016835017,0.855855093417165,"CD200R1"
"Negative Regulation Of Protein Phosphorylation (GO:0001933)","5/149",0.533148758247884,0.817010710596465,0,0,1.03557410282954,0.651329300251687,"PTPRC;PAQR3;FBLN1;CALM2;PPM1F"
"Positive Regulation Of Cell Projection Organization (GO:0031346)","4/118",0.53571984906691,0.820418667106357,0,0,1.04648442812458,0.653156897585977,"NCOA2;BDNF;KIDINS220;ROR2"
"Response To Peptide Hormone (GO:0043434)","2/55",0.536803670177719,0.821546031496081,0,0,1.12554314543175,0.70022611641935,"CREB1;EIF2B1"
"Regulation Of ERK1 And ERK2 Cascade (GO:0070372)","8/244",0.538423158816673,0.823421942631163,0,0,1.0108675533462,0.625838703679171,"MARCO;P2RY6;PTPRC;XCL1;FBLN1;CCN2;ROR2;FGFR2"
"Positive Regulation Of Programmed Cell Death (GO:0043068)","8/245",0.543085368389276,0.823421942631163,0,0,1.00654962907377,0.614487230119251,"NEUROD1;MELK;TGFB3;CASP6;ANKRD1;PAWR;FOXL2;CCAR2"
"Positive Regulation Of DNA-templated Transcription (GO:0045893)","40/1243",0.546085239264336,0.823421942631163,0,0,0.990845273242728,0.599441771132829,"RNASEL;CIITA;INO80D;HDAC1;FOXK1;AHR;GLI1;NR2C2;ACTB;NEUROD1;SHH;MED30;NFIL3;EPCAM;TP53INP2;TFAP2A;FOXD3;NCOA2;TGFB2;GSX1;NCOA6;TGFB3;ACTL6A;WDR75;WNT7A;FOXL2;VEZF1;RUNX2;SUPT3H;PPM1A;CREB1;BAMBI;MED21;ID2;HOXB3;TFAM;HOXD3;SSBP2;HOXB7;FGFR2"
"Regulation Of Stem Cell Population Maintenance (GO:2000036)","2/56",0.546571822394483,0.823421942631163,0,0,1.10464250958841,0.667303004817325,"HDAC1;ACTL6A"
"Regulation Of Cytoplasmic Translation (GO:2000765)","1/24",0.547142524585347,0.823421942631163,0,0,1.29683306494901,0.782049932403486,"ZNF385A"
"ERK1 And ERK2 Cascade (GO:0070371)","1/24",0.547142524585347,0.823421942631163,0,0,1.29683306494901,0.782049932403486,"CDK1"
"Regulation Of Endoplasmic Reticulum Stress-Induced Intrinsic Apoptotic Signaling Pathway (GO:1902235)","1/24",0.547142524585347,0.823421942631163,0,0,1.29683306494901,0.782049932403486,"OPA1"
"RNA Splicing, Via Transesterification Reactions (GO:0000375)","1/24",0.547142524585347,0.823421942631163,0,0,1.29683306494901,0.782049932403486,"TRA2B"
"Acylglycerol Catabolic Process (GO:0046464)","1/24",0.547142524585347,0.823421942631163,0,0,1.29683306494901,0.782049932403486,"APOA5"
"Regulation Of Ryanodine-Sensitive Calcium-Release Channel Activity (GO:0060314)","1/24",0.547142524585347,0.823421942631163,0,0,1.29683306494901,0.782049932403486,"CALM2"
"Response To Copper Ion (GO:0046688)","1/24",0.547142524585347,0.823421942631163,0,0,1.29683306494901,0.782049932403486,"ATP7B"
"Secondary Alcohol Biosynthetic Process (GO:1902653)","1/24",0.547142524585347,0.823421942631163,0,0,1.29683306494901,0.782049932403486,"DHCR7"
"Endosome Transport Via Multivesicular Body Sorting Pathway (GO:0032509)","1/24",0.547142524585347,0.823421942631163,0,0,1.29683306494901,0.782049932403486,"CHMP4C"
"Eosinophil Chemotaxis (GO:0048245)","1/24",0.547142524585347,0.823421942631163,0,0,1.29683306494901,0.782049932403486,"XCL1"
"Eosinophil Migration (GO:0072677)","1/24",0.547142524585347,0.823421942631163,0,0,1.29683306494901,0.782049932403486,"XCL1"
"Stress Granule Assembly (GO:0034063)","1/24",0.547142524585347,0.823421942631163,0,0,1.29683306494901,0.782049932403486,"UBAP2L"
"Iron Ion Transport (GO:0006826)","1/24",0.547142524585347,0.823421942631163,0,0,1.29683306494901,0.782049932403486,"SLC39A14"
"Multivesicular Body Sorting Pathway (GO:0071985)","1/24",0.547142524585347,0.823421942631163,0,0,1.29683306494901,0.782049932403486,"CHMP4C"
"Negative Regulation Of Cell Junction Assembly (GO:1901889)","1/24",0.547142524585347,0.823421942631163,0,0,1.29683306494901,0.782049932403486,"SLIT1"
"Negative Regulation Of Ion Transmembrane Transporter Activity (GO:0032413)","1/24",0.547142524585347,0.823421942631163,0,0,1.29683306494901,0.782049932403486,"CALM2"
"Neuromuscular Junction Development (GO:0007528)","1/24",0.547142524585347,0.823421942631163,0,0,1.29683306494901,0.782049932403486,"CACNB2"
"Peroxisome Organization (GO:0007031)","1/24",0.547142524585347,0.823421942631163,0,0,1.29683306494901,0.782049932403486,"PEX3"
"Positive Regulation Of ERBB Signaling Pathway (GO:1901186)","1/24",0.547142524585347,0.823421942631163,0,0,1.29683306494901,0.782049932403486,"DGKD"
"Positive Regulation Of Peptidyl-Threonine Phosphorylation (GO:0010800)","1/24",0.547142524585347,0.823421942631163,0,0,1.29683306494901,0.782049932403486,"CALM2"
"Protein Exit From Endoplasmic Reticulum (GO:0032527)","1/24",0.547142524585347,0.823421942631163,0,0,1.29683306494901,0.782049932403486,"LMAN1"
"Regulation Of Actin Nucleation (GO:0051125)","1/24",0.547142524585347,0.823421942631163,0,0,1.29683306494901,0.782049932403486,"PICK1"
"Negative Regulation Of Neuron Death (GO:1901215)","3/88",0.547437948317205,0.823421942631163,0,0,1.05259515570934,0.634195065428894,"CD200R1;BDNF;TGFB3"
"Positive Regulation Of DNA Repair (GO:0045739)","3/89",0.555120923574437,0.829519901268732,0,0,1.04030167758658,0.612289639168595,"INO80D;ACTL6A;ACTB"
"Regulation Of Calcium Ion Transport (GO:0051924)","2/57",0.556194928698688,0.829519901268732,0,0,1.08450189686666,0.636208348207345,"CACNB2;IL16"
"Regulation Of Glycogen Biosynthetic Process (GO:0005979)","1/25",0.561855365849561,0.829519901268732,0,0,1.24273405349794,0.716449626173251,"PPP1R3D"
"Regulation Of Hippo Signaling (GO:0035330)","1/25",0.561855365849561,0.829519901268732,0,0,1.24273405349794,0.716449626173251,"NEK8"
"Regulation Of Intracellular Estrogen Receptor Signaling Pathway (GO:0033146)","1/25",0.561855365849561,0.829519901268732,0,0,1.24273405349794,0.716449626173251,"UFSP2"
"Regulation Of Lysosomal Lumen pH (GO:0035751)","1/25",0.561855365849561,0.829519901268732,0,0,1.24273405349794,0.716449626173251,"ATP6V0A1"
"Regulation Of Neutrophil Chemotaxis (GO:0090022)","1/25",0.561855365849561,0.829519901268732,0,0,1.24273405349794,0.716449626173251,"XCL1"
"Cholesterol Biosynthetic Process (GO:0006695)","1/25",0.561855365849561,0.829519901268732,0,0,1.24273405349794,0.716449626173251,"DHCR7"
"Ribonucleoside Bisphosphate Metabolic Process (GO:0033875)","1/25",0.561855365849561,0.829519901268732,0,0,1.24273405349794,0.716449626173251,"ACOT12"
"Sodium Ion Homeostasis (GO:0055078)","1/25",0.561855365849561,0.829519901268732,0,0,1.24273405349794,0.716449626173251,"SLC12A2"
"fatty-acyl-CoA Biosynthetic Process (GO:0046949)","1/25",0.561855365849561,0.829519901268732,0,0,1.24273405349794,0.716449626173251,"ELOVL1"
"Wound Healing, Spreading Of Cells (GO:0044319)","1/25",0.561855365849561,0.829519901268732,0,0,1.24273405349794,0.716449626173251,"WNT7A"
"Lamellipodium Assembly (GO:0030032)","1/25",0.561855365849561,0.829519901268732,0,0,1.24273405349794,0.716449626173251,"S1PR1"
"Late Endosome To Vacuole Transport Via Multivesicular Body Sorting Pathway (GO:0032511)","1/25",0.561855365849561,0.829519901268732,0,0,1.24273405349794,0.716449626173251,"CHMP4C"
"Metanephros Development (GO:0001656)","1/25",0.561855365849561,0.829519901268732,0,0,1.24273405349794,0.716449626173251,"SHH"
"Mismatch Repair (GO:0006298)","1/25",0.561855365849561,0.829519901268732,0,0,1.24273405349794,0.716449626173251,"EXO1"
"Negative Regulation Of Intracellular Protein Transport (GO:0090317)","1/25",0.561855365849561,0.829519901268732,0,0,1.24273405349794,0.716449626173251,"LMAN1"
"Negative Regulation Of Lipid Biosynthetic Process (GO:0051055)","1/25",0.561855365849561,0.829519901268732,0,0,1.24273405349794,0.716449626173251,"DCAF5"
"Negative Regulation Of Protein Transport (GO:0051224)","1/25",0.561855365849561,0.829519901268732,0,0,1.24273405349794,0.716449626173251,"PPM1F"
"Negative Regulation Of Smoothened Signaling Pathway (GO:0045879)","1/25",0.561855365849561,0.829519901268732,0,0,1.24273405349794,0.716449626173251,"GLI1"
"Peptide Hormone Secretion (GO:0030072)","1/25",0.561855365849561,0.829519901268732,0,0,1.24273405349794,0.716449626173251,"NEUROD1"
"Phosphatidylethanolamine Metabolic Process (GO:0046337)","1/25",0.561855365849561,0.829519901268732,0,0,1.24273405349794,0.716449626173251,"PLAAT5"
"Positive Regulation Of T Cell Migration (GO:2000406)","1/25",0.561855365849561,0.829519901268732,0,0,1.24273405349794,0.716449626173251,"XCL1"
"Positive Regulation Of Glucose Import (GO:0046326)","1/25",0.561855365849561,0.829519901268732,0,0,1.24273405349794,0.716449626173251,"ARPP19"
"Positive Regulation Of Interleukin-2 Production (GO:0032743)","1/25",0.561855365849561,0.829519901268732,0,0,1.24273405349794,0.716449626173251,"PTPRC"
"Positive Regulation Of Peptidase Activity (GO:0010952)","1/25",0.561855365849561,0.829519901268732,0,0,1.24273405349794,0.716449626173251,"CTSL"
"Purine Nucleoside Bisphosphate Metabolic Process (GO:0034032)","1/25",0.561855365849561,0.829519901268732,0,0,1.24273405349794,0.716449626173251,"ACOT12"
"Regulation Of Biomineral Tissue Development (GO:0070167)","1/25",0.561855365849561,0.829519901268732,0,0,1.24273405349794,0.716449626173251,"S1PR1"
"Regulation Of Cell Size (GO:0008361)","1/25",0.561855365849561,0.829519901268732,0,0,1.24273405349794,0.716449626173251,"LARS1"
"Receptor-Mediated Endocytosis (GO:0006898)","4/122",0.562152444883907,0.829519901268732,0,0,1.01080015766654,0.582202910328117,"MARCO;CTSL;STAB2;LRP1B"
"Epithelium Development (GO:0060429)","5/154",0.562589919591511,0.829519901268732,0,0,1.00056275793072,0.575528001409725,"SHH;CASP6;CDK1;FGFR2;DACT1"
"Regulation Of Phosphatidylinositol 3-Kinase Signaling (GO:0014066)","3/90",0.562725519142521,0.829519901268732,0,0,1.02829080815629,0.591229478814817,"CRNN;TGFB2;ROR2"
"Negative Regulation Of Macromolecule Metabolic Process (GO:0010605)","6/186",0.563529603161647,0.830187314383398,0,0,0.993831000518403,0.569997272771858,"TGFB2;PRKAR1A;HDAC1;SUB1;ID2;ITGB8"
"Selective Autophagy (GO:0061912)","2/58",0.565672103717111,0.830753996944395,0,0,1.06508059174211,0.606819751996051,"PEX5;ATG5"
"Eye Development (GO:0001654)","2/58",0.565672103717111,0.830753996944395,0,0,1.06508059174211,0.606819751996051,"FOXE3;TGFB2"
"Inorganic Anion Transport (GO:0015698)","2/58",0.565672103717111,0.830753996944395,0,0,1.06508059174211,0.606819751996051,"SLC26A2;XPR1"
"Peptidyl-Threonine Phosphorylation (GO:0018107)","2/58",0.565672103717111,0.830753996944395,0,0,1.06508059174211,0.606819751996051,"MYLK2;CDK1"
"Regulation Of Bone Mineralization (GO:0030500)","2/58",0.565672103717111,0.830753996944395,0,0,1.06508059174211,0.606819751996051,"TFAP2A;S1PR1"
"Modulation Of Chemical Synaptic Transmission (GO:0050804)","4/123",0.568631503208652,0.834063464979544,0,0,1.00225392482574,0.56579506810589,"SLC12A2;GRIK1;LRP8;CPLX4"
"Regulation Of Cell Motility (GO:2000145)","4/123",0.568631503208652,0.834063464979544,0,0,1.00225392482574,0.56579506810589,"TNR;FBLN1;SGK1;CFAP20"
"Proteasomal Protein Catabolic Process (GO:0010498)","7/220",0.574441785714167,0.834131635950969,0,0,0.979670337706405,0.543086636392707,"PSMA6;ATE1;UCHL1;WDR26;RNF216;PSMC1;SPOPL"
"DNA-templated Transcription Initiation (GO:0006352)","2/59",0.575002672127155,0.834131635950969,0,0,1.04634073592017,0.579024654849634,"NCOA6;TFAM"
"Regulation Of Multicellular Organismal Development (GO:2000026)","2/59",0.575002672127155,0.834131635950969,0,0,1.04634073592017,0.579024654849634,"INO80D;CDK1"
"Cellular Response To Chemokine (GO:1990869)","2/59",0.575002672127155,0.834131635950969,0,0,1.04634073592017,0.579024654849634,"SLC12A2;XCL1"
"Regulation Of Type I Interferon Production (GO:0032479)","2/59",0.575002672127155,0.834131635950969,0,0,1.04634073592017,0.579024654849634,"RNF216;ATG5"
"Glucose Metabolic Process (GO:0006006)","2/59",0.575002672127155,0.834131635950969,0,0,1.04634073592017,0.579024654849634,"SLC39A14;PGM1"
"Phospholipid Transport (GO:0015914)","2/59",0.575002672127155,0.834131635950969,0,0,1.04634073592017,0.579024654849634,"APOA4;APOA5"
"Protein Targeting To Mitochondrion (GO:0006626)","2/59",0.575002672127155,0.834131635950969,0,0,1.04634073592017,0.579024654849634,"SAMM50;PRICKLE4"
"Negative Regulation Of Growth (GO:0045926)","4/124",0.575057039232526,0.834131635950969,0,0,0.993850129198966,0.54988340675007,"TGFB2;SLIT1;MSX1;CCAR2"
"Wnt Signaling Pathway, Planar Cell Polarity Pathway (GO:0060071)","1/26",0.576090914038079,0.834131635950969,0,0,1.19296296296296,0.657906898538403,"WNT7A"
"Antigen Processing And Presentation Of Exogenous Peptide Antigen Via MHC Class II (GO:0019886)","1/26",0.576090914038079,0.834131635950969,0,0,1.19296296296296,0.657906898538403,"CTSL"
"Regulation Of Myeloid Cell Differentiation (GO:0045637)","1/26",0.576090914038079,0.834131635950969,0,0,1.19296296296296,0.657906898538403,"HOXB8"
"Cell-Cell Adhesion Mediated By Cadherin (GO:0044331)","1/26",0.576090914038079,0.834131635950969,0,0,1.19296296296296,0.657906898538403,"CDH26"
"Response To Glucocorticoid (GO:0051384)","1/26",0.576090914038079,0.834131635950969,0,0,1.19296296296296,0.657906898538403,"SLIT1"
"Histone H3-K4 Methylation (GO:0051568)","1/26",0.576090914038079,0.834131635950969,0,0,1.19296296296296,0.657906898538403,"NCOA6"
"Mitotic G1 DNA Damage Checkpoint Signaling (GO:0031571)","1/26",0.576090914038079,0.834131635950969,0,0,1.19296296296296,0.657906898538403,"CCND1"
"Negative Regulation Of Catalytic Activity (GO:0043086)","1/26",0.576090914038079,0.834131635950969,0,0,1.19296296296296,0.657906898538403,"CCAR2"
"Nuclear Membrane Organization (GO:0071763)","1/26",0.576090914038079,0.834131635950969,0,0,1.19296296296296,0.657906898538403,"CHMP4C"
"Nucleic Acid Phosphodiester Bond Hydrolysis (GO:0090305)","1/26",0.576090914038079,0.834131635950969,0,0,1.19296296296296,0.657906898538403,"DDX1"
"Plasma Membrane Invagination (GO:0099024)","1/26",0.576090914038079,0.834131635950969,0,0,1.19296296296296,0.657906898538403,"MARCO"
"Protein Export From Nucleus (GO:0006611)","1/26",0.576090914038079,0.834131635950969,0,0,1.19296296296296,0.657906898538403,"TPR"
"Sensory Perception Of Sound (GO:0007605)","3/92",0.577695125214919,0.835430588055602,0,0,1.00507879083035,0.551495792805809,"TFAP2A;MKKS;CCDC50"
"Steroid Metabolic Process (GO:0008202)","3/92",0.577695125214919,0.835430588055602,0,0,1.00507879083035,0.551495792805809,"CYP24A1;UGT2A2;UGT2A1"
"Negative Regulation Of Cell Growth (GO:0030308)","4/125",0.581428199767325,0.838658315113197,0,0,0.985585239285028,0.534451128402527,"TGFB2;SLIT1;MSX1;CCAR2"
"Response To Light Stimulus (GO:0009416)","2/60",0.584186155633492,0.838658315113197,0,0,1.02824708202313,0.552719399125413,"OPN5;CCAR2"
"Response To Retinoic Acid (GO:0032526)","2/60",0.584186155633492,0.838658315113197,0,0,1.02824708202313,0.552719399125413,"STRA8;CREB1"
"Sterol Metabolic Process (GO:0016125)","2/60",0.584186155633492,0.838658315113197,0,0,1.02824708202313,0.552719399125413,"FDX1;APOA4"
"Histone Acetylation (GO:0016573)","2/60",0.584186155633492,0.838658315113197,0,0,1.02824708202313,0.552719399125413,"ACTL6A;SUPT3H"
"Intracellular Monoatomic Cation Homeostasis (GO:0030003)","6/190",0.584384307215808,0.838658315113197,0,0,0.972023125295828,0.522167374442654,"SLC12A2;ATP7B;ATP13A4;SLC39A14;NUBP1;KCNJ2"
"Regulation Of Peptidyl-Serine Phosphorylation (GO:0033135)","3/93",0.585058146813672,0.838658315113197,0,0,0.993859649122807,0.532752541933225,"BDNF;PAQR3;PPM1F"
"Proteasome-Mediated Ubiquitin-Dependent Protein Catabolic Process (GO:0043161)","10/319",0.589190689971063,0.838658315113197,0,0,0.964391165403062,0.510168130019106,"CDC20B;PSMA6;AMN1;UCHL1;WDR26;RNF216;PSMC1;UBR3;SPOPL;MAN1A1"
"GPI Anchor Metabolic Process (GO:0006505)","1/27",0.589864629588715,0.838658315113197,0,0,1.14702041785375,0.60546873243465,"TP53INP2"
"Regulation Of Immunoglobulin Production (GO:0002637)","1/27",0.589864629588715,0.838658315113197,0,0,1.14702041785375,0.60546873243465,"PTPRC"
"Regulation Of Insulin Secretion Involved In Cellular Response To Glucose Stimulus (GO:0061178)","1/27",0.589864629588715,0.838658315113197,0,0,1.14702041785375,0.60546873243465,"STXBP4"
"Activation Of Phospholipase C Activity (GO:0007202)","1/27",0.589864629588715,0.838658315113197,0,0,1.14702041785375,0.60546873243465,"P2RY6"
"Cellular Response To Acid Chemical (GO:0071229)","1/27",0.589864629588715,0.838658315113197,0,0,1.14702041785375,0.60546873243465,"LARS1"
"Regulation Of Transcription Regulatory Region DNA Binding (GO:2000677)","1/27",0.589864629588715,0.838658315113197,0,0,1.14702041785375,0.60546873243465,"NEUROD1"
"Clathrin-Dependent Endocytosis (GO:0072583)","1/27",0.589864629588715,0.838658315113197,0,0,1.14702041785375,0.60546873243465,"ITSN2"
"Dorsal/Ventral Pattern Formation (GO:0009953)","1/27",0.589864629588715,0.838658315113197,0,0,1.14702041785375,0.60546873243465,"SHH"
"Synaptic Transmission, Glutamatergic (GO:0035249)","1/27",0.589864629588715,0.838658315113197,0,0,1.14702041785375,0.60546873243465,"GRIK1"
"Iron-Sulfur Cluster Assembly (GO:0016226)","1/27",0.589864629588715,0.838658315113197,0,0,1.14702041785375,0.60546873243465,"NUBP1"
"Metallo-Sulfur Cluster Assembly (GO:0031163)","1/27",0.589864629588715,0.838658315113197,0,0,1.14702041785375,0.60546873243465,"NUBP1"
"Microtubule Polymerization Or Depolymerization (GO:0031109)","1/27",0.589864629588715,0.838658315113197,0,0,1.14702041785375,0.60546873243465,"ZNF207"
"Monoubiquitinated Histone H2A Deubiquitination (GO:0035522)","1/27",0.589864629588715,0.838658315113197,0,0,1.14702041785375,0.60546873243465,"SUPT3H"
"Monoubiquitinated Histone Deubiquitination (GO:0035521)","1/27",0.589864629588715,0.838658315113197,0,0,1.14702041785375,0.60546873243465,"SUPT3H"
"Myeloid Cell Development (GO:0061515)","1/27",0.589864629588715,0.838658315113197,0,0,1.14702041785375,0.60546873243465,"ZNF385A"
"Negative Regulation Of Neurogenesis (GO:0050768)","1/27",0.589864629588715,0.838658315113197,0,0,1.14702041785375,0.60546873243465,"WNT7A"
"Phospholipid Biosynthetic Process (GO:0008654)","1/27",0.589864629588715,0.838658315113197,0,0,1.14702041785375,0.60546873243465,"SRD5A3"
"Positive Regulation Of Filopodium Assembly (GO:0051491)","1/27",0.589864629588715,0.838658315113197,0,0,1.14702041785375,0.60546873243465,"TGFB3"
"Regulation Of SMAD Protein Signal Transduction (GO:0060390)","1/27",0.589864629588715,0.838658315113197,0,0,1.14702041785375,0.60546873243465,"TGFB3"
"Regulation Of Androgen Receptor Signaling Pathway (GO:0060765)","1/27",0.589864629588715,0.838658315113197,0,0,1.14702041785375,0.60546873243465,"HDAC1"
"Regulation Of mRNA Splicing, Via Spliceosome (GO:0048024)","3/94",0.592338804957401,0.839423704831618,0,0,0.982887081958289,0.514714869069937,"TRA2B;MAGOH;PRDX6"
"Peptidyl-Lysine Modification (GO:0018205)","3/94",0.592338804957401,0.839423704831618,0,0,0.982887081958289,0.514714869069937,"EID3;ETFBKMT;SMC5"
"Autophagosome Organization (GO:1905037)","2/61",0.593222261131047,0.839423704831618,0,0,1.01076677232599,0.527808401534387,"TP53INP2;ATG5"
"Negative Regulation Of Intrinsic Apoptotic Signaling Pathway (GO:2001243)","2/61",0.593222261131047,0.839423704831618,0,0,1.01076677232599,0.527808401534387,"OPA1;CCAR2"
"Positive Regulation Of Organelle Assembly (GO:1902117)","2/61",0.593222261131047,0.839423704831618,0,0,1.01076677232599,0.527808401534387,"UBAP2L;CAPG"
"Regulation Of Response To External Stimulus (GO:0032101)","4/127",0.594004230272604,0.839423704831618,0,0,0.969458624818806,0.504960787373051,"HERC5;PSMA6;XCL1;LRP8"
"Neuron Projection Development (GO:0031175)","6/192",0.594618365280177,0.839423704831618,0,0,0.961470927607485,0.49980670319124,"NEUROD1;BDNF;WNT7A;SGK1;PACSIN1;SHANK1"
"T Cell Receptor Signaling Pathway (GO:0050852)","3/95",0.59953632592659,0.839423704831618,0,0,0.972153048862566,0.497352248291568,"PTPRC;PIK3CD;EIF2B1"
"Cell Junction Assembly (GO:0034329)","3/95",0.59953632592659,0.839423704831618,0,0,0.972153048862566,0.497352248291568,"BDNF;SLITRK6;CDH26"
"Positive Regulation Of Epithelial Cell Migration (GO:0010634)","3/95",0.59953632592659,0.839423704831618,0,0,0.972153048862566,0.497352248291568,"TGFB2;PIK3CD;PPM1F"
"Positive Regulation Of Transmembrane Receptor Protein Serine/Threonine Kinase Signaling Pathway (GO:0090100)","3/95",0.59953632592659,0.839423704831618,0,0,0.972153048862566,0.497352248291568,"TGFB2;TGFB3;INHBE"
"Regulation Of Signal Transduction (GO:0009966)","6/193",0.599685215881468,0.839423704831618,0,0,0.956279472060279,0.48899389211368,"RGS4;RGS5;RGS16;GLI1;RGS9;FGFR2"
"RNA Methylation (GO:0001510)","2/62",0.602110868949923,0.839423704831618,0,0,0.993869139618753,0.504203413579605,"TRMT12;SNRPE"
"Cell Junction Organization (GO:0034330)","2/62",0.602110868949923,0.839423704831618,0,0,0.993869139618753,0.504203413579605,"TGFB2;TGFB3"
"Spliceosomal Complex Assembly (GO:0000245)","2/62",0.602110868949923,0.839423704831618,0,0,0.993869139618753,0.504203413579605,"DDX1;SNRPE"
"Negative Regulation Of Kinase Activity (GO:0033673)","2/62",0.602110868949923,0.839423704831618,0,0,0.993869139618753,0.504203413579605,"PTPRC;PPM1F"
"Protein Lipidation (GO:0006497)","2/62",0.602110868949923,0.839423704831618,0,0,0.993869139618753,0.504203413579605,"TP53INP2;ATG5"
"Regulation Of Chemotaxis (GO:0050920)","1/28",0.603191473044472,0.839423704831618,0,0,1.10448102423411,0.558337908499683,"PPM1F"
"Regulation Of Glucose Metabolic Process (GO:0010906)","1/28",0.603191473044472,0.839423704831618,0,0,1.10448102423411,0.558337908499683,"FOXK1"
"Regulation Of Lipid Biosynthetic Process (GO:0046890)","1/28",0.603191473044472,0.839423704831618,0,0,1.10448102423411,0.558337908499683,"CREB1"
"Antigen Processing And Presentation Of Peptide Antigen Via MHC Class II (GO:0002495)","1/28",0.603191473044472,0.839423704831618,0,0,1.10448102423411,0.558337908499683,"CTSL"
"Regulation Of Protein Transport (GO:0051223)","1/28",0.603191473044472,0.839423704831618,0,0,1.10448102423411,0.558337908499683,"PPM1F"
"Regulation Of Sodium Ion Transmembrane Transport (GO:1902305)","1/28",0.603191473044472,0.839423704831618,0,0,1.10448102423411,0.558337908499683,"PTPN3"
"Sterol Biosynthetic Process (GO:0016126)","1/28",0.603191473044472,0.839423704831618,0,0,1.10448102423411,0.558337908499683,"DHCR7"
"Transcription By RNA Polymerase III (GO:0006383)","1/28",0.603191473044472,0.839423704831618,0,0,1.10448102423411,0.558337908499683,"SNAPC5"
"Glycosaminoglycan Metabolic Process (GO:0030203)","1/28",0.603191473044472,0.839423704831618,0,0,1.10448102423411,0.558337908499683,"HS3ST3B1"
"Negative Regulation Of Actin Filament Bundle Assembly (GO:0032232)","1/28",0.603191473044472,0.839423704831618,0,0,1.10448102423411,0.558337908499683,"SHANK1"
"Negative Regulation Of Cytoskeleton Organization (GO:0051494)","1/28",0.603191473044472,0.839423704831618,0,0,1.10448102423411,0.558337908499683,"SHANK1"
"Negative Regulation Of Type II Interferon Production (GO:0032689)","1/28",0.603191473044472,0.839423704831618,0,0,1.10448102423411,0.558337908499683,"XCL1"
"Negative Regulation Of Wound Healing (GO:0061045)","1/28",0.603191473044472,0.839423704831618,0,0,1.10448102423411,0.558337908499683,"SLC12A2"
"Nuclear-Transcribed mRNA Catabolic Process, Nonsense-Mediated Decay (GO:0000184)","1/28",0.603191473044472,0.839423704831618,0,0,1.10448102423411,0.558337908499683,"MAGOH"
"Positive Regulation Of Protein Import Into Nucleus (GO:0042307)","1/28",0.603191473044472,0.839423704831618,0,0,1.10448102423411,0.558337908499683,"TPR"
"Primary Neural Tube Formation (GO:0014020)","1/28",0.603191473044472,0.839423704831618,0,0,1.10448102423411,0.558337908499683,"TGFB2"
"Protein Localization To Golgi Apparatus (GO:0034067)","1/28",0.603191473044472,0.839423704831618,0,0,1.10448102423411,0.558337908499683,"PAQR3"
"Pyroptosis (GO:0070269)","1/28",0.603191473044472,0.839423704831618,0,0,1.10448102423411,0.558337908499683,"CASP6"
"Regulation Of Bone Resorption (GO:0045124)","1/28",0.603191473044472,0.839423704831618,0,0,1.10448102423411,0.558337908499683,"S1PR1"
"DNA Repair (GO:0006281)","9/291",0.605388461837077,0.841985247393181,0,0,0.950914228723404,0.477249531882239,"RAD52;SMUG1;EID3;EXO1;DDX1;CDK1;NBN;PDS5B;GTF2H3"
"Protein Homooligomerization (GO:0051260)","4/129",0.606353749262254,0.842747792746543,0,0,0.953848062015504,0.477202286198754,"ACOT13;RYR3;KCNJ2;THG1L"
"Regulation Of Protein Metabolic Process (GO:0051246)","3/96",0.606650019239047,0.842747792746543,0,0,0.961649855188255,0.480635702569936,"SHH;SPOPL;WNT7A"
"Regulation Of Macromolecule Metabolic Process (GO:0060255)","5/162",0.607652946288737,0.843149684134049,0,0,0.949183051786209,0.472836839541899,"CRNN;SHH;PTPRC;HMHB1;AHR"
"Protein Autophosphorylation (GO:0046777)","5/162",0.607652946288737,0.843149684134049,0,0,0.949183051786209,0.472836839541899,"MYLK2;MELK;PEAK1;MAK;FGFR2"
"G1/S Transition Of Mitotic Cell Cycle (GO:0000082)","2/63",0.610852022267534,0.845909954126677,0,0,0.977525527656016,0.481822859035817,"CDK17;CCND1"
"Monocarboxylic Acid Metabolic Process (GO:0032787)","3/97",0.613679274685136,0.845909954126677,0,0,0.951370133719781,0.464537711965801,"DSEL;UGT2A2;UGT2A1"
"RNA Biosynthetic Process (GO:0032774)","1/29",0.61608592088532,0.845909954126677,0,0,1.06498015873016,0.515843207534923,"NCOA6"
"RNA-mediated Gene Silencing (GO:0031047)","1/29",0.61608592088532,0.845909954126677,0,0,1.06498015873016,0.515843207534923,"NRDE2"
"Alpha-Amino Acid Metabolic Process (GO:1901605)","1/29",0.61608592088532,0.845909954126677,0,0,1.06498015873016,0.515843207534923,"MMUT"
"Regulation Of Muscle Contraction (GO:0006937)","1/29",0.61608592088532,0.845909954126677,0,0,1.06498015873016,0.515843207534923,"MYLK2"
"Response To Alcohol (GO:0097305)","1/29",0.61608592088532,0.845909954126677,0,0,1.06498015873016,0.515843207534923,"SLIT1"
"Establishment Of Mitotic Spindle Orientation (GO:0000132)","1/29",0.61608592088532,0.845909954126677,0,0,1.06498015873016,0.515843207534923,"SPDL1"
"Tube Closure (GO:0060606)","1/29",0.61608592088532,0.845909954126677,0,0,1.06498015873016,0.515843207534923,"TGFB2"
"Glycolytic Process (GO:0006096)","1/29",0.61608592088532,0.845909954126677,0,0,1.06498015873016,0.515843207534923,"PGM1"
"Vacuolar Acidification (GO:0007035)","1/29",0.61608592088532,0.845909954126677,0,0,1.06498015873016,0.515843207534923,"ATP6V0A1"
"Maintenance Of Blood-Brain Barrier (GO:0035633)","1/29",0.61608592088532,0.845909954126677,0,0,1.06498015873016,0.515843207534923,"SLC12A2"
"Multivesicular Body Assembly (GO:0036258)","1/29",0.61608592088532,0.845909954126677,0,0,1.06498015873016,0.515843207534923,"CHMP4C"
"Positive Regulation Of B Cell Proliferation (GO:0030890)","1/29",0.61608592088532,0.845909954126677,0,0,1.06498015873016,0.515843207534923,"PTPRC"
"Positive Regulation Of Calcium Ion Transport (GO:0051928)","1/29",0.61608592088532,0.845909954126677,0,0,1.06498015873016,0.515843207534923,"CACNB2"
"Positive Regulation Of Dephosphorylation (GO:0035306)","1/29",0.61608592088532,0.845909954126677,0,0,1.06498015873016,0.515843207534923,"CALM2"
"Positive Regulation Of Neural Precursor Cell Proliferation (GO:2000179)","1/29",0.61608592088532,0.845909954126677,0,0,1.06498015873016,0.515843207534923,"HAPLN3"
"Positive Regulation Of Viral Genome Replication (GO:0045070)","1/29",0.61608592088532,0.845909954126677,0,0,1.06498015873016,0.515843207534923,"TOP2B"
"Response To Metal Ion (GO:0010038)","2/64",0.619445916490893,0.849536100213569,0,0,0.9617091289824,0.460591241195796,"ATP7B;CALM2"
"Positive Regulation Of T Cell Differentiation (GO:0045582)","2/64",0.619445916490893,0.849536100213569,0,0,0.9617091289824,0.460591241195796,"SHH;ACTL6A"
"Gene Expression (GO:0010467)","9/296",0.625678833421298,0.851658235354255,0,0,0.934102787456446,0.438017690462728,"RPL30;RNASEL;NUP133;PABPC4;MAGOH;TPR;RPL38;KPNA4;RPL23A"
"Negative Regulation Of Multicellular Organismal Process (GO:0051241)","7/231",0.625855029342204,0.851658235354255,0,0,0.931026090342679,0.43631282442087,"FOXE3;SHH;TIFAB;HDAC1;SOSTDC1;ACOT13;APOA4"
"Autophagosome Assembly (GO:0000045)","2/65",0.627892889548966,0.851658235354255,0,0,0.946394838203184,0.440438610155759,"TP53INP2;ATG5"
"Fatty Acid Biosynthetic Process (GO:0006633)","2/65",0.627892889548966,0.851658235354255,0,0,0.946394838203184,0.440438610155759,"FADS3;ELOVL1"
"Regulation Of Dendritic Spine Morphogenesis (GO:0061001)","1/30",0.628561981573348,0.851658235354255,0,0,1.02820349084717,0.477416100410719,"LRP8"
"GPI Anchor Biosynthetic Process (GO:0006506)","1/30",0.628561981573348,0.851658235354255,0,0,1.02820349084717,0.477416100410719,"TP53INP2"
"Artery Morphogenesis (GO:0048844)","1/30",0.628561981573348,0.851658235354255,0,0,1.02820349084717,0.477416100410719,"TGFB2"
"Regulation Of Potassium Ion Transport (GO:0043266)","1/30",0.628561981573348,0.851658235354255,0,0,1.02820349084717,0.477416100410719,"KCNA5"
"Response To Amino Acid (GO:0043200)","1/30",0.628561981573348,0.851658235354255,0,0,1.02820349084717,0.477416100410719,"LARS1"
"Response To Epidermal Growth Factor (GO:0070849)","1/30",0.628561981573348,0.851658235354255,0,0,1.02820349084717,0.477416100410719,"TPR"
"Immunoglobulin Mediated Immune Response (GO:0016064)","1/30",0.628561981573348,0.851658235354255,0,0,1.02820349084717,0.477416100410719,"IL21R"
"Lamellipodium Organization (GO:0097581)","1/30",0.628561981573348,0.851658235354255,0,0,1.02820349084717,0.477416100410719,"S1PR1"
"Maturation Of SSU-rRNA From Tricistronic rRNA Transcript (SSU-rRNA, 5.8S rRNA, LSU-rRNA) (GO:0000462)","1/30",0.628561981573348,0.851658235354255,0,0,1.02820349084717,0.477416100410719,"RPP40"
"Multivesicular Body Organization (GO:0036257)","1/30",0.628561981573348,0.851658235354255,0,0,1.02820349084717,0.477416100410719,"CHMP4C"
"Negative Regulation Of Peptidyl-Tyrosine Phosphorylation (GO:0050732)","1/30",0.628561981573348,0.851658235354255,0,0,1.02820349084717,0.477416100410719,"PTPRC"
"Nucleic Acid Metabolic Process (GO:0090304)","1/30",0.628561981573348,0.851658235354255,0,0,1.02820349084717,0.477416100410719,"DDX1"
"Phagocytosis, Engulfment (GO:0006911)","1/30",0.628561981573348,0.851658235354255,0,0,1.02820349084717,0.477416100410719,"MARCO"
"Phospholipid Dephosphorylation (GO:0046839)","1/30",0.628561981573348,0.851658235354255,0,0,1.02820349084717,0.477416100410719,"PLPP1"
"Positive Regulation Of Interleukin-10 Production (GO:0032733)","1/30",0.628561981573348,0.851658235354255,0,0,1.02820349084717,0.477416100410719,"XCL1"
"Regulation Of Arp2/3 Complex-Mediated Actin Nucleation (GO:0034315)","1/30",0.628561981573348,0.851658235354255,0,0,1.02820349084717,0.477416100410719,"PICK1"
"Regulation Of Calcium-Mediated Signaling (GO:0050848)","1/30",0.628561981573348,0.851658235354255,0,0,1.02820349084717,0.477416100410719,"CALM2"
"Anterograde Trans-Synaptic Signaling (GO:0098916)","6/199",0.629354567717963,0.852243463333837,0,0,0.926260485580061,0.428914625462278,"CACNB2;NPBWR1;CHRM5;HTR1B;GRIK1;PDYN"
"Regulation Of Endocytosis (GO:0030100)","2/66",0.636193412070563,0.85623092514487,0,0,0.931559119010819,0.421300084716779,"PTPRC;PACSIN1"
"Peptidyl-Threonine Modification (GO:0018210)","2/66",0.636193412070563,0.85623092514487,0,0,0.931559119010819,0.421300084716779,"MYLK2;CDK1"
"Antigen Receptor-Mediated Signaling Pathway (GO:0050851)","4/134",0.636204879602627,0.85623092514487,0,0,0.916923076923077,0.414664368226531,"BLK;PTPRC;PIK3CD;EIF2B1"
"Positive Regulation Of GTPase Activity (GO:0043547)","7/234",0.639262522386916,0.85623092514487,0,0,0.918577682627252,0.411008467958609,"TBC1D9B;LARS1;RGS16;RGS10;XCL1;MMUT;RGS9"
"Double-Strand Break Repair (GO:0006302)","5/168",0.6396337863142,0.85623092514487,0,0,0.913958007849712,0.408410795821585,"RAD52;EID3;DDX1;SMC5;NBN"
"Regulation Of Centrosome Duplication (GO:0010824)","1/31",0.640633210180335,0.85623092514487,0,0,0.993878600823045,0.442572352806073,"CHMP4C"
"B Cell Proliferation (GO:0042100)","1/31",0.640633210180335,0.85623092514487,0,0,0.993878600823045,0.442572352806073,"PTPRC"
"Regulation Of Dendrite Morphogenesis (GO:0048814)","1/31",0.640633210180335,0.85623092514487,0,0,0.993878600823045,0.442572352806073,"SDC2"
"Regulation Of Extrinsic Apoptotic Signaling Pathway Via Death Domain Receptors (GO:1902041)","1/31",0.640633210180335,0.85623092514487,0,0,0.993878600823045,0.442572352806073,"PEA15"
"Regulation Of Gluconeogenesis (GO:0006111)","1/31",0.640633210180335,0.85623092514487,0,0,0.993878600823045,0.442572352806073,"ARPP19"
"acyl-CoA Metabolic Process (GO:0006637)","1/31",0.640633210180335,0.85623092514487,0,0,0.993878600823045,0.442572352806073,"ACOT12"
"Antigen Processing And Presentation Of Exogenous Peptide Antigen (GO:0002478)","1/31",0.640633210180335,0.85623092514487,0,0,0.993878600823045,0.442572352806073,"CTSL"
"Regulation Of Transmembrane Receptor Protein Serine/Threonine Kinase Signaling Pathway (GO:0090092)","1/31",0.640633210180335,0.85623092514487,0,0,0.993878600823045,0.442572352806073,"FSTL1"
"Endodermal Cell Differentiation (GO:0035987)","1/31",0.640633210180335,0.85623092514487,0,0,0.993878600823045,0.442572352806073,"COL12A1"
"Negative Regulation Of DNA Biosynthetic Process (GO:2000279)","1/31",0.640633210180335,0.85623092514487,0,0,0.993878600823045,0.442572352806073,"ANKRD1"
"Negative Regulation Of Intracellular Steroid Hormone Receptor Signaling Pathway (GO:0033144)","1/31",0.640633210180335,0.85623092514487,0,0,0.993878600823045,0.442572352806073,"HDAC1"
"Organic Cation Transport (GO:0015695)","1/31",0.640633210180335,0.85623092514487,0,0,0.993878600823045,0.442572352806073,"SLC35F3"
"Positive Regulation Of G1/S Transition Of Mitotic Cell Cycle (GO:1900087)","1/31",0.640633210180335,0.85623092514487,0,0,0.993878600823045,0.442572352806073,"RRM2"
"Positive Regulation Of Cholesterol Transport (GO:0032376)","1/31",0.640633210180335,0.85623092514487,0,0,0.993878600823045,0.442572352806073,"ABCA8"
"Positive Regulation Of Glucose Transmembrane Transport (GO:0010828)","1/31",0.640633210180335,0.85623092514487,0,0,0.993878600823045,0.442572352806073,"ARPP19"
"Positive Regulation Of Leukocyte Migration (GO:0002687)","1/31",0.640633210180335,0.85623092514487,0,0,0.993878600823045,0.442572352806073,"XCL1"
"Positive Regulation Of Proteolysis Involved In Protein Catabolic Process (GO:1903052)","1/31",0.640633210180335,0.85623092514487,0,0,0.993878600823045,0.442572352806073,"TMTC3"
"Presynaptic Endocytosis (GO:0140238)","1/31",0.640633210180335,0.85623092514487,0,0,0.993878600823045,0.442572352806073,"PACSIN1"
"tRNA Modification (GO:0006400)","2/67",0.644348078981174,0.859684866228417,0,0,0.917179883485911,0.403115420390024,"TRMT12;THG1L"
"Peptidyl-Tyrosine Phosphorylation (GO:0018108)","2/67",0.644348078981174,0.859684866228417,0,0,0.917179883485911,0.403115420390024,"BLK;FGFR2"
"Brain Development (GO:0007420)","5/169",0.644804164332089,0.859684866228417,0,0,0.908337751855779,0.398586443996024,"EMX2;MKKS;CA10;NCOA6;NKX2-2"
"Sensory Perception Of Light Stimulus (GO:0050953)","3/102",0.647542902516879,0.859684866228417,0,0,0.90308659348907,0.392454547640153,"OPA1;RGS16;DHRS3"
"Positive Regulation Of Cellular Process (GO:0048522)","18/594",0.651080205279186,0.859684866228417,0,0,0.929823692551506,0.399008212804126,"CDC123;VIPR1;TGFB2;HDAC1;TGFB3;ACTL6A;GLI1;ACTB;TSHR;NEUROD1;SHH;EPCAM;PRC1;BAMBI;MARCHF7;CCN2;CFAP20;FGFR2"
"'De Novo' Post-Translational Protein Folding (GO:0051084)","1/32",0.652312723295621,0.859684866228417,0,0,0.961768219832736,0.410897385956844,"ENTPD5"
"Amide Transport (GO:0042886)","1/32",0.652312723295621,0.859684866228417,0,0,0.961768219832736,0.410897385956844,"ABCG2"
"Regulation Of Metaphase/Anaphase Transition Of Cell Cycle (GO:1902099)","1/32",0.652312723295621,0.859684866228417,0,0,0.961768219832736,0.410897385956844,"ACTL6A"
"Regulation Of Transcription By RNA Polymerase I (GO:0006356)","1/32",0.652312723295621,0.859684866228417,0,0,0.961768219832736,0.410897385956844,"WDR75"
"Female Gamete Generation (GO:0007292)","1/32",0.652312723295621,0.859684866228417,0,0,0.961768219832736,0.410897385956844,"STRA8"
"Transition Metal Ion Transport (GO:0000041)","1/32",0.652312723295621,0.859684866228417,0,0,0.961768219832736,0.410897385956844,"ATP7B"
"Very Long-Chain Fatty Acid Metabolic Process (GO:0000038)","1/32",0.652312723295621,0.859684866228417,0,0,0.961768219832736,0.410897385956844,"ELOVL1"
"Vesicle Budding From Membrane (GO:0006900)","1/32",0.652312723295621,0.859684866228417,0,0,0.961768219832736,0.410897385956844,"CHMP4C"
"Heterochromatin Formation (GO:0031507)","1/32",0.652312723295621,0.859684866228417,0,0,0.961768219832736,0.410897385956844,"NRDE2"
"Intracellular pH Reduction (GO:0051452)","1/32",0.652312723295621,0.859684866228417,0,0,0.961768219832736,0.410897385956844,"ATP6V0A1"
"Mesenchymal Cell Migration (GO:0090497)","1/32",0.652312723295621,0.859684866228417,0,0,0.961768219832736,0.410897385956844,"SHH"
"Muscle Cell Development (GO:0055001)","1/32",0.652312723295621,0.859684866228417,0,0,0.961768219832736,0.410897385956844,"ACTN2"
"Negative Regulation Of G1/S Transition Of Mitotic Cell Cycle (GO:2000134)","1/32",0.652312723295621,0.859684866228417,0,0,0.961768219832736,0.410897385956844,"DACT1"
"Negative Regulation Of Fat Cell Differentiation (GO:0045599)","1/32",0.652312723295621,0.859684866228417,0,0,0.961768219832736,0.410897385956844,"RUNX1T1"
"Negative Regulation Of Proteasomal Ubiquitin-Dependent Protein Catabolic Process (GO:0032435)","1/32",0.652312723295621,0.859684866228417,0,0,0.961768219832736,0.410897385956844,"CCAR2"
"Neural Tube Closure (GO:0001843)","1/32",0.652312723295621,0.859684866228417,0,0,0.961768219832736,0.410897385956844,"TGFB2"
"Phosphatidylinositol 3-Kinase Signaling (GO:0014065)","1/32",0.652312723295621,0.859684866228417,0,0,0.961768219832736,0.410897385956844,"PIK3CD"
"Positive Regulation Of Telomere Maintenance Via Telomerase (GO:0032212)","1/32",0.652312723295621,0.859684866228417,0,0,0.961768219832736,0.410897385956844,"HMBOX1"
"Protein Transmembrane Import Into Intracellular Organelle (GO:0044743)","1/32",0.652312723295621,0.859684866228417,0,0,0.961768219832736,0.410897385956844,"PEX5"
"Proteoglycan Biosynthetic Process (GO:0030166)","1/32",0.652312723295621,0.859684866228417,0,0,0.961768219832736,0.410897385956844,"HS3ST3B1"
"Protein Localization To Organelle (GO:0033365)","4/137",0.653395378415451,0.860631705237298,0,0,0.89610071690855,0.381356138645326,"DDX1;PAQR3;MSX1;SGCG"
"Mitochondrial Gene Expression (GO:0140053)","3/103",0.65405686890523,0.861023053606161,0,0,0.894009287925697,0.379561455649529,"MRPL2;TFAM;IARS2"
"Establishment Of Protein Localization To Membrane (GO:0090150)","2/69",0.66022279459551,0.863025879436685,0,0,0.889709105169669,0.369387587572203,"RTP2;SYNE3"
"Phospholipid Metabolic Process (GO:0006644)","2/69",0.66022279459551,0.863025879436685,0,0,0.889709105169669,0.369387587572203,"GDE1;PLPP1"
"Positive Regulation Of Phosphatidylinositol 3-Kinase Signaling (GO:0014068)","2/69",0.66022279459551,0.863025879436685,0,0,0.889709105169669,0.369387587572203,"TGFB2;ROR2"
"Macroautophagy (GO:0016236)","3/104",0.660484146456663,0.863025879436685,0,0,0.88511173098734,0.367128553535332,"LIX1;CHMP4C;ATG5"
"Carboxylic Acid Metabolic Process (GO:0019752)","1/33",0.663613213261302,0.863025879436685,0,0,0.931664737654321,0.382034538068991,"AS3MT"
"Cardiac Muscle Contraction (GO:0060048)","1/33",0.663613213261302,0.863025879436685,0,0,0.931664737654321,0.382034538068991,"MYLK2"
"Epithelial Tube Morphogenesis (GO:0060562)","1/33",0.663613213261302,0.863025879436685,0,0,0.931664737654321,0.382034538068991,"SHH"
"Ubiquitin-Dependent Protein Catabolic Process Via The Multivesicular Body Sorting Pathway (GO:0043162)","1/33",0.663613213261302,0.863025879436685,0,0,0.931664737654321,0.382034538068991,"CHMP4C"
"Monoubiquitinated Protein Deubiquitination (GO:0035520)","1/33",0.663613213261302,0.863025879436685,0,0,0.931664737654321,0.382034538068991,"SUPT3H"
"Positive Regulation Of DNA Binding (GO:0043388)","1/33",0.663613213261302,0.863025879436685,0,0,0.931664737654321,0.382034538068991,"NEUROD1"
"Positive Regulation Of Notch Signaling Pathway (GO:0045747)","1/33",0.663613213261302,0.863025879436685,0,0,0.931664737654321,0.382034538068991,"TGFB2"
"Positive Regulation Of RNA Metabolic Process (GO:0051254)","1/33",0.663613213261302,0.863025879436685,0,0,0.931664737654321,0.382034538068991,"WDR75"
"Positive Regulation Of T Cell Mediated Cytotoxicity (GO:0001916)","1/33",0.663613213261302,0.863025879436685,0,0,0.931664737654321,0.382034538068991,"XCL1"
"Positive Regulation Of Cytokine Production Involved In Immune Response (GO:0002720)","1/33",0.663613213261302,0.863025879436685,0,0,0.931664737654321,0.382034538068991,"XCL1"
"Positive Regulation Of Epidermal Growth Factor Receptor Signaling Pathway (GO:0045742)","1/33",0.663613213261302,0.863025879436685,0,0,0.931664737654321,0.382034538068991,"DGKD"
"Positive Regulation Of Interleukin-12 Production (GO:0032735)","1/33",0.663613213261302,0.863025879436685,0,0,0.931664737654321,0.382034538068991,"IL16"
"Positive Regulation Of Nitrogen Compound Metabolic Process (GO:0051173)","1/33",0.663613213261302,0.863025879436685,0,0,0.931664737654321,0.382034538068991,"WNT7A"
"Positive Regulation Of Protein Dephosphorylation (GO:0035307)","1/33",0.663613213261302,0.863025879436685,0,0,0.931664737654321,0.382034538068991,"CALM2"
"Positive Regulation Of Telomerase Activity (GO:0051973)","1/33",0.663613213261302,0.863025879436685,0,0,0.931664737654321,0.382034538068991,"HMBOX1"
"Regulation Of G0 To G1 Transition (GO:0070316)","1/33",0.663613213261302,0.863025879436685,0,0,0.931664737654321,0.382034538068991,"ACTL6A"
"Regulation Of Activated T Cell Proliferation (GO:0046006)","1/33",0.663613213261302,0.863025879436685,0,0,0.931664737654321,0.382034538068991,"PRKAR1A"
"Regulation Of Cell Adhesion Mediated By Integrin (GO:0033628)","1/33",0.663613213261302,0.863025879436685,0,0,0.931664737654321,0.382034538068991,"TGFB2"
"Chemical Synaptic Transmission (GO:0007268)","8/273",0.664560186547532,0.863782024648965,0,0,0.898878521178583,0.367308577967744,"CACNB2;NPBWR1;CHRM5;HTR1B;GRIK1;PDYN;LIN7C;SHISA6"
"Positive Regulation Of Stress-Activated MAPK Cascade (GO:0032874)","3/105",0.666824670714759,0.864246411188914,0,0,0.876388635949736,0.355137328202163,"TGFB2;WNT7A;CCN2"
"Negative Regulation Of Epithelial Cell Proliferation (GO:0050680)","2/70",0.667944578336484,0.864246411188914,0,0,0.876579689062642,0.353743799658778,"TGFB2;FGFR2"
"Negative Regulation Of Cellular Process (GO:0048523)","16/537",0.672391350591176,0.864246411188914,0,0,0.913542737414075,0.36259857902927,"TFAP2A;TGFB2;TGFB3;ACTL6A;FBLN1;PDS5B;PTPN14;ACTB;CCAR2;SHH;SMYD2;CHMP4C;SLIT1;CCN2;MSX1;PLPP1"
"Positive Regulation Of Cell Growth (GO:0030307)","3/106",0.673078434338371,0.864246411188914,0,0,0.867834921398299,0.343570127904451,"ITSN2;TGFB2;BDNF"
"DNA Damage Checkpoint Signaling (GO:0000077)","1/34",0.674546961738219,0.864246411188914,0,0,0.903385708941264,0.355675584061476,"NBN"
"Apoptotic Mitochondrial Changes (GO:0008637)","1/34",0.674546961738219,0.864246411188914,0,0,0.903385708941264,0.355675584061476,"CCAR2"
"Regulation Of Neuronal Synaptic Plasticity (GO:0048168)","1/34",0.674546961738219,0.864246411188914,0,0,0.903385708941264,0.355675584061476,"SHISA6"
"Response To Estrogen (GO:0043627)","1/34",0.674546961738219,0.864246411188914,0,0,0.903385708941264,0.355675584061476,"TRIM24"
"Establishment Of Mitotic Spindle Localization (GO:0040001)","1/34",0.674546961738219,0.864246411188914,0,0,0.903385708941264,0.355675584061476,"SPDL1"
"Superoxide Metabolic Process (GO:0006801)","1/34",0.674546961738219,0.864246411188914,0,0,0.903385708941264,0.355675584061476,"APOA4"
"Histone Deubiquitination (GO:0016578)","1/34",0.674546961738219,0.864246411188914,0,0,0.903385708941264,0.355675584061476,"SUPT3H"
"Membrane Protein Proteolysis (GO:0033619)","1/34",0.674546961738219,0.864246411188914,0,0,0.903385708941264,0.355675584061476,"AFG3L2"
"Microtubule Polymerization (GO:0046785)","1/34",0.674546961738219,0.864246411188914,0,0,0.903385708941264,0.355675584061476,"ZNF207"
"Negative Regulation Of JNK Cascade (GO:0046329)","1/34",0.674546961738219,0.864246411188914,0,0,0.903385708941264,0.355675584061476,"DACT1"
"Negative Regulation Of Ras Protein Signal Transduction (GO:0046580)","1/34",0.674546961738219,0.864246411188914,0,0,0.903385708941264,0.355675584061476,"TGFB2"
"Negative Regulation Of Cell Cycle Process (GO:0010948)","1/34",0.674546961738219,0.864246411188914,0,0,0.903385708941264,0.355675584061476,"CHMP4C"
"Negative Regulation Of Interleukin-6 Production (GO:0032715)","1/34",0.674546961738219,0.864246411188914,0,0,0.903385708941264,0.355675584061476,"CD200R1"
"Negative Regulation Of Mitotic Cell Cycle (GO:0045930)","1/34",0.674546961738219,0.864246411188914,0,0,0.903385708941264,0.355675584061476,"PTPN3"
"Positive Regulation Of Organelle Organization (GO:0010638)","1/34",0.674546961738219,0.864246411188914,0,0,0.903385708941264,0.355675584061476,"LMAN1"
"Positive Regulation Of Transcription By RNA Polymerase I (GO:0045943)","1/34",0.674546961738219,0.864246411188914,0,0,0.903385708941264,0.355675584061476,"WDR75"
"Purine Nucleotide Metabolic Process (GO:0006163)","1/34",0.674546961738219,0.864246411188914,0,0,0.903385708941264,0.355675584061476,"NADK2"
"Regulation Of calcineurin-NFAT Signaling Cascade (GO:0070884)","1/34",0.674546961738219,0.864246411188914,0,0,0.903385708941264,0.355675584061476,"PPP3CC"
"Positive Regulation Of I-kappaB kinase/NF-kappaB Signaling (GO:0043123)","5/175",0.67483707958438,0.864246411188914,0,0,0.876004749725977,0.344518635190493,"PPM1A;DDX1;DHX15;LURAP1;TMEM9B"
"Regulation Of Cilium Assembly (GO:1902017)","2/71",0.675523961686807,0.864246411188914,0,0,0.863830835741326,0.338852027836622,"TBC1D9B;ATG5"
"Regulation Of Double-Strand Break Repair Via Homologous Recombination (GO:0010569)","2/71",0.675523961686807,0.864246411188914,0,0,0.863830835741326,0.338852027836622,"ACTL6A;ACTB"
"Negative Regulation Of Cellular Response To Growth Factor Stimulus (GO:0090288)","2/71",0.675523961686807,0.864246411188914,0,0,0.863830835741326,0.338852027836622,"BAMBI;SOSTDC1"
"Negative Regulation Of Protein Binding (GO:0032091)","2/71",0.675523961686807,0.864246411188914,0,0,0.863830835741326,0.338852027836622,"DACT1;PSME3IP1"
"Negative Regulation Of Supramolecular Fiber Organization (GO:1902904)","2/71",0.675523961686807,0.864246411188914,0,0,0.863830835741326,0.338852027836622,"PFDN4;SHANK1"
"Positive Regulation Of Cell-Substrate Adhesion (GO:0010811)","2/71",0.675523961686807,0.864246411188914,0,0,0.863830835741326,0.338852027836622,"CASS4;PPM1F"
"Positive Regulation Of T Cell Activation (GO:0050870)","3/107",0.679245484439906,0.865539898060331,0,0,0.859445701357466,0.332410115990499,"PTPRC;ACTL6A;ACTB"
"Regulation Of Cell Population Proliferation (GO:0042127)","23/766",0.679697699943494,0.865539898060331,0,0,0.920162195399877,0.355281192280816,"TFAP2A;CDC123;VIPR1;TGFB2;TFAP2D;HDAC1;TGFB3;ACTL6A;PDS5B;GLI1;PTPN14;ACTB;TSHR;SHH;EPCAM;PRC1;BAMBI;ID2;SMYD2;MARCHF7;SGK1;PLPP1;FGFR2"
"Protein Localization To Cell Periphery (GO:1990778)","4/142",0.680817907273512,0.865539898060331,0,0,0.863408605774632,0.331946416893262,"CACNB2;ACTN2;LIN7C;PACSIN1"
"Cholesterol Homeostasis (GO:0042632)","2/72",0.682962039897015,0.865539898060331,0,0,0.851446235372047,0.324670072208244,"APOA4;APOA5"
"Negative Regulation Of Cell Adhesion (GO:0007162)","2/72",0.682962039897015,0.865539898060331,0,0,0.851446235372047,0.324670072208244,"PTPRC;FBLN1"
"Positive Regulation Of Protein Localization To Nucleus (GO:1900182)","2/72",0.682962039897015,0.865539898060331,0,0,0.851446235372047,0.324670072208244,"TPR;CDK1"
"Action Potential (GO:0001508)","1/35",0.685125853019595,0.865539898060331,0,0,0.876770152505447,0.331553027243224,"KCNJ2"
"Adherens Junction Organization (GO:0034332)","1/35",0.685125853019595,0.865539898060331,0,0,0.876770152505447,0.331553027243224,"CDH26"
"Regulation Of mRNA Processing (GO:0050684)","1/35",0.685125853019595,0.865539898060331,0,0,0.876770152505447,0.331553027243224,"MAGOH"
"Cellular Response To Amino Acid Stimulus (GO:0071230)","1/35",0.685125853019595,0.865539898060331,0,0,0.876770152505447,0.331553027243224,"LARS1"
"Endoderm Formation (GO:0001706)","1/35",0.685125853019595,0.865539898060331,0,0,0.876770152505447,0.331553027243224,"COL12A1"
"Skeletal Muscle Organ Development (GO:0060538)","1/35",0.685125853019595,0.865539898060331,0,0,0.876770152505447,0.331553027243224,"FOXL2"
"Establishment Of Spindle Orientation (GO:0051294)","1/35",0.685125853019595,0.865539898060331,0,0,0.876770152505447,0.331553027243224,"SPDL1"
"Glutamate Receptor Signaling Pathway (GO:0007215)","1/35",0.685125853019595,0.865539898060331,0,0,0.876770152505447,0.331553027243224,"GRIK1"
"Intrinsic Apoptotic Signaling Pathway By P53 Class Mediator (GO:0072332)","1/35",0.685125853019595,0.865539898060331,0,0,0.876770152505447,0.331553027243224,"CASP6"
"Liver Development (GO:0001889)","1/35",0.685125853019595,0.865539898060331,0,0,0.876770152505447,0.331553027243224,"NPHP3"
"Negative Regulation Of Cell Cycle G1/S Phase Transition (GO:1902807)","1/35",0.685125853019595,0.865539898060331,0,0,0.876770152505447,0.331553027243224,"DACT1"
"Positive Regulation Of Substrate Adhesion-Dependent Cell Spreading (GO:1900026)","1/35",0.685125853019595,0.865539898060331,0,0,0.876770152505447,0.331553027243224,"CASS4"
"Positive Regulation Of Telomere Maintenance Via Telomere Lengthening (GO:1904358)","1/35",0.685125853019595,0.865539898060331,0,0,0.876770152505447,0.331553027243224,"HMBOX1"
"Protein Methylation (GO:0006479)","1/35",0.685125853019595,0.865539898060331,0,0,0.876770152505447,0.331553027243224,"ETFBKMT"
"Response To Tumor Necrosis Factor (GO:0034612)","3/108",0.685325920131561,0.865539898060331,0,0,0.851216275984078,0.321641227318355,"HMHB1;ANKRD1;XCL1"
"Glycerophospholipid Biosynthetic Process (GO:0046474)","3/108",0.685325920131561,0.865539898060331,0,0,0.851216275984078,0.321641227318355,"PTDSS1;DGKD;DGKH"
"Lipid Transport (GO:0006869)","3/108",0.685325920131561,0.865539898060331,0,0,0.851216275984078,0.321641227318355,"APOA4;ABCA8;APOA5"
"Positive Regulation Of Translation (GO:0045727)","3/108",0.685325920131561,0.865539898060331,0,0,0.851216275984078,0.321641227318355,"BOLL;CDC123;LARP1B"
"Negative Regulation Of Cytokine Production (GO:0001818)","5/178",0.689206735680636,0.868925942373651,0,0,0.860679280508383,0.320356878738404,"CD200R1;PTPRC;RNF216;XCL1;ATG5"
"Sterol Homeostasis (GO:0055092)","2/73",0.690259986997752,0.868925942373651,0,0,0.839410496985001,0.311158524991273,"APOA4;APOA5"
"Cellular Response To Salt (GO:1902075)","3/109",0.691319890728627,0.868925942373651,0,0,0.843142122787546,0.31124812662032,"SLC12A2;P2RY2;RYR3"
"Negative Regulation Of Developmental Process (GO:0051093)","3/109",0.691319890728627,0.868925942373651,0,0,0.843142122787546,0.31124812662032,"SHH;HDAC1;ACTL6A"
"Positive Regulation Of Cysteine-Type Endopeptidase Activity Involved In Apoptotic Process (GO:0043280)","3/109",0.691319890728627,0.868925942373651,0,0,0.843142122787546,0.31124812662032,"FOXL2;UACA;PPM1F"
"DNA Damage Response, Signal Transduction By P53 Class Mediator (GO:0030330)","1/36",0.695361386808538,0.868925942373651,0,0,0.851675485008818,0.309433792634253,"NBN"
"Base-Excision Repair (GO:0006284)","1/36",0.695361386808538,0.868925942373651,0,0,0.851675485008818,0.309433792634253,"SMUG1"
"Blood Vessel Diameter Maintenance (GO:0097746)","1/36",0.695361386808538,0.868925942373651,0,0,0.851675485008818,0.309433792634253,"KEL"
"Regulation Of Peptidyl-Threonine Phosphorylation (GO:0010799)","1/36",0.695361386808538,0.868925942373651,0,0,0.851675485008818,0.309433792634253,"CALM2"
"Regulation Of Receptor Internalization (GO:0002090)","1/36",0.695361386808538,0.868925942373651,0,0,0.851675485008818,0.309433792634253,"PICK1"
"Substrate Adhesion-Dependent Cell Spreading (GO:0034446)","1/36",0.695361386808538,0.868925942373651,0,0,0.851675485008818,0.309433792634253,"PEAK1"
"tRNA Methylation (GO:0030488)","1/36",0.695361386808538,0.868925942373651,0,0,0.851675485008818,0.309433792634253,"TRMT12"
"Histone H3 Acetylation (GO:0043966)","1/36",0.695361386808538,0.868925942373651,0,0,0.851675485008818,0.309433792634253,"SUPT3H"
"Histone Deacetylation (GO:0016575)","1/36",0.695361386808538,0.868925942373651,0,0,0.851675485008818,0.309433792634253,"HDAC1"
"Negative Regulation Of T Cell Proliferation (GO:0042130)","1/36",0.695361386808538,0.868925942373651,0,0,0.851675485008818,0.309433792634253,"PRKAR1A"
"Negative Regulation Of Organelle Assembly (GO:1902116)","1/36",0.695361386808538,0.868925942373651,0,0,0.851675485008818,0.309433792634253,"FEZ1"
"Neural Crest Cell Migration (GO:0001755)","1/36",0.695361386808538,0.868925942373651,0,0,0.851675485008818,0.309433792634253,"SHH"
"Positive Regulation Of Double-Strand Break Repair Via Homologous Recombination (GO:1905168)","1/36",0.695361386808538,0.868925942373651,0,0,0.851675485008818,0.309433792634253,"ACTL6A"
"Positive Regulation Of Phospholipase C Activity (GO:0010863)","1/36",0.695361386808538,0.868925942373651,0,0,0.851675485008818,0.309433792634253,"P2RY6"
"Positive Regulation Of Signaling Receptor Activity (GO:2000273)","1/36",0.695361386808538,0.868925942373651,0,0,0.851675485008818,0.309433792634253,"HDAC1"
"Negative Regulation Of Programmed Cell Death (GO:0043069)","11/381",0.695754675726314,0.868957874598985,0,0,0.88448275862069,0.320853336465575,"TFAP2A;AVEN;FOXE3;SHH;OPA1;HDAC1;CDK1;PROK2;FSTL1;ATG5;TXNDC5"
"Regulation Of JNK Cascade (GO:0046328)","3/110",0.69722759326101,0.869657633007219,0,0,0.835218888342351,0.301216170336777,"WNT7A;CCN2;DACT1"
"Regulation Of mRNA Stability (GO:0043488)","2/74",0.697419049745527,0.869657633007219,0,0,0.827709084664262,0.298280554200942,"SERBP1;NRDE2"
"Negative Regulation Of Neuron Apoptotic Process (GO:0043524)","2/74",0.697419049745527,0.869657633007219,0,0,0.827709084664262,0.298280554200942,"BDNF;TGFB3"
"RNA Splicing, Via Transesterification Reactions With Bulged Adenosine As Nucleophile (GO:0000377)","5/180",0.698543811175313,0.870600752008051,0,0,0.85075421472937,0.30521435348727,"RSRC1;TRA2B;MAGOH;DHX15;SNRPE"
"Supramolecular Fiber Organization (GO:0097435)","9/316",0.700950036554211,0.870849401400007,0,0,0.872333061889251,0.309956222490943,"TGFB2;MARCKSL1;BIN3;BFSP1;KATNAL1;COL12A1;ZNF207;KRT85;KRT84"
"Cytoskeleton Organization (GO:0007010)","3/111",0.7030492701121,0.870849401400007,0,0,0.827442380460956,0.291531370664312,"FGD5;SYNE3;PACSIN1"
"Regulation Of Plasma Membrane Bounded Cell Projection Assembly (GO:0120032)","2/75",0.70444054149506,0.870849401400007,0,0,0.816328258982448,0.286001707060799,"TBC1D9B;ATG5"
"Negative Regulation Of Phosphorylation (GO:0042326)","2/75",0.70444054149506,0.870849401400007,0,0,0.816328258982448,0.286001707060799,"PAQR3;FBLN1"
"Regulation Of DNA Replication (GO:0006275)","2/75",0.70444054149506,0.870849401400007,0,0,0.816328258982448,0.286001707060799,"INO80D;GLI1"
"Regulation Of Defense Response To Virus By Host (GO:0050691)","1/37",0.705264690907387,0.870849401400007,0,0,0.827974965706447,0.289114036061713,"RNF216"
"RNA Stabilization (GO:0043489)","1/37",0.705264690907387,0.870849401400007,0,0,0.827974965706447,0.289114036061713,"NRDE2"
"Aortic Valve Morphogenesis (GO:0003180)","1/37",0.705264690907387,0.870849401400007,0,0,0.827974965706447,0.289114036061713,"SLIT1"
"Axonemal Dynein Complex Assembly (GO:0070286)","1/37",0.705264690907387,0.870849401400007,0,0,0.827974965706447,0.289114036061713,"CRNN"
"Regulation Of Ossification (GO:0030278)","1/37",0.705264690907387,0.870849401400007,0,0,0.827974965706447,0.289114036061713,"S1PR1"
"Regulation Of Phosphoprotein Phosphatase Activity (GO:0043666)","1/37",0.705264690907387,0.870849401400007,0,0,0.827974965706447,0.289114036061713,"CALM2"
"Mitochondrion Disassembly (GO:0061726)","1/37",0.705264690907387,0.870849401400007,0,0,0.827974965706447,0.289114036061713,"ATG5"
"Muscle Cell Differentiation (GO:0042692)","1/37",0.705264690907387,0.870849401400007,0,0,0.827974965706447,0.289114036061713,"ACTN2"
"Muscle Tissue Development (GO:0060537)","1/37",0.705264690907387,0.870849401400007,0,0,0.827974965706447,0.289114036061713,"SHH"
"Negative Regulation Of Smooth Muscle Cell Proliferation (GO:0048662)","1/37",0.705264690907387,0.870849401400007,0,0,0.827974965706447,0.289114036061713,"TGFB3"
"Negative Regulation Of Stress-Activated MAPK Cascade (GO:0032873)","1/37",0.705264690907387,0.870849401400007,0,0,0.827974965706447,0.289114036061713,"DACT1"
"Positive Regulation Of Immune Effector Process (GO:0002699)","1/37",0.705264690907387,0.870849401400007,0,0,0.827974965706447,0.289114036061713,"PTPRC"
"DNA Damage Response (GO:0006974)","11/384",0.705376959068816,0.870849401400007,0,0,0.877230285661459,0.306173480509797,"EID3;CCND1;STXBP4;NCOA6;EXO1;CDK1;SMC5;PDS5B;GTF2H3;NRDE2;ZNF385A"
"Defense Response To Symbiont (GO:0140546)","4/148",0.711674617936823,0.875224018996695,0,0,0.827174849267873,0.281350678378159,"RNASEL;PTPRC;DHX15;IFI44L"
"Regulation Of Transcription By RNA Polymerase II (GO:0006357)","62/2028",0.711705960484844,0.875224018996695,0,0,0.933995469835587,0.317642920688915,"CIITA;FOXE3;AHR;GLI1;CHD2;HOXA13;ACTB;SHH;CCND1;ANKRD1;BBX;DACT1;FOXD3;NCOA2;NCOA6;ACTL6A;MED8;FOXL2;VEZF1;PAX5;RUNX2;SUPT3H;PPM1A;MYH2;CREB1;PRKAR1A;MED21;SUB1;ELF5;HOXB3;HOXB8;HOXB7;HOXB6;HOXB5;RNASEL;HDAC1;PRDM14;FOXK1;NR2C2;NEUROD1;STRA8;HMBOX1;NFIL3;EPCAM;TPR;SMYD2;MSX1;NKX2-2;TFAP2A;PCGF6;TFAP2D;GSX1;HELT;TGFB3;WNT7A;ID2;BHLHE40;HOXD3;RCOR3;SSBP2;SP9;FGFR2"
"Macromolecule Biosynthetic Process (GO:0009059)","5/183",0.712183450884205,0.875224018996695,0,0,0.836284807034685,0.283851575969031,"RPL30;PABPC4;GCNT1;RPL38;RPL23A"
"Regulation Of Intracellular Transport (GO:0032386)","1/38",0.714846532654939,0.875224018996695,0,0,0.805555555555556,0.270414849170243,"MYLK2"
"Amino Acid Catabolic Process (GO:0009063)","1/38",0.714846532654939,0.875224018996695,0,0,0.805555555555556,0.270414849170243,"BCKDHB"
"Regulation Of Neurotransmitter Secretion (GO:0046928)","1/38",0.714846532654939,0.875224018996695,0,0,0.805555555555556,0.270414849170243,"CPLX4"
"Calcium-Dependent Cell-Cell Adhesion Via Plasma Membrane Cell Adhesion Molecules (GO:0016339)","1/38",0.714846532654939,0.875224018996695,0,0,0.805555555555556,0.270414849170243,"CDH26"
"Regulation Of Protein Import Into Nucleus (GO:0042306)","1/38",0.714846532654939,0.875224018996695,0,0,0.805555555555556,0.270414849170243,"TPR"
"Response To Peptide (GO:1901652)","1/38",0.714846532654939,0.875224018996695,0,0,0.805555555555556,0.270414849170243,"EIF2B1"
"Fatty Acid Transport (GO:0015908)","1/38",0.714846532654939,0.875224018996695,0,0,0.805555555555556,0.270414849170243,"SLC22A8"
"Import Into Cell (GO:0098657)","1/38",0.714846532654939,0.875224018996695,0,0,0.805555555555556,0.270414849170243,"SLC39A14"
"Lymphocyte Proliferation (GO:0046651)","1/38",0.714846532654939,0.875224018996695,0,0,0.805555555555556,0.270414849170243,"PTPRC"
"Negative Regulation Of Epithelial Cell Apoptotic Process (GO:1904036)","1/38",0.714846532654939,0.875224018996695,0,0,0.805555555555556,0.270414849170243,"NEUROD1"
"Positive Regulation Of Axonogenesis (GO:0050772)","1/38",0.714846532654939,0.875224018996695,0,0,0.805555555555556,0.270414849170243,"BDNF"
"Positive Regulation Of Bone Mineralization (GO:0030501)","1/38",0.714846532654939,0.875224018996695,0,0,0.805555555555556,0.270414849170243,"TFAP2A"
"Positive Regulation Of Myoblast Differentiation (GO:0045663)","1/38",0.714846532654939,0.875224018996695,0,0,0.805555555555556,0.270414849170243,"ACTL6A"
"Positive Regulation Of JNK Cascade (GO:0046330)","2/77",0.718076365455143,0.878723175334284,0,0,0.794477073673364,0.263114406423862,"WNT7A;CCN2"
"Regulation Of Monoatomic Cation Transmembrane Transport (GO:1904062)","1/39",0.724117331275993,0.880642951006264,0,0,0.784316114359974,0.253178684820357,"HCN4"
"Axonal Transport (GO:0098930)","1/39",0.724117331275993,0.880642951006264,0,0,0.784316114359974,0.253178684820357,"OPA1"
"Regulation Of Protein Targeting To Mitochondrion (GO:1903214)","1/39",0.724117331275993,0.880642951006264,0,0,0.784316114359974,0.253178684820357,"LMAN1"
"Retina Homeostasis (GO:0001895)","1/39",0.724117331275993,0.880642951006264,0,0,0.784316114359974,0.253178684820357,"SLC28A2"
"Fibroblast Growth Factor Receptor Signaling Pathway (GO:0008543)","1/39",0.724117331275993,0.880642951006264,0,0,0.784316114359974,0.253178684820357,"FGFR2"
"Histone H4 Acetylation (GO:0043967)","1/39",0.724117331275993,0.880642951006264,0,0,0.784316114359974,0.253178684820357,"ACTL6A"
"Negative Regulation Of Cell-Substrate Adhesion (GO:0010812)","1/39",0.724117331275993,0.880642951006264,0,0,0.784316114359974,0.253178684820357,"FBLN1"
"Negative Regulation Of Mitochondrion Organization (GO:0010823)","1/39",0.724117331275993,0.880642951006264,0,0,0.784316114359974,0.253178684820357,"OPA1"
"Negative Regulation Of Transport (GO:0051051)","1/39",0.724117331275993,0.880642951006264,0,0,0.784316114359974,0.253178684820357,"PPM1F"
"Negative Regulation Of Ubiquitin-Dependent Protein Catabolic Process (GO:2000059)","1/39",0.724117331275993,0.880642951006264,0,0,0.784316114359974,0.253178684820357,"CCAR2"
"Positive Regulation Of Intrinsic Apoptotic Signaling Pathway (GO:2001244)","1/39",0.724117331275993,0.880642951006264,0,0,0.784316114359974,0.253178684820357,"MSX1"
"Positive Regulation Of Lymphocyte Differentiation (GO:0045621)","1/39",0.724117331275993,0.880642951006264,0,0,0.784316114359974,0.253178684820357,"ACTL6A"
"Negative Regulation Of Protein Modification Process (GO:0031400)","2/78",0.724693608471473,0.880890430461981,0,0,0.783982754413081,0.252447403618014,"PAQR3;FBLN1"
"Regulation Of Cyclin-Dependent Protein Serine/Threonine Kinase Activity (GO:0000079)","2/79",0.731179092553524,0.882468150462639,0,0,0.773761014873843,0.242262138410665,"HERC5;CCND1"
"Vesicle Fusion (GO:0006906)","2/79",0.731179092553524,0.882468150462639,0,0,0.773761014873843,0.242262138410665,"SAMD9;CHMP4C"
"Negative Regulation Of Cellular Component Organization (GO:0051129)","2/79",0.731179092553524,0.882468150462639,0,0,0.773761014873843,0.242262138410665,"PEX5;APOA4"
"Positive Regulation Of Catabolic Process (GO:0009896)","2/79",0.731179092553524,0.882468150462639,0,0,0.773761014873843,0.242262138410665,"APOA5;DACT1"
"Regulation Of Cytokine-Mediated Signaling Pathway (GO:0001959)","1/40",0.733087168581532,0.882468150462639,0,0,0.764165875276986,0.23726636991675,"PTPRC"
"Notch Signaling Pathway (GO:0007219)","1/40",0.733087168581532,0.882468150462639,0,0,0.764165875276986,0.23726636991675,"HOXD3"
"Aortic Valve Development (GO:0003176)","1/40",0.733087168581532,0.882468150462639,0,0,0.764165875276986,0.23726636991675,"SLIT1"
"Regulation Of Small Molecule Metabolic Process (GO:0062012)","1/40",0.733087168581532,0.882468150462639,0,0,0.764165875276986,0.23726636991675,"FOXK1"
"Cellular Response To Heat (GO:0034605)","1/40",0.733087168581532,0.882468150462639,0,0,0.764165875276986,0.23726636991675,"TPR"
"Endothelial Cell Migration (GO:0043542)","1/40",0.733087168581532,0.882468150462639,0,0,0.764165875276986,0.23726636991675,"FSTL1"
"Establishment Or Maintenance Of Epithelial Cell Apical/Basal Polarity (GO:0045197)","1/40",0.733087168581532,0.882468150462639,0,0,0.764165875276986,0.23726636991675,"LIN7C"
"Water-Soluble Vitamin Metabolic Process (GO:0006767)","1/40",0.733087168581532,0.882468150462639,0,0,0.764165875276986,0.23726636991675,"MTHFD2L"
"Negative Regulation Of Secretion By Cell (GO:1903531)","1/40",0.733087168581532,0.882468150462639,0,0,0.764165875276986,0.23726636991675,"HTR1B"
"Positive Regulation Of Catalytic Activity (GO:0043085)","1/40",0.733087168581532,0.882468150462639,0,0,0.764165875276986,0.23726636991675,"FDX1"
"Positive Regulation Of Insulin Secretion (GO:0032024)","1/40",0.733087168581532,0.882468150462639,0,0,0.764165875276986,0.23726636991675,"BLK"
"Positive Regulation Of Monoatomic Ion Transport (GO:0043270)","1/40",0.733087168581532,0.882468150462639,0,0,0.764165875276986,0.23726636991675,"CACNB2"
"Positive Regulation Of Myeloid Leukocyte Differentiation (GO:0002763)","1/40",0.733087168581532,0.882468150462639,0,0,0.764165875276986,0.23726636991675,"ID2"
"Protein Deacetylation (GO:0006476)","1/40",0.733087168581532,0.882468150462639,0,0,0.764165875276986,0.23726636991675,"HDAC1"
"Regulation Of Autophagosome Assembly (GO:2000785)","1/40",0.733087168581532,0.882468150462639,0,0,0.764165875276986,0.23726636991675,"FEZ1"
"Cellular Response To Oxidative Stress (GO:0034599)","3/117",0.736191603664785,0.884801911252161,0,0,0.783648362392048,0.240003958400859,"RAD52;PEX5;PLA2R1"
"Protein Maturation (GO:0051604)","3/117",0.736191603664785,0.884801911252161,0,0,0.783648362392048,0.240003958400859,"AFG3L2;KEL;CPXM2"
"Regulation Of Organelle Assembly (GO:1902115)","2/80",0.737534385729098,0.884801911252161,0,0,0.763801371220228,0.232533650237536,"TBC1D9B;ATG5"
"Regulation Of Protein Localization To Plasma Membrane (GO:1903076)","2/80",0.737534385729098,0.884801911252161,0,0,0.763801371220228,0.232533650237536,"ACTB;PLS1"
"Response To Type II Interferon (GO:0034341)","2/80",0.737534385729098,0.884801911252161,0,0,0.763801371220228,0.232533650237536,"CIITA;XCL1"
"Positive Regulation Of Immune Response (GO:0050778)","2/80",0.737534385729098,0.884801911252161,0,0,0.763801371220228,0.232533650237536,"TGFB2;PTPRC"
"Regulation Of Small GTPase Mediated Signal Transduction (GO:0051056)","3/118",0.741421295371924,0.884801911252161,0,0,0.776793646520393,0.232405990158445,"ARHGAP9;FGD5;ARHGEF17"
"Axoneme Assembly (GO:0035082)","1/41",0.741765800334546,0.884801911252161,0,0,0.745023148148148,0.222554595218778,"CRNN"
"Carbohydrate Catabolic Process (GO:0016052)","1/41",0.741765800334546,0.884801911252161,0,0,0.745023148148148,0.222554595218778,"PGM1"
"Regulation Of Release Of Cytochrome C From Mitochondria (GO:0090199)","1/41",0.741765800334546,0.884801911252161,0,0,0.745023148148148,0.222554595218778,"OPA1"
"Response To Amino Acid Starvation (GO:1990928)","1/41",0.741765800334546,0.884801911252161,0,0,0.745023148148148,0.222554595218778,"LARS1"
"Double-Strand Break Repair Via Nonhomologous End Joining (GO:0006303)","1/41",0.741765800334546,0.884801911252161,0,0,0.745023148148148,0.222554595218778,"SMC5"
"Synaptic Vesicle Exocytosis (GO:0016079)","1/41",0.741765800334546,0.884801911252161,0,0,0.745023148148148,0.222554595218778,"CPLX4"
"Negative Regulation Of mRNA Catabolic Process (GO:1902373)","1/41",0.741765800334546,0.884801911252161,0,0,0.745023148148148,0.222554595218778,"NRDE2"
"Negative Regulation Of Proteolysis (GO:0045861)","1/41",0.741765800334546,0.884801911252161,0,0,0.745023148148148,0.222554595218778,"PTPN3"
"Non-Canonical Wnt Signaling Pathway (GO:0035567)","1/41",0.741765800334546,0.884801911252161,0,0,0.745023148148148,0.222554595218778,"WNT7A"
"Positive Regulation Of Ossification (GO:0045778)","1/41",0.741765800334546,0.884801911252161,0,0,0.745023148148148,0.222554595218778,"TFAP2A"
"Positive Regulation Of Viral Process (GO:0048524)","1/41",0.741765800334546,0.884801911252161,0,0,0.745023148148148,0.222554595218778,"ATG5"
"Cellular Response To Interleukin-1 (GO:0071347)","2/81",0.743761093083434,0.88584045511903,0,0,0.754093870443918,0.223238485976261,"ANKRD1;XCL1"
"Cytoskeleton-Dependent Cytokinesis (GO:0061640)","2/81",0.743761093083434,0.88584045511903,0,0,0.754093870443918,0.223238485976261,"BIN3;EXOC2"
"Positive Regulation Of Growth (GO:0045927)","2/81",0.743761093083434,0.88584045511903,0,0,0.754093870443918,0.223238485976261,"TGFB2;PPM1F"
"Regulation Of Protein Kinase Activity (GO:0045859)","3/119",0.746568302814194,0.887560114910672,0,0,0.770057115405146,0.225063182976781,"PTPRC;CCNYL1;PPM1F"
"Cellular Response To Tumor Necrosis Factor (GO:0071356)","3/119",0.746568302814194,0.887560114910672,0,0,0.770057115405146,0.225063182976781,"HMHB1;ANKRD1;XCL1"
"Regulation Of Cell Growth (GO:0001558)","6/227",0.749587511126585,0.887560114910672,0,0,0.807723974863303,0.232812065467365,"TGFB2;SLIT1;MSX1;SGK1;CCAR2;NUBP1"
"Negative Regulation Of Apoptotic Signaling Pathway (GO:2001234)","2/82",0.749860852648898,0.887560114910672,0,0,0.744629057187017,0.214354594077663,"OPA1;BDNF"
"DNA Integrity Checkpoint Signaling (GO:0031570)","1/42",0.750162666295097,0.887560114910672,0,0,0.72681421258657,0.208933798489808,"NBN"
"Branching Morphogenesis Of An Epithelial Tube (GO:0048754)","1/42",0.750162666295097,0.887560114910672,0,0,0.72681421258657,0.208933798489808,"SHH"
"Cellular Response To Amino Acid Starvation (GO:0034198)","1/42",0.750162666295097,0.887560114910672,0,0,0.72681421258657,0.208933798489808,"LARS1"
"Cellular Response To Glucose Starvation (GO:0042149)","1/42",0.750162666295097,0.887560114910672,0,0,0.72681421258657,0.208933798489808,"PICK1"
"Translational Elongation (GO:0006414)","1/42",0.750162666295097,0.887560114910672,0,0,0.72681421258657,0.208933798489808,"RCHY1"
"Lysosome Localization (GO:0032418)","1/42",0.750162666295097,0.887560114910672,0,0,0.72681421258657,0.208933798489808,"PIK3CD"
"Modulation By Host Of Symbiont Process (GO:0051851)","1/42",0.750162666295097,0.887560114910672,0,0,0.72681421258657,0.208933798489808,"HDAC1"
"Monoatomic Cation Transport (GO:0006812)","1/42",0.750162666295097,0.887560114910672,0,0,0.72681421258657,0.208933798489808,"HCN4"
"Monocyte Chemotaxis (GO:0002548)","1/42",0.750162666295097,0.887560114910672,0,0,0.72681421258657,0.208933798489808,"XCL1"
"Modification-Dependent Protein Catabolic Process (GO:0019941)","5/192",0.75046344036882,0.887560114910672,0,0,0.795662138373136,0.228406228838374,"HERC5;MYLIP;UBR3;FBXO21;RCHY1"
"Apoptotic Process (GO:0006915)","6/228",0.753301345220688,0.888805528949905,0,0,0.804043545878694,0.227777446568329,"MELK;CASP6;PAWR;AHR;YARS1;ZNF385A"
"Chromatin Remodeling (GO:0006338)","6/228",0.753301345220688,0.888805528949905,0,0,0.804043545878694,0.227777446568329,"PCGF6;INO80D;HDAC1;ACTL6A;NUDT5;CHD2"
"Calcium Ion Transmembrane Import Into Cytosol (GO:0097553)","2/83",0.755835331909362,0.888805528949905,0,0,0.735397943022879,0.205861226858282,"PTPRC;XCL1"
"Vesicle-Mediated Transport To The Plasma Membrane (GO:0098876)","2/83",0.755835331909362,0.888805528949905,0,0,0.735397943022879,0.205861226858282,"EXOC2;RAB11FIP4"
"Positive Regulation Of Proteasomal Ubiquitin-Dependent Protein Catabolic Process (GO:0032436)","2/83",0.755835331909362,0.888805528949905,0,0,0.735397943022879,0.205861226858282,"CDC20B;RCHY1"
"Regulation Of NIK/NF-kappaB Signaling (GO:1901222)","2/83",0.755835331909362,0.888805528949905,0,0,0.735397943022879,0.205861226858282,"PPM1A;UACA"
"Peptide Biosynthetic Process (GO:0043043)","4/158",0.758147065193154,0.888805528949905,0,0,0.773059498640894,0.214043086502881,"RPL30;PABPC4;RPL38;RPL23A"
"Regulation Of Filopodium Assembly (GO:0051489)","1/43",0.75828690070377,0.888805528949905,0,0,0.709472369194591,0.196306370269149,"TGFB3"
"Glycolipid Biosynthetic Process (GO:0009247)","1/43",0.75828690070377,0.888805528949905,0,0,0.709472369194591,0.196306370269149,"TP53INP2"
"Intracellular Steroid Hormone Receptor Signaling Pathway (GO:0030518)","1/43",0.75828690070377,0.888805528949905,0,0,0.709472369194591,0.196306370269149,"PLPP1"
"Learning (GO:0007612)","1/43",0.75828690070377,0.888805528949905,0,0,0.709472369194591,0.196306370269149,"SHANK1"
"mRNA Destabilization (GO:0061157)","1/43",0.75828690070377,0.888805528949905,0,0,0.709472369194591,0.196306370269149,"ZC3H12D"
"Negative Regulation Of BMP Signaling Pathway (GO:0030514)","1/43",0.75828690070377,0.888805528949905,0,0,0.709472369194591,0.196306370269149,"SOSTDC1"
"Positive Regulation Of T Cell Mediated Immunity (GO:0002711)","1/43",0.75828690070377,0.888805528949905,0,0,0.709472369194591,0.196306370269149,"XCL1"
"Positive Regulation Of Biomineral Tissue Development (GO:0070169)","1/43",0.75828690070377,0.888805528949905,0,0,0.709472369194591,0.196306370269149,"TFAP2A"
"Positive Regulation Of Cell-Matrix Adhesion (GO:0001954)","1/43",0.75828690070377,0.888805528949905,0,0,0.709472369194591,0.196306370269149,"PPM1F"
"Positive Regulation Of miRNA Transcription (GO:1902895)","1/43",0.75828690070377,0.888805528949905,0,0,0.709472369194591,0.196306370269149,"TGFB2"
"Regulation Of Cellular Component Size (GO:0032535)","1/43",0.75828690070377,0.888805528949905,0,0,0.709472369194591,0.196306370269149,"LARS1"
"Positive Regulation Of Macromolecule Biosynthetic Process (GO:0010557)","3/122",0.761519001106303,0.891063761455699,0,0,0.750526836121445,0.204473647377209,"TGFB2;CIITA;LARP1B"
"Positive Regulation Of Protein Ubiquitination (GO:0031398)","2/84",0.761686223746244,0.891063761455699,0,0,0.726391977984695,0.197738851336909,"MARCHF7;RCHY1"
"Regulation Of Viral Entry Into Host Cell (GO:0046596)","1/44",0.766147342398031,0.891063761455699,0,0,0.692937123169681,0.184585127715334,"CIITA"
"Extracellular Matrix Disassembly (GO:0022617)","1/44",0.766147342398031,0.891063761455699,0,0,0.692937123169681,0.184585127715334,"CAPG"
"Negative Regulation Of Immune System Process (GO:0002683)","1/44",0.766147342398031,0.891063761455699,0,0,0.692937123169681,0.184585127715334,"OTUD4"
"Neural Crest Cell Development (GO:0014032)","1/44",0.766147342398031,0.891063761455699,0,0,0.692937123169681,0.184585127715334,"SHH"
"Nucleobase-Containing Compound Catabolic Process (GO:0034655)","1/44",0.766147342398031,0.891063761455699,0,0,0.692937123169681,0.184585127715334,"PABPC4"
"Phosphatidylinositol Phosphate Biosynthetic Process (GO:0046854)","1/44",0.766147342398031,0.891063761455699,0,0,0.692937123169681,0.184585127715334,"PIK3CD"
"Positive Regulation Of Osteoblast Differentiation (GO:0045669)","1/44",0.766147342398031,0.891063761455699,0,0,0.692937123169681,0.184585127715334,"RUNX2"
"Regulation Of B Cell Proliferation (GO:0030888)","1/44",0.766147342398031,0.891063761455699,0,0,0.692937123169681,0.184585127715334,"PTPRC"
"Regulation Of DNA-templated Transcription Elongation (GO:0032784)","1/44",0.766147342398031,0.891063761455699,0,0,0.692937123169681,0.184585127715334,"CCAR2"
"Regulation Of Cell-Substrate Adhesion (GO:0010810)","1/44",0.766147342398031,0.891063761455699,0,0,0.692937123169681,0.184585127715334,"PPM1F"
"Calcium-Mediated Signaling (GO:0019722)","2/85",0.767415243184613,0.891063761455699,0,0,0.71760302415225,0.189969066529567,"PPP3CC;PTPRC"
"Response To Interleukin-1 (GO:0070555)","2/85",0.767415243184613,0.891063761455699,0,0,0.71760302415225,0.189969066529567,"ANKRD1;XCL1"
"Integrin-Mediated Signaling Pathway (GO:0007229)","2/85",0.767415243184613,0.891063761455699,0,0,0.71760302415225,0.189969066529567,"ITGB8;FBLN1"
"Macromolecule Catabolic Process (GO:0009057)","2/85",0.767415243184613,0.891063761455699,0,0,0.71760302415225,0.189969066529567,"PABPC4;TRIM24"
"Mitotic Spindle Organization (GO:0007052)","2/85",0.767415243184613,0.891063761455699,0,0,0.71760302415225,0.189969066529567,"PRC1;ZNF207"
"Nuclear-Transcribed mRNA Catabolic Process (GO:0000956)","2/85",0.767415243184613,0.891063761455699,0,0,0.71760302415225,0.189969066529567,"ZC3H12D;MAGOH"
"Positive Regulation Of Transcription By RNA Polymerase II (GO:0045944)","27/938",0.767732917427827,0.891063761455699,0,0,0.878650011824044,0.232238945749697,"RNASEL;CIITA;HDAC1;AHR;GLI1;NR2C2;NEUROD1;SHH;MED30;EPCAM;TFAP2A;FOXD3;NCOA2;GSX1;NCOA6;TGFB3;MED8;WNT7A;VEZF1;RUNX2;CREB1;MED21;HOXB3;HOXD3;SSBP2;HOXB7;FGFR2"
"Regulation Of I-kappaB kinase/NF-kappaB Signaling (GO:0043122)","6/232",0.767755318799747,0.891063761455699,0,0,0.789647531620309,0.208691359787654,"PPM1A;DDX1;DHX15;TRIM59;LURAP1;TMEM9B"
"Negative Regulation Of Angiogenesis (GO:0016525)","2/86",0.773024124480543,0.894072010092416,0,0,0.70902333112534,0.18253452706633,"SLC12A2;TGFB2"
"Negative Regulation Of Binding (GO:0051100)","2/86",0.773024124480543,0.894072010092416,0,0,0.70902333112534,0.18253452706633,"DACT1;PSME3IP1"
"Regulation Of Protein Modification Process (GO:0031399)","1/45",0.773752543647478,0.894072010092416,0,0,0.677153479236813,0.173692012348959,"CCAR2"
"Regulation Of Stem Cell Differentiation (GO:2000736)","1/45",0.773752543647478,0.894072010092416,0,0,0.677153479236813,0.173692012348959,"HDAC1"
"Regulation Of Telomerase Activity (GO:0051972)","1/45",0.773752543647478,0.894072010092416,0,0,0.677153479236813,0.173692012348959,"HMBOX1"
"Epidermal Growth Factor Receptor Signaling Pathway (GO:0007173)","1/45",0.773752543647478,0.894072010092416,0,0,0.677153479236813,0.173692012348959,"DGKD"
"Zymogen Activation (GO:0031638)","1/45",0.773752543647478,0.894072010092416,0,0,0.677153479236813,0.173692012348959,"CTSL"
"Mitotic Nuclear Division (GO:0140014)","1/45",0.773752543647478,0.894072010092416,0,0,0.677153479236813,0.173692012348959,"ZNF207"
"Negative Regulation Of Response To Biotic Stimulus (GO:0002832)","1/45",0.773752543647478,0.894072010092416,0,0,0.677153479236813,0.173692012348959,"ATG5"
"Mitochondrion Organization (GO:0007005)","4/162",0.775035723194631,0.895117015595754,0,0,0.753331370817388,0.191983604232659,"SAMM50;OPA1;COX7A2;THG1L"
"Regulation Of Type II Interferon Production (GO:0032649)","2/87",0.778514617464111,0.896437481166494,0,0,0.700645513228475,0.175418873546656,"HMHB1;XCL1"
"Glucose Homeostasis (GO:0042593)","2/87",0.778514617464111,0.896437481166494,0,0,0.700645513228475,0.175418873546656,"NEUROD1;FOXK1"
"Regulation Of Interleukin-10 Production (GO:0032653)","1/46",0.781110780246217,0.896437481166494,0,0,0.662071330589849,0.163556972740925,"XCL1"
"Antiviral Innate Immune Response (GO:0140374)","1/46",0.781110780246217,0.896437481166494,0,0,0.662071330589849,0.163556972740925,"DHX15"
"Cellular Component Disassembly (GO:0022411)","1/46",0.781110780246217,0.896437481166494,0,0,0.662071330589849,0.163556972740925,"CAPG"
"Replication Fork Processing (GO:0031297)","1/46",0.781110780246217,0.896437481166494,0,0,0.662071330589849,0.163556972740925,"NBN"
"Development Of Primary Male Sexual Characteristics (GO:0046546)","1/46",0.781110780246217,0.896437481166494,0,0,0.662071330589849,0.163556972740925,"TGFB2"
"Epithelial Cell Migration (GO:0010631)","1/46",0.781110780246217,0.896437481166494,0,0,0.662071330589849,0.163556972740925,"FSTL1"
"Intracellular Protein Transmembrane Transport (GO:0065002)","1/46",0.781110780246217,0.896437481166494,0,0,0.662071330589849,0.163556972740925,"PEX5"
"Male Gonad Development (GO:0008584)","1/46",0.781110780246217,0.896437481166494,0,0,0.662071330589849,0.163556972740925,"TGFB2"
"Negative Regulation Of Cellular Metabolic Process (GO:0031324)","1/46",0.781110780246217,0.896437481166494,0,0,0.662071330589849,0.163556972740925,"TFAP2A"
"Negative Regulation Of Cold-Induced Thermogenesis (GO:0120163)","1/46",0.781110780246217,0.896437481166494,0,0,0.662071330589849,0.163556972740925,"ACOT13"
"Positive Regulation Of Peptide Hormone Secretion (GO:0090277)","1/46",0.781110780246217,0.896437481166494,0,0,0.662071330589849,0.163556972740925,"BLK"
"Vesicle-Mediated Transport (GO:0016192)","11/411",0.783212255676487,0.898316435918258,0,0,0.816853448275862,0.199599397779363,"ITSN2;BIN3;CCZ1B;EQTN;STAB2;CHMP4C;CLEC16A;CEP83;RAB3IL1;LRP8;EXOC2"
"Negative Regulation Of Protein Kinase Activity (GO:0006469)","2/88",0.783888485342128,0.898316435918258,0,0,0.692462528305956,0.168606667054706,"PTPRC;PPM1F"
"Positive Regulation Of Cell Adhesion (GO:0045785)","2/88",0.783888485342128,0.898316435918258,0,0,0.692462528305956,0.168606667054706,"TGFB2;PPM1F"
"Positive Regulation Of Protein Phosphorylation (GO:0001934)","10/377",0.784327728239724,0.898384111405947,0,0,0.809507362065216,0.196652267755473,"MARCO;TGFB2;PTPRC;CCND1;BDNF;TGFB3;NBN;CALM2;LRP8;INHBE"
"Cellular Response To Cytokine Stimulus (GO:0071345)","8/308",0.785826937976402,0.89966523955341,0,0,0.792553302132085,0.191020159814256,"CRNN;SLC12A2;TPR;ANKRD1;HMHB1;IL21R;XCL1;LRP8"
"Golgi To Plasma Membrane Transport (GO:0006893)","1/47",0.78823005982953,0.900235684570894,0,0,0.647644927536232,0.154117004990819,"EXOC2"
"Response To Organonitrogen Compound (GO:0010243)","1/47",0.78823005982953,0.900235684570894,0,0,0.647644927536232,0.154117004990819,"CREB1"
"Epithelial To Mesenchymal Transition (GO:0001837)","1/47",0.78823005982953,0.900235684570894,0,0,0.647644927536232,0.154117004990819,"TGFB2"
"Negative Regulation Of Hydrolase Activity (GO:0051346)","1/47",0.78823005982953,0.900235684570894,0,0,0.647644927536232,0.154117004990819,"SLC39A14"
"Protein Monoubiquitination (GO:0006513)","1/47",0.78823005982953,0.900235684570894,0,0,0.647644927536232,0.154117004990819,"MARCHF7"
"Cellular Response To Peptide Hormone Stimulus (GO:0071375)","2/89",0.789147501564822,0.9004131077729,0,0,0.684467657979356,0.162083329595367,"SLC39A14;TSHR"
"Sensory Perception Of Mechanical Stimulus (GO:0050954)","2/89",0.789147501564822,0.9004131077729,0,0,0.684467657979356,0.162083329595367,"TFAP2A;CCDC50"
"Positive Regulation Of MAPK Cascade (GO:0043410)","8/310",0.791649534469791,0.902831973915114,0,0,0.787221952454257,0.183923775464036,"MARCO;TGFB2;P2RY6;PTPRC;XCL1;CCN2;ROR2;FGFR2"
"Regulation Of Peptidyl-Tyrosine Phosphorylation (GO:0050730)","2/90",0.794293447517474,0.902865998730871,0,0,0.676654489251089,0.155835088398741,"PTPRC;LRP8"
"Positive Regulation Of Proteasomal Protein Catabolic Process (GO:1901800)","2/90",0.794293447517474,0.902865998730871,0,0,0.676654489251089,0.155835088398741,"TMTC3;RCHY1"
"Regulation Of Cytokine Production (GO:0001817)","4/167",0.79482385504105,0.902865998730871,0,0,0.730032814952204,0.167640906503696,"PTPRC;PIK3CD;PLA2R1;LURAP1"
"Cellular Defense Response (GO:0006968)","1/48",0.795118130917877,0.902865998730871,0,0,0.633832413974258,0.145315324092482,"VEZF1"
"Cellular Response To Radiation (GO:0071478)","1/48",0.795118130917877,0.902865998730871,0,0,0.633832413974258,0.145315324092482,"OPN5"
"Chloride Transmembrane Transport (GO:1902476)","1/48",0.795118130917877,0.902865998730871,0,0,0.633832413974258,0.145315324092482,"SLC12A2"
"Cytoplasmic Microtubule Organization (GO:0031122)","1/48",0.795118130917877,0.902865998730871,0,0,0.633832413974258,0.145315324092482,"KATNAL1"
"Retrograde Vesicle-Mediated Transport, Golgi To Endoplasmic Reticulum (GO:0006890)","1/48",0.795118130917877,0.902865998730871,0,0,0.633832413974258,0.145315324092482,"PICK1"
"Post-Translational Protein Modification (GO:0043687)","1/48",0.795118130917877,0.902865998730871,0,0,0.633832413974258,0.145315324092482,"PARP12"
"Golgi Organization (GO:0007030)","3/130",0.797907133196385,0.905163012838721,0,0,0.702957022013115,0.158701730267771,"LMAN1;GARIN4;CDK1"
"Positive Regulation Of Peptidyl-Tyrosine Phosphorylation (GO:0050731)","3/130",0.797907133196385,0.905163012838721,0,0,0.702957022013115,0.158701730267771,"PTPRC;CASS4;LRP8"
"Regulation Of Epithelial Cell Proliferation (GO:0050678)","2/91",0.799328109966302,0.906339886684439,0,0,0.669016897348176,0.149848924679731,"TGFB2;FGFR2"
"Regulation Of Mitotic Metaphase/Anaphase Transition (GO:0030071)","1/49",0.801782491167739,0.906886211158894,0,0,0.6205954218107,0.137100647215568,"ACTL6A"
"Autophagy Of Mitochondrion (GO:0000422)","1/49",0.801782491167739,0.906886211158894,0,0,0.6205954218107,0.137100647215568,"ATG5"
"Erythrocyte Differentiation (GO:0030218)","1/49",0.801782491167739,0.906886211158894,0,0,0.6205954218107,0.137100647215568,"ID2"
"Fatty Acid Beta-Oxidation (GO:0006635)","1/49",0.801782491167739,0.906886211158894,0,0,0.6205954218107,0.137100647215568,"ECHDC2"
"Positive Regulation Of miRNA Metabolic Process (GO:2000630)","1/49",0.801782491167739,0.906886211158894,0,0,0.6205954218107,0.137100647215568,"TGFB2"
"Synapse Organization (GO:0050808)","3/131",0.802112645502365,0.906886211158894,0,0,0.697428889318885,0.153787411757031,"CACNB2;BDNF;SLITRK6"
"Negative Regulation Of DNA-templated Transcription (GO:0045892)","29/1025",0.803862847109109,0.90843037193631,0,0,0.861988275683379,0.188194980268578,"CIITA;HDAC1;FOXK1;AHR;NR2C2;PPM1F;CCAR2;SHH;HMBOX1;NFIL3;CCND1;BASP1;TPR;SMYD2;RUNX1T1;DACT1;TFAP2A;FOXD3;PCGF6;FOXL2;RUNX2;PPM1A;MYH2;CREB1;ID2;BHLHE40;XCL1;RCOR3;FGFR2"
"Positive Regulation Of Protein Catabolic Process (GO:0045732)","2/92",0.804253279111138,0.908437140793317,0,0,0.661549029709772,0.144112525760379,"TMTC3;DACT1"
"Regulation Of Interferon-Beta Production (GO:0032648)","1/50",0.808230395239933,0.911187225167921,0,0,0.607898715041572,0.129426571647609,"RNF216"
"Regulation Of Interleukin-12 Production (GO:0032655)","1/50",0.808230395239933,0.911187225167921,0,0,0.607898715041572,0.129426571647609,"IL16"
"Dicarboxylic Acid Metabolic Process (GO:0043648)","1/50",0.808230395239933,0.911187225167921,0,0,0.607898715041572,0.129426571647609,"MTHFD2L"
"Pyruvate Metabolic Process (GO:0006090)","1/50",0.808230395239933,0.911187225167921,0,0,0.607898715041572,0.129426571647609,"PGM1"
"Positive Regulation Of Cellular Component Biogenesis (GO:0044089)","2/93",0.809070746229191,0.911265096920676,0,0,0.654245291030453,0.138614241107054,"SYNPO2;TPR"
"Positive Regulation Of Protein Kinase B Signaling (GO:0051897)","2/93",0.809070746229191,0.911265096920676,0,0,0.654245291030453,0.138614241107054,"CASS4;PIK3CD"
"Negative Regulation Of Cell Motility (GO:2000146)","3/133",0.810303520268888,0.912218779607138,0,0,0.686627768516313,0.14442966903245,"SHH;HDAC1;FBLN1"
"RNA Modification (GO:0009451)","1/51",0.814468863199777,0.912993322457814,0,0,0.59570987654321,0.122251032683887,"THG1L"
"Amide Biosynthetic Process (GO:0043604)","1/51",0.814468863199777,0.912993322457814,0,0,0.59570987654321,0.122251032683887,"ABCA8"
"Regulation Of Stress-Activated MAPK Cascade (GO:0032872)","1/51",0.814468863199777,0.912993322457814,0,0,0.59570987654321,0.122251032683887,"TGFB2"
"Regulation Of Telomere Maintenance Via Telomerase (GO:0032210)","1/51",0.814468863199777,0.912993322457814,0,0,0.59570987654321,0.122251032683887,"HMBOX1"
"Microtubule Bundle Formation (GO:0001578)","1/51",0.814468863199777,0.912993322457814,0,0,0.59570987654321,0.122251032683887,"ZNF207"
"Positive Regulation Of DNA Recombination (GO:0045911)","1/51",0.814468863199777,0.912993322457814,0,0,0.59570987654321,0.122251032683887,"ACTL6A"
"Positive Regulation Of Leukocyte Mediated Cytotoxicity (GO:0001912)","1/51",0.814468863199777,0.912993322457814,0,0,0.59570987654321,0.122251032683887,"XCL1"
"Positive Regulation Of Protein Localization To Cell Periphery (GO:1904377)","1/51",0.814468863199777,0.912993322457814,0,0,0.59570987654321,0.122251032683887,"PLS1"
"Positive Regulation Of Protein Localization To Plasma Membrane (GO:1903078)","1/51",0.814468863199777,0.912993322457814,0,0,0.59570987654321,0.122251032683887,"PLS1"
"Cellular Response To Metal Ion (GO:0071248)","3/135",0.818206286577962,0.916281936031463,0,0,0.676153954404728,0.135664063635468,"TFAP2A;SLC12A2;RYR3"
"Transmembrane Receptor Protein Tyrosine Kinase Signaling Pathway (GO:0007169)","7/284",0.818578213604553,0.916281936031463,0,0,0.750801309086002,0.150300158243592,"BLK;STXBP4;BDNF;CASS4;ROR2;SLC39A14;FGFR2"
"Positive Regulation Of Cellular Biosynthetic Process (GO:0031328)","4/174",0.820148551601799,0.916281936031463,0,0,0.699717282261742,0.138732801861088,"APOA4;ARPP19;APOA5;LARP1B"
"Rho Protein Signal Transduction (GO:0007266)","1/52",0.820504687533887,0.916281936031463,0,0,0.58399903171145,0.115535831219118,"PLEKHG7"
"Cell Cycle G1/S Phase Transition (GO:0044843)","1/52",0.820504687533887,0.916281936031463,0,0,0.58399903171145,0.115535831219118,"CCND1"
"Fatty Acid Oxidation (GO:0019395)","1/52",0.820504687533887,0.916281936031463,0,0,0.58399903171145,0.115535831219118,"ECHDC2"
"Negative Regulation Of Innate Immune Response (GO:0045824)","1/52",0.820504687533887,0.916281936031463,0,0,0.58399903171145,0.115535831219118,"ATG5"
"Positive Regulation Of B Cell Activation (GO:0050871)","1/52",0.820504687533887,0.916281936031463,0,0,0.58399903171145,0.115535831219118,"PTPRC"
"Negative Regulation Of Cellular Biosynthetic Process (GO:0031327)","3/137",0.825827578359659,0.920194115891787,0,0,0.665992791460653,0.127450554431631,"SERBP1;ANKRD1;DCAF5"
"Protein Localization To Plasma Membrane (GO:0072659)","3/137",0.825827578359659,0.920194115891787,0,0,0.665992791460653,0.127450554431631,"CACNB2;ACTN2;PACSIN1"
"Actin Polymerization Or Depolymerization (GO:0008154)","1/53",0.826344440932024,0.920194115891787,0,0,0.572738603988604,0.109246219560563,"CAPG"
"Endosome Organization (GO:0007032)","1/53",0.826344440932024,0.920194115891787,0,0,0.572738603988604,0.109246219560563,"ATP6V0A1"
"Negative Regulation Of Metabolic Process (GO:0009892)","1/53",0.826344440932024,0.920194115891787,0,0,0.572738603988604,0.109246219560563,"ACOT13"
"Negative Regulation Of Viral Genome Replication (GO:0045071)","1/53",0.826344440932024,0.920194115891787,0,0,0.572738603988604,0.109246219560563,"RNASEL"
"mRNA Processing (GO:0006397)","5/214",0.827846016416029,0.921432000372623,0,0,0.711090968528039,0.134345074431235,"RSRC1;TRA2B;MAGOH;DHX15;SNRPE"
"MAPK Cascade (GO:0000165)","2/98",0.831605092757679,0.922572953276515,0,0,0.620009015971149,0.114328173884707,"CDK1;PTPN3"
"Mitochondrial Translation (GO:0032543)","2/98",0.831605092757679,0.922572953276515,0,0,0.620009015971149,0.114328173884707,"MRPL2;IARS2"
"Negative Regulation Of Macromolecule Biosynthetic Process (GO:0010558)","2/98",0.831605092757679,0.922572953276515,0,0,0.620009015971149,0.114328173884707,"SERBP1;ANKRD1"
"ERBB Signaling Pathway (GO:0038127)","1/54",0.831994483043696,0.922572953276515,0,0,0.56190309806662,0.10335053853552,"DGKD"
"Monoatomic Anion Transmembrane Transport (GO:0098656)","1/54",0.831994483043696,0.922572953276515,0,0,0.56190309806662,0.10335053853552,"SLC12A2"
"Negative Regulation Of Protein Modification By Small Protein Conjugation Or Removal (GO:1903321)","1/54",0.831994483043696,0.922572953276515,0,0,0.56190309806662,0.10335053853552,"SPOPL"
"Organelle Disassembly (GO:1903008)","1/54",0.831994483043696,0.922572953276515,0,0,0.56190309806662,0.10335053853552,"CDK1"
"Positive Regulation Of Leukocyte Chemotaxis (GO:0002690)","1/54",0.831994483043696,0.922572953276515,0,0,0.56190309806662,0.10335053853552,"XCL1"
"Intracellular Calcium Ion Homeostasis (GO:0006874)","3/139",0.833174144980037,0.923447703840444,0,0,0.656130486250228,0.119752081684035,"AFG3L2;MCUB;ATP13A4"
"Cellular Response To Insulin Stimulus (GO:0032869)","2/99",0.835813799239249,0.925939056541184,0,0,0.613585302506413,0.110046167442594,"STXBP4;SLC39A14"
"Cellular Response To Fibroblast Growth Factor Stimulus (GO:0044344)","1/55",0.837460967699286,0.926027265640343,0,0,0.551468907178784,0.0978198978248373,"FGFR2"
"Regulation Of Synaptic Transmission, Glutamatergic (GO:0051966)","1/55",0.837460967699286,0.926027265640343,0,0,0.551468907178784,0.0978198978248373,"GRIK1"
"Ceramide Metabolic Process (GO:0006672)","1/55",0.837460967699286,0.926027265640343,0,0,0.551468907178784,0.0978198978248373,"PLPP1"
"Phosphatidylcholine Metabolic Process (GO:0046470)","1/55",0.837460967699286,0.926027265640343,0,0,0.551468907178784,0.0978198978248373,"APOA4"
"Positive Regulation Of Macromolecule Metabolic Process (GO:0010604)","9/364",0.839029459142275,0.927327695020204,0,0,0.752482394366197,0.132067779389735,"TFAP2A;MYLK2;HDAC1;ID2;WNT7A;PIK3CD;ITGB8;HOXD3;PPM1F"
"Response To UV (GO:0009411)","2/100",0.839927226351352,0.92745235320946,0,0,0.607292685234836,0.105936151919693,"CCND1;CCAR2"
"Protein Complex Oligomerization (GO:0051259)","2/100",0.839927226351352,0.92745235320946,0,0,0.607292685234836,0.105936151919693,"OPA1;ZNHIT6"
"Regulation Of Reactive Oxygen Species Metabolic Process (GO:2000377)","1/56",0.842749849315014,0.928399950550759,0,0,0.541414141414141,0.0926278945119765,"TFAP2A"
"Nucleotide-Excision Repair (GO:0006289)","1/56",0.842749849315014,0.928399950550759,0,0,0.541414141414141,0.0926278945119765,"GTF2H3"
"Peptide Metabolic Process (GO:0006518)","1/56",0.842749849315014,0.928399950550759,0,0,0.541414141414141,0.0926278945119765,"CPXM2"
"Positive Regulation Of Cellular Metabolic Process (GO:0031325)","1/56",0.842749849315014,0.928399950550759,0,0,0.541414141414141,0.0926278945119765,"CDK1"
"post-Golgi Vesicle-Mediated Transport (GO:0006892)","1/56",0.842749849315014,0.928399950550759,0,0,0.541414141414141,0.0926278945119765,"EXOC2"
"RNA Catabolic Process (GO:0006401)","1/57",0.847866889669528,0.931099602222417,0,0,0.531718474426808,0.0877503640051094,"PABPC4"
"Chemokine-Mediated Signaling Pathway (GO:0070098)","1/57",0.847866889669528,0.931099602222417,0,0,0.531718474426808,0.0877503640051094,"XCL1"
"Signal Transduction In Response To DNA Damage (GO:0042770)","1/57",0.847866889669528,0.931099602222417,0,0,0.531718474426808,0.0877503640051094,"NBN"
"Endosome To Lysosome Transport (GO:0008333)","1/57",0.847866889669528,0.931099602222417,0,0,0.531718474426808,0.0877503640051094,"CLEC16A"
"Myeloid Cell Differentiation (GO:0030099)","1/57",0.847866889669528,0.931099602222417,0,0,0.531718474426808,0.0877503640051094,"NCOA6"
"Post-Transcriptional Regulation Of Gene Expression (GO:0010608)","1/57",0.847866889669528,0.931099602222417,0,0,0.531718474426808,0.0877503640051094,"ZNF385A"
"Positive Regulation Of Cell Motility (GO:2000147)","5/221",0.84795867286612,0.931099602222417,0,0,0.687794743501265,0.113433433298011,"CASS4;PIK3CD;ROR2;CFAP20;PPM1F"
"Cellular Component Assembly (GO:0022607)","6/260",0.85166715993378,0.934697652471358,0,0,0.701571129425307,0.112643899816508,"PAWR;WNT7A;CAPG;TLCD1;PLS1;SHANK1"
"Regulation Of Neuron Death (GO:1901214)","1/58",0.852817663448264,0.934697652471358,0,0,0.522363006281135,0.0831651600933299,"CD200R1"
"Regulation Of Phagocytosis (GO:0050764)","1/58",0.852817663448264,0.934697652471358,0,0,0.522363006281135,0.0831651600933299,"PTPRC"
"Positive Regulation Of Type II Interferon Production (GO:0032729)","1/58",0.852817663448264,0.934697652471358,0,0,0.522363006281135,0.0831651600933299,"HMHB1"
"Positive Regulation Of Vasculature Development (GO:1904018)","2/104",0.855462748011157,0.93716201833582,0,0,0.583356062672364,0.0910693079206941,"PIK3CD;ITGB8"
"Regulation Of miRNA Transcription (GO:1902893)","1/59",0.857607565209818,0.93777264071763,0,0,0.513330140485313,0.0788519587808453,"TGFB2"
"Microtubule Cytoskeleton Organization Involved In Mitosis (GO:1902850)","1/59",0.857607565209818,0.93777264071763,0,0,0.513330140485313,0.0788519587808453,"CDK1"
"Mitotic Cytokinesis (GO:0000281)","1/59",0.857607565209818,0.93777264071763,0,0,0.513330140485313,0.0788519587808453,"EXOC2"
"Positive Regulation Of Proteolysis (GO:0045862)","1/59",0.857607565209818,0.93777264071763,0,0,0.513330140485313,0.0788519587808453,"CTSL"
"Intrinsic Apoptotic Signaling Pathway (GO:0097193)","2/105",0.859125614774468,0.938563951785515,0,0,0.577662400024009,0.0877123362024504,"CASP6;PPM1F"
"Lysosomal Transport (GO:0007041)","2/105",0.859125614774468,0.938563951785515,0,0,0.577662400024009,0.0877123362024504,"CHMP4C;CLEC16A"
"Negative Regulation Of Apoptotic Process (GO:0043066)","12/482",0.861483308500023,0.940229537440383,0,0,0.756778783526504,0.112835412496563,"TFAP2A;AVEN;SHH;FOXE3;OPA1;BDNF;HDAC1;TGFB3;CDK1;PROK2;FSTL1;TXNDC5"
"Homophilic Cell Adhesion Via Plasma Membrane Adhesion Molecules (GO:0007156)","1/60",0.862241814487224,0.940229537440383,0,0,0.504603473530027,0.0747920848445956,"DSG2"
"Positive Regulation Of Phagocytosis (GO:0050766)","1/60",0.862241814487224,0.940229537440383,0,0,0.504603473530027,0.0747920848445956,"PTPRC"
"protein-DNA Complex Organization (GO:0071824)","1/60",0.862241814487224,0.940229537440383,0,0,0.504603473530027,0.0747920848445956,"HDAC1"
"Response To Calcium Ion (GO:0051592)","2/106",0.862703436724884,0.94029899491739,0,0,0.572078230888123,0.0844869669085097,"CALM2;RYR3"
"Defense Response To Virus (GO:0051607)","4/189",0.865781164218213,0.942075559538332,0,0,0.642480620155039,0.0925962983843782,"RNASEL;PTPRC;DHX15;IFI44L"
"Negative Regulation Of DNA-binding Transcription Factor Activity (GO:0043433)","3/149",0.866027048874527,0.942075559538332,0,0,0.61087196233937,0.0878672956612619,"ID2;BHLHE40;XCL1"
"Negative Regulation Of Translation (GO:0017148)","2/107",0.866197865501194,0.942075559538332,0,0,0.566600426878634,0.0813875700250712,"TPR;SERBP1"
"Fatty Acid Catabolic Process (GO:0009062)","1/61",0.86672546188588,0.942075559538332,0,0,0.496167695473251,0.0709683566183942,"ECHDC2"
"Negative Regulation Of Autophagy (GO:0010507)","1/61",0.86672546188588,0.942075559538332,0,0,0.496167695473251,0.0709683566183942,"FOXK1"
"Negative Regulation Of Viral Process (GO:0048525)","1/61",0.86672546188588,0.942075559538332,0,0,0.496167695473251,0.0709683566183942,"RNASEL"
"Sensory Perception Of Smell (GO:0007608)","5/230",0.870922052642967,0.945031984187885,0,0,0.659972394755003,0.091210031513937,"MKKS;OR2V2;OR2K2;UBR3;OR8B3"
"Fat Cell Differentiation (GO:0045444)","1/62",0.871063394158971,0.945031984187885,0,0,0.488008500303582,0.0673649479211135,"MKKS"
"Phosphatidylinositol-Mediated Signaling (GO:0048015)","1/62",0.871063394158971,0.945031984187885,0,0,0.488008500303582,0.0673649479211135,"PIK3CD"
"Positive Regulation Of Apoptotic Signaling Pathway (GO:2001235)","1/62",0.871063394158971,0.945031984187885,0,0,0.488008500303582,0.0673649479211135,"CTSL"
"Regulation Of Nucleic Acid-Templated Transcription (GO:1903506)","11/452",0.871445067094965,0.945031984187885,0,0,0.739307217139729,0.101730483347535,"NCOA2;NFIL3;ZFAT;ACTL6A;BHLHE40;AHR;NR2C2;SSBP2;HOXB7;MLF1;SUPT3H"
"Regulation Of Proteasomal Ubiquitin-Dependent Protein Catabolic Process (GO:0032434)","2/109",0.872943062061616,0.9457231887643,0,0,0.555951985439628,0.0755455056733236,"RCHY1;CCAR2"
"Extracellular Structure Organization (GO:0043062)","2/109",0.872943062061616,0.9457231887643,0,0,0.555951985439628,0.0755455056733236,"COL15A1;ADAMTS6"
"Positive Regulation Of Phosphorylation (GO:0042327)","5/231",0.873283113789125,0.9457231887643,0,0,0.657017809047436,0.0890229406744553,"MARCO;CCND1;NBN;ROR2;FGFR2"
"Positive Regulation Of Intracellular Signal Transduction (GO:1902533)","13/525",0.87419163359018,0.946273399071734,0,0,0.752097459709119,0.101123765564101,"TGFB2;TGFB3;DDX1;PIK3CD;PPM1A;PTPRC;LARS1;DHX15;CASS4;ROR2;LURAP1;TMEM9B;FGFR2"
"Protein Polymerization (GO:0051258)","1/63",0.875260339909432,0.946679225772671,0,0,0.480112504978096,0.0639672641431257,"ZNF207"
"Response To Lipid (GO:0033993)","2/110",0.876197043791004,0.946679225772671,0,0,0.550775659740111,0.0727928671371876,"CYP24A1;APOA4"
"External Encapsulating Structure Organization (GO:0045229)","2/110",0.876197043791004,0.946679225772671,0,0,0.550775659740111,0.0727928671371876,"COL15A1;ADAMTS6"
"Regulation Of Cellular Component Organization (GO:0051128)","3/153",0.8774870088052,0.946679225772671,0,0,0.594458204334365,0.0776916025060369,"SGK1;NUBP1;PACSIN1"
"Positive Regulation Of Cell Migration (GO:0030335)","6/272",0.879146263163678,0.946679225772671,0,0,0.669500344952584,0.0862343210327809,"TGFB2;PTPRC;CASS4;PIK3CD;ROR2;PPM1F"
"Regulation Of Secretion By Cell (GO:1903530)","1/64",0.879320874409005,0.946679225772671,0,0,0.47246717617088,0.0607618316314973,"CPLX4"
"Endocytic Recycling (GO:0032456)","1/64",0.879320874409005,0.946679225772671,0,0,0.47246717617088,0.0607618316314973,"RAB11FIP4"
"Positive Regulation Of Interleukin-1 Production (GO:0032732)","1/64",0.879320874409005,0.946679225772671,0,0,0.47246717617088,0.0607618316314973,"IL16"
"Positive Regulation Of Macroautophagy (GO:0016239)","1/64",0.879320874409005,0.946679225772671,0,0,0.47246717617088,0.0607618316314973,"GNAI3"
"RNA Metabolic Process (GO:0016070)","2/111",0.879374058641986,0.946679225772671,0,0,0.545694312493796,0.0701462326167317,"RNASEL;PABPC4"
"T Cell Activation (GO:0042110)","2/111",0.879374058641986,0.946679225772671,0,0,0.545694312493796,0.0701462326167317,"PTPRC;PIK3CD"
"Negative Regulation Of Inflammatory Response (GO:0050728)","2/111",0.879374058641986,0.946679225772671,0,0,0.545694312493796,0.0701462326167317,"CD200R1;AHR"
"Negative Regulation Of Defense Response (GO:0031348)","2/112",0.882475665709346,0.94717175787087,0,0,0.540705353379233,0.0676011811504296,"AHR;ATG5"
"Antimicrobial Humoral Immune Response Mediated By Antimicrobial Peptide (GO:0061844)","1/65",0.8832494248842,0.94717175787087,0,0,0.465060763888889,0.0577361980973793,"RPL30"
"Canonical Wnt Signaling Pathway (GO:0060070)","1/65",0.8832494248842,0.94717175787087,0,0,0.465060763888889,0.0577361980973793,"WNT7A"
"Cellular Response To Light Stimulus (GO:0071482)","1/65",0.8832494248842,0.94717175787087,0,0,0.465060763888889,0.0577361980973793,"OPN5"
"Monocarboxylic Acid Biosynthetic Process (GO:0072330)","1/65",0.8832494248842,0.94717175787087,0,0,0.465060763888889,0.0577361980973793,"DSEL"
"Positive Regulation Of DNA Biosynthetic Process (GO:2000573)","1/65",0.8832494248842,0.94717175787087,0,0,0.465060763888889,0.0577361980973793,"HMBOX1"
"Positive Regulation Of T Cell Proliferation (GO:0042102)","1/65",0.8832494248842,0.94717175787087,0,0,0.465060763888889,0.0577361980973793,"PTPRC"
"Regulation Of Cell-Matrix Adhesion (GO:0001952)","1/65",0.8832494248842,0.94717175787087,0,0,0.465060763888889,0.0577361980973793,"PEAK1"
"Endomembrane System Organization (GO:0010256)","4/196",0.883439083515615,0.94717175787087,0,0,0.618830749354005,0.0766935132931987,"LMAN1;SYNGR2;GARIN4;TLCD1"
"Inflammatory Response (GO:0006954)","5/236",0.884546285690674,0.947928740629053,0,0,0.642628592939152,0.0788379565919331,"CIITA;PROK2;PIK3CD;XCL1;PTGDR"
"Regulation Of Protein Ubiquitination (GO:0031396)","2/113",0.885503403747006,0.948032473638557,0,0,0.535806285419887,0.0651534966575788,"SPOPL;RCHY1"
"Protein Localization (GO:0008104)","8/351",0.886392766927631,0.948032473638557,0,0,0.691630697297863,0.0834072890644522,"RTP2;BIN3;CCDC68;PEX5;PICK1;ACTB;CEP128;PACSIN1"
"Cellular Response To Type II Interferon (GO:0071346)","1/66",0.88705027474179,0.948032473638557,0,0,0.457882241215575,0.0548788435711706,"XCL1"
"Response To Reactive Oxygen Species (GO:0000302)","1/66",0.88705027474179,0.948032473638557,0,0,0.457882241215575,0.0548788435711706,"PEX5"
"Negative Regulation Of Endopeptidase Activity (GO:0010951)","1/66",0.88705027474179,0.948032473638557,0,0,0.457882241215575,0.0548788435711706,"SPINK2"
"Negative Regulation Of Immune Response (GO:0050777)","1/66",0.88705027474179,0.948032473638557,0,0,0.457882241215575,0.0548788435711706,"ATG5"
"Regulation Of Interleukin-6 Production (GO:0032675)","2/114",0.888458791503116,0.948251185330562,0,0,0.530994700816957,0.0627991568197567,"CD200R1;IL16"
"Response To Endoplasmic Reticulum Stress (GO:0034976)","2/114",0.888458791503116,0.948251185330562,0,0,0.530994700816957,0.0627991568197567,"TMTC3;TTC23L"
"Regulation Of MAP Kinase Activity (GO:0043405)","2/114",0.888458791503116,0.948251185330562,0,0,0.530994700816957,0.0627991568197567,"UCHL1;PAQR3"
"Regulation Of Viral Genome Replication (GO:0045069)","1/67",0.890727568900801,0.949386218002974,0,0,0.450921249532361,0.0521790995997454,"RNASEL"
"Extrinsic Apoptotic Signaling Pathway (GO:0097191)","1/67",0.890727568900801,0.949386218002974,0,0,0.450921249532361,0.0521790995997454,"TGFB2"
"Protein Secretion (GO:0009306)","1/67",0.890727568900801,0.949386218002974,0,0,0.450921249532361,0.0521790995997454,"NEUROD1"
"Regulation Of Gene Expression (GO:0010468)","30/1127",0.892103736538714,0.950424314445889,0,0,0.806458501155302,0.0920756708030168,"MYLK2;HDAC1;HMHB1;PIK3CD;AHR;NR2C2;PPM1F;SHH;NFIL3;TRA2B;ITGB8;TFAP2A;NCOA2;TGFB2;ACTL6A;HOXB-AS3;PRDX6;SUPT3H;MLF1;CRNN;ACTA1;PTPRC;PRKAR1A;ZFAT;ID2;RBM12B;BHLHE40;HOXD3;SSBP2;HOXB7"
"Regulation Of Inflammatory Response (GO:0050727)","5/240",0.892929878075469,0.950875755697311,0,0,0.6315580811418,0.0715222002295944,"PSMA6;CD200R1;XCL1;IL16;AHR"
"Aerobic Electron Transport Chain (GO:0019646)","1/68",0.89428531783479,0.951890182902526,0,0,0.444168048645661,0.0496270769666747,"COX7A2"
"Cellular Response To Molecule Of Bacterial Origin (GO:0071219)","2/117",0.896905729465576,0.952407715016048,0,0,0.517062025401519,0.0562586843477173,"ANKRD1;AHR"
"Positive Regulation Of Protein Serine/Threonine Kinase Activity (GO:0071902)","2/117",0.896905729465576,0.952407715016048,0,0,0.517062025401519,0.0562586843477173,"CCND1;CALM2"
"Regulation Of Translation (GO:0006417)","4/202",0.896931475786152,0.952407715016048,0,0,0.599890376634563,0.0652535631287483,"DDX1;SERBP1;LARP1B;ZNF385A"
"DNA-templated DNA Replication (GO:0006261)","1/69",0.897727401992374,0.952407715016048,0,0,0.437613471314452,0.0472136001696097,"MCM5"
"Regulation Of Endopeptidase Activity (GO:0052548)","1/69",0.897727401992374,0.952407715016048,0,0,0.437613471314452,0.0472136001696097,"HDAC1"
"Cellular Response To Calcium Ion (GO:0071277)","1/69",0.897727401992374,0.952407715016048,0,0,0.437613471314452,0.0472136001696097,"RYR3"
"Response To Molecule Of Bacterial Origin (GO:0002237)","1/69",0.897727401992374,0.952407715016048,0,0,0.437613471314452,0.0472136001696097,"AHR"
"Positive Regulation Of Cytokine Production (GO:0001819)","7/320",0.897995932736248,0.952407715016048,0,0,0.663193096652832,0.071352772796981,"PTPRC;HMHB1;PIK3CD;XCL1;IL16;PLA2R1;LURAP1"
"Ribonucleoprotein Complex Biogenesis (GO:0022613)","2/118",0.899586487075306,0.953088205958448,0,0,0.51257794595747,0.0542410392713317,"WDR75;RPL38"
"Positive Regulation Of Cell Cycle Process (GO:0090068)","2/118",0.899586487075306,0.953088205958448,0,0,0.51257794595747,0.0542410392713317,"TPR;SMC5"
"Mitochondrial ATP Synthesis Coupled Electron Transport (GO:0042775)","1/70",0.901057576009806,0.953088205958448,0,0,0.431248881731974,0.0449301482050853,"COX7A2"
"Negative Regulation Of Extrinsic Apoptotic Signaling Pathway (GO:2001237)","1/70",0.901057576009806,0.953088205958448,0,0,0.431248881731974,0.0449301482050853,"PEA15"
"Protein K48-linked Ubiquitination (GO:0070936)","1/70",0.901057576009806,0.953088205958448,0,0,0.431248881731974,0.0449301482050853,"RNF216"
"Regulation Of Notch Signaling Pathway (GO:0008593)","1/70",0.901057576009806,0.953088205958448,0,0,0.431248881731974,0.0449301482050853,"TGFB2"
"Positive Regulation Of Angiogenesis (GO:0045766)","2/119",0.902202174159158,0.953871918361562,0,0,0.508170517444088,0.0522992043210062,"PIK3CD;ITGB8"
"Cell-Cell Junction Assembly (GO:0007043)","1/71",0.904279473043668,0.954613449368792,0,0,0.425066137566138,0.0427688008287001,"CDH26"
"Myeloid Leukocyte Differentiation (GO:0002573)","1/71",0.904279473043668,0.954613449368792,0,0,0.425066137566138,0.0427688008287001,"PIK3CD"
"Protein Autoubiquitination (GO:0051865)","1/71",0.904279473043668,0.954613449368792,0,0,0.425066137566138,0.0427688008287001,"MARCHF7"
"Positive Regulation Of DNA-binding Transcription Factor Activity (GO:0051091)","5/246",0.90451947233886,0.954613449368792,0,0,0.615641349449756,0.0617804996887917,"CRNN;NEUROD1;PSMA6;SHH;LRP8"
"Second-Messenger-Mediated Signaling (GO:0019932)","1/72",0.907396608299243,0.957108838256703,0,0,0.41905755520779,0.0407221901397473,"NEUROD1"
"Protein Modification By Small Protein Conjugation (GO:0032446)","8/364",0.907693993454622,0.957108838256703,0,0,0.665918771582324,0.0644928804107905,"HERC5;KLHL9;MYLIP;EID3;TRIM24;UBR3;SMC5;RCHY1"
"Cellular Response To Decreased Oxygen Levels (GO:0036294)","1/73",0.91041238298991,0.958264793320783,0,0,0.413215877914952,0.0387834563680636,"PICK1"
"Cellular Response To Reactive Oxygen Species (GO:0034614)","1/73",0.91041238298991,0.958264793320783,0,0,0.413215877914952,0.0387834563680636,"PEX5"
"Ubiquitin-Dependent ERAD Pathway (GO:0030433)","1/73",0.91041238298991,0.958264793320783,0,0,0.413215877914952,0.0387834563680636,"MAN1A1"
"Monocarboxylic Acid Transport (GO:0015718)","1/73",0.91041238298991,0.958264793320783,0,0,0.413215877914952,0.0387834563680636,"ABCG2"
"Positive Regulation Of Gene Expression (GO:0010628)","11/480",0.913209973418756,0.960480195141699,0,0,0.69414013675465,0.0630205963731045,"TFAP2A;MYLK2;HDAC1;ID2;PIK3CD;ITGB8;HOXD3;PLA2R1;LURAP1;PPM1F;LARP1B"
"Positive Regulation Of Lymphocyte Proliferation (GO:0050671)","1/74",0.913330088228268,0.960480195141699,0,0,0.407534246575342,0.0369462076568259,"PTPRC"
"Defense Response To Gram-negative Bacterium (GO:0050829)","1/75",0.916152908306639,0.961785320908722,0,0,0.402006172839506,0.0352044836728681,"RPL30"
"Nucleosome Organization (GO:0034728)","1/75",0.916152908306639,0.961785320908722,0,0,0.402006172839506,0.0352044836728681,"CHD2"
"Positive Regulation Of Neurogenesis (GO:0050769)","1/75",0.916152908306639,0.961785320908722,0,0,0.402006172839506,0.0352044836728681,"HAPLN3"
"Regulation Of Mitotic Cell Cycle (GO:0007346)","2/125",0.91660623897014,0.961785320908722,0,0,0.483230921953733,0.0420784440984488,"NEK11;PTPN3"
"Response To Cytokine (GO:0034097)","2/125",0.91660623897014,0.961785320908722,0,0,0.483230921953733,0.0420784440984488,"CRNN;CIITA"
"Wnt Signaling Pathway (GO:0016055)","1/76",0.918883924342757,0.962892555752521,0,0,0.396625514403292,0.0335527222357116,"WNT7A"
"Positive Regulation Of Interleukin-6 Production (GO:0032755)","1/76",0.918883924342757,0.962892555752521,0,0,0.396625514403292,0.0335527222357116,"IL16"
"Regulation Of Ras Protein Signal Transduction (GO:0046578)","1/76",0.918883924342757,0.962892555752521,0,0,0.396625514403292,0.0335527222357116,"TGFB2"
"Cell-Cell Adhesion Via Plasma-Membrane Adhesion Molecules (GO:0098742)","3/172",0.920831885292231,0.963098724401791,0,0,0.527103522816788,0.0434743359606814,"TGFB2;DSG2;CDH26"
"Regulation Of Anatomical Structure Morphogenesis (GO:0022603)","2/127",0.920947594467553,0.963098724401791,0,0,0.475449768160742,0.0391543082632093,"SDC2;FGFR2"
"Chloride Transport (GO:0006821)","1/77",0.921526117593081,0.963098724401791,0,0,0.391386452241715,0.0319857289651204,"SLC12A2"
"Negative Regulation Of Blood Vessel Morphogenesis (GO:2000181)","1/77",0.921526117593081,0.963098724401791,0,0,0.391386452241715,0.0319857289651204,"TGFB2"
"Positive Regulation Of Endothelial Cell Proliferation (GO:0001938)","1/77",0.921526117593081,0.963098724401791,0,0,0.391386452241715,0.0319857289651204,"PIK3CD"
"Regulation Of T Cell Proliferation (GO:0042129)","1/77",0.921526117593081,0.963098724401791,0,0,0.391386452241715,0.0319857289651204,"PTPRC"
"Cellular Response To Nutrient Levels (GO:0031669)","1/78",0.924082372369457,0.963242674389513,0,0,0.386283469616803,0.030498649677148,"CLEC16A"
"Long-Chain Fatty Acid Metabolic Process (GO:0001676)","1/78",0.924082372369457,0.963242674389513,0,0,0.386283469616803,0.030498649677148,"ELOVL1"
"Organonitrogen Compound Catabolic Process (GO:1901565)","1/78",0.924082372369457,0.963242674389513,0,0,0.386283469616803,0.030498649677148,"TRIM24"
"Positive Regulation Of Tumor Necrosis Factor Production (GO:0032760)","1/78",0.924082372369457,0.963242674389513,0,0,0.386283469616803,0.030498649677148,"PTPRC"
"Regulation Of TOR Signaling (GO:0032006)","1/78",0.924082372369457,0.963242674389513,0,0,0.386283469616803,0.030498649677148,"LARS1"
"Protein Targeting (GO:0006605)","2/129",0.925075627628063,0.963242674389513,0,0,0.467913690077767,0.0364410176819184,"RTP2;MAN1A1"
"Cellular Response To UV (GO:0034644)","1/79",0.926555479850767,0.963242674389513,0,0,0.381311332700222,0.0290869447298894,"OPN5"
"Response To Insulin (GO:0032868)","1/79",0.926555479850767,0.963242674389513,0,0,0.381311332700222,0.0290869447298894,"SLC39A14"
"Positive Regulation Of Cytoskeleton Organization (GO:0051495)","1/79",0.926555479850767,0.963242674389513,0,0,0.381311332700222,0.0290869447298894,"SYNPO2"
"Positive Regulation Of Endocytosis (GO:0045807)","1/79",0.926555479850767,0.963242674389513,0,0,0.381311332700222,0.0290869447298894,"APOA5"
"Positive Regulation Of Protein Localization To Membrane (GO:1905477)","1/79",0.926555479850767,0.963242674389513,0,0,0.381311332700222,0.0290869447298894,"PLS1"
"Positive Regulation Of Protein Modification By Small Protein Conjugation Or Removal (GO:1903322)","1/79",0.926555479850767,0.963242674389513,0,0,0.381311332700222,0.0290869447298894,"RCHY1"
"Negative Regulation Of Cell Population Proliferation (GO:0008285)","8/379",0.927966024933035,0.964284835935251,0,0,0.63849022963614,0.0477336304041543,"TFAP2A;TGFB2;TGFB3;SMYD2;FBLN1;PDS5B;PTPN14;PLPP1"
"Glycoprotein Biosynthetic Process (GO:0009101)","1/80",0.928948140509135,0.964881079570587,0,0,0.376465072667604,0.0277463660616667,"GCNT1"
"Regulation Of Interleukin-8 Production (GO:0032677)","1/81",0.93126296725918,0.965587710238457,0,0,0.371739969135802,0.0264729358199502,"PTPRC"
"Activation Of Protein Kinase Activity (GO:0032147)","1/81",0.93126296725918,0.965587710238457,0,0,0.371739969135802,0.0264729358199502,"TGFB2"
"Spindle Assembly (GO:0051225)","1/81",0.93126296725918,0.965587710238457,0,0,0.371739969135802,0.0264729358199502,"ZNF207"
"Macromolecule Modification (GO:0043412)","1/81",0.93126296725918,0.965587710238457,0,0,0.371739969135802,0.0264729358199502,"USP25"
"Positive Regulation Of Tumor Necrosis Factor Superfamily Cytokine Production (GO:1903557)","1/82",0.933502488112033,0.967217565200719,0,0,0.367131534827008,0.0252629269154797,"PTPRC"
"Regulation Of Protein Phosphorylation (GO:0001932)","5/265",0.934302891564827,0.967217565200719,0,0,0.57008480649785,0.0387398840158109,"MARCO;CCND1;PAQR3;CCNYL1;FBLN1"
"Endosomal Transport (GO:0016197)","3/180",0.934478248137417,0.967217565200719,0,0,0.503069738153959,0.0340914911414451,"ITSN2;CLEC16A;RAB11FIP4"
"Phospholipase C-activating G Protein-Coupled Receptor Signaling Pathway (GO:0007200)","1/83",0.935669149460521,0.967217565200719,0,0,0.362635501355014,0.0241128448860161,"P2RY6"
"Positive Regulation Of Ubiquitin-Dependent Protein Catabolic Process (GO:2000060)","1/83",0.935669149460521,0.967217565200719,0,0,0.362635501355014,0.0241128448860161,"RCHY1"
"Negative Regulation Of Signal Transduction (GO:0009968)","5/267",0.936896876197253,0.967217565200719,0,0,0.565673747095918,0.0368717802484742,"OTUD4;PTPRC;BDNF;SOSTDC1;DACT1"
"Ribosomal Small Subunit Biogenesis (GO:0042274)","1/84",0.937765318036109,0.967217565200719,0,0,0.358247806038971,0.0230194117016537,"WDR75"
"Positive Regulation Of Double-Strand Break Repair (GO:2000781)","1/84",0.937765318036109,0.967217565200719,0,0,0.358247806038971,0.0230194117016537,"ACTL6A"
"Regulation Of Protein Kinase B Signaling (GO:0051896)","2/136",0.937977780054484,0.967217565200719,0,0,0.443308957530739,0.0283846376192856,"CASS4;PIK3CD"
"Chromatin Organization (GO:0006325)","5/268",0.938159142148292,0.967217565200719,0,0,0.563493375528423,0.0359709846212141,"PCGF6;INO80D;HDAC1;ACTL6A;NUDT5"
"Cellular Respiration (GO:0045333)","1/85",0.939793283834469,0.967217565200719,0,0,0.353964579659024,0.0219795504675391,"COX7A2"
"Defense Response To Gram-positive Bacterium (GO:0050830)","1/85",0.939793283834469,0.967217565200719,0,0,0.353964579659024,0.0219795504675391,"STAB2"
"mRNA Metabolic Process (GO:0016071)","1/85",0.939793283834469,0.967217565200719,0,0,0.353964579659024,0.0219795504675391,"DHX15"
"Negative Regulation Of Cell Cycle (GO:0045786)","1/85",0.939793283834469,0.967217565200719,0,0,0.353964579659024,0.0219795504675391,"PTPN3"
"Positive Regulation Of Amide Metabolic Process (GO:0034250)","1/85",0.939793283834469,0.967217565200719,0,0,0.353964579659024,0.0219795504675391,"LARP1B"
"Positive Regulation Of Endothelial Cell Migration (GO:0010595)","1/85",0.939793283834469,0.967217565200719,0,0,0.353964579659024,0.0219795504675391,"PIK3CD"
"Positive Regulation Of Protein Localization (GO:1903829)","1/85",0.939793283834469,0.967217565200719,0,0,0.353964579659024,0.0219795504675391,"CDK1"
"Cellular Response To Lipid (GO:0071396)","4/228",0.9407488194707,0.967779477757624,0,0,0.529540420819491,0.032343854642158,"STRA8;CREB1;ANKRD1;AHR"
"Detection Of Chemical Stimulus Involved In Sensory Perception Of Smell (GO:0050911)","2/139",0.942836296608885,0.969504860264053,0,0,0.433533771816018,0.0255189292995463,"OR2V2;OR2K2"
"Negative Regulation Of Intracellular Signal Transduction (GO:1902532)","4/231",0.944525024540164,0.969839876893353,0,0,0.522460130451115,0.0298184179014383,"PPM1A;DGKD;TRIM59;UACA"
"Regulation Of Double-Strand Break Repair (GO:2000779)","1/88",0.945489765906805,0.969839876893353,0,0,0.341705690364694,0.0191533608037281,"ACTL6A"
"Regulation Of Endothelial Cell Migration (GO:0010594)","1/88",0.945489765906805,0.969839876893353,0,0,0.341705690364694,0.0191533608037281,"PIK3CD"
"Positive Regulation Of Plasma Membrane Bounded Cell Projection Assembly (GO:0120034)","1/88",0.945489765906805,0.969839876893353,0,0,0.341705690364694,0.0191533608037281,"TGFB3"
"Detection Of Chemical Stimulus Involved In Sensory Perception (GO:0050907)","2/141",0.945871957064202,0.969839876893353,0,0,0.427251398263151,0.0237757161589621,"OR2V2;OR2K2"
"ERAD Pathway (GO:0036503)","1/89",0.9472663715065,0.969839876893353,0,0,0.337805134680135,0.0183005749425683,"MAN1A1"
"Cellular Response To Chemical Stress (GO:0062197)","1/89",0.9472663715065,0.969839876893353,0,0,0.337805134680135,0.0183005749425683,"RAD52"
"Regulation Of Vesicle-Mediated Transport (GO:0060627)","1/89",0.9472663715065,0.969839876893353,0,0,0.337805134680135,0.0183005749425683,"PACSIN1"
"Organic Anion Transport (GO:0015711)","1/89",0.9472663715065,0.969839876893353,0,0,0.337805134680135,0.0183005749425683,"ABCG2"
"Positive Regulation Of Peptidyl-Serine Phosphorylation (GO:0033138)","1/89",0.9472663715065,0.969839876893353,0,0,0.337805134680135,0.0183005749425683,"BDNF"
"Mitochondrial Respiratory Chain Complex Assembly (GO:0033108)","1/90",0.948985157452303,0.971178833720136,0,0,0.333992231932307,0.0174885415587307,"SAMM50"
"Ras Protein Signal Transduction (GO:0007265)","2/144",0.950139258576896,0.971518419739163,0,0,0.418159653438405,0.021387493519979,"MRAS;PLEKHG7"
"Regulation Of Cell Adhesion (GO:0030155)","2/144",0.950139258576896,0.971518419739163,0,0,0.418159653438405,0.021387493519979,"TNR;FBLN1"
"Regulation Of Cold-Induced Thermogenesis (GO:0120161)","2/146",0.952803771834703,0.972783799023651,0,0,0.412308947278035,0.0199336129913648,"ACOT13;TSHR"
"Negative Regulation Of Response To External Stimulus (GO:0032102)","2/146",0.952803771834703,0.972783799023651,0,0,0.412308947278035,0.0199336129913648,"AHR;ATG5"
"Positive Regulation Of Cellular Catabolic Process (GO:0031331)","2/146",0.952803771834703,0.972783799023651,0,0,0.412308947278035,0.0199336129913648,"APOA4;APOA5"
"Regulation Of Endothelial Cell Proliferation (GO:0001936)","1/93",0.953813083308524,0.972783799023651,0,0,0.323050858829844,0.0152762856347903,"PIK3CD"
"Negative Regulation Of Amide Metabolic Process (GO:0034249)","1/93",0.953813083308524,0.972783799023651,0,0,0.323050858829844,0.0152762856347903,"SERBP1"
"Negative Regulation Of Protein Metabolic Process (GO:0051248)","2/147",0.954084496341836,0.972783799023651,0,0,0.409444118744337,0.0192451186461201,"SERBP1;PFDN4"
"Intracellular Protein Transport (GO:0006886)","6/325",0.954773300166966,0.972783799023651,0,0,0.556716410633931,0.0257655863303999,"LMAN1;NUP133;TPR;PICK1;KPNA4;NUP153"
"Retrograde Transport, Endosome To Golgi (GO:0042147)","1/94",0.955318779907007,0.972783799023651,0,0,0.31956060002655,0.0146071767825563,"LMAN1"
"Vesicle Organization (GO:0016050)","1/94",0.955318779907007,0.972783799023651,0,0,0.31956060002655,0.0146071767825563,"CHMP4C"
"Positive Regulation Of Protein Metabolic Process (GO:0051247)","3/196",0.955493524136223,0.972783799023651,0,0,0.460979483148591,0.0209871478974413,"WNT7A;LARP1B;DACT1"
"Positive Regulation Of Supramolecular Fiber Organization (GO:1902905)","1/96",0.958184720310111,0.97510357196072,0,0,0.312800519818064,0.0133611806463622,"SYNPO2"
"Positive Regulation Of NF-kappaB Transcription Factor Activity (GO:0051092)","2/152",0.960005181129247,0.976025779485735,0,0,0.395692941782586,0.016150839548297,"CRNN;PSMA6"
"Phosphatidylinositol Biosynthetic Process (GO:0006661)","1/98",0.960867088431856,0.976025779485735,0,0,0.306319205803742,0.0122280130635653,"TP53INP2"
"Positive Regulation Of Cold-Induced Thermogenesis (GO:0120162)","1/98",0.960867088431856,0.976025779485735,0,0,0.306319205803742,0.0122280130635653,"TSHR"
"Positive Regulation Of Protein-Containing Complex Assembly (GO:0031334)","1/98",0.960867088431856,0.976025779485735,0,0,0.306319205803742,0.0122280130635653,"CAPG"
"Positive Regulation Of Response To External Stimulus (GO:0032103)","2/155",0.96319871122084,0.976025779485735,0,0,0.387873645078846,0.0145435327230128,"IL16;PPM1F"
"Antimicrobial Humoral Response (GO:0019730)","1/100",0.963377625447853,0.976025779485735,0,0,0.300099763062726,0.0111966650290303,"RPL30"
"ncRNA Processing (GO:0034470)","1/100",0.963377625447853,0.976025779485735,0,0,0.300099763062726,0.0111966650290303,"THG1L"
"Regulation Of MAPK Cascade (GO:0043408)","3/204",0.963458997679622,0.976025779485735,0,0,0.442447206691003,0.0164702510783227,"PTPRC;REN;FGFR2"
"Negative Regulation Of Transcription By RNA Polymerase II (GO:0000122)","17/763",0.963464379154627,0.976025779485735,0,0,0.670845776631486,0.0249687201925526,"TFAP2A;FOXD3;CIITA;HDAC1;NR2C2;PPM1A;SHH;HMBOX1;MYH2;NFIL3;CCND1;ID2;TPR;BHLHE40;SMYD2;FGFR2;DACT1"
"Organelle Organization (GO:0006996)","8/418",0.963630455649687,0.976025779485735,0,0,0.576568623720559,0.0213603699460589,"LMAN1;FGD5;OPA1;GARIN4;PEX3;CHMP4C;SYNE3;PACSIN1"
"Negative Regulation Of Gene Expression (GO:0010629)","6/336",0.963634423842666,0.976025779485735,0,0,0.537848154955464,0.019923662316388,"TGFB2;PRKAR1A;HDAC1;ID2;SERBP1;ITGB8"
"Regulation Of Angiogenesis (GO:0045765)","3/205",0.964354695093715,0.976336822839095,0,0,0.440233884069522,0.0159787779559083,"TGFB2;PIK3CD;ITGB8"
"Activation Of GTPase Activity (GO:0090630)","1/102",0.965727322952389,0.976889411017336,0,0,0.294126634885711,0.0102573013784081,"TBC1D9B"
"Calcium Ion Homeostasis (GO:0055074)","1/102",0.965727322952389,0.976889411017336,0,0,0.294126634885711,0.0102573013784081,"ATP13A4"
"Peptidyl-Serine Phosphorylation (GO:0018105)","2/158",0.966146659135158,0.976895402454591,0,0,0.380355090556018,0.0130992905813318,"CDK1;SGK1"
"Positive Regulation Of Inflammatory Response (GO:0050729)","1/104",0.96792647027408,0.978276411145275,0,0,0.288385472851492,0.00940112274404633,"IL16"
"Negative Regulation Of Cell Migration (GO:0030336)","2/163",0.970562079509075,0.98050747196212,0,0,0.368446820970173,0.0110091585494602,"SHH;HDAC1"
"Positive Regulation Of Autophagy (GO:0010508)","1/107",0.970963810576116,0.98050747196212,0,0,0.280179944095038,0.00825580510850932,"GNAI3"
"Positive Regulation Of Metabolic Process (GO:0009893)","1/108",0.971911027384299,0.981044749128192,0,0,0.277547017422407,0.00790759604902062,"TSHR"
"Regulation Of Cell Migration (GO:0030334)","8/434",0.97292708106437,0.981244254034852,0,0,0.554444712999788,0.0152173683154587,"SHH;HDAC1;CASS4;TNR;PIK3CD;ROR2;SGK1;PPM1F"
"Peptidyl-Serine Modification (GO:0018209)","2/166",0.972939182058255,0.981244254034852,0,0,0.361650393938252,0.00992140998262776,"CDK1;SGK1"
"Small GTPase Mediated Signal Transduction (GO:0007264)","1/112",0.97540120217889,0.983307611240921,0,0,0.267489711934156,0.00666220661958288,"MRAS"
"Endoplasmic Reticulum To Golgi Vesicle-Mediated Transport (GO:0006888)","1/115",0.977731538959089,0.98523651452466,0,0,0.260409898202296,0.00586446910214371,"LMAN1"
"Positive Regulation Of Protein Modification Process (GO:0031401)","3/225",0.978458013950503,0.985548289413913,0,0,0.40015479876161,0.00871433177507052,"MARCO;CCND1;CALM2"
"Regulation Of Protein-Containing Complex Assembly (GO:0043254)","1/119",0.980499348244938,0.987183621603233,0,0,0.251530131826742,0.00495345785789,"PEX5"
"Regulation Of Protein Catabolic Process (GO:0042176)","1/122",0.982347294841227,0.988622937695835,0,0,0.245255586164677,0.0043680933268053,"DACT1"
"Cellular Response To Lipopolysaccharide (GO:0071222)","1/124",0.983481040017894,0.988921573430759,0,0,0.241242597611161,0.00401835850645414,"ANKRD1"
"Positive Regulation Of Defense Response (GO:0031349)","1/124",0.983481040017894,0.988921573430759,0,0,0.241242597611161,0.00401835850645414,"IL16"
"Positive Regulation Of Intracellular Protein Transport (GO:0090316)","1/126",0.984542064152408,0.989567374560672,0,0,0.237358024691358,0.00369771887402009,"TPR"
"Regulation Of Tumor Necrosis Factor Production (GO:0032680)","1/127",0.985046773191294,0.989653709630539,0,0,0.235461983147168,0.00354750637304553,"PTPRC"
"Regulation Of Autophagy (GO:0010506)","3/241",0.985732076781239,0.989921333376145,0,0,0.372941436636574,0.00535942529164998,"UCHL1;FOXK1;ATP6V0A1"
"Protein Ubiquitination (GO:0016567)","7/434",0.988227023242465,0.991752014340006,0,0,0.4832235330167,0.00572273271351368,"HERC5;KLHL9;MYLIP;TRIM24;UBR3;MARCHF7;RCHY1"
"Non-Membrane-Bounded Organelle Assembly (GO:0140694)","1/135",0.988534865627271,0.991752014340006,0,0,0.221312419384559,0.00255203445224902,"UBAP2L"
"Golgi Vesicle Transport (GO:0048193)","2/197",0.988814111631424,0.991752014340006,0,0,0.303665834423176,0.00341591295408179,"LMAN1;PICK1"
"Cytokine-Mediated Signaling Pathway (GO:0019221)","3/257",0.990617247687559,0.992965480128262,0,0,0.349156529582409,0.00329151523305297,"IL21R;XCL1;LRP8"
"Defense Response To Bacterium (GO:0042742)","2/204",0.990864410555413,0.992965480128262,0,0,0.293035640503772,0.00268935652299008,"RPL30;STAB2"
"Neuron Development (GO:0048666)","1/150",0.99303402640346,0.994717848406688,0,0,0.198877288922032,0.00139022170879222,"TGFB2"
"Ribosome Biogenesis (GO:0042254)","1/155",0.994100416993782,0.995364103964537,0,0,0.19237012987013,0.00113826450326981,"WDR75"
"Response To Lipopolysaccharide (GO:0032496)","1/159",0.994834839847821,0.995677563134435,0,0,0.187460931395531,0.00097077500096837,"ANKRD1"
"Protein Polyubiquitination (GO:0000209)","1/226",0.99944304784403,0.999644403748841,0,0,0.131179698216735,7.3081168988262e-05,"RNF216"
"Protein Transport (GO:0015031)","2/313",0.999644403748841,0.999644403748841,0,0,0.189248423343952,6.73079978241495e-05,"PICK1;LRP1B"
